Method,MSE,target_size
XGBoost_Target_Only,0.1161127695247395,100
KRR_Target_Only,30.90012038445316,100
NN_Target_Only,21.48263015251148,100
XGBoost_Pool,0.10363869438193,100
KRR_Pool,1.6119024370210495,100
NN_Pool,5.632958752262286,100
XGBoost_TLCQM,0.103357251656901,100
KRR_TLCQM,1.7870678303085634,100
NN_TLCQM,0.1043555778631236,100
XGBoost_Target_Only,0.0963587479805767,200
KRR_Target_Only,19.83015378673823,200
NN_Target_Only,19.9047325452946,200
XGBoost_Pool,0.0973170437804562,200
KRR_Pool,1.61783255016849,200
NN_Pool,3.3152784956094035,200
XGBoost_TLCQM,0.0982920391974787,200
KRR_TLCQM,1.784453780258081,200
NN_TLCQM,0.1193586199727622,200
XGBoost_Target_Only,0.0958024899459474,300
KRR_Target_Only,13.846665770653225,300
NN_Target_Only,6.279279511653037,300
XGBoost_Pool,0.0961381198598314,300
KRR_Pool,1.534429743926787,300
NN_Pool,6.044818697714701,300
XGBoost_TLCQM,0.0979050201840727,300
KRR_TLCQM,1.714949532276269,300
NN_TLCQM,0.1222229647365469,300
XGBoost_Target_Only,0.0928430987552638,500
KRR_Target_Only,9.20064976121149,500
NN_Target_Only,0.1554493204180322,500
XGBoost_Pool,0.0955468888269744,500
KRR_Pool,1.4773589295354284,500
NN_Pool,4.87191625867799,500
XGBoost_TLCQM,0.0963918990338784,500
KRR_TLCQM,1.6319534913875369,500
NN_TLCQM,0.106627257531248,500
XGBoost_Target_Only,0.1217859626185718,100
KRR_Target_Only,29.88138337619736,100
NN_Target_Only,22.543612587332785,100
XGBoost_Pool,0.0997312296879152,100
KRR_Pool,1.5851814081293616,100
NN_Pool,3.1546988833028653,100
XGBoost_TLCQM,0.0981709592841727,100
KRR_TLCQM,1.766743432167404,100
NN_TLCQM,0.1786277917123027,100
XGBoost_Target_Only,0.1084416595134147,200
KRR_Target_Only,19.94359355409996,200
NN_Target_Only,20.56759318093216,200
XGBoost_Pool,0.0975139211042941,200
KRR_Pool,1.5635419965015636,200
NN_Pool,4.672623220240456,200
XGBoost_TLCQM,0.1007508428768779,200
KRR_TLCQM,1.7475931135918714,200
NN_TLCQM,0.2152769924597087,200
XGBoost_Target_Only,0.1024070497925181,300
KRR_Target_Only,15.061951582366842,300
NN_Target_Only,8.216778279032127,300
XGBoost_Pool,0.0950465242054638,300
KRR_Pool,1.5126856568789555,300
NN_Pool,4.194367832693767,300
XGBoost_TLCQM,0.0962971591734269,300
KRR_TLCQM,1.699090127611675,300
NN_TLCQM,0.1039167605881815,300
XGBoost_Target_Only,0.0998347963593962,500
KRR_Target_Only,10.194558860235064,500
NN_Target_Only,0.4096197803767912,500
XGBoost_Pool,0.0917264164392347,500
KRR_Pool,1.5055985541868973,500
NN_Pool,3.3349135439911124,500
XGBoost_TLCQM,0.0954241343320104,500
KRR_TLCQM,1.6825660096519488,500
NN_TLCQM,0.1014397139764368,500
XGBoost_Target_Only,0.1185737898871498,100
KRR_Target_Only,30.215809139440307,100
NN_Target_Only,23.16860384266392,100
XGBoost_Pool,0.0995049370828647,100
KRR_Pool,1.5967639922272792,100
NN_Pool,3.542842288866911,100
XGBoost_TLCQM,0.1055775095883833,100
KRR_TLCQM,1.7821901002562637,100
NN_TLCQM,0.1142374314238648,100
XGBoost_Target_Only,0.108680090340611,200
KRR_Target_Only,20.59122546110117,200
NN_Target_Only,20.459003344803996,200
XGBoost_Pool,0.0967272767780246,200
KRR_Pool,1.5763976441507592,200
NN_Pool,4.191029668812408,200
XGBoost_TLCQM,0.1007001825624159,200
KRR_TLCQM,1.7609748589137688,200
NN_TLCQM,0.4854013976970483,200
XGBoost_Target_Only,0.1039795147484558,300
KRR_Target_Only,14.348933675685528,300
NN_Target_Only,7.173308961200099,300
XGBoost_Pool,0.0963426374653332,300
KRR_Pool,1.5267231218396806,300
NN_Pool,5.40906309878296,300
XGBoost_TLCQM,0.0992435363697646,300
KRR_TLCQM,1.7035289560919415,300
NN_TLCQM,0.1060293248352232,300
XGBoost_Target_Only,0.098293440978542,500
KRR_Target_Only,8.222038571111659,500
NN_Target_Only,0.3413132304716381,500
XGBoost_Pool,0.0949937399700187,500
KRR_Pool,1.4956108303376578,500
NN_Pool,3.413259840469703,500
XGBoost_TLCQM,0.0966718865310977,500
KRR_TLCQM,1.6506953819584,500
NN_TLCQM,0.1081357192647759,500
XGBoost_Target_Only,0.1223156255679474,100
KRR_Target_Only,28.633575504334363,100
NN_Target_Only,21.158644659252843,100
XGBoost_Pool,0.1003014999682821,100
KRR_Pool,1.6280324610019388,100
NN_Pool,3.3892332103514256,100
XGBoost_TLCQM,0.1042120242785876,100
KRR_TLCQM,1.85816414328944,100
NN_TLCQM,0.396118790225305,100
XGBoost_Target_Only,0.1077497378889313,200
KRR_Target_Only,20.03862074740229,200
NN_Target_Only,20.882864468633475,200
XGBoost_Pool,0.1009164670054862,200
KRR_Pool,1.6152357650173017,200
NN_Pool,3.381800954760511,200
XGBoost_TLCQM,0.1011300454611057,200
KRR_TLCQM,1.811335466292589,200
NN_TLCQM,0.0985977202588091,200
XGBoost_Target_Only,0.1029200136086175,300
KRR_Target_Only,15.09803002958295,300
NN_Target_Only,0.2839941985914034,300
XGBoost_Pool,0.0995296729258846,300
KRR_Pool,1.5688947559995614,300
NN_Pool,3.2323679466851987,300
XGBoost_TLCQM,0.0998970452595236,300
KRR_TLCQM,1.7344307452707042,300
NN_TLCQM,0.1648696968809504,300
XGBoost_Target_Only,0.0972824135312196,500
KRR_Target_Only,10.30559865388216,500
NN_Target_Only,0.3254059267688037,500
XGBoost_Pool,0.0987097854016332,500
KRR_Pool,1.5073143036344547,500
NN_Pool,3.4806566807601307,500
XGBoost_TLCQM,0.1013173512276614,500
KRR_TLCQM,1.654861376843106,500
NN_TLCQM,0.1117919305728566,500
XGBoost_Target_Only,0.125159578550441,100
KRR_Target_Only,30.796784425005114,100
NN_Target_Only,22.091132315984527,100
XGBoost_Pool,0.0988771826302222,100
KRR_Pool,1.6392216576629026,100
NN_Pool,3.2129915968808804,100
XGBoost_TLCQM,0.1013853209550427,100
KRR_TLCQM,1.823976034450928,100
NN_TLCQM,0.0981779025572991,100
XGBoost_Target_Only,0.1191718745139756,200
KRR_Target_Only,19.51912823590791,200
NN_Target_Only,18.48250300022385,200
XGBoost_Pool,0.1000630447796283,200
KRR_Pool,1.6197842411329273,200
NN_Pool,3.640998921134973,200
XGBoost_TLCQM,0.1009204494835227,200
KRR_TLCQM,1.7818411565502283,200
NN_TLCQM,0.1045705958818671,200
XGBoost_Target_Only,0.1001239159934327,300
KRR_Target_Only,13.600575708171837,300
NN_Target_Only,0.2330584406999919,300
XGBoost_Pool,0.0989703001982499,300
KRR_Pool,1.6151831528377327,300
NN_Pool,3.301257262984365,300
XGBoost_TLCQM,0.0990383892397558,300
KRR_TLCQM,1.7644301088545231,300
NN_TLCQM,0.1098250573771592,300
XGBoost_Target_Only,0.0933916034532934,500
KRR_Target_Only,9.135611935639837,500
NN_Target_Only,0.9849165849384466,500
XGBoost_Pool,0.0955462920723691,500
KRR_Pool,1.5084161597407335,500
NN_Pool,3.2985149309913715,500
XGBoost_TLCQM,0.0978418786438398,500
KRR_TLCQM,1.6699725751554335,500
NN_TLCQM,0.0989253131884636,500
XGBoost_Target_Only,0.1184479571036312,100
KRR_Target_Only,28.41994920542603,100
NN_Target_Only,17.49829088689184,100
XGBoost_Pool,0.1008533250484699,100
KRR_Pool,1.6478172394614603,100
NN_Pool,5.086687433705285,100
XGBoost_TLCQM,0.0995941379947297,100
KRR_TLCQM,1.8254545260665087,100
NN_TLCQM,0.1733377976756573,100
XGBoost_Target_Only,0.104288955554403,200
KRR_Target_Only,18.607640977993828,200
NN_Target_Only,18.927010211669945,200
XGBoost_Pool,0.0970361212050999,200
KRR_Pool,1.6338592644892886,200
NN_Pool,3.103772579858633,200
XGBoost_TLCQM,0.1044017593752988,200
KRR_TLCQM,1.8092357200611384,200
NN_TLCQM,0.1235505379278324,200
XGBoost_Target_Only,0.1016748149231886,300
KRR_Target_Only,13.58330707870643,300
NN_Target_Only,7.170058724591168,300
XGBoost_Pool,0.0991908167744744,300
KRR_Pool,1.6208737989833144,300
NN_Pool,3.2501739468488227,300
XGBoost_TLCQM,0.0979231539885528,300
KRR_TLCQM,1.767238051305558,300
NN_TLCQM,0.1749247439557701,300
XGBoost_Target_Only,0.0969012090253469,500
KRR_Target_Only,8.84784788777586,500
NN_Target_Only,0.5805971485694074,500
XGBoost_Pool,0.0968410893895499,500
KRR_Pool,1.5687211372896224,500
NN_Pool,4.310697653160432,500
XGBoost_TLCQM,0.0976371352085594,500
KRR_TLCQM,1.725523887990137,500
NN_TLCQM,0.1028049029280384,500
XGBoost_Target_Only,0.1152995511978932,100
KRR_Target_Only,30.7397955203015,100
NN_Target_Only,23.607092657332835,100
XGBoost_Pool,0.102213000528785,100
KRR_Pool,1.565667571551543,100
NN_Pool,5.745098747288112,100
XGBoost_TLCQM,0.1038087050356322,100
KRR_TLCQM,1.7322389627606285,100
NN_TLCQM,0.1099637906964028,100
XGBoost_Target_Only,0.1142069488509325,200
KRR_Target_Only,22.348644320169267,200
NN_Target_Only,21.759787565374676,200
XGBoost_Pool,0.1025959568628336,200
KRR_Pool,1.5590662633005758,200
NN_Pool,3.689732771306218,200
XGBoost_TLCQM,0.0986306400955522,200
KRR_TLCQM,1.7025148587221235,200
NN_TLCQM,0.1330439546517081,200
XGBoost_Target_Only,0.1001644587745914,300
KRR_Target_Only,15.04595545882469,300
NN_Target_Only,9.315610615422017,300
XGBoost_Pool,0.1007351428674989,300
KRR_Pool,1.5450028823270292,300
NN_Pool,6.287726538046421,300
XGBoost_TLCQM,0.0978302829808431,300
KRR_TLCQM,1.685048537872735,300
NN_TLCQM,0.12253533707234,300
XGBoost_Target_Only,0.0977709359196489,500
KRR_Target_Only,8.246597376812067,500
NN_Target_Only,1.3551586885099334,500
XGBoost_Pool,0.0992139144583877,500
KRR_Pool,1.4940700372010969,500
NN_Pool,4.212104184062371,500
XGBoost_TLCQM,0.0970031049250201,500
KRR_TLCQM,1.615652800743825,500
NN_TLCQM,0.1026478608534382,500
XGBoost_Target_Only,0.1221285587823788,100
KRR_Target_Only,29.25665367349543,100
NN_Target_Only,20.099168303534576,100
XGBoost_Pool,0.1016519558324677,100
KRR_Pool,1.642887207513976,100
NN_Pool,5.865757380914745,100
XGBoost_TLCQM,0.1065679346036054,100
KRR_TLCQM,1.8240583173280864,100
NN_TLCQM,0.1033972425524318,100
XGBoost_Target_Only,0.1150548803116285,200
KRR_Target_Only,18.71511715497128,200
NN_Target_Only,20.07987818089113,200
XGBoost_Pool,0.0996839047579929,200
KRR_Pool,1.6030058122222155,200
NN_Pool,3.665523286426684,200
XGBoost_TLCQM,0.1008900368187231,200
KRR_TLCQM,1.787700046649751,200
NN_TLCQM,0.1129518683430439,200
XGBoost_Target_Only,0.102211070008923,300
KRR_Target_Only,13.311547642540209,300
NN_Target_Only,7.896037411293449,300
XGBoost_Pool,0.0994349931118403,300
KRR_Pool,1.6236502889098936,300
NN_Pool,3.258756202666158,300
XGBoost_TLCQM,0.0989416757713823,300
KRR_TLCQM,1.8149550280074744,300
NN_TLCQM,0.0984953280089469,300
XGBoost_Target_Only,0.0929500489740669,500
KRR_Target_Only,9.526487300141248,500
NN_Target_Only,0.157281609010723,500
XGBoost_Pool,0.0940765620278093,500
KRR_Pool,1.6004319674688048,500
NN_Pool,4.547145557844962,500
XGBoost_TLCQM,0.0937832143809771,500
KRR_TLCQM,1.7796654233488616,500
NN_TLCQM,0.12067006682955,500
XGBoost_Target_Only,0.1302424183696715,100
KRR_Target_Only,29.49553768930891,100
NN_Target_Only,23.71069574674325,100
XGBoost_Pool,0.099059237939558,100
KRR_Pool,1.6397958449800023,100
NN_Pool,6.292115851005742,100
XGBoost_TLCQM,0.0994832698422722,100
KRR_TLCQM,1.8491584954881928,100
NN_TLCQM,0.2278442991581447,100
XGBoost_Target_Only,0.1242925931934986,200
KRR_Target_Only,19.345311701378368,200
NN_Target_Only,21.431275630987816,200
XGBoost_Pool,0.0975753659608918,200
KRR_Pool,1.6450180080208705,200
NN_Pool,3.293421681206421,200
XGBoost_TLCQM,0.0969848378711736,200
KRR_TLCQM,1.8315356683791104,200
NN_TLCQM,0.1023276818647527,200
XGBoost_Target_Only,0.103294403734285,300
KRR_Target_Only,14.320123841995104,300
NN_Target_Only,6.232884042321996,300
XGBoost_Pool,0.0954772567505207,300
KRR_Pool,1.5350442495457246,300
NN_Pool,3.3652941096838944,300
XGBoost_TLCQM,0.0962086956414957,300
KRR_TLCQM,1.7097140917810665,300
NN_TLCQM,0.151116170236366,300
XGBoost_Target_Only,0.0966126595120842,500
KRR_Target_Only,8.761107195997436,500
NN_Target_Only,0.222573538497908,500
XGBoost_Pool,0.0948805482440276,500
KRR_Pool,1.4415766676392918,500
NN_Pool,3.372189180708742,500
XGBoost_TLCQM,0.0960448061780378,500
KRR_TLCQM,1.5932286036519832,500
NN_TLCQM,0.09797294917233,500
XGBoost_Target_Only,0.1147298370820002,100
KRR_Target_Only,30.122161540067257,100
NN_Target_Only,26.63828520975082,100
XGBoost_Pool,0.1012038493135287,100
KRR_Pool,1.5477078750800484,100
NN_Pool,5.513161299627149,100
XGBoost_TLCQM,0.1075887055569991,100
KRR_TLCQM,1.7344728114895198,100
NN_TLCQM,0.1151010764678185,100
XGBoost_Target_Only,0.1017231126399872,200
KRR_Target_Only,19.195816872455502,200
NN_Target_Only,23.803216251957217,200
XGBoost_Pool,0.0995087195720785,200
KRR_Pool,1.5423474671311217,200
NN_Pool,7.135333878145316,200
XGBoost_TLCQM,0.0993196073949238,200
KRR_TLCQM,1.7044626569033832,200
NN_TLCQM,0.1388592277632455,200
XGBoost_Target_Only,0.1074588266018003,300
KRR_Target_Only,14.415734097858076,300
NN_Target_Only,0.6132376776508508,300
XGBoost_Pool,0.0974033973038653,300
KRR_Pool,1.5345089531818317,300
NN_Pool,3.356288720253161,300
XGBoost_TLCQM,0.0995783936728202,300
KRR_TLCQM,1.697749233853501,300
NN_TLCQM,0.0990728992999042,300
XGBoost_Target_Only,0.0979584398034627,500
KRR_Target_Only,8.96295838916969,500
NN_Target_Only,0.3118772348156449,500
XGBoost_Pool,0.0950416312251023,500
KRR_Pool,1.5226673246775344,500
NN_Pool,2.792966272912159,500
XGBoost_TLCQM,0.0965790353585286,500
KRR_TLCQM,1.688317847331617,500
NN_TLCQM,0.1031322333264088,500
XGBoost_Target_Only,0.1070507613099482,100
KRR_Target_Only,32.54579678827474,100
NN_Target_Only,15.64004718780276,100
XGBoost_Pool,0.0990258952831612,100
KRR_Pool,1.647706812375434,100
NN_Pool,5.730059504542406,100
XGBoost_TLCQM,0.0983510775948651,100
KRR_TLCQM,1.831403591379828,100
NN_TLCQM,0.1566193662344602,100
XGBoost_Target_Only,0.1096358535331614,200
KRR_Target_Only,22.286453898380877,200
NN_Target_Only,21.05152037874384,200
XGBoost_Pool,0.0992482852707475,200
KRR_Pool,1.5941859511096723,200
NN_Pool,3.2808264061842043,200
XGBoost_TLCQM,0.1022245464454195,200
KRR_TLCQM,1.7673615594855654,200
NN_TLCQM,0.1037962658910544,200
XGBoost_Target_Only,0.0982670831227013,300
KRR_Target_Only,16.120667527152307,300
NN_Target_Only,0.3662915797044184,300
XGBoost_Pool,0.0962682216343908,300
KRR_Pool,1.5580457373557297,300
NN_Pool,3.238466134785236,300
XGBoost_TLCQM,0.1001572624133549,300
KRR_TLCQM,1.7171111013866815,300
NN_TLCQM,0.1086163848067952,300
XGBoost_Target_Only,0.09567608919731,500
KRR_Target_Only,9.388108737199662,500
NN_Target_Only,1.4697909899598358,500
XGBoost_Pool,0.0970476534964687,500
KRR_Pool,1.4851185229573982,500
NN_Pool,5.4157807139632,500
XGBoost_TLCQM,0.0983482550601538,500
KRR_TLCQM,1.6364617627155646,500
NN_TLCQM,0.1452652455769227,500
XGBoost_Target_Only,0.1257504347236722,100
KRR_Target_Only,31.461243547489172,100
NN_Target_Only,18.348730355685177,100
XGBoost_Pool,0.1002087046191312,100
KRR_Pool,1.641439046990089,100
NN_Pool,5.714851988405447,100
XGBoost_TLCQM,0.1028799110920192,100
KRR_TLCQM,1.8439995102326905,100
NN_TLCQM,0.1939342420325884,100
XGBoost_Target_Only,0.1027648509133029,200
KRR_Target_Only,21.11241254282869,200
NN_Target_Only,21.16658273450392,200
XGBoost_Pool,0.096961126947917,200
KRR_Pool,1.6270467426373707,200
NN_Pool,3.450548668647367,200
XGBoost_TLCQM,0.1021271254078733,200
KRR_TLCQM,1.8169371364660465,200
NN_TLCQM,0.109622534593022,200
XGBoost_Target_Only,0.1031665148786164,300
KRR_Target_Only,15.986083225023089,300
NN_Target_Only,7.343671820945435,300
XGBoost_Pool,0.0968966892932884,300
KRR_Pool,1.5608167035919018,300
NN_Pool,5.620099227115169,300
XGBoost_TLCQM,0.1000874332857028,300
KRR_TLCQM,1.7453114552827007,300
NN_TLCQM,0.100109189176549,300
XGBoost_Target_Only,0.1010012581985562,500
KRR_Target_Only,9.97040156837337,500
NN_Target_Only,0.1956660493835434,500
XGBoost_Pool,0.0961163750707683,500
KRR_Pool,1.456335890167964,500
NN_Pool,3.63866922699919,500
XGBoost_TLCQM,0.0951516435429309,500
KRR_TLCQM,1.626864849992267,500
NN_TLCQM,0.0987322253721619,500
XGBoost_Target_Only,0.1091144522220555,100
KRR_Target_Only,29.7574744607508,100
NN_Target_Only,21.36853945868932,100
XGBoost_Pool,0.1018211672049138,100
KRR_Pool,1.633631888649534,100
NN_Pool,5.604619182480605,100
XGBoost_TLCQM,0.1060744429064783,100
KRR_TLCQM,1.8284288831505573,100
NN_TLCQM,0.1354721673971376,100
XGBoost_Target_Only,0.1049802754722973,200
KRR_Target_Only,19.1196970454566,200
NN_Target_Only,25.13556600372605,200
XGBoost_Pool,0.0980521942308173,200
KRR_Pool,1.6158832316147385,200
NN_Pool,2.6120668714224182,200
XGBoost_TLCQM,0.1020055934873767,200
KRR_TLCQM,1.8030348437117727,200
NN_TLCQM,0.1025422289802295,200
XGBoost_Target_Only,0.0954291975169511,300
KRR_Target_Only,13.581156282547187,300
NN_Target_Only,6.60070978965297,300
XGBoost_Pool,0.09763493571855,300
KRR_Pool,1.565043392266342,300
NN_Pool,4.6924390370228615,300
XGBoost_TLCQM,0.0973894812308501,300
KRR_TLCQM,1.7387981830956007,300
NN_TLCQM,0.1680462033062128,300
XGBoost_Target_Only,0.0957539869500396,500
KRR_Target_Only,7.852333073121878,500
NN_Target_Only,0.1684688265539002,500
XGBoost_Pool,0.0969039285211312,500
KRR_Pool,1.451626164475862,500
NN_Pool,2.993039826194315,500
XGBoost_TLCQM,0.0951597106429976,500
KRR_TLCQM,1.6087132344249284,500
NN_TLCQM,0.1083229038311486,500
XGBoost_Target_Only,0.1205454397865129,100
KRR_Target_Only,28.667938557134782,100
NN_Target_Only,20.08643720436556,100
XGBoost_Pool,0.0989501884860197,100
KRR_Pool,1.583045726481593,100
NN_Pool,5.5114024511732,100
XGBoost_TLCQM,0.1072864739250886,100
KRR_TLCQM,1.7689059605902469,100
NN_TLCQM,0.1054990067466716,100
XGBoost_Target_Only,0.1205714260766003,200
KRR_Target_Only,18.67065121581571,200
NN_Target_Only,18.079159785984505,200
XGBoost_Pool,0.098563297870587,200
KRR_Pool,1.547259593723693,200
NN_Pool,7.845904799230816,200
XGBoost_TLCQM,0.1010658578022868,200
KRR_TLCQM,1.690645830272002,200
NN_TLCQM,0.1035332194102216,200
XGBoost_Target_Only,0.107688979597514,300
KRR_Target_Only,14.281315301340475,300
NN_Target_Only,7.393992025678831,300
XGBoost_Pool,0.0991738336331224,300
KRR_Pool,1.5297369779486956,300
NN_Pool,6.241530468886125,300
XGBoost_TLCQM,0.0991135183955612,300
KRR_TLCQM,1.666947757420775,300
NN_TLCQM,0.0993910521291866,300
XGBoost_Target_Only,0.0963069215564037,500
KRR_Target_Only,9.025774482258528,500
NN_Target_Only,0.1839114953370132,500
XGBoost_Pool,0.0962630855884091,500
KRR_Pool,1.4937995960755914,500
NN_Pool,3.296076966414625,500
XGBoost_TLCQM,0.0983048309554899,500
KRR_TLCQM,1.6403008510573098,500
NN_TLCQM,0.1079717104786806,500
XGBoost_Target_Only,0.1247340660843982,100
KRR_Target_Only,30.31602548658861,100
NN_Target_Only,19.790894444092544,100
XGBoost_Pool,0.1018540646522372,100
KRR_Pool,1.543712140450786,100
NN_Pool,5.670249157065036,100
XGBoost_TLCQM,0.1100716690788227,100
KRR_TLCQM,1.753074508667572,100
NN_TLCQM,0.1301768814274604,100
XGBoost_Target_Only,0.1195934899367461,200
KRR_Target_Only,18.16132330597703,200
NN_Target_Only,23.574908861763983,200
XGBoost_Pool,0.0987449769448095,200
KRR_Pool,1.4716334015470962,200
NN_Pool,3.491317215359496,200
XGBoost_TLCQM,0.1047858447486349,200
KRR_TLCQM,1.6519158114010408,200
NN_TLCQM,0.1053911312323376,200
XGBoost_Target_Only,0.1042386653861636,300
KRR_Target_Only,13.759342805355312,300
NN_Target_Only,8.594157332164288,300
XGBoost_Pool,0.0972674178288261,300
KRR_Pool,1.474224774165528,300
NN_Pool,6.100860651129663,300
XGBoost_TLCQM,0.1055247066374852,300
KRR_TLCQM,1.6436826929619108,300
NN_TLCQM,0.1195795121242093,300
XGBoost_Target_Only,0.0951577596075327,500
KRR_Target_Only,8.779353795562225,500
NN_Target_Only,0.2548258441787914,500
XGBoost_Pool,0.0965260159709503,500
KRR_Pool,1.4082342491573443,500
NN_Pool,2.903623181625373,500
XGBoost_TLCQM,0.098833328230032,500
KRR_TLCQM,1.5643522655974826,500
NN_TLCQM,0.1173162567373826,500
XGBoost_Target_Only,0.1211749240281814,100
KRR_Target_Only,31.04503112730132,100
NN_Target_Only,24.47538711201445,100
XGBoost_Pool,0.1010202106818682,100
KRR_Pool,1.6178087106216583,100
NN_Pool,5.313088861010376,100
XGBoost_TLCQM,0.1062780970014099,100
KRR_TLCQM,1.8138491450605732,100
NN_TLCQM,0.1155437472906536,100
XGBoost_Target_Only,0.116000436032933,200
KRR_Target_Only,18.942289310111978,200
NN_Target_Only,22.74168123505128,200
XGBoost_Pool,0.1000673437602997,200
KRR_Pool,1.619585647513684,200
NN_Pool,3.3501852482713628,200
XGBoost_TLCQM,0.1024400749655779,200
KRR_TLCQM,1.801350534260282,200
NN_TLCQM,0.0991587520762912,200
XGBoost_Target_Only,0.098589525086346,300
KRR_Target_Only,14.011965477708392,300
NN_Target_Only,8.23782875783444,300
XGBoost_Pool,0.0982738448053681,300
KRR_Pool,1.5521565976952252,300
NN_Pool,5.492013862986203,300
XGBoost_TLCQM,0.0971902785898586,300
KRR_TLCQM,1.706839347453426,300
NN_TLCQM,0.1389968611937334,300
XGBoost_Target_Only,0.0947035965230592,500
KRR_Target_Only,8.595385819888723,500
NN_Target_Only,0.2048711381788035,500
XGBoost_Pool,0.0943748220775114,500
KRR_Pool,1.4976847968089282,500
NN_Pool,3.345305052467093,500
XGBoost_TLCQM,0.0957709540710752,500
KRR_TLCQM,1.6408973808515743,500
NN_TLCQM,0.1686400013414042,500
XGBoost_Target_Only,0.1129004399296845,100
KRR_Target_Only,29.568433591414777,100
NN_Target_Only,20.224430641448784,100
XGBoost_Pool,0.1036117665413485,100
KRR_Pool,1.6278202053583328,100
NN_Pool,5.621999263807837,100
XGBoost_TLCQM,0.10734335306157,100
KRR_TLCQM,1.819794607753196,100
NN_TLCQM,0.1476981527159648,100
XGBoost_Target_Only,0.110676776009782,200
KRR_Target_Only,20.856276082155752,200
NN_Target_Only,20.37871833581896,200
XGBoost_Pool,0.0992091673975327,200
KRR_Pool,1.5914844068739722,200
NN_Pool,3.4627034850018927,200
XGBoost_TLCQM,0.0970723562592476,200
KRR_TLCQM,1.803788636455444,200
NN_TLCQM,0.0985207532036089,200
XGBoost_Target_Only,0.1075718812315559,300
KRR_Target_Only,14.484737553257483,300
NN_Target_Only,6.2282637287448415,300
XGBoost_Pool,0.0973754439628443,300
KRR_Pool,1.5713921550412933,300
NN_Pool,3.2802626385801275,300
XGBoost_TLCQM,0.0955622346475788,300
KRR_TLCQM,1.7533823698700102,300
NN_TLCQM,0.1691672841561767,300
XGBoost_Target_Only,0.0951944236382879,500
KRR_Target_Only,9.289662608760892,500
NN_Target_Only,0.1506237023831881,500
XGBoost_Pool,0.0958898502558967,500
KRR_Pool,1.518369580879516,500
NN_Pool,3.281675663177087,500
XGBoost_TLCQM,0.0951414491883859,500
KRR_TLCQM,1.6863852044474543,500
NN_TLCQM,0.0991254458591836,500
XGBoost_Target_Only,0.1225831490429762,100
KRR_Target_Only,28.04600350505575,100
NN_Target_Only,18.357633885768628,100
XGBoost_Pool,0.1013701480610548,100
KRR_Pool,1.6411452354451586,100
NN_Pool,5.7194877920466425,100
XGBoost_TLCQM,0.1063219971295037,100
KRR_TLCQM,1.831116793665988,100
NN_TLCQM,0.1056205723657739,100
XGBoost_Target_Only,0.1139100908128365,200
KRR_Target_Only,18.91364626681509,200
NN_Target_Only,20.378493991972285,200
XGBoost_Pool,0.0982779717796136,200
KRR_Pool,1.5800759826273496,200
NN_Pool,3.2857685284165874,200
XGBoost_TLCQM,0.0966165255716993,200
KRR_TLCQM,1.768579842121798,200
NN_TLCQM,0.1037320085188882,200
XGBoost_Target_Only,0.1058092470316706,300
KRR_Target_Only,12.851981654481234,300
NN_Target_Only,6.284975287115676,300
XGBoost_Pool,0.0978151016317621,300
KRR_Pool,1.550779804415448,300
NN_Pool,3.239220642064283,300
XGBoost_TLCQM,0.0980509553988373,300
KRR_TLCQM,1.724783003066267,300
NN_TLCQM,0.0993815149457265,300
XGBoost_Target_Only,0.0955017342594424,500
KRR_Target_Only,8.919986677646815,500
NN_Target_Only,0.2232245049149816,500
XGBoost_Pool,0.0950493668618887,500
KRR_Pool,1.4765998586287823,500
NN_Pool,3.443076863556588,500
XGBoost_TLCQM,0.0970330851014346,500
KRR_TLCQM,1.6262698529046302,500
NN_TLCQM,0.1659336968469235,500
XGBoost_Target_Only,0.1155523582645763,100
KRR_Target_Only,28.20379023285147,100
NN_Target_Only,21.080304298424476,100
XGBoost_Pool,0.0984537708682767,100
KRR_Pool,1.6508577318635052,100
NN_Pool,5.946903930351211,100
XGBoost_TLCQM,0.0989447665313026,100
KRR_TLCQM,1.8118812080704023,100
NN_TLCQM,0.1070680085872926,100
XGBoost_Target_Only,0.0976087408218798,200
KRR_Target_Only,18.39786470425774,200
NN_Target_Only,25.74111679042008,200
XGBoost_Pool,0.0973889061713793,200
KRR_Pool,1.586816742886108,200
NN_Pool,3.649370025382123,200
XGBoost_TLCQM,0.0983299188547325,200
KRR_TLCQM,1.7517343200743538,200
NN_TLCQM,0.110031316917941,200
XGBoost_Target_Only,0.0939218620980974,300
KRR_Target_Only,13.15073572678094,300
NN_Target_Only,8.435307963377575,300
XGBoost_Pool,0.0960040066280396,300
KRR_Pool,1.569065794306676,300
NN_Pool,2.2324854351300134,300
XGBoost_TLCQM,0.0952400447557066,300
KRR_TLCQM,1.7224902090441272,300
NN_TLCQM,0.1200682361341329,300
XGBoost_Target_Only,0.0999952801051066,500
KRR_Target_Only,8.712828054179415,500
NN_Target_Only,0.4791445120416908,500
XGBoost_Pool,0.0941082507776622,500
KRR_Pool,1.5052053746461362,500
NN_Pool,3.3484679185168758,500
XGBoost_TLCQM,0.094282620336083,500
KRR_TLCQM,1.65465706527443,500
NN_TLCQM,0.0962463688060023,500
XGBoost_Target_Only,0.1435984515864984,100
KRR_Target_Only,30.46697671874254,100
NN_Target_Only,20.60309273480765,100
XGBoost_Pool,0.0992086098991715,100
KRR_Pool,1.5720633406061617,100
NN_Pool,3.379678629454087,100
XGBoost_TLCQM,0.1001767020322019,100
KRR_TLCQM,1.7715303419642991,100
NN_TLCQM,0.126735665819618,100
XGBoost_Target_Only,0.1133141994864734,200
KRR_Target_Only,20.427715866769848,200
NN_Target_Only,20.57355390873229,200
XGBoost_Pool,0.1008352528450318,200
KRR_Pool,1.5655344700157512,200
NN_Pool,6.908875703141819,200
XGBoost_TLCQM,0.0996966879044574,200
KRR_TLCQM,1.7340947520832584,200
NN_TLCQM,0.1000494900749835,200
XGBoost_Target_Only,0.1010022137233322,300
KRR_Target_Only,14.263159253494443,300
NN_Target_Only,6.804930980035839,300
XGBoost_Pool,0.0975251030907402,300
KRR_Pool,1.512854698527492,300
NN_Pool,3.307810648722292,300
XGBoost_TLCQM,0.0993433679160814,300
KRR_TLCQM,1.69034889809789,300
NN_TLCQM,0.1198388958413986,300
XGBoost_Target_Only,0.0942584285000611,500
KRR_Target_Only,9.862867288807754,500
NN_Target_Only,0.2982749642406532,500
XGBoost_Pool,0.0960788941469234,500
KRR_Pool,1.4859973044672363,500
NN_Pool,3.435499047154051,500
XGBoost_TLCQM,0.0989071081762105,500
KRR_TLCQM,1.647435901318669,500
NN_TLCQM,0.2657562012214668,500
XGBoost_Target_Only,0.1323785642882969,100
KRR_Target_Only,30.261201473497024,100
NN_Target_Only,20.10848294842341,100
XGBoost_Pool,0.1019698045981549,100
KRR_Pool,1.6307421747560011,100
NN_Pool,5.435183342478392,100
XGBoost_TLCQM,0.1156749901563444,100
KRR_TLCQM,1.8367974673308995,100
NN_TLCQM,0.1166078460424753,100
XGBoost_Target_Only,0.1138970546838346,200
KRR_Target_Only,19.7907543241245,200
NN_Target_Only,20.62355709559835,200
XGBoost_Pool,0.1010761428379932,200
KRR_Pool,1.6103643384518946,200
NN_Pool,4.807469965871234,200
XGBoost_TLCQM,0.1075899886728651,200
KRR_TLCQM,1.7838749460770582,200
NN_TLCQM,0.1310814796780309,200
XGBoost_Target_Only,0.1000186465457975,300
KRR_Target_Only,13.385884390584808,300
NN_Target_Only,6.378038694615944,300
XGBoost_Pool,0.0981297185878827,300
KRR_Pool,1.5711538896802464,300
NN_Pool,3.334209270462488,300
XGBoost_TLCQM,0.1067281585677959,300
KRR_TLCQM,1.7379252831149583,300
NN_TLCQM,0.245769455229235,300
XGBoost_Target_Only,0.0949498195016949,500
KRR_Target_Only,8.081136377528097,500
NN_Target_Only,0.2963718217648231,500
XGBoost_Pool,0.0949254775118088,500
KRR_Pool,1.5561631097072872,500
NN_Pool,3.008134769433311,500
XGBoost_TLCQM,0.0951699611298389,500
KRR_TLCQM,1.6974445081082017,500
NN_TLCQM,0.0997109380026103,500
XGBoost_Target_Only,0.1214529264465765,100
KRR_Target_Only,28.49386424185923,100
NN_Target_Only,19.979004605465317,100
XGBoost_Pool,0.1022304659140255,100
KRR_Pool,1.5952446913645133,100
NN_Pool,5.384993329958055,100
XGBoost_TLCQM,0.1045149501597901,100
KRR_TLCQM,1.800344323738438,100
NN_TLCQM,0.1003820573193354,100
XGBoost_Target_Only,0.1128769073166544,200
KRR_Target_Only,19.19904097403894,200
NN_Target_Only,24.349285550633454,200
XGBoost_Pool,0.0999044828500528,200
KRR_Pool,1.5281594111306138,200
NN_Pool,3.955023085380564,200
XGBoost_TLCQM,0.0979202955453529,200
KRR_TLCQM,1.6968242585512778,200
NN_TLCQM,0.1174003335701526,200
XGBoost_Target_Only,0.0977824724268564,300
KRR_Target_Only,14.30238912552395,300
NN_Target_Only,6.21092075302873,300
XGBoost_Pool,0.0967166396297215,300
KRR_Pool,1.4778287325101245,300
NN_Pool,3.322611908121341,300
XGBoost_TLCQM,0.096068081373605,300
KRR_TLCQM,1.6399656317271003,300
NN_TLCQM,0.0971918285109083,300
XGBoost_Target_Only,0.0932297308379591,500
KRR_Target_Only,8.250823570048997,500
NN_Target_Only,0.7207151762573084,500
XGBoost_Pool,0.0966875881528301,500
KRR_Pool,1.3978178013035167,500
NN_Pool,2.9409871218601404,500
XGBoost_TLCQM,0.0961705250984691,500
KRR_TLCQM,1.5400628563649952,500
NN_TLCQM,0.1318994766863693,500
XGBoost_Target_Only,0.1090613318434308,100
KRR_Target_Only,30.32299262843937,100
NN_Target_Only,22.29334169442445,100
XGBoost_Pool,0.0987972220923339,100
KRR_Pool,1.6240186274527126,100
NN_Pool,5.720715345966091,100
XGBoost_TLCQM,0.1018054447316097,100
KRR_TLCQM,1.8114551948156723,100
NN_TLCQM,0.1931823718337139,100
XGBoost_Target_Only,0.0993121449824299,200
KRR_Target_Only,19.37471171642636,200
NN_Target_Only,21.130068766722705,200
XGBoost_Pool,0.1004253552296993,200
KRR_Pool,1.561513995282357,200
NN_Pool,3.726370559390209,200
XGBoost_TLCQM,0.0999097075848793,200
KRR_TLCQM,1.725956539381908,200
NN_TLCQM,0.1137493452261229,200
XGBoost_Target_Only,0.0993820022767239,300
KRR_Target_Only,13.241318972773708,300
NN_Target_Only,0.7637437821458055,300
XGBoost_Pool,0.0958849267123097,300
KRR_Pool,1.5101575603302395,300
NN_Pool,2.5626933625480417,300
XGBoost_TLCQM,0.0980916475308625,300
KRR_TLCQM,1.6533517906760629,300
NN_TLCQM,0.1023462496145485,300
XGBoost_Target_Only,0.0948182694310179,500
KRR_Target_Only,8.630903056385897,500
NN_Target_Only,0.2663463001032251,500
XGBoost_Pool,0.0949337461148328,500
KRR_Pool,1.4670577235871842,500
NN_Pool,4.217557255411441,500
XGBoost_TLCQM,0.0963848707157908,500
KRR_TLCQM,1.611077715630513,500
NN_TLCQM,0.1016431829175078,500
XGBoost_Target_Only,0.1139307260663877,100
KRR_Target_Only,30.47372096961921,100
NN_Target_Only,21.70582784909741,100
XGBoost_Pool,0.1020591112363381,100
KRR_Pool,1.5840837628278894,100
NN_Pool,5.36118073823165,100
XGBoost_TLCQM,0.1004290924121345,100
KRR_TLCQM,1.7807203447397364,100
NN_TLCQM,0.13055490762892,100
XGBoost_Target_Only,0.107851530471072,200
KRR_Target_Only,19.56002542946039,200
NN_Target_Only,22.2842922253958,200
XGBoost_Pool,0.101027493134094,200
KRR_Pool,1.582485493860211,200
NN_Pool,3.559139664697916,200
XGBoost_TLCQM,0.1027683715947676,200
KRR_TLCQM,1.7792355321639564,200
NN_TLCQM,0.1399750961599501,200
XGBoost_Target_Only,0.1081187889758923,300
KRR_Target_Only,15.43635521521989,300
NN_Target_Only,0.20277892926183,300
XGBoost_Pool,0.0979988457683978,300
KRR_Pool,1.5761456201038908,300
NN_Pool,3.3235580252917,300
XGBoost_TLCQM,0.1007808216072998,300
KRR_TLCQM,1.7670411832317685,300
NN_TLCQM,0.1036615108097922,300
XGBoost_Target_Only,0.098742029447129,500
KRR_Target_Only,9.187015330701463,500
NN_Target_Only,0.4020778293933366,500
XGBoost_Pool,0.0959215355387673,500
KRR_Pool,1.4964950054825292,500
NN_Pool,3.703598787763973,500
XGBoost_TLCQM,0.0976553702365767,500
KRR_TLCQM,1.6831790993429367,500
NN_TLCQM,0.099238123056256,500
XGBoost_Target_Only,0.1339479173142231,100
KRR_Target_Only,29.90254004918263,100
NN_Target_Only,17.20524974523504,100
XGBoost_Pool,0.1027791298755517,100
KRR_Pool,1.6198299595332817,100
NN_Pool,5.57682780093405,100
XGBoost_TLCQM,0.1091080059623495,100
KRR_TLCQM,1.829412275570404,100
NN_TLCQM,0.1553207950280825,100
XGBoost_Target_Only,0.1225669075583093,200
KRR_Target_Only,21.484406470415838,200
NN_Target_Only,22.69624928100223,200
XGBoost_Pool,0.0982947951126004,200
KRR_Pool,1.56698153857973,200
NN_Pool,3.184572174917896,200
XGBoost_TLCQM,0.1005451099830571,200
KRR_TLCQM,1.7434800001623505,200
NN_TLCQM,0.1036668560288054,200
XGBoost_Target_Only,0.1041356516969561,300
KRR_Target_Only,15.859456816770903,300
NN_Target_Only,6.099642120094665,300
XGBoost_Pool,0.0963452277286595,300
KRR_Pool,1.5221965119320495,300
NN_Pool,5.5897080800186085,300
XGBoost_TLCQM,0.1003574486030807,300
KRR_TLCQM,1.7055066164820956,300
NN_TLCQM,0.1034945208119823,300
XGBoost_Target_Only,0.0948637807860392,500
KRR_Target_Only,9.683126049045685,500
NN_Target_Only,0.1574169565440181,500
XGBoost_Pool,0.0939568209282764,500
KRR_Pool,1.4553317889329445,500
NN_Pool,3.1131579127716003,500
XGBoost_TLCQM,0.09642375593909,500
KRR_TLCQM,1.6062010233093071,500
NN_TLCQM,0.0996111775650055,500
XGBoost_Target_Only,0.1429105814548499,100
KRR_Target_Only,28.22462184521213,100
NN_Target_Only,18.910980784673896,100
XGBoost_Pool,0.0980864517946031,100
KRR_Pool,1.6373149830877194,100
NN_Pool,5.815175793720955,100
XGBoost_TLCQM,0.1146792491454955,100
KRR_TLCQM,1.8135603458317644,100
NN_TLCQM,0.1229416101624696,100
XGBoost_Target_Only,0.1031976869944931,200
KRR_Target_Only,18.595248261351784,200
NN_Target_Only,19.742963502263336,200
XGBoost_Pool,0.0991152505694875,200
KRR_Pool,1.582506046682176,200
NN_Pool,3.5966036983980803,200
XGBoost_TLCQM,0.1024034584805547,200
KRR_TLCQM,1.746567788065184,200
NN_TLCQM,0.1174419294725738,200
XGBoost_Target_Only,0.1031497930172043,300
KRR_Target_Only,13.930153214774846,300
NN_Target_Only,0.2451223522477245,300
XGBoost_Pool,0.0984534617459244,300
KRR_Pool,1.5651762682299477,300
NN_Pool,5.147373434632057,300
XGBoost_TLCQM,0.0992590874810607,300
KRR_TLCQM,1.7082493809754808,300
NN_TLCQM,0.1109114715588241,300
XGBoost_Target_Only,0.0974368910676441,500
KRR_Target_Only,9.60410889825393,500
NN_Target_Only,0.1887236181698118,500
XGBoost_Pool,0.0949824117672878,500
KRR_Pool,1.50596987420585,500
NN_Pool,3.655805127221236,500
XGBoost_TLCQM,0.0965241581783393,500
KRR_TLCQM,1.6595366406393637,500
NN_TLCQM,0.0989468257840529,500
XGBoost_Target_Only,0.1281430808826541,100
KRR_Target_Only,29.399889626168147,100
NN_Target_Only,23.020452356228883,100
XGBoost_Pool,0.0998077736733662,100
KRR_Pool,1.5893455316149634,100
NN_Pool,5.424234783384084,100
XGBoost_TLCQM,0.1063831428381122,100
KRR_TLCQM,1.762011899443062,100
NN_TLCQM,0.2098586543597611,100
XGBoost_Target_Only,0.1027236954994472,200
KRR_Target_Only,20.264034433373894,200
NN_Target_Only,20.63865839639364,200
XGBoost_Pool,0.0975038199079781,200
KRR_Pool,1.5880748152314113,200
NN_Pool,3.2951529847201044,200
XGBoost_TLCQM,0.0991059201686777,200
KRR_TLCQM,1.7499089626368534,200
NN_TLCQM,0.1016362178353715,200
XGBoost_Target_Only,0.10644183804224,300
KRR_Target_Only,14.300541977313356,300
NN_Target_Only,10.500503953921603,300
XGBoost_Pool,0.0969878756120122,300
KRR_Pool,1.539646686744925,300
NN_Pool,3.207834823554312,300
XGBoost_TLCQM,0.0965304757980597,300
KRR_TLCQM,1.6863641708609007,300
NN_TLCQM,0.1268744181027634,300
XGBoost_Target_Only,0.095755660507799,500
KRR_Target_Only,9.672568428030436,500
NN_Target_Only,0.2965399251793706,500
XGBoost_Pool,0.0961459802714756,500
KRR_Pool,1.5305028526847064,500
NN_Pool,3.1033131024624416,500
XGBoost_TLCQM,0.0980583708501035,500
KRR_TLCQM,1.6787341602694474,500
NN_TLCQM,0.1068714587972218,500
XGBoost_Target_Only,0.1194770597207364,100
KRR_Target_Only,30.56832900525728,100
NN_Target_Only,26.160094837414302,100
XGBoost_Pool,0.1007863996874608,100
KRR_Pool,1.4806031969850575,100
NN_Pool,5.227812237506191,100
XGBoost_TLCQM,0.108484972805275,100
KRR_TLCQM,1.6780948891897156,100
NN_TLCQM,0.105339105791958,100
XGBoost_Target_Only,0.1124596983539348,200
KRR_Target_Only,19.317001433752004,200
NN_Target_Only,22.176347490159603,200
XGBoost_Pool,0.1008257018328437,200
KRR_Pool,1.4940296034425076,200
NN_Pool,3.505915369560235,200
XGBoost_TLCQM,0.1077726160936321,200
KRR_TLCQM,1.678056326628855,200
NN_TLCQM,0.1247357651307773,200
XGBoost_Target_Only,0.0985632083946075,300
KRR_Target_Only,14.135794822071292,300
NN_Target_Only,0.2656394307069826,300
XGBoost_Pool,0.0998710280537541,300
KRR_Pool,1.4911076558117826,300
NN_Pool,2.9798180218290877,300
XGBoost_TLCQM,0.1028296795924875,300
KRR_TLCQM,1.6517007138179862,300
NN_TLCQM,0.1906072532296052,300
XGBoost_Target_Only,0.0957868368482291,500
KRR_Target_Only,8.921720223986952,500
NN_Target_Only,0.1839528477161287,500
XGBoost_Pool,0.0965638592137505,500
KRR_Pool,1.4593438134866807,500
NN_Pool,2.968864982592519,500
XGBoost_TLCQM,0.1017119622808968,500
KRR_TLCQM,1.6164514487876356,500
NN_TLCQM,0.1188607735698685,500
XGBoost_Target_Only,0.1116330926841795,100
KRR_Target_Only,30.8906803557353,100
NN_Target_Only,25.65146175783081,100
XGBoost_Pool,0.1045914868989091,100
KRR_Pool,1.6235476175100685,100
NN_Pool,5.215611571301164,100
XGBoost_TLCQM,0.1026222752882395,100
KRR_TLCQM,1.8114998252285848,100
NN_TLCQM,0.1133737826854544,100
XGBoost_Target_Only,0.1037986185642143,200
KRR_Target_Only,20.38455141859542,200
NN_Target_Only,24.04644310809856,200
XGBoost_Pool,0.1001103682550778,200
KRR_Pool,1.5726679774007513,200
NN_Pool,3.527899126617,200
XGBoost_TLCQM,0.1005087456260068,200
KRR_TLCQM,1.7314948646143664,200
NN_TLCQM,0.1014556561825778,200
XGBoost_Target_Only,0.0953604655065981,300
KRR_Target_Only,13.480043901715574,300
NN_Target_Only,0.3287737248762136,300
XGBoost_Pool,0.0975607105302852,300
KRR_Pool,1.5650428614761618,300
NN_Pool,3.033732870040383,300
XGBoost_TLCQM,0.0971167658354305,300
KRR_TLCQM,1.7311810297885095,300
NN_TLCQM,0.1357859407830288,300
XGBoost_Target_Only,0.0908421858448859,500
KRR_Target_Only,8.560973237857029,500
NN_Target_Only,0.4218394072796051,500
XGBoost_Pool,0.0939902401543611,500
KRR_Pool,1.509907761119457,500
NN_Pool,3.670157446393956,500
XGBoost_TLCQM,0.0956264877667501,500
KRR_TLCQM,1.6524411854772658,500
NN_TLCQM,0.114267836346742,500
XGBoost_Target_Only,0.1056739298396793,100
KRR_Target_Only,29.182389012068644,100
NN_Target_Only,29.816591074505748,100
XGBoost_Pool,0.1012176963283569,100
KRR_Pool,1.6080806949331283,100
NN_Pool,5.765104715716007,100
XGBoost_TLCQM,0.1037392095027656,100
KRR_TLCQM,1.774496426781425,100
NN_TLCQM,0.105200568808488,100
XGBoost_Target_Only,0.100166325292664,200
KRR_Target_Only,19.62377232411712,200
NN_Target_Only,24.388705586903253,200
XGBoost_Pool,0.0979823645990711,200
KRR_Pool,1.620050325576465,200
NN_Pool,3.144931029858595,200
XGBoost_TLCQM,0.1058837693020931,200
KRR_TLCQM,1.800717962012122,200
NN_TLCQM,0.1068575836185268,200
XGBoost_Target_Only,0.0998776130317165,300
KRR_Target_Only,14.596417220302664,300
NN_Target_Only,7.801837578101663,300
XGBoost_Pool,0.0991500031328722,300
KRR_Pool,1.5955433450694068,300
NN_Pool,3.3985041078016565,300
XGBoost_TLCQM,0.1010761991574933,300
KRR_TLCQM,1.763644260778885,300
NN_TLCQM,0.133396295158551,300
XGBoost_Target_Only,0.0954845664889228,500
KRR_Target_Only,8.976579226341203,500
NN_Target_Only,0.1751915564418587,500
XGBoost_Pool,0.0957175593352546,500
KRR_Pool,1.5394202667789063,500
NN_Pool,3.7173521191338335,500
XGBoost_TLCQM,0.0996885810693704,500
KRR_TLCQM,1.696236062361929,500
NN_TLCQM,0.1547824036986207,500
XGBoost_Target_Only,0.1151464772208868,100
KRR_Target_Only,31.36088357409694,100
NN_Target_Only,17.10518098512638,100
XGBoost_Pool,0.1011381390162472,100
KRR_Pool,1.6086120310154934,100
NN_Pool,5.628487400021243,100
XGBoost_TLCQM,0.1046635906974274,100
KRR_TLCQM,1.786656039481433,100
NN_TLCQM,0.1076239050315696,100
XGBoost_Target_Only,0.1128746265491853,200
KRR_Target_Only,21.55707449147923,200
NN_Target_Only,20.954574686343115,200
XGBoost_Pool,0.0978618052593669,200
KRR_Pool,1.562500424229892,200
NN_Pool,3.5832935566536026,200
XGBoost_TLCQM,0.1070462206810375,200
KRR_TLCQM,1.7299575150361248,200
NN_TLCQM,0.1065205718976,200
XGBoost_Target_Only,0.1030802772836086,300
KRR_Target_Only,14.531804390339069,300
NN_Target_Only,6.234386641821062,300
XGBoost_Pool,0.0973597688705687,300
KRR_Pool,1.548280094358092,300
NN_Pool,6.623523866503103,300
XGBoost_TLCQM,0.1036152953234199,300
KRR_TLCQM,1.7357958797058737,300
NN_TLCQM,0.1056376828667715,300
XGBoost_Target_Only,0.0944945325960783,500
KRR_Target_Only,8.331394067103535,500
NN_Target_Only,1.0077392388017488,500
XGBoost_Pool,0.0934904856240314,500
KRR_Pool,1.4307364290594398,500
NN_Pool,4.848252272186096,500
XGBoost_TLCQM,0.0969312535002472,500
KRR_TLCQM,1.5787993739106776,500
NN_TLCQM,0.1194309146664648,500
XGBoost_Target_Only,0.1386467865454542,100
KRR_Target_Only,29.41579047428626,100
NN_Target_Only,20.74417606819215,100
XGBoost_Pool,0.1033529074727441,100
KRR_Pool,1.6200826807309354,100
NN_Pool,5.645582372748591,100
XGBoost_TLCQM,0.1022025405972281,100
KRR_TLCQM,1.796707513121854,100
NN_TLCQM,0.1144117666060197,100
XGBoost_Target_Only,0.105710384227172,200
KRR_Target_Only,18.943743673387004,200
NN_Target_Only,21.337800189806973,200
XGBoost_Pool,0.102620969046979,200
KRR_Pool,1.5366571184943787,200
NN_Pool,3.348768973862507,200
XGBoost_TLCQM,0.0972465314461872,200
KRR_TLCQM,1.6866471832227197,200
NN_TLCQM,0.0979298800902798,200
XGBoost_Target_Only,0.1032237386356401,300
KRR_Target_Only,15.00629642528697,300
NN_Target_Only,0.3483068279796198,300
XGBoost_Pool,0.1000845077331683,300
KRR_Pool,1.5136983214398296,300
NN_Pool,3.3284602718081824,300
XGBoost_TLCQM,0.0982891325857384,300
KRR_TLCQM,1.662889257583893,300
NN_TLCQM,0.1082848404433731,300
XGBoost_Target_Only,0.0971509115688462,500
KRR_Target_Only,9.13377694136217,500
NN_Target_Only,1.491275208111272,500
XGBoost_Pool,0.0980628722700447,500
KRR_Pool,1.4921806940513642,500
NN_Pool,4.27137850371744,500
XGBoost_TLCQM,0.0975710146379552,500
KRR_TLCQM,1.623490128480787,500
NN_TLCQM,0.10024603277689,500
XGBoost_Target_Only,0.114478534104678,100
KRR_Target_Only,29.25050255483231,100
NN_Target_Only,21.44454983052629,100
XGBoost_Pool,0.1022944352981803,100
KRR_Pool,1.6237969334442623,100
NN_Pool,5.777902347945307,100
XGBoost_TLCQM,0.1040081447225048,100
KRR_TLCQM,1.7896478864186396,100
NN_TLCQM,0.1052781588412934,100
XGBoost_Target_Only,0.1110911185731148,200
KRR_Target_Only,18.27310823840529,200
NN_Target_Only,22.138751896451755,200
XGBoost_Pool,0.0983263832056351,200
KRR_Pool,1.54742521623419,200
NN_Pool,3.360628402009086,200
XGBoost_TLCQM,0.1009646400945882,200
KRR_TLCQM,1.6811916020364313,200
NN_TLCQM,0.1148085358451477,200
XGBoost_Target_Only,0.1007892122227065,300
KRR_Target_Only,12.978780512116352,300
NN_Target_Only,0.3832179436589534,300
XGBoost_Pool,0.0994392979245332,300
KRR_Pool,1.5386933909467382,300
NN_Pool,3.9171273187021103,300
XGBoost_TLCQM,0.1002286138990971,300
KRR_TLCQM,1.683286592371877,300
NN_TLCQM,0.1078854760110385,300
XGBoost_Target_Only,0.0968652368782518,500
KRR_Target_Only,8.692630578995134,500
NN_Target_Only,2.3501109388703574,500
XGBoost_Pool,0.0967468527308692,500
KRR_Pool,1.5080443401776908,500
NN_Pool,3.5267203162971588,500
XGBoost_TLCQM,0.0973201443038486,500
KRR_TLCQM,1.660816367853699,500
NN_TLCQM,0.1211184289450265,500
XGBoost_Target_Only,0.1023580302272764,100
KRR_Target_Only,29.89324372518765,100
NN_Target_Only,26.931406559698043,100
XGBoost_Pool,0.1002161950052537,100
KRR_Pool,1.6003141850780327,100
NN_Pool,3.7262171018021153,100
XGBoost_TLCQM,0.1039335654373783,100
KRR_TLCQM,1.753949955123031,100
NN_TLCQM,0.121590361388459,100
XGBoost_Target_Only,0.1045374798618743,200
KRR_Target_Only,19.223209627761488,200
NN_Target_Only,23.22251253962366,200
XGBoost_Pool,0.0994496377604061,200
KRR_Pool,1.6098984158933225,200
NN_Pool,3.5930837351041305,200
XGBoost_TLCQM,0.104927935949354,200
KRR_TLCQM,1.7830990577361665,200
NN_TLCQM,0.1089155405038234,200
XGBoost_Target_Only,0.0983660268370325,300
KRR_Target_Only,14.76696576365139,300
NN_Target_Only,8.395170044224939,300
XGBoost_Pool,0.1004672950940721,300
KRR_Pool,1.6104470339146209,300
NN_Pool,4.163603431564368,300
XGBoost_TLCQM,0.1045667844828818,300
KRR_TLCQM,1.779713372540323,300
NN_TLCQM,0.1471639858024131,300
XGBoost_Target_Only,0.09625481586763,500
KRR_Target_Only,8.910567204850558,500
NN_Target_Only,0.271951115786134,500
XGBoost_Pool,0.0941572276768338,500
KRR_Pool,1.424151770634659,500
NN_Pool,4.308503680052868,500
XGBoost_TLCQM,0.101815501225902,500
KRR_TLCQM,1.552747522956545,500
NN_TLCQM,0.1042990189387467,500
XGBoost_Target_Only,0.1266953336526413,100
KRR_Target_Only,29.55992685549688,100
NN_Target_Only,22.47826449810535,100
XGBoost_Pool,0.1022371635586929,100
KRR_Pool,1.6345695528675153,100
NN_Pool,5.465546817347291,100
XGBoost_TLCQM,0.1029649712361787,100
KRR_TLCQM,1.8140937460465696,100
NN_TLCQM,0.1154522676525095,100
XGBoost_Target_Only,0.1150975198718324,200
KRR_Target_Only,18.395579039165455,200
NN_Target_Only,23.278571964193656,200
XGBoost_Pool,0.0994031848214118,200
KRR_Pool,1.5705477582985936,200
NN_Pool,3.907756682887159,200
XGBoost_TLCQM,0.0998190103095416,200
KRR_TLCQM,1.7447110708527194,200
NN_TLCQM,0.1012169036750267,200
XGBoost_Target_Only,0.1001837824136702,300
KRR_Target_Only,13.154666358766796,300
NN_Target_Only,12.12274125947921,300
XGBoost_Pool,0.0998743626600979,300
KRR_Pool,1.5032715190118646,300
NN_Pool,3.4395810163693343,300
XGBoost_TLCQM,0.0986501738979556,300
KRR_TLCQM,1.687499025095406,300
NN_TLCQM,0.1186813758894032,300
XGBoost_Target_Only,0.1013245811093744,500
KRR_Target_Only,8.75071450989177,500
NN_Target_Only,0.3957109038281999,500
XGBoost_Pool,0.0965084245015593,500
KRR_Pool,1.4669339557049277,500
NN_Pool,3.254413466719816,500
XGBoost_TLCQM,0.0973436328728162,500
KRR_TLCQM,1.6429691923945131,500
NN_TLCQM,0.1016346866046901,500
XGBoost_Target_Only,0.1215836729298507,100
KRR_Target_Only,29.274170168532983,100
NN_Target_Only,20.829855063151356,100
XGBoost_Pool,0.101668260378579,100
KRR_Pool,1.6504331011278897,100
NN_Pool,5.841820362126335,100
XGBoost_TLCQM,0.1006705041099624,100
KRR_TLCQM,1.8353206330203575,100
NN_TLCQM,0.2721118975724836,100
XGBoost_Target_Only,0.1078212287828303,200
KRR_Target_Only,19.442000861614005,200
NN_Target_Only,22.13542764428611,200
XGBoost_Pool,0.1004583848634418,200
KRR_Pool,1.6141901286845646,200
NN_Pool,3.4032889558165653,200
XGBoost_TLCQM,0.1001386838371184,200
KRR_TLCQM,1.8065924317644624,200
NN_TLCQM,0.1057453294455806,200
XGBoost_Target_Only,0.1005152532383835,300
KRR_Target_Only,13.64342157575788,300
NN_Target_Only,7.099156565317435,300
XGBoost_Pool,0.0975972096251361,300
KRR_Pool,1.545000136173923,300
NN_Pool,2.6772407897592627,300
XGBoost_TLCQM,0.0976661211296609,300
KRR_TLCQM,1.7159118444714418,300
NN_TLCQM,0.210115815940546,300
XGBoost_Target_Only,0.0983748953549921,500
KRR_Target_Only,9.431245143607242,500
NN_Target_Only,0.1979193081879848,500
XGBoost_Pool,0.0966612711137217,500
KRR_Pool,1.476503379585597,500
NN_Pool,2.914086156881672,500
XGBoost_TLCQM,0.0964265828951189,500
KRR_TLCQM,1.642643435730654,500
NN_TLCQM,0.1003667000163804,500
XGBoost_Target_Only,0.1159020411088542,100
KRR_Target_Only,29.08508272724634,100
NN_Target_Only,20.53909742506468,100
XGBoost_Pool,0.1004918201558856,100
KRR_Pool,1.6053986945080556,100
NN_Pool,5.49579394829305,100
XGBoost_TLCQM,0.1068922095204894,100
KRR_TLCQM,1.7902831199711176,100
NN_TLCQM,0.1032563999146879,100
XGBoost_Target_Only,0.1159945426441434,200
KRR_Target_Only,19.94127478362964,200
NN_Target_Only,18.5846584790495,200
XGBoost_Pool,0.0994952485530629,200
KRR_Pool,1.613617001687617,200
NN_Pool,3.860601137283035,200
XGBoost_TLCQM,0.1039255317737099,200
KRR_TLCQM,1.8081211661565997,200
NN_TLCQM,0.1636257941539822,200
XGBoost_Target_Only,0.1088481113050627,300
KRR_Target_Only,13.976559501592284,300
NN_Target_Only,0.1802655420859832,300
XGBoost_Pool,0.0997339024631085,300
KRR_Pool,1.5897578448252727,300
NN_Pool,3.455150382466568,300
XGBoost_TLCQM,0.1067609920766433,300
KRR_TLCQM,1.784215338565933,300
NN_TLCQM,0.1062318640970755,300
XGBoost_Target_Only,0.0959613168177801,500
KRR_Target_Only,8.707669081887248,500
NN_Target_Only,0.2482671361380206,500
XGBoost_Pool,0.0965239287782401,500
KRR_Pool,1.5272570892105362,500
NN_Pool,3.1836942727187933,500
XGBoost_TLCQM,0.1026994718892954,500
KRR_TLCQM,1.724804815096359,500
NN_TLCQM,0.1790279510234714,500
XGBoost_Target_Only,0.1163173128709251,100
KRR_Target_Only,30.334358338005394,100
NN_Target_Only,21.37082503832978,100
XGBoost_Pool,0.0982090270234515,100
KRR_Pool,1.6404829701800905,100
NN_Pool,5.35013693936701,100
XGBoost_TLCQM,0.1025723449714131,100
KRR_TLCQM,1.8215551662672869,100
NN_TLCQM,0.1486739747295006,100
XGBoost_Target_Only,0.1000540496151149,200
KRR_Target_Only,20.132917609393576,200
NN_Target_Only,21.3465766895118,200
XGBoost_Pool,0.0966594584168168,200
KRR_Pool,1.598968080406883,200
NN_Pool,3.3281803511378283,200
XGBoost_TLCQM,0.0975610605686871,200
KRR_TLCQM,1.7628287527166793,200
NN_TLCQM,0.1027769195615289,200
XGBoost_Target_Only,0.1000729380675908,300
KRR_Target_Only,14.247072762777904,300
NN_Target_Only,7.102583136320404,300
XGBoost_Pool,0.0985475629093486,300
KRR_Pool,1.5820323289066152,300
NN_Pool,4.123002741077924,300
XGBoost_TLCQM,0.0974196077156128,300
KRR_TLCQM,1.7546684046961902,300
NN_TLCQM,0.102642297615112,300
XGBoost_Target_Only,0.0983569961222776,500
KRR_Target_Only,9.159324467233471,500
NN_Target_Only,0.7196171355616373,500
XGBoost_Pool,0.0968538290158687,500
KRR_Pool,1.5746962710848829,500
NN_Pool,3.3618939786488795,500
XGBoost_TLCQM,0.0987313134995914,500
KRR_TLCQM,1.7319962453489923,500
NN_TLCQM,0.1044150319590856,500
XGBoost_Target_Only,0.1152099367953525,100
KRR_Target_Only,28.78293242473317,100
NN_Target_Only,23.550892463237364,100
XGBoost_Pool,0.0980727358306007,100
KRR_Pool,1.6301384436995945,100
NN_Pool,3.348581830168505,100
XGBoost_TLCQM,0.1082802264190466,100
KRR_TLCQM,1.8807769420178095,100
NN_TLCQM,0.1046558136019396,100
XGBoost_Target_Only,0.1043141294234399,200
KRR_Target_Only,20.18815856554552,200
NN_Target_Only,24.569993902482576,200
XGBoost_Pool,0.0980019447441882,200
KRR_Pool,1.587650872454517,200
NN_Pool,3.289994947716296,200
XGBoost_TLCQM,0.0994416941052495,200
KRR_TLCQM,1.7972720341916455,200
NN_TLCQM,0.1126592599076749,200
XGBoost_Target_Only,0.1049886842239663,300
KRR_Target_Only,13.633525637557526,300
NN_Target_Only,0.4761022345026748,300
XGBoost_Pool,0.0957889243829215,300
KRR_Pool,1.5042655981706188,300
NN_Pool,5.968503587278716,300
XGBoost_TLCQM,0.0988130637017126,300
KRR_TLCQM,1.7172943439545314,300
NN_TLCQM,0.1006978935891885,300
XGBoost_Target_Only,0.1156839972390404,100
KRR_Target_Only,27.80484901639449,100
NN_Target_Only,24.9441522914451,100
XGBoost_Pool,0.1023949393521775,100
KRR_Pool,1.5768302536916274,100
NN_Pool,5.295342962212147,100
XGBoost_TLCQM,0.1090803687804905,100
KRR_TLCQM,1.7579125760498593,100
NN_TLCQM,0.1275947625313354,100
XGBoost_Target_Only,0.1157542906245558,200
KRR_Target_Only,20.31730854897085,200
NN_Target_Only,24.545898548258723,200
XGBoost_Pool,0.1007015151167051,200
KRR_Pool,1.4902192441735944,200
NN_Pool,3.171763986136496,200
XGBoost_TLCQM,0.1026315638778899,200
KRR_TLCQM,1.6492328813238608,200
NN_TLCQM,0.1554219591479512,200
XGBoost_Target_Only,0.1108927455794599,300
KRR_Target_Only,14.892476119007355,300
NN_Target_Only,1.2240935569078173,300
XGBoost_Pool,0.099271096447024,300
KRR_Pool,1.4975143217309752,300
NN_Pool,4.285463348277515,300
XGBoost_TLCQM,0.1066874435841605,300
KRR_TLCQM,1.6637242218924408,300
NN_TLCQM,0.1132453055697309,300
XGBoost_Target_Only,0.0953108455180365,500
KRR_Target_Only,9.65081309082143,500
NN_Target_Only,0.2953199871772563,500
XGBoost_Pool,0.0982000876135818,500
KRR_Pool,1.4505427953717722,500
NN_Pool,3.5511633965434104,500
XGBoost_TLCQM,0.0970752911773234,500
KRR_TLCQM,1.6146175564449063,500
NN_TLCQM,0.1103028737822424,500
XGBoost_Target_Only,0.1171544145352166,100
KRR_Target_Only,29.904250374531298,100
NN_Target_Only,21.928451097761364,100
XGBoost_Pool,0.103157878411161,100
KRR_Pool,1.5769421893013067,100
NN_Pool,5.6718810305422185,100
XGBoost_TLCQM,0.1161048910744632,100
KRR_TLCQM,1.7821096416073663,100
NN_TLCQM,0.149825749220413,100
XGBoost_Target_Only,0.0988056127029248,200
KRR_Target_Only,18.98539202706506,200
NN_Target_Only,22.72004328797091,200
XGBoost_Pool,0.0995063482638803,200
KRR_Pool,1.480818747111226,200
NN_Pool,3.4495433626757883,200
XGBoost_TLCQM,0.098788418433688,200
KRR_TLCQM,1.6295256691149893,200
NN_TLCQM,0.1391739894228414,200
XGBoost_Target_Only,0.0965597411651574,300
KRR_Target_Only,13.682426904303018,300
NN_Target_Only,6.744878312629489,300
XGBoost_Pool,0.0976698447911702,300
KRR_Pool,1.4632465619285333,300
NN_Pool,4.517039132883349,300
XGBoost_TLCQM,0.0957135386875335,300
KRR_TLCQM,1.606137519670194,300
NN_TLCQM,0.1419340633915692,300
XGBoost_Target_Only,0.0925605057297892,500
KRR_Target_Only,8.896741132818939,500
NN_Target_Only,0.4137536587065806,500
XGBoost_Pool,0.095172479442605,500
KRR_Pool,1.4378803064938357,500
NN_Pool,3.296985559490518,500
XGBoost_TLCQM,0.0928298271116939,500
KRR_TLCQM,1.5779565781665732,500
NN_TLCQM,0.1024097163998505,500
XGBoost_Target_Only,0.1049430026599381,100
KRR_Target_Only,29.162007622415903,100
NN_Target_Only,21.40083182356177,100
XGBoost_Pool,0.1007409022355694,100
KRR_Pool,1.5762432154956716,100
NN_Pool,4.02926774540491,100
XGBoost_TLCQM,0.1044968067657729,100
KRR_TLCQM,1.7518049542200502,100
NN_TLCQM,0.1169129023565527,100
XGBoost_Target_Only,0.1117046786420334,200
KRR_Target_Only,18.737372177861943,200
NN_Target_Only,20.73643178064404,200
XGBoost_Pool,0.0995733678553572,200
KRR_Pool,1.559418798757846,200
NN_Pool,3.321857380429707,200
XGBoost_TLCQM,0.1043426726927232,200
KRR_TLCQM,1.7450634998955634,200
NN_TLCQM,0.1030197632328347,200
XGBoost_Target_Only,0.1008801386773994,300
KRR_Target_Only,13.999241171419229,300
NN_Target_Only,0.1850202580185799,300
XGBoost_Pool,0.0991449519726668,300
KRR_Pool,1.5134978193059547,300
NN_Pool,3.3895538526304803,300
XGBoost_TLCQM,0.1024783858084686,300
KRR_TLCQM,1.700760722667139,300
NN_TLCQM,0.1282224097272111,300
XGBoost_Target_Only,0.0985871296602509,500
KRR_Target_Only,8.485458202985456,500
NN_Target_Only,0.4229574099015227,500
XGBoost_Pool,0.0966898162679518,500
KRR_Pool,1.4847424250545465,500
NN_Pool,3.6550340547711375,500
XGBoost_TLCQM,0.1003435586483711,500
KRR_TLCQM,1.654094110813073,500
NN_TLCQM,0.1285898109575617,500
XGBoost_Target_Only,0.1142036709821629,100
KRR_Target_Only,31.02617338261541,100
NN_Target_Only,22.42097630100148,100
XGBoost_Pool,0.1003099767313674,100
KRR_Pool,1.6493138153563074,100
NN_Pool,5.359567608699764,100
XGBoost_TLCQM,0.1049959673045941,100
KRR_TLCQM,1.8400631984099152,100
NN_TLCQM,0.1907049423497854,100
XGBoost_Target_Only,0.1117040833939607,200
KRR_Target_Only,20.88261995357757,200
NN_Target_Only,21.721956230313843,200
XGBoost_Pool,0.098391627347234,200
KRR_Pool,1.5972945540079084,200
NN_Pool,3.153619961139487,200
XGBoost_TLCQM,0.0986619002222311,200
KRR_TLCQM,1.7522526140298609,200
NN_TLCQM,0.1131998992258677,200
XGBoost_Target_Only,0.1027094467713082,300
KRR_Target_Only,15.693658119180135,300
NN_Target_Only,0.6113626241602955,300
XGBoost_Pool,0.0969929359431034,300
KRR_Pool,1.567703838516738,300
NN_Pool,5.944238545693059,300
XGBoost_TLCQM,0.1012534727667954,300
KRR_TLCQM,1.7421418919482148,300
NN_TLCQM,0.148316832848171,300
XGBoost_Target_Only,0.0957549266689012,500
KRR_Target_Only,10.004721884153552,500
NN_Target_Only,0.2037580190066238,500
XGBoost_Pool,0.095931640335433,500
KRR_Pool,1.550041075390714,500
NN_Pool,3.287468214111159,500
XGBoost_TLCQM,0.0956326636454201,500
KRR_TLCQM,1.6918646126905632,500
NN_TLCQM,0.1169914952388908,500
XGBoost_Target_Only,0.1237697843199105,100
KRR_Target_Only,28.570674970632027,100
NN_Target_Only,17.04936217907136,100
XGBoost_Pool,0.1011206706918074,100
KRR_Pool,1.6328370285755327,100
NN_Pool,5.684210425917179,100
XGBoost_TLCQM,0.1010138561614154,100
KRR_TLCQM,1.839992781695508,100
NN_TLCQM,0.1347060912884401,100
XGBoost_Target_Only,0.1120129513986589,200
KRR_Target_Only,20.26239334464458,200
NN_Target_Only,20.813893607837848,200
XGBoost_Pool,0.09958270363621,200
KRR_Pool,1.60175803284562,200
NN_Pool,3.304187079713107,200
XGBoost_TLCQM,0.1000706778563375,200
KRR_TLCQM,1.793801576160599,200
NN_TLCQM,0.1248721292019772,200
XGBoost_Target_Only,0.1019685396596854,300
KRR_Target_Only,14.481985511599552,300
NN_Target_Only,7.440928837287992,300
XGBoost_Pool,0.0990933198422506,300
KRR_Pool,1.588070665455702,300
NN_Pool,3.335682946887588,300
XGBoost_TLCQM,0.0960476029059753,300
KRR_TLCQM,1.7506386497464894,300
NN_TLCQM,0.1045540564983192,300
XGBoost_Target_Only,0.1056099327104805,500
KRR_Target_Only,9.351124791881222,500
NN_Target_Only,0.2986226688486982,500
XGBoost_Pool,0.0985325364930545,500
KRR_Pool,1.5504910914564505,500
NN_Pool,3.324485020787172,500
XGBoost_TLCQM,0.096148921769287,500
KRR_TLCQM,1.7022030331541986,500
NN_TLCQM,0.1012971462829277,500
XGBoost_Target_Only,0.1287856295537713,100
KRR_Target_Only,28.20278830863124,100
NN_Target_Only,16.72120257147829,100
XGBoost_Pool,0.0998860708923341,100
KRR_Pool,1.6479911823578468,100
NN_Pool,5.843346398674337,100
XGBoost_TLCQM,0.1054148084192285,100
KRR_TLCQM,1.855388018703878,100
NN_TLCQM,0.1120683709231928,100
XGBoost_Target_Only,0.1043586626036342,200
KRR_Target_Only,18.78389511793003,200
NN_Target_Only,24.086391795516583,200
XGBoost_Pool,0.0966641066627649,200
KRR_Pool,1.6306397987687902,200
NN_Pool,4.872531730794173,200
XGBoost_TLCQM,0.1018936385789994,200
KRR_TLCQM,1.826925419043892,200
NN_TLCQM,0.1022994652130062,200
XGBoost_Target_Only,0.1012735253736922,300
KRR_Target_Only,14.274342860471744,300
NN_Target_Only,0.3857416448517843,300
XGBoost_Pool,0.096215025937765,300
KRR_Pool,1.5948996348242426,300
NN_Pool,3.5322328682398747,300
XGBoost_TLCQM,0.102477156767898,300
KRR_TLCQM,1.7921485588981956,300
NN_TLCQM,0.1268342893041349,300
XGBoost_Target_Only,0.0968648827346773,500
KRR_Target_Only,9.535126157036954,500
NN_Target_Only,0.2400907225552772,500
XGBoost_Pool,0.0936221966381728,500
KRR_Pool,1.5998897340521248,500
NN_Pool,3.232982661548136,500
XGBoost_TLCQM,0.1008726073206624,500
KRR_TLCQM,1.80229757017585,500
NN_TLCQM,0.1089734766243958,500
XGBoost_Target_Only,0.1177910669448688,100
KRR_Target_Only,30.91757015509809,100
NN_Target_Only,22.14385606035976,100
XGBoost_Pool,0.1013176448653099,100
KRR_Pool,1.6229153911655418,100
NN_Pool,3.539895083122268,100
XGBoost_TLCQM,0.1008582372748251,100
KRR_TLCQM,1.8074176222796323,100
NN_TLCQM,0.1745892058920936,100
XGBoost_Target_Only,0.1114552704837721,200
KRR_Target_Only,19.977892902499832,200
NN_Target_Only,20.47716711239768,200
XGBoost_Pool,0.1005725396622784,200
KRR_Pool,1.606743752983357,200
NN_Pool,3.780673806890257,200
XGBoost_TLCQM,0.0986496251145415,200
KRR_TLCQM,1.7602979189996888,200
NN_TLCQM,0.1010324382985475,200
XGBoost_Target_Only,0.1144879188319399,300
KRR_Target_Only,13.74388114939841,300
NN_Target_Only,0.8035011682342299,300
XGBoost_Pool,0.0994219496253075,300
KRR_Pool,1.6046503822226998,300
NN_Pool,3.5889641074848466,300
XGBoost_TLCQM,0.1007674960496869,300
KRR_TLCQM,1.769115139171598,300
NN_TLCQM,0.1033931827990211,300
XGBoost_Target_Only,0.0943816789537041,500
KRR_Target_Only,9.212272602960349,500
NN_Target_Only,0.198683599500729,500
XGBoost_Pool,0.0985253547746662,500
KRR_Pool,1.529681612014648,500
NN_Pool,4.832686772751933,500
XGBoost_TLCQM,0.0960807609775714,500
KRR_TLCQM,1.6833480063180315,500
NN_TLCQM,0.1448226676924831,500
XGBoost_Target_Only,0.1154401887774037,100
KRR_Target_Only,29.35443132716244,100
NN_Target_Only,24.76176458993785,100
XGBoost_Pool,0.1043016800981375,100
KRR_Pool,1.6262311756328032,100
NN_Pool,5.423931580707759,100
XGBoost_TLCQM,0.1020440001593828,100
KRR_TLCQM,1.8034306152611557,100
NN_TLCQM,0.0997958408288601,100
XGBoost_Target_Only,0.1034251509470432,200
KRR_Target_Only,18.909599115472613,200
NN_Target_Only,23.606397933507164,200
XGBoost_Pool,0.1001087057683975,200
KRR_Pool,1.5707271921508423,200
NN_Pool,7.121977325545157,200
XGBoost_TLCQM,0.1000314178486058,200
KRR_TLCQM,1.7449345207582334,200
NN_TLCQM,0.120153680737858,200
XGBoost_Target_Only,0.0972973956056387,300
KRR_Target_Only,13.570430489125611,300
NN_Target_Only,0.3900000970186356,300
XGBoost_Pool,0.0985247631261793,300
KRR_Pool,1.515337713158361,300
NN_Pool,6.107535322645969,300
XGBoost_TLCQM,0.1001564578001847,300
KRR_TLCQM,1.6684965936850549,300
NN_TLCQM,0.1121119225751639,300
XGBoost_Target_Only,0.0957897874972663,500
KRR_Target_Only,8.199847246849961,500
NN_Target_Only,0.6877708344340876,500
XGBoost_Pool,0.0978577318977954,500
KRR_Pool,1.3829459280970091,500
NN_Pool,3.622859091231627,500
XGBoost_TLCQM,0.0997817322060916,500
KRR_TLCQM,1.5360200843029717,500
NN_TLCQM,0.1178865501373561,500
XGBoost_Target_Only,0.1204626922378322,100
KRR_Target_Only,31.579619511589584,100
NN_Target_Only,20.58360192879478,100
XGBoost_Pool,0.1007113885259254,100
KRR_Pool,1.6129498068603196,100
NN_Pool,5.68668780584281,100
XGBoost_TLCQM,0.1073986770169817,100
KRR_TLCQM,1.8003720493230233,100
NN_TLCQM,0.1060954967702498,100
XGBoost_Target_Only,0.1142769954580747,200
KRR_Target_Only,19.542179373203567,200
NN_Target_Only,21.073245117681328,200
XGBoost_Pool,0.0994281055686821,200
KRR_Pool,1.621913615962682,200
NN_Pool,3.629697917298292,200
XGBoost_TLCQM,0.0983048508979571,200
KRR_TLCQM,1.800661822617407,200
NN_TLCQM,0.1018623575224975,200
XGBoost_Target_Only,0.1115655747782569,300
KRR_Target_Only,13.117466449338588,300
NN_Target_Only,6.196386093799654,300
XGBoost_Pool,0.1001778711850321,300
KRR_Pool,1.5696725799531086,300
NN_Pool,3.875382375026605,300
XGBoost_TLCQM,0.0965283404649835,300
KRR_TLCQM,1.7382050067171206,300
NN_TLCQM,0.144129700713388,300
XGBoost_Target_Only,0.0953341897754287,500
KRR_Target_Only,8.641655571924613,500
NN_Target_Only,0.3138218553413538,500
XGBoost_Pool,0.0957359688098586,500
KRR_Pool,1.494844366889389,500
NN_Pool,2.7515347598821447,500
XGBoost_TLCQM,0.0965067101567449,500
KRR_TLCQM,1.6590771563848845,500
NN_TLCQM,0.09700836267104,500
XGBoost_Target_Only,0.1084537220637614,100
KRR_Target_Only,29.428019284732564,100
NN_Target_Only,20.24374608042672,100
XGBoost_Pool,0.1002748446848072,100
KRR_Pool,1.612370066127754,100
NN_Pool,5.3226515991984265,100
XGBoost_TLCQM,0.0977479511461161,100
KRR_TLCQM,1.7823639496809809,100
NN_TLCQM,0.1000937307956804,100
XGBoost_Target_Only,0.1071641323252669,200
KRR_Target_Only,18.743474984030883,200
NN_Target_Only,20.872091335843617,200
XGBoost_Pool,0.0993774666516884,200
KRR_Pool,1.5639438640571062,200
NN_Pool,3.8574085986963063,200
XGBoost_TLCQM,0.0958806331924309,200
KRR_TLCQM,1.7582183045057074,200
NN_TLCQM,0.103207514478437,200
XGBoost_Target_Only,0.1028613713911891,300
KRR_Target_Only,13.85141538725333,300
NN_Target_Only,6.837406946037996,300
XGBoost_Pool,0.0990872914266507,300
KRR_Pool,1.472459312163562,300
NN_Pool,2.5943276232548,300
XGBoost_TLCQM,0.0971150738137652,300
KRR_TLCQM,1.6197875985896533,300
NN_TLCQM,0.1030948216310616,300
XGBoost_Target_Only,0.0939558846644598,500
KRR_Target_Only,8.80014389907751,500
NN_Target_Only,0.808866214822693,500
XGBoost_Pool,0.098609747076325,500
KRR_Pool,1.4573099327923065,500
NN_Pool,3.2223565247233656,500
XGBoost_TLCQM,0.094532365178313,500
KRR_TLCQM,1.6052732138796293,500
NN_TLCQM,0.0975293161877299,500
XGBoost_Target_Only,0.1254367507588581,100
KRR_Target_Only,29.342961810647854,100
NN_Target_Only,18.16864161066145,100
XGBoost_Pool,0.10311923746822,100
KRR_Pool,1.6464362259374403,100
NN_Pool,3.3810720691640377,100
XGBoost_TLCQM,0.1080678710237484,100
KRR_TLCQM,1.836087928534653,100
NN_TLCQM,0.116729503636377,100
XGBoost_Target_Only,0.1134139708527717,200
KRR_Target_Only,19.70211839958574,200
NN_Target_Only,18.860978068660827,200
XGBoost_Pool,0.102151896063587,200
KRR_Pool,1.6284132333476744,200
NN_Pool,3.590862135047625,200
XGBoost_TLCQM,0.1056266596441121,200
KRR_TLCQM,1.812166134623681,200
NN_TLCQM,0.1328259237915584,200
XGBoost_Target_Only,0.1031011738901498,300
KRR_Target_Only,13.861475423269049,300
NN_Target_Only,0.370980766876733,300
XGBoost_Pool,0.101104012526779,300
KRR_Pool,1.5919915984905435,300
NN_Pool,4.697705715175229,300
XGBoost_TLCQM,0.1053275333100607,300
KRR_TLCQM,1.74714539347824,300
NN_TLCQM,0.1139475497378388,300
XGBoost_Target_Only,0.0947594593974825,500
KRR_Target_Only,9.01873307702115,500
NN_Target_Only,1.6895913432462086,500
XGBoost_Pool,0.0952009812728941,500
KRR_Pool,1.538203495261239,500
NN_Pool,2.55419568186046,500
XGBoost_TLCQM,0.0967470398786342,500
KRR_TLCQM,1.6827686908900348,500
NN_TLCQM,0.0977840689005213,500
XGBoost_Target_Only,0.1205173829894267,100
KRR_Target_Only,28.589140905023605,100
NN_Target_Only,19.564410111780507,100
XGBoost_Pool,0.1016758784773703,100
KRR_Pool,1.5926691070435175,100
NN_Pool,5.678179337278966,100
XGBoost_TLCQM,0.1007527246093123,100
KRR_TLCQM,1.7705178140320772,100
NN_TLCQM,0.1004817838639152,100
XGBoost_Target_Only,0.0996944928725306,200
KRR_Target_Only,17.617659847397622,200
NN_Target_Only,24.166440519440744,200
XGBoost_Pool,0.0991752742074269,200
KRR_Pool,1.4853195873947411,200
NN_Pool,3.153900795492897,200
XGBoost_TLCQM,0.0983481130043895,200
KRR_TLCQM,1.6427599859675626,200
NN_TLCQM,0.1579913808548184,200
XGBoost_Target_Only,0.0977329921126961,300
KRR_Target_Only,14.184802796980833,300
NN_Target_Only,6.402775780383569,300
XGBoost_Pool,0.0981174568176183,300
KRR_Pool,1.3889249934757486,300
NN_Pool,3.532004186725961,300
XGBoost_TLCQM,0.0973878695285443,300
KRR_TLCQM,1.533774335642964,300
NN_TLCQM,0.1016024586882706,300
XGBoost_Target_Only,0.0917245151998078,500
KRR_Target_Only,8.608070711424594,500
NN_Target_Only,0.415071219472149,500
XGBoost_Pool,0.093347285731434,500
KRR_Pool,1.3257130959220351,500
NN_Pool,4.313430272532584,500
XGBoost_TLCQM,0.0945777432806692,500
KRR_TLCQM,1.4466808170521996,500
NN_TLCQM,0.1372975442617361,500
XGBoost_Target_Only,0.1254730024332255,100
KRR_Target_Only,27.58798828529628,100
NN_Target_Only,20.752283536046605,100
XGBoost_Pool,0.1002719198593687,100
KRR_Pool,1.6333031507428064,100
NN_Pool,5.528896124304475,100
XGBoost_TLCQM,0.1041916509425603,100
KRR_TLCQM,1.8107043709337916,100
NN_TLCQM,0.1136848624061662,100
XGBoost_Target_Only,0.1155315163918388,200
KRR_Target_Only,18.5976894248231,200
NN_Target_Only,21.74022899495537,200
XGBoost_Pool,0.0982005739943435,200
KRR_Pool,1.6371920907721091,200
NN_Pool,4.256880271906788,200
XGBoost_TLCQM,0.1105013108414669,200
KRR_TLCQM,1.836321938693953,200
NN_TLCQM,0.2087126106788062,200
XGBoost_Target_Only,0.1072803702259678,300
KRR_Target_Only,13.662751086130683,300
NN_Target_Only,6.322940683542781,300
XGBoost_Pool,0.0972179879175855,300
KRR_Pool,1.610462107126898,300
NN_Pool,2.571972455723929,300
XGBoost_TLCQM,0.1062110353769686,300
KRR_TLCQM,1.796189674697252,300
NN_TLCQM,0.1408721855917643,300
XGBoost_Target_Only,0.0969610658427222,500
KRR_Target_Only,9.339311924972556,500
NN_Target_Only,0.4044696855316413,500
XGBoost_Pool,0.0946494939715259,500
KRR_Pool,1.5951054855668465,500
NN_Pool,4.496028955506257,500
XGBoost_TLCQM,0.1076270881668048,500
KRR_TLCQM,1.750996316959945,500
NN_TLCQM,0.1846305093530709,500
XGBoost_Target_Only,0.1196960914558706,100
KRR_Target_Only,31.02655358138839,100
NN_Target_Only,20.41882605861877,100
XGBoost_Pool,0.100538735131844,100
KRR_Pool,1.622272958148483,100
NN_Pool,4.805895581466637,100
XGBoost_TLCQM,0.0996425411749984,100
KRR_TLCQM,1.8230926965888647,100
NN_TLCQM,0.1097754517019989,100
XGBoost_Target_Only,0.1028673824351985,200
KRR_Target_Only,18.021382149768147,200
NN_Target_Only,21.632745637039932,200
XGBoost_Pool,0.1030420286645744,200
KRR_Pool,1.6024410150522297,200
NN_Pool,3.725680259580413,200
XGBoost_TLCQM,0.0991450641690207,200
KRR_TLCQM,1.7832992883434615,200
NN_TLCQM,0.1014427985761038,200
XGBoost_Target_Only,0.0984253386508986,300
KRR_Target_Only,13.045600482186485,300
NN_Target_Only,0.5629045788251292,300
XGBoost_Pool,0.0981272420813316,300
KRR_Pool,1.5942242157019766,300
NN_Pool,3.531084376620699,300
XGBoost_TLCQM,0.0997205647218509,300
KRR_TLCQM,1.762588977807741,300
NN_TLCQM,0.0993395549528255,300
XGBoost_Target_Only,0.0938464972305924,500
KRR_Target_Only,8.70200867436938,500
NN_Target_Only,0.1997290158493138,500
XGBoost_Pool,0.0966030434501007,500
KRR_Pool,1.4659001080921066,500
NN_Pool,3.2980194443609863,500
XGBoost_TLCQM,0.0977371909143992,500
KRR_TLCQM,1.629284338978742,500
NN_TLCQM,0.1017323929145515,500
XGBoost_Target_Only,0.1198534170527446,100
KRR_Target_Only,30.262486745169355,100
NN_Target_Only,21.1198897274138,100
XGBoost_Pool,0.1025918986564281,100
KRR_Pool,1.6401928051738248,100
NN_Pool,5.726280658962785,100
XGBoost_TLCQM,0.1072386407432556,100
KRR_TLCQM,1.8067970875554076,100
NN_TLCQM,0.2210460813394242,100
XGBoost_Target_Only,0.1191380836432624,200
KRR_Target_Only,20.427108786272743,200
NN_Target_Only,20.33703867017782,200
XGBoost_Pool,0.0986647885503167,200
KRR_Pool,1.5906321133665806,200
NN_Pool,3.310666671676627,200
XGBoost_TLCQM,0.1026172235728622,200
KRR_TLCQM,1.7901895755276376,200
NN_TLCQM,0.1045972049492596,200
XGBoost_Target_Only,0.0946818087591016,300
KRR_Target_Only,13.777051988783969,300
NN_Target_Only,6.659581130268188,300
XGBoost_Pool,0.0960785933312603,300
KRR_Pool,1.5448937892137289,300
NN_Pool,4.546410111869726,300
XGBoost_TLCQM,0.0977678653462828,300
KRR_TLCQM,1.7236765540113266,300
NN_TLCQM,0.2655575262484769,300
XGBoost_Target_Only,0.0927479242219818,500
KRR_Target_Only,9.150680193705726,500
NN_Target_Only,6.242552993032867,500
XGBoost_Pool,0.0921558671649452,500
KRR_Pool,1.483129466475328,500
NN_Pool,2.977689731387697,500
XGBoost_TLCQM,0.0941973228017787,500
KRR_TLCQM,1.6576793804680474,500
NN_TLCQM,0.0973950785549611,500
XGBoost_Target_Only,0.1097165903899873,100
KRR_Target_Only,28.22284821868052,100
NN_Target_Only,26.699084192067048,100
XGBoost_Pool,0.1003967193981255,100
KRR_Pool,1.6377157687966677,100
NN_Pool,5.946806188786577,100
XGBoost_TLCQM,0.1003024537107223,100
KRR_TLCQM,1.8591358257737145,100
NN_TLCQM,0.1503459918923667,100
XGBoost_Target_Only,0.1132508189896317,200
KRR_Target_Only,18.00152285808416,200
NN_Target_Only,22.97673386623055,200
XGBoost_Pool,0.0991957856495087,200
KRR_Pool,1.6180411386130753,200
NN_Pool,2.467921230973388,200
XGBoost_TLCQM,0.1037052086827645,200
KRR_TLCQM,1.801880377254963,200
NN_TLCQM,0.1305555863066053,200
XGBoost_Target_Only,0.0981565359391984,300
KRR_Target_Only,13.287203710679051,300
NN_Target_Only,5.101846046679314,300
XGBoost_Pool,0.0961137202670683,300
KRR_Pool,1.5795693536500686,300
NN_Pool,5.9430545738539,300
XGBoost_TLCQM,0.0965495264317642,300
KRR_TLCQM,1.7541601229770951,300
NN_TLCQM,0.097258873428428,300
XGBoost_Target_Only,0.0946897141542416,500
KRR_Target_Only,8.93709090624558,500
NN_Target_Only,0.349854305661178,500
XGBoost_Pool,0.092638877815071,500
KRR_Pool,1.57060176707079,500
NN_Pool,3.4321720818815766,500
XGBoost_TLCQM,0.094802479994712,500
KRR_TLCQM,1.753647337365923,500
NN_TLCQM,0.1319578574634281,500
XGBoost_Target_Only,0.1145042870271166,100
KRR_Target_Only,30.49689045832068,100
NN_Target_Only,21.130604616893493,100
XGBoost_Pool,0.1012185122251405,100
KRR_Pool,1.6072315086929037,100
NN_Pool,5.975413359850872,100
XGBoost_TLCQM,0.1020778404707814,100
KRR_TLCQM,1.8000829205694977,100
NN_TLCQM,0.2097515270071548,100
XGBoost_Target_Only,0.1117865784755987,200
KRR_Target_Only,19.043682062721807,200
NN_Target_Only,23.3626073544561,200
XGBoost_Pool,0.0967353687389292,200
KRR_Pool,1.5533802116098734,200
NN_Pool,3.4834176585599943,200
XGBoost_TLCQM,0.099634138757455,200
KRR_TLCQM,1.7508694776176188,200
NN_TLCQM,0.0976823242377345,200
XGBoost_Target_Only,0.1005005169554501,300
KRR_Target_Only,13.570028617208862,300
NN_Target_Only,0.5033042576649193,300
XGBoost_Pool,0.0983968335882865,300
KRR_Pool,1.5027360772523866,300
NN_Pool,2.684722419357705,300
XGBoost_TLCQM,0.1007055849697994,300
KRR_TLCQM,1.6729340714351362,300
NN_TLCQM,0.1460952391144315,300
XGBoost_Target_Only,0.0951503418075295,500
KRR_Target_Only,9.087175741830674,500
NN_Target_Only,6.531625184793235,500
XGBoost_Pool,0.0968721825375866,500
KRR_Pool,1.517902042228192,500
NN_Pool,4.548707594295106,500
XGBoost_TLCQM,0.0964564825059441,500
KRR_TLCQM,1.675293133486713,500
NN_TLCQM,0.2004202895092314,500
XGBoost_Target_Only,0.1092382750901305,100
KRR_Target_Only,28.77031053560115,100
NN_Target_Only,21.57117213821944,100
XGBoost_Pool,0.1014109806661478,100
KRR_Pool,1.5933527769927385,100
NN_Pool,5.773278570826802,100
XGBoost_TLCQM,0.1001238618815649,100
KRR_TLCQM,1.7641406044397947,100
NN_TLCQM,0.1246098780580254,100
XGBoost_Target_Only,0.10983055560567,200
KRR_Target_Only,18.87390586324098,200
NN_Target_Only,19.84915876357616,200
XGBoost_Pool,0.1011611881346726,200
KRR_Pool,1.5935412698067883,200
NN_Pool,3.303893946698371,200
XGBoost_TLCQM,0.1005612358479035,200
KRR_TLCQM,1.772987825908679,200
NN_TLCQM,0.113389553000223,200
XGBoost_Target_Only,0.1054407790322798,300
KRR_Target_Only,14.241663754373212,300
NN_Target_Only,7.43766363109415,300
XGBoost_Pool,0.0981734727939136,300
KRR_Pool,1.6017986296923823,300
NN_Pool,4.47662635316328,300
XGBoost_TLCQM,0.098801456970707,300
KRR_TLCQM,1.7687374054157452,300
NN_TLCQM,0.16100440629383,300
XGBoost_Target_Only,0.0966795936668111,500
KRR_Target_Only,9.70348581453818,500
NN_Target_Only,0.8623523201810359,500
XGBoost_Pool,0.0964422198919774,500
KRR_Pool,1.598488527767168,500
NN_Pool,3.516234587652812,500
XGBoost_TLCQM,0.0985323983105997,500
KRR_TLCQM,1.762033020357964,500
NN_TLCQM,0.0997373977947386,500
XGBoost_Target_Only,0.1107474296725235,100
KRR_Target_Only,29.0077306607449,100
NN_Target_Only,21.58037366388541,100
XGBoost_Pool,0.1010814729906702,100
KRR_Pool,1.640338399252716,100
NN_Pool,5.821025937348717,100
XGBoost_TLCQM,0.103108457508578,100
KRR_TLCQM,1.835519582404761,100
NN_TLCQM,0.1010995803918101,100
XGBoost_Target_Only,0.1081484867185569,200
KRR_Target_Only,19.174015029406952,200
NN_Target_Only,22.34707192023912,200
XGBoost_Pool,0.1010643098011705,200
KRR_Pool,1.5842951484414325,200
NN_Pool,3.707296735258159,200
XGBoost_TLCQM,0.1021920796305129,200
KRR_TLCQM,1.7614042306837163,200
NN_TLCQM,0.1213579897604686,200
XGBoost_Target_Only,0.1048554698742942,300
KRR_Target_Only,14.581200879156365,300
NN_Target_Only,10.591601582574672,300
XGBoost_Pool,0.0984786881136402,300
KRR_Pool,1.5650122331337777,300
NN_Pool,4.155885637531815,300
XGBoost_TLCQM,0.0969137196664444,300
KRR_TLCQM,1.7279320972030654,300
NN_TLCQM,0.122658358538282,300
XGBoost_Target_Only,0.0939432320629478,500
KRR_Target_Only,9.323978358660574,500
NN_Target_Only,0.4550656564730541,500
XGBoost_Pool,0.0950126428568257,500
KRR_Pool,1.511139643881848,500
NN_Pool,3.1741704084814746,500
XGBoost_TLCQM,0.1017195923943322,500
KRR_TLCQM,1.6898042546251266,500
NN_TLCQM,0.1082351183009328,500
XGBoost_Target_Only,0.1218138410155247,100
KRR_Target_Only,28.697016037913563,100
NN_Target_Only,21.43381261248789,100
XGBoost_Pool,0.1023810337335827,100
KRR_Pool,1.614150632891832,100
NN_Pool,5.247825364739613,100
XGBoost_TLCQM,0.1061382038829297,100
KRR_TLCQM,1.8393660049153564,100
NN_TLCQM,0.1190247156945776,100
XGBoost_Target_Only,0.1161496764055519,200
KRR_Target_Only,20.64899128960923,200
NN_Target_Only,21.25658976474672,200
XGBoost_Pool,0.1002474126815109,200
KRR_Pool,1.599112962409915,200
NN_Pool,3.6147102249596177,200
XGBoost_TLCQM,0.0991419351377924,200
KRR_TLCQM,1.7743581170219864,200
NN_TLCQM,0.1081320031581018,200
XGBoost_Target_Only,0.1020383318763779,300
KRR_Target_Only,15.31858316792844,300
NN_Target_Only,7.394256673273769,300
XGBoost_Pool,0.0985885660527467,300
KRR_Pool,1.5733271607365,300
NN_Pool,4.449722369148498,300
XGBoost_TLCQM,0.099922105741862,300
KRR_TLCQM,1.728969849048781,300
NN_TLCQM,0.1107066092901346,300
XGBoost_Target_Only,0.0981456000476212,500
KRR_Target_Only,8.716973969746151,500
NN_Target_Only,0.6938315293485162,500
XGBoost_Pool,0.0960925037071784,500
KRR_Pool,1.4753585433817151,500
NN_Pool,3.383242583646392,500
XGBoost_TLCQM,0.0952477043747112,500
KRR_TLCQM,1.6176668324179444,500
NN_TLCQM,0.1588478519995374,500
XGBoost_Target_Only,0.1274330889746953,100
KRR_Target_Only,28.159823490385207,100
NN_Target_Only,20.16502547680841,100
XGBoost_Pool,0.102437770717031,100
KRR_Pool,1.609588439389373,100
NN_Pool,5.779714035710133,100
XGBoost_TLCQM,0.1012472824695753,100
KRR_TLCQM,1.8128669642272772,100
NN_TLCQM,0.1103953305960996,100
XGBoost_Target_Only,0.1012985272511453,200
KRR_Target_Only,18.91498969977733,200
NN_Target_Only,19.730588029562952,200
XGBoost_Pool,0.098090488421952,200
KRR_Pool,1.5553331526094314,200
NN_Pool,3.5136431703005253,200
XGBoost_TLCQM,0.0959673625812206,200
KRR_TLCQM,1.737457170274948,200
NN_TLCQM,0.1002159239474462,200
XGBoost_Target_Only,0.1015707996447884,300
KRR_Target_Only,13.134916644508396,300
NN_Target_Only,7.066938262403463,300
XGBoost_Pool,0.0963697012425767,300
KRR_Pool,1.5654880729418943,300
NN_Pool,3.318581509009608,300
XGBoost_TLCQM,0.0945971675675672,300
KRR_TLCQM,1.7552884361100862,300
NN_TLCQM,0.0981928735155833,300
XGBoost_Target_Only,0.0987321243586267,500
KRR_Target_Only,8.276964901927391,500
NN_Target_Only,0.2136208647381483,500
XGBoost_Pool,0.0954365386601514,500
KRR_Pool,1.4640095593999345,500
NN_Pool,3.404144418634422,500
XGBoost_TLCQM,0.0955889932341675,500
KRR_TLCQM,1.6057000738133849,500
NN_TLCQM,0.1091532576891843,500
XGBoost_Target_Only,0.1024115336275817,100
KRR_Target_Only,30.83884463783793,100
NN_Target_Only,29.258490544567454,100
XGBoost_Pool,0.0991509630546194,100
KRR_Pool,1.5981116048096058,100
NN_Pool,5.370572426973642,100
XGBoost_TLCQM,0.10721057869218,100
KRR_TLCQM,1.7664136407112103,100
NN_TLCQM,0.1062164660866267,100
XGBoost_Target_Only,0.0977618032567699,200
KRR_Target_Only,20.32862477560898,200
NN_Target_Only,25.112311017722245,200
XGBoost_Pool,0.0970908342431819,200
KRR_Pool,1.58993929886705,200
NN_Pool,3.474227045674899,200
XGBoost_TLCQM,0.0990889514653051,200
KRR_TLCQM,1.7646379328483852,200
NN_TLCQM,0.104189832780625,200
XGBoost_Target_Only,0.0949146197444226,300
KRR_Target_Only,13.573562517326923,300
NN_Target_Only,13.33696203795585,300
XGBoost_Pool,0.0977011016661328,300
KRR_Pool,1.556137836185624,300
NN_Pool,3.993218238575268,300
XGBoost_TLCQM,0.0990256642639469,300
KRR_TLCQM,1.7084148489535804,300
NN_TLCQM,0.1380390261291802,300
XGBoost_Target_Only,0.0952140297790972,500
KRR_Target_Only,9.631241333442716,500
NN_Target_Only,0.4358079714049254,500
XGBoost_Pool,0.0956223257799343,500
KRR_Pool,1.4847996798464669,500
NN_Pool,3.0022827429794483,500
XGBoost_TLCQM,0.0965334613047061,500
KRR_TLCQM,1.639054127479061,500
NN_TLCQM,0.1020444196692192,500
XGBoost_Target_Only,0.1379691525314365,100
KRR_Target_Only,30.73017108014047,100
NN_Target_Only,22.926049164217453,100
XGBoost_Pool,0.1048664544031827,100
KRR_Pool,1.5746987384138829,100
NN_Pool,5.7497148441529164,100
XGBoost_TLCQM,0.1007108604755691,100
KRR_TLCQM,1.729632679989635,100
NN_TLCQM,0.1162146254171277,100
XGBoost_Target_Only,0.1008353719562579,200
KRR_Target_Only,20.592820805333268,200
NN_Target_Only,25.157302500486743,200
XGBoost_Pool,0.0991045871635388,200
KRR_Pool,1.5350092947738472,200
NN_Pool,3.34561991556482,200
XGBoost_TLCQM,0.0966761370792385,200
KRR_TLCQM,1.7009637811561038,200
NN_TLCQM,0.1148107345085661,200
XGBoost_Target_Only,0.094299657315017,300
KRR_Target_Only,14.03020811634853,300
NN_Target_Only,3.1717919962814185,300
XGBoost_Pool,0.0966158626691169,300
KRR_Pool,1.5131778306742478,300
NN_Pool,4.172036066941336,300
XGBoost_TLCQM,0.0975234044409066,300
KRR_TLCQM,1.6716483171815155,300
NN_TLCQM,0.1118162978451846,300
XGBoost_Target_Only,0.092550244392479,500
KRR_Target_Only,8.578341647318828,500
NN_Target_Only,0.2024329126042084,500
XGBoost_Pool,0.0947116902659277,500
KRR_Pool,1.5044361927525434,500
NN_Pool,3.5263020274383896,500
XGBoost_TLCQM,0.0954199403955259,500
KRR_TLCQM,1.6353355341292255,500
NN_TLCQM,0.1486852399142516,500
XGBoost_Target_Only,0.1054755099752198,100
KRR_Target_Only,29.07531518776221,100
NN_Target_Only,21.659330510320093,100
XGBoost_Pool,0.1007319309048187,100
KRR_Pool,1.640077852381696,100
NN_Pool,5.362949025742692,100
XGBoost_TLCQM,0.0987529627213624,100
KRR_TLCQM,1.804293902235884,100
NN_TLCQM,0.1006685094009385,100
XGBoost_Target_Only,0.1131109889319977,200
KRR_Target_Only,18.904921194363038,200
NN_Target_Only,22.23536631818335,200
XGBoost_Pool,0.0978505616291518,200
KRR_Pool,1.6353225841536922,200
NN_Pool,3.5820855825101527,200
XGBoost_TLCQM,0.0995308830395,200
KRR_TLCQM,1.7943981487569272,200
NN_TLCQM,0.1005916888047865,200
XGBoost_Target_Only,0.1018390226361559,300
KRR_Target_Only,13.28605235615246,300
NN_Target_Only,0.316900132613277,300
XGBoost_Pool,0.0966174426471001,300
KRR_Pool,1.6227878521747972,300
NN_Pool,3.4410659457681607,300
XGBoost_TLCQM,0.1027766647210619,300
KRR_TLCQM,1.7989859155293266,300
NN_TLCQM,0.123662881783039,300
XGBoost_Target_Only,0.1018998123191972,500
KRR_Target_Only,8.953946328743257,500
NN_Target_Only,0.4055223008639534,500
XGBoost_Pool,0.0958631763971637,500
KRR_Pool,1.4576450859710446,500
NN_Pool,3.003706404980881,500
XGBoost_TLCQM,0.0992553361131132,500
KRR_TLCQM,1.618536291067202,500
NN_TLCQM,0.0987035479407122,500
XGBoost_Target_Only,0.1199862009412808,100
KRR_Target_Only,29.619119445023,100
NN_Target_Only,17.17777320041272,100
XGBoost_Pool,0.1017737066405839,100
KRR_Pool,1.612285525519396,100
NN_Pool,5.688734969521908,100
XGBoost_TLCQM,0.1085150205438605,100
KRR_TLCQM,1.8266623633194028,100
NN_TLCQM,0.2775034307653796,100
XGBoost_Target_Only,0.1068871237675379,200
KRR_Target_Only,19.20550728607384,200
NN_Target_Only,18.319905504228277,200
XGBoost_Pool,0.1008600721446978,200
KRR_Pool,1.611266681831638,200
NN_Pool,3.956526799032913,200
XGBoost_TLCQM,0.1004463278104138,200
KRR_TLCQM,1.8152988693431145,200
NN_TLCQM,0.1027148693046994,200
XGBoost_Target_Only,0.0993807625292667,300
KRR_Target_Only,14.186007090446854,300
NN_Target_Only,6.81037121638744,300
XGBoost_Pool,0.0986202296433229,300
KRR_Pool,1.505817640394744,300
NN_Pool,6.0506216097462096,300
XGBoost_TLCQM,0.1007317859421328,300
KRR_TLCQM,1.700621916411022,300
NN_TLCQM,0.1057678989833427,300
XGBoost_Target_Only,0.0973452157119536,500
KRR_Target_Only,9.39672175539324,500
NN_Target_Only,0.298983942827888,500
XGBoost_Pool,0.0965977555915795,500
KRR_Pool,1.5004600122480931,500
NN_Pool,3.3015117749116385,500
XGBoost_TLCQM,0.1023378289862972,500
KRR_TLCQM,1.6704339138758837,500
NN_TLCQM,0.1046014316278837,500
XGBoost_Target_Only,0.1116377498817581,100
KRR_Target_Only,28.882679273417622,100
NN_Target_Only,17.34591446354145,100
XGBoost_Pool,0.1008839254790353,100
KRR_Pool,1.6224129967931202,100
NN_Pool,6.345970856221125,100
XGBoost_TLCQM,0.1070348451392602,100
KRR_TLCQM,1.83649884832793,100
NN_TLCQM,0.1024496627892486,100
XGBoost_Target_Only,0.1037665089054906,200
KRR_Target_Only,20.405844307165843,200
NN_Target_Only,18.502437635693163,200
XGBoost_Pool,0.0999376689893874,200
KRR_Pool,1.6018281043115297,200
NN_Pool,3.6659175430806057,200
XGBoost_TLCQM,0.0995284244779704,200
KRR_TLCQM,1.7542540528381354,200
NN_TLCQM,0.1016174727733459,200
XGBoost_Target_Only,0.0975787538770442,300
KRR_Target_Only,14.306691266159168,300
NN_Target_Only,7.691296177368659,300
XGBoost_Pool,0.0982646829115726,300
KRR_Pool,1.5899313475654118,300
NN_Pool,2.6041873263261266,300
XGBoost_TLCQM,0.1026980711782856,300
KRR_TLCQM,1.7372605514419883,300
NN_TLCQM,0.141762678196631,300
XGBoost_Target_Only,0.0964362803512248,500
KRR_Target_Only,9.224350796246366,500
NN_Target_Only,0.3263379206063811,500
XGBoost_Pool,0.0985854185846418,500
KRR_Pool,1.466884165256246,500
NN_Pool,3.294251383742284,500
XGBoost_TLCQM,0.1032050601711493,500
KRR_TLCQM,1.6067073039890976,500
NN_TLCQM,0.2250662391938478,500
XGBoost_Target_Only,0.1196218864781105,100
KRR_Target_Only,30.23252405342293,100
NN_Target_Only,24.528426782465253,100
XGBoost_Pool,0.0993668366379217,100
KRR_Pool,1.6175235016434633,100
NN_Pool,4.198805794787969,100
XGBoost_TLCQM,0.1126549069893635,100
KRR_TLCQM,1.8318259343173977,100
NN_TLCQM,0.1046943931512193,100
XGBoost_Target_Only,0.1188742108943064,200
KRR_Target_Only,20.03995929739662,200
NN_Target_Only,21.50058147864724,200
XGBoost_Pool,0.1003455534175131,200
KRR_Pool,1.6065319848527848,200
NN_Pool,3.4825783905132037,200
XGBoost_TLCQM,0.1094130366769945,200
KRR_TLCQM,1.7936887928580174,200
NN_TLCQM,0.1045416597617774,200
XGBoost_Target_Only,0.0987714749386046,300
KRR_Target_Only,14.20908542144187,300
NN_Target_Only,0.2991431141366166,300
XGBoost_Pool,0.0983609720270955,300
KRR_Pool,1.5616407359905735,300
NN_Pool,3.3462719767025115,300
XGBoost_TLCQM,0.1056974554170433,300
KRR_TLCQM,1.74911175287436,300
NN_TLCQM,0.1078250619899733,300
XGBoost_Target_Only,0.0974653061146854,500
KRR_Target_Only,9.159705038680606,500
NN_Target_Only,0.7131026843018586,500
XGBoost_Pool,0.096589315082449,500
KRR_Pool,1.5824554706075096,500
NN_Pool,4.252728274810536,500
XGBoost_TLCQM,0.104558756159926,500
KRR_TLCQM,1.7753747389527366,500
NN_TLCQM,0.1052633898140954,500
XGBoost_Target_Only,0.1167338238374768,100
KRR_Target_Only,30.133316139752484,100
NN_Target_Only,21.671541908217577,100
XGBoost_Pool,0.0984065460726469,100
KRR_Pool,1.564623360910582,100
NN_Pool,5.350872947082677,100
XGBoost_TLCQM,0.109367403189639,100
KRR_TLCQM,1.7570621471435102,100
NN_TLCQM,0.1074437133098573,100
XGBoost_Target_Only,0.1065441450046727,200
KRR_Target_Only,20.552031271201265,200
NN_Target_Only,22.66495401285374,200
XGBoost_Pool,0.0999187505850113,200
KRR_Pool,1.482191541133722,200
NN_Pool,3.591939203412546,200
XGBoost_TLCQM,0.1016228976406044,200
KRR_TLCQM,1.6499537583831956,200
NN_TLCQM,0.110327192662673,200
XGBoost_Target_Only,0.0957405124601722,300
KRR_Target_Only,14.391125328337322,300
NN_Target_Only,6.909671427991339,300
XGBoost_Pool,0.0960583753750689,300
KRR_Pool,1.470085121600469,300
NN_Pool,2.8252140641576404,300
XGBoost_TLCQM,0.0955016773373935,300
KRR_TLCQM,1.6344258101791227,300
NN_TLCQM,0.1639515055500802,300
XGBoost_Target_Only,0.0945306247801885,500
KRR_Target_Only,8.63550119463055,500
NN_Target_Only,2.7131273427826352,500
XGBoost_Pool,0.0957124106062036,500
KRR_Pool,1.3484796727789143,500
NN_Pool,2.5851796339192705,500
XGBoost_TLCQM,0.0956446673672385,500
KRR_TLCQM,1.4990938932792912,500
NN_TLCQM,0.1335888007153585,500
XGBoost_Target_Only,0.1069846609385701,100
KRR_Target_Only,29.89688713300628,100
NN_Target_Only,22.409687233268105,100
XGBoost_Pool,0.0988175420275777,100
KRR_Pool,1.6427703982328,100
NN_Pool,3.41280748832568,100
XGBoost_TLCQM,0.1045252713269646,100
KRR_TLCQM,1.8670099025325655,100
NN_TLCQM,0.1045514832386292,100
XGBoost_Target_Only,0.1068999713240108,200
KRR_Target_Only,18.34315553455123,200
NN_Target_Only,20.13761147180044,200
XGBoost_Pool,0.0980467285271646,200
KRR_Pool,1.648133096407674,200
NN_Pool,3.46186541272229,200
XGBoost_TLCQM,0.1002217833100894,200
KRR_TLCQM,1.859781989615331,200
NN_TLCQM,0.1366449769600872,200
XGBoost_Target_Only,0.099829974190905,300
KRR_Target_Only,12.789579186605616,300
NN_Target_Only,0.3435396241080683,300
XGBoost_Pool,0.0999333726484602,300
KRR_Pool,1.6338379322651788,300
NN_Pool,4.636883138702694,300
XGBoost_TLCQM,0.0980595952971509,300
KRR_TLCQM,1.819585134038739,300
NN_TLCQM,0.1301702990741166,300
XGBoost_Target_Only,0.0976612342536482,500
KRR_Target_Only,8.297965541462911,500
NN_Target_Only,0.2125323845384969,500
XGBoost_Pool,0.0972474754369927,500
KRR_Pool,1.6245375155854982,500
NN_Pool,2.830789675829154,500
XGBoost_TLCQM,0.0966854843921309,500
KRR_TLCQM,1.78143342959001,500
NN_TLCQM,0.0982894771473913,500
XGBoost_Target_Only,0.1172091758819042,100
KRR_Target_Only,30.938758689183835,100
NN_Target_Only,26.22182658467339,100
XGBoost_Pool,0.0999952538701442,100
KRR_Pool,1.550644414269225,100
NN_Pool,5.335759462860112,100
XGBoost_TLCQM,0.1190793318702991,100
KRR_TLCQM,1.7727984096608462,100
NN_TLCQM,0.1144972657900558,100
XGBoost_Target_Only,0.103592875172351,200
KRR_Target_Only,18.980633812508863,200
NN_Target_Only,22.02293933828556,200
XGBoost_Pool,0.095671407888642,200
KRR_Pool,1.5533555129626715,200
NN_Pool,4.991056365505484,200
XGBoost_TLCQM,0.1054333466173572,200
KRR_TLCQM,1.7650053736363562,200
NN_TLCQM,0.1100879789612676,200
XGBoost_Target_Only,0.1094172788027148,300
KRR_Target_Only,14.79355338315565,300
NN_Target_Only,6.306236575778925,300
XGBoost_Pool,0.0976584903023877,300
KRR_Pool,1.549720882075148,300
NN_Pool,3.1710240381334067,300
XGBoost_TLCQM,0.1025293147019463,300
KRR_TLCQM,1.7409733446129756,300
NN_TLCQM,0.1185310361961057,300
XGBoost_Target_Only,0.0956664622114056,500
KRR_Target_Only,9.5163324434509,500
NN_Target_Only,0.2489258645356394,500
XGBoost_Pool,0.0945047838437787,500
KRR_Pool,1.489437450238278,500
NN_Pool,3.1329185532642296,500
XGBoost_TLCQM,0.0931964498873159,500
KRR_TLCQM,1.660442994548441,500
NN_TLCQM,0.1007738405962602,500
XGBoost_Target_Only,0.1162098848741084,100
KRR_Target_Only,27.767665429698425,100
NN_Target_Only,18.55586370417182,100
XGBoost_Pool,0.0991220769315932,100
KRR_Pool,1.639781133330989,100
NN_Pool,5.5796262513656085,100
XGBoost_TLCQM,0.104742252193619,100
KRR_TLCQM,1.8342446079561208,100
NN_TLCQM,0.1382408541513193,100
XGBoost_Target_Only,0.102654226681682,200
KRR_Target_Only,19.45908644700287,200
NN_Target_Only,20.52274670657701,200
XGBoost_Pool,0.0994860549327154,200
KRR_Pool,1.6243571292381085,200
NN_Pool,3.506525833532443,200
XGBoost_TLCQM,0.1015987715737985,200
KRR_TLCQM,1.79839773716837,200
NN_TLCQM,0.1594115505324796,200
XGBoost_Target_Only,0.0999304652029841,300
KRR_Target_Only,13.89848141762063,300
NN_Target_Only,0.3882519121533073,300
XGBoost_Pool,0.0973170568585876,300
KRR_Pool,1.630526458241215,300
NN_Pool,5.8667972563981685,300
XGBoost_TLCQM,0.1022440717280476,300
KRR_TLCQM,1.7982977338331765,300
NN_TLCQM,0.1166515879613063,300
XGBoost_Target_Only,0.1418742504072556,100
KRR_Target_Only,30.265087519976472,100
NN_Target_Only,18.12840596891788,100
XGBoost_Pool,0.1002554182097336,100
KRR_Pool,1.6496468940781157,100
NN_Pool,4.064104512587294,100
XGBoost_TLCQM,0.098856120985288,100
KRR_TLCQM,1.8197150684255523,100
NN_TLCQM,0.1143180641329235,100
XGBoost_Target_Only,0.1069719359863857,200
KRR_Target_Only,20.57730217468833,200
NN_Target_Only,21.66541006818297,200
XGBoost_Pool,0.0992987364173429,200
KRR_Pool,1.6285443939051811,200
NN_Pool,3.534237398771236,200
XGBoost_TLCQM,0.0988477866646842,200
KRR_TLCQM,1.8140608625449284,200
NN_TLCQM,0.102508888384087,200
XGBoost_Target_Only,0.1047576552707862,300
KRR_Target_Only,14.32250667997982,300
NN_Target_Only,6.22534958690639,300
XGBoost_Pool,0.0992910730905486,300
KRR_Pool,1.622460322327803,300
NN_Pool,3.093555225709206,300
XGBoost_TLCQM,0.1047413468397781,300
KRR_TLCQM,1.803935045479036,300
NN_TLCQM,0.1071372117266924,300
XGBoost_Target_Only,0.100768208723205,500
KRR_Target_Only,9.256629524063642,500
NN_Target_Only,0.7932059655947226,500
XGBoost_Pool,0.0991687618263575,500
KRR_Pool,1.563330720976179,500
NN_Pool,3.4235010895132727,500
XGBoost_TLCQM,0.0986511953485489,500
KRR_TLCQM,1.7183205276868074,500
NN_TLCQM,0.1722319326237313,500
XGBoost_Target_Only,0.1173794925232081,100
KRR_Target_Only,28.761965409168265,100
NN_Target_Only,22.45258805552316,100
XGBoost_Pool,0.1008142861037965,100
KRR_Pool,1.629698710815084,100
NN_Pool,5.660463265549673,100
XGBoost_TLCQM,0.0978494156067971,100
KRR_TLCQM,1.8035055360887884,100
NN_TLCQM,0.1895760980077928,100
XGBoost_Target_Only,0.1045934263428085,200
KRR_Target_Only,17.923859513049372,200
NN_Target_Only,22.424450993195183,200
XGBoost_Pool,0.0997247877628521,200
KRR_Pool,1.552520117393132,200
NN_Pool,3.2476446238297525,200
XGBoost_TLCQM,0.1015735084138043,200
KRR_TLCQM,1.7046208627537145,200
NN_TLCQM,0.1178389265044281,200
XGBoost_Target_Only,0.1031754496064816,300
KRR_Target_Only,13.947416489319822,300
NN_Target_Only,6.251566563066207,300
XGBoost_Pool,0.0983796304701583,300
KRR_Pool,1.5434881147924673,300
NN_Pool,3.769740234843867,300
XGBoost_TLCQM,0.103432783248188,300
KRR_TLCQM,1.6954311889444946,300
NN_TLCQM,0.1899814300230041,300
XGBoost_Target_Only,0.096046345656093,500
KRR_Target_Only,8.577948226337542,500
NN_Target_Only,0.1658107324619115,500
XGBoost_Pool,0.0958893961629677,500
KRR_Pool,1.5240041865076157,500
NN_Pool,3.500240614874232,500
XGBoost_TLCQM,0.1004551502851702,500
KRR_TLCQM,1.6732640308595856,500
NN_TLCQM,0.1406303229495109,500
XGBoost_Target_Only,0.1189818508203777,100
KRR_Target_Only,28.03943548927664,100
NN_Target_Only,16.953187306657025,100
XGBoost_Pool,0.1002447815192249,100
KRR_Pool,1.6506655519048383,100
NN_Pool,5.640794825184045,100
XGBoost_TLCQM,0.0980471825909367,100
KRR_TLCQM,1.8414769512543545,100
NN_TLCQM,0.0981644359077764,100
XGBoost_Target_Only,0.105980346556398,200
KRR_Target_Only,19.81770749381149,200
NN_Target_Only,21.03579602647967,200
XGBoost_Pool,0.0990654635388605,200
KRR_Pool,1.6380039912227091,200
NN_Pool,3.363037543145836,200
XGBoost_TLCQM,0.0990733109739221,200
KRR_TLCQM,1.7927543834417563,200
NN_TLCQM,0.0990399750036604,200
XGBoost_Target_Only,0.1019908727272037,300
KRR_Target_Only,14.426076581087631,300
NN_Target_Only,1.2891985185148789,300
XGBoost_Pool,0.0979828070132948,300
KRR_Pool,1.587228228072472,300
NN_Pool,6.400226007245021,300
XGBoost_TLCQM,0.1007288360178878,300
KRR_TLCQM,1.748306994320704,300
NN_TLCQM,0.1205624682937246,300
XGBoost_Target_Only,0.0913197556355592,500
KRR_Target_Only,9.153905928630946,500
NN_Target_Only,0.3802729697411899,500
XGBoost_Pool,0.0954397824466002,500
KRR_Pool,1.4951384321902652,500
NN_Pool,4.187191051676396,500
XGBoost_TLCQM,0.1000758197719504,500
KRR_TLCQM,1.6301991318352718,500
NN_TLCQM,0.1025356179717127,500
XGBoost_Target_Only,0.109825045035119,100
KRR_Target_Only,30.114096077250487,100
NN_Target_Only,23.435782387188446,100
XGBoost_Pool,0.0989114658885017,100
KRR_Pool,1.5745307289115409,100
NN_Pool,5.331704792132172,100
XGBoost_TLCQM,0.0973560202273763,100
KRR_TLCQM,1.7392244087409745,100
NN_TLCQM,0.0994749194107458,100
XGBoost_Target_Only,0.0999901780835936,200
KRR_Target_Only,20.311412171342656,200
NN_Target_Only,21.803150162663265,200
XGBoost_Pool,0.1001646376802666,200
KRR_Pool,1.5405380279156775,200
NN_Pool,4.821064305728314,200
XGBoost_TLCQM,0.0970805055806141,200
KRR_TLCQM,1.6914615874945012,200
NN_TLCQM,0.0983394401772442,200
XGBoost_Target_Only,0.0992193517049321,300
KRR_Target_Only,14.793255959856314,300
NN_Target_Only,6.443081658622794,300
XGBoost_Pool,0.098564448387146,300
KRR_Pool,1.5255034456827583,300
NN_Pool,5.730914921569733,300
XGBoost_TLCQM,0.0991266085824977,300
KRR_TLCQM,1.670743114829202,300
NN_TLCQM,0.1060871104989436,300
XGBoost_Target_Only,0.0944082553539037,500
KRR_Target_Only,8.66983507628495,500
NN_Target_Only,0.1971200459255119,500
XGBoost_Pool,0.0967363785434092,500
KRR_Pool,1.448744783521518,500
NN_Pool,2.881035897834856,500
XGBoost_TLCQM,0.0964264876342337,500
KRR_TLCQM,1.5869676827237542,500
NN_TLCQM,0.1031122556300656,500
XGBoost_Target_Only,0.1147756829230671,100
KRR_Target_Only,30.511865223018667,100
NN_Target_Only,23.27453505444702,100
XGBoost_Pool,0.1013929000652131,100
KRR_Pool,1.6180165707662424,100
NN_Pool,3.2427180514816847,100
XGBoost_TLCQM,0.1046532434680434,100
KRR_TLCQM,1.814216223221968,100
NN_TLCQM,0.0985355852390705,100
XGBoost_Target_Only,0.1151893489300116,200
KRR_Target_Only,19.57931236748946,200
NN_Target_Only,22.111984796342483,200
XGBoost_Pool,0.1000033295582225,200
KRR_Pool,1.5634900410892962,200
NN_Pool,3.471708131926687,200
XGBoost_TLCQM,0.1010347933589685,200
KRR_TLCQM,1.7374854338179455,200
NN_TLCQM,0.1124524756046721,200
XGBoost_Target_Only,0.1124160443003274,300
KRR_Target_Only,14.582163537926798,300
NN_Target_Only,6.287087320009759,300
XGBoost_Pool,0.0968080025311531,300
KRR_Pool,1.5400811280657436,300
NN_Pool,6.051984698097543,300
XGBoost_TLCQM,0.1016611917030035,300
KRR_TLCQM,1.7074288469389434,300
NN_TLCQM,0.1014409337294916,300
XGBoost_Target_Only,0.0942886657285938,500
KRR_Target_Only,9.013371475436974,500
NN_Target_Only,0.1987108221874716,500
XGBoost_Pool,0.0964597129376102,500
KRR_Pool,1.456326470785688,500
NN_Pool,3.3677954967498622,500
XGBoost_TLCQM,0.0952560365960261,500
KRR_TLCQM,1.6189037923090297,500
NN_TLCQM,0.1064447955288675,500
XGBoost_Target_Only,0.1138946000370823,100
KRR_Target_Only,28.03899356050035,100
NN_Target_Only,20.17250728512349,100
XGBoost_Pool,0.1033651978627654,100
KRR_Pool,1.636896982723018,100
NN_Pool,5.385787503784037,100
XGBoost_TLCQM,0.1019849690425273,100
KRR_TLCQM,1.815062710336902,100
NN_TLCQM,0.1101357201571889,100
XGBoost_Target_Only,0.1041800219734018,200
KRR_Target_Only,18.58623434749533,200
NN_Target_Only,21.16612825795097,200
XGBoost_Pool,0.0988147121094684,200
KRR_Pool,1.635166094420876,200
NN_Pool,3.531630732975593,200
XGBoost_TLCQM,0.0987169831222196,200
KRR_TLCQM,1.8143000713067805,200
NN_TLCQM,0.1057774064226184,200
XGBoost_Target_Only,0.0951232187614488,300
KRR_Target_Only,13.857122381586723,300
NN_Target_Only,6.286276623147312,300
XGBoost_Pool,0.0987223900122704,300
KRR_Pool,1.527311761335287,300
NN_Pool,3.0681201497830037,300
XGBoost_TLCQM,0.0981535843942738,300
KRR_TLCQM,1.6748547089191272,300
NN_TLCQM,0.1013742336676707,300
XGBoost_Target_Only,0.0948759676334822,500
KRR_Target_Only,8.991683576065794,500
NN_Target_Only,0.1632804705381298,500
XGBoost_Pool,0.0959395551493412,500
KRR_Pool,1.514302937308127,500
NN_Pool,2.9412235167626064,500
XGBoost_TLCQM,0.0977244494181412,500
KRR_TLCQM,1.6899481947302446,500
NN_TLCQM,0.2013936513028446,500
XGBoost_Target_Only,0.1095080776491347,100
KRR_Target_Only,28.479840868891053,100
NN_Target_Only,20.697862509236185,100
XGBoost_Pool,0.1023062358341187,100
KRR_Pool,1.6395988950467972,100
NN_Pool,5.326651851036282,100
XGBoost_TLCQM,0.0992050637310087,100
KRR_TLCQM,1.814527634692953,100
NN_TLCQM,0.107349869143887,100
XGBoost_Target_Only,0.1094686284212479,200
KRR_Target_Only,19.45338379311797,200
NN_Target_Only,22.26502371427966,200
XGBoost_Pool,0.0978788204230783,200
KRR_Pool,1.636528826441929,200
NN_Pool,4.991486462361911,200
XGBoost_TLCQM,0.1035528952066763,200
KRR_TLCQM,1.8491544880439807,200
NN_TLCQM,0.1067241910660053,200
XGBoost_Target_Only,0.1034142271254596,300
KRR_Target_Only,14.200749942131583,300
NN_Target_Only,6.291322744540319,300
XGBoost_Pool,0.0977101513514696,300
KRR_Pool,1.6331411734570598,300
NN_Pool,3.4147929242334296,300
XGBoost_TLCQM,0.0992023108799848,300
KRR_TLCQM,1.827990814390685,300
NN_TLCQM,0.0983557883311569,300
XGBoost_Target_Only,0.0949319975975903,500
KRR_Target_Only,9.104725385383306,500
NN_Target_Only,0.302144081522697,500
XGBoost_Pool,0.0940456463728348,500
KRR_Pool,1.58112617921705,500
NN_Pool,4.216643769967798,500
XGBoost_TLCQM,0.0960369392346408,500
KRR_TLCQM,1.7511779547759947,500
NN_TLCQM,0.1007688715046145,500
XGBoost_Target_Only,0.1057733691523661,100
KRR_Target_Only,30.274861189311025,100
NN_Target_Only,21.62440143035529,100
XGBoost_Pool,0.0996459938360133,100
KRR_Pool,1.579310294056863,100
NN_Pool,5.634027280739077,100
XGBoost_TLCQM,0.1037893201053111,100
KRR_TLCQM,1.7394304594983896,100
NN_TLCQM,0.2194046788988585,100
XGBoost_Target_Only,0.0982778374787311,200
KRR_Target_Only,20.29531747481466,200
NN_Target_Only,20.90637481201913,200
XGBoost_Pool,0.0985824308974428,200
KRR_Pool,1.5814024934593602,200
NN_Pool,3.243636986341928,200
XGBoost_TLCQM,0.1064308207525422,200
KRR_TLCQM,1.7650847155644092,200
NN_TLCQM,0.1381180387053342,200
XGBoost_Target_Only,0.0991041626256553,300
KRR_Target_Only,14.879479151494374,300
NN_Target_Only,0.502454625222091,300
XGBoost_Pool,0.0959417324527819,300
KRR_Pool,1.570639872861907,300
NN_Pool,3.2333986814766056,300
XGBoost_TLCQM,0.1014643391539847,300
KRR_TLCQM,1.7457604053986724,300
NN_TLCQM,0.1123420952661456,300
XGBoost_Target_Only,0.0963353402617418,500
KRR_Target_Only,9.930824032688276,500
NN_Target_Only,0.1865388370773016,500
XGBoost_Pool,0.0959015499867088,500
KRR_Pool,1.5532959291626542,500
NN_Pool,4.195401471736769,500
XGBoost_TLCQM,0.1009345165616879,500
KRR_TLCQM,1.7301879253460282,500
NN_TLCQM,0.1109762157429569,500
XGBoost_Target_Only,0.1101950562229601,100
KRR_Target_Only,28.75446280601157,100
NN_Target_Only,18.35558618535592,100
XGBoost_Pool,0.1006147706794973,100
KRR_Pool,1.6015074501896107,100
NN_Pool,5.865569460861416,100
XGBoost_TLCQM,0.0996243949379576,100
KRR_TLCQM,1.7633871082294372,100
NN_TLCQM,0.1267624205480301,100
XGBoost_Target_Only,0.105815229777865,200
KRR_Target_Only,19.18628839608768,200
NN_Target_Only,20.93921819629991,200
XGBoost_Pool,0.1002989929733999,200
KRR_Pool,1.5924854885967965,200
NN_Pool,3.3391453543245078,200
XGBoost_TLCQM,0.1025656348058052,200
KRR_TLCQM,1.750192665114684,200
NN_TLCQM,0.1225980325951495,200
XGBoost_Target_Only,0.1052950921345718,300
KRR_Target_Only,13.93650582429432,300
NN_Target_Only,8.200505584626274,300
XGBoost_Pool,0.098601393498045,300
KRR_Pool,1.5238606349016903,300
NN_Pool,3.517471767626172,300
XGBoost_TLCQM,0.1015918603506638,300
KRR_TLCQM,1.6829133730455537,300
NN_TLCQM,0.1048405550666787,300
XGBoost_Target_Only,0.0954672376309756,500
KRR_Target_Only,9.558698831309773,500
NN_Target_Only,0.4925973805026223,500
XGBoost_Pool,0.0976388253825239,500
KRR_Pool,1.5078763792561791,500
NN_Pool,4.661768647203226,500
XGBoost_TLCQM,0.0996564153269425,500
KRR_TLCQM,1.6679750020213144,500
NN_TLCQM,0.1259259117855416,500
XGBoost_Target_Only,0.1048763078207047,100
KRR_Target_Only,31.172730452515307,100
NN_Target_Only,20.46361065151039,100
XGBoost_Pool,0.1014473002299995,100
KRR_Pool,1.6274719693603572,100
NN_Pool,5.401756460415362,100
XGBoost_TLCQM,0.1004192598048832,100
KRR_TLCQM,1.8112567541244096,100
NN_TLCQM,0.1420793807687821,100
XGBoost_Target_Only,0.1001390720562007,200
KRR_Target_Only,19.24555529775225,200
NN_Target_Only,22.06488187161076,200
XGBoost_Pool,0.0992767478247252,200
KRR_Pool,1.60541567342179,200
NN_Pool,3.4179583414051096,200
XGBoost_TLCQM,0.1021834920526686,200
KRR_TLCQM,1.7906991679139987,200
NN_TLCQM,0.1160304667102372,200
XGBoost_Target_Only,0.1008817751399261,300
KRR_Target_Only,14.013373037600688,300
NN_Target_Only,1.5786445674293728,300
XGBoost_Pool,0.0981854656548865,300
KRR_Pool,1.6105338245346923,300
NN_Pool,5.986532511372766,300
XGBoost_TLCQM,0.0984063001370937,300
KRR_TLCQM,1.7827675118371693,300
NN_TLCQM,0.103881333973572,300
XGBoost_Target_Only,0.0952627987305335,500
KRR_Target_Only,8.95795032582577,500
NN_Target_Only,0.212824703316813,500
XGBoost_Pool,0.096022966793409,500
KRR_Pool,1.5879591078887334,500
NN_Pool,2.988872472062527,500
XGBoost_TLCQM,0.0979772047717128,500
KRR_TLCQM,1.7427321378864644,500
NN_TLCQM,0.107704582746444,500
XGBoost_Target_Only,0.1222988160781293,100
KRR_Target_Only,29.22052743508996,100
NN_Target_Only,17.444533784390096,100
XGBoost_Pool,0.1028892103431557,100
KRR_Pool,1.60584039255212,100
NN_Pool,6.138195987092568,100
XGBoost_TLCQM,0.1048926938898053,100
KRR_TLCQM,1.7545412098914035,100
NN_TLCQM,0.1108743130990008,100
XGBoost_Target_Only,0.1078692427793656,200
KRR_Target_Only,20.43028437160488,200
NN_Target_Only,20.99048312825161,200
XGBoost_Pool,0.1006502600419405,200
KRR_Pool,1.553500465701125,200
NN_Pool,4.291482572226913,200
XGBoost_TLCQM,0.0988123115689687,200
KRR_TLCQM,1.7345934627104955,200
NN_TLCQM,0.0970190139627643,200
XGBoost_Target_Only,0.1021309856099342,300
KRR_Target_Only,13.793602386092648,300
NN_Target_Only,0.1504970986841559,300
XGBoost_Pool,0.0984137083443199,300
KRR_Pool,1.5503125812125491,300
NN_Pool,2.8899111707237,300
XGBoost_TLCQM,0.0992933105378822,300
KRR_TLCQM,1.721406817577017,300
NN_TLCQM,0.1410382765692014,300
XGBoost_Target_Only,0.0962160241552467,500
KRR_Target_Only,9.01477404535231,500
NN_Target_Only,1.1608186195893475,500
XGBoost_Pool,0.0955454605821615,500
KRR_Pool,1.5061523285168523,500
NN_Pool,3.327403922123395,500
XGBoost_TLCQM,0.0961156282403722,500
KRR_TLCQM,1.6640492787507146,500
NN_TLCQM,0.1235019093962584,500
XGBoost_Target_Only,0.1220405815874641,100
KRR_Target_Only,29.641756428314093,100
NN_Target_Only,20.75100919102377,100
XGBoost_Pool,0.1042718825400964,100
KRR_Pool,1.6369384713242945,100
NN_Pool,6.237581497835795,100
XGBoost_TLCQM,0.1107104516869944,100
KRR_TLCQM,1.8461437502772848,100
NN_TLCQM,0.2748048279416391,100
XGBoost_Target_Only,0.1147149850488884,200
KRR_Target_Only,18.82952197290373,200
NN_Target_Only,22.858013988760373,200
XGBoost_Pool,0.0999424565625337,200
KRR_Pool,1.5535498164155714,200
NN_Pool,3.0255498652693555,200
XGBoost_TLCQM,0.1106975795841455,200
KRR_TLCQM,1.743140807954699,200
NN_TLCQM,0.1662051654446316,200
XGBoost_Target_Only,0.1126433646412425,300
KRR_Target_Only,13.439753489751867,300
NN_Target_Only,0.2324507517457224,300
XGBoost_Pool,0.0998918816963542,300
KRR_Pool,1.5559190364865998,300
NN_Pool,3.377192720581,300
XGBoost_TLCQM,0.1016123769358503,300
KRR_TLCQM,1.70653332382156,300
NN_TLCQM,0.1008977891532219,300
XGBoost_Target_Only,0.094283366604204,500
KRR_Target_Only,8.820383519550905,500
NN_Target_Only,0.2507849861804945,500
XGBoost_Pool,0.0949604597350772,500
KRR_Pool,1.4810339367312058,500
NN_Pool,3.4866265917168757,500
XGBoost_TLCQM,0.0959497067861359,500
KRR_TLCQM,1.6171928111478833,500
NN_TLCQM,0.1258931793722718,500
XGBoost_Target_Only,0.1219962242439701,100
KRR_Target_Only,29.140849774883115,100
NN_Target_Only,23.96210741365212,100
XGBoost_Pool,0.1000625906231436,100
KRR_Pool,1.612892336974868,100
NN_Pool,5.247255730303658,100
XGBoost_TLCQM,0.1037397215309812,100
KRR_TLCQM,1.776683206223967,100
NN_TLCQM,0.3732949472581073,100
XGBoost_Target_Only,0.1023981779666769,200
KRR_Target_Only,18.73836306442707,200
NN_Target_Only,23.259802330602216,200
XGBoost_Pool,0.1006676101932943,200
KRR_Pool,1.6101040272607174,200
NN_Pool,3.4091404034674877,200
XGBoost_TLCQM,0.1037911324409527,200
KRR_TLCQM,1.781530061474678,200
NN_TLCQM,0.1867639180199014,200
XGBoost_Target_Only,0.104116979735629,300
KRR_Target_Only,14.588009477327676,300
NN_Target_Only,6.158425834289236,300
XGBoost_Pool,0.0998675146804901,300
KRR_Pool,1.5473643987894683,300
NN_Pool,4.356944629328454,300
XGBoost_TLCQM,0.103747723693916,300
KRR_TLCQM,1.7283902926444772,300
NN_TLCQM,0.1074289673595981,300
XGBoost_Target_Only,0.0912567036371091,500
KRR_Target_Only,8.969765756709943,500
NN_Target_Only,0.3630428183886226,500
XGBoost_Pool,0.0959291632380782,500
KRR_Pool,1.452401613790537,500
NN_Pool,3.2215943374056657,500
XGBoost_TLCQM,0.1022245318240981,500
KRR_TLCQM,1.6038113274980763,500
NN_TLCQM,0.112394706710209,500
XGBoost_Target_Only,0.1206806674989816,100
KRR_Target_Only,31.038197585259237,100
NN_Target_Only,21.53427188835852,100
XGBoost_Pool,0.1036689048189029,100
KRR_Pool,1.632529940509058,100
NN_Pool,5.4851211734355125,100
XGBoost_TLCQM,0.1101289482673237,100
KRR_TLCQM,1.815376547701582,100
NN_TLCQM,0.1040169424691404,100
XGBoost_Target_Only,0.1139876269723944,200
KRR_Target_Only,19.37150519034373,200
NN_Target_Only,22.197004174297163,200
XGBoost_Pool,0.1026234245235754,200
KRR_Pool,1.5530171280144962,200
NN_Pool,3.174615474081114,200
XGBoost_TLCQM,0.1068122839437162,200
KRR_TLCQM,1.7182234345575933,200
NN_TLCQM,0.1071086150531537,200
XGBoost_Target_Only,0.1138967633223765,300
KRR_Target_Only,14.29560827949811,300
NN_Target_Only,15.235183954075438,300
XGBoost_Pool,0.1005659498427402,300
KRR_Pool,1.4854977733313353,300
NN_Pool,3.3017883416446274,300
XGBoost_TLCQM,0.1049968496612036,300
KRR_TLCQM,1.6385490883075684,300
NN_TLCQM,0.1330844096589395,300
XGBoost_Target_Only,0.0979177265715961,500
KRR_Target_Only,9.505029539799803,500
NN_Target_Only,6.37517530165501,500
XGBoost_Pool,0.0961760363173586,500
KRR_Pool,1.3966727772887102,500
NN_Pool,3.3878818548702365,500
XGBoost_TLCQM,0.1003414047082298,500
KRR_TLCQM,1.5317677183495184,500
NN_TLCQM,0.1259103539945069,500
XGBoost_Target_Only,0.1197169717656589,100
KRR_Target_Only,31.37875260026011,100
NN_Target_Only,23.048047320671664,100
XGBoost_Pool,0.1010173114567474,100
KRR_Pool,1.588859287460866,100
NN_Pool,5.024686431954123,100
XGBoost_TLCQM,0.1006254101229655,100
KRR_TLCQM,1.7624449274991434,100
NN_TLCQM,0.1215137668504893,100
XGBoost_Target_Only,0.1078095382752084,200
KRR_Target_Only,21.75552024935845,200
NN_Target_Only,27.08788078404058,200
XGBoost_Pool,0.0991110867924296,200
KRR_Pool,1.5416077316273258,200
NN_Pool,3.658290949428309,200
XGBoost_TLCQM,0.1027393989273344,200
KRR_TLCQM,1.715563677920938,200
NN_TLCQM,0.114673092333709,200
XGBoost_Target_Only,0.1091403806628253,300
KRR_Target_Only,15.61171090353146,300
NN_Target_Only,2.7805871921926,300
XGBoost_Pool,0.1001193978205552,300
KRR_Pool,1.529767903019581,300
NN_Pool,5.777131918869577,300
XGBoost_TLCQM,0.1014673001200942,300
KRR_TLCQM,1.6987782751757488,300
NN_TLCQM,0.141680218635739,300
XGBoost_Target_Only,0.1097495264585695,100
KRR_Target_Only,29.051016722157662,100
NN_Target_Only,24.45850471264518,100
XGBoost_Pool,0.0991869146208393,100
KRR_Pool,1.5804389504627545,100
NN_Pool,5.518264603317492,100
XGBoost_TLCQM,0.1046183353869433,100
KRR_TLCQM,1.7682857441843274,100
NN_TLCQM,0.1029390599937436,100
XGBoost_Target_Only,0.1015423050315156,200
KRR_Target_Only,19.881611170421,200
NN_Target_Only,21.28280639789192,200
XGBoost_Pool,0.0986328078325315,200
KRR_Pool,1.564909669231389,200
NN_Pool,2.538553414893911,200
XGBoost_TLCQM,0.1023107638676118,200
KRR_TLCQM,1.7341896768991054,200
NN_TLCQM,0.1116755781090501,200
XGBoost_Target_Only,0.1033720784521884,300
KRR_Target_Only,14.23353084290425,300
NN_Target_Only,6.841251834407926,300
XGBoost_Pool,0.0971066649753687,300
KRR_Pool,1.5111744326147396,300
NN_Pool,5.054998623506832,300
XGBoost_TLCQM,0.1017440956257588,300
KRR_TLCQM,1.6819448329501083,300
NN_TLCQM,0.1024404124475025,300
XGBoost_Target_Only,0.0931253042631069,500
KRR_Target_Only,8.95851569893348,500
NN_Target_Only,0.2178350904086992,500
XGBoost_Pool,0.0954021263138826,500
KRR_Pool,1.4542763284903557,500
NN_Pool,3.4098263608243053,500
XGBoost_TLCQM,0.0985408283238052,500
KRR_TLCQM,1.6169643798967022,500
NN_TLCQM,0.1016258191732074,500
XGBoost_Target_Only,0.1156819129466631,100
KRR_Target_Only,31.442532749704533,100
NN_Target_Only,24.36687958772233,100
XGBoost_Pool,0.1024366170711476,100
KRR_Pool,1.5574522165974518,100
NN_Pool,5.23190563708672,100
XGBoost_TLCQM,0.1088017095533853,100
KRR_TLCQM,1.7519271820028606,100
NN_TLCQM,0.1071176195785987,100
XGBoost_Target_Only,0.113215838308944,200
KRR_Target_Only,19.27543975230085,200
NN_Target_Only,23.130451150262783,200
XGBoost_Pool,0.100246889677924,200
KRR_Pool,1.5365816686204663,200
NN_Pool,3.725561337810756,200
XGBoost_TLCQM,0.0988349026660433,200
KRR_TLCQM,1.7018559237803097,200
NN_TLCQM,0.1233983655817881,200
XGBoost_Target_Only,0.1093043034342319,300
KRR_Target_Only,14.45670388317857,300
NN_Target_Only,0.2285965002986517,300
XGBoost_Pool,0.0986172388042512,300
KRR_Pool,1.503623857111624,300
NN_Pool,3.923567416136341,300
XGBoost_TLCQM,0.0998587377711332,300
KRR_TLCQM,1.6618856381049625,300
NN_TLCQM,0.118282423951795,300
XGBoost_Target_Only,0.1046385805758984,500
KRR_Target_Only,9.335678856638197,500
NN_Target_Only,0.1487190383773553,500
XGBoost_Pool,0.0967256058873414,500
KRR_Pool,1.4602283152784872,500
NN_Pool,3.454085056570617,500
XGBoost_TLCQM,0.0964664980683606,500
KRR_TLCQM,1.6012785675347168,500
NN_TLCQM,0.1680357930277987,500
XGBoost_Target_Only,0.1323640915262402,100
KRR_Target_Only,28.53335804324012,100
NN_Target_Only,21.06276694997904,100
XGBoost_Pool,0.1079371852292846,100
KRR_Pool,1.644268432189532,100
NN_Pool,5.447313242163252,100
XGBoost_TLCQM,0.1109089732979969,100
KRR_TLCQM,1.8503595857171888,100
NN_TLCQM,0.1111719351499608,100
XGBoost_Target_Only,0.1084016517133704,200
KRR_Target_Only,18.125207035378747,200
NN_Target_Only,20.756707247134003,200
XGBoost_Pool,0.1003748722541337,200
KRR_Pool,1.5861018226857746,200
NN_Pool,3.3639516396181657,200
XGBoost_TLCQM,0.1083108211404232,200
KRR_TLCQM,1.7763405284796634,200
NN_TLCQM,0.1791052676205075,200
XGBoost_Target_Only,0.1022957057602872,300
KRR_Target_Only,13.01323467604612,300
NN_Target_Only,6.243538132433006,300
XGBoost_Pool,0.1003261385121798,300
KRR_Pool,1.5395231213934728,300
NN_Pool,3.213017569746416,300
XGBoost_TLCQM,0.0986523332222129,300
KRR_TLCQM,1.7110854954886412,300
NN_TLCQM,0.1423565277858807,300
XGBoost_Target_Only,0.0970453633319213,500
KRR_Target_Only,8.482354195480989,500
NN_Target_Only,1.2481666639315705,500
XGBoost_Pool,0.0975889782995341,500
KRR_Pool,1.4993238431914315,500
NN_Pool,3.536973869070217,500
XGBoost_TLCQM,0.0987747160307196,500
KRR_TLCQM,1.6659566173335842,500
NN_TLCQM,0.1005437926663387,500
XGBoost_Target_Only,0.1222247618083485,100
KRR_Target_Only,28.50544602841839,100
NN_Target_Only,22.254877883664616,100
XGBoost_Pool,0.0992851688143232,100
KRR_Pool,1.5784326059098075,100
NN_Pool,6.317972629020479,100
XGBoost_TLCQM,0.1021633502542335,100
KRR_TLCQM,1.7750921481027095,100
NN_TLCQM,0.1032149005686367,100
XGBoost_Target_Only,0.1149308640036361,200
KRR_Target_Only,18.821094277315822,200
NN_Target_Only,19.774662375179496,200
XGBoost_Pool,0.098284763964179,200
KRR_Pool,1.5887921458023322,200
NN_Pool,4.799611513430293,200
XGBoost_TLCQM,0.0985264366256264,200
KRR_TLCQM,1.7556212986703077,200
NN_TLCQM,0.1428476846374883,200
XGBoost_Target_Only,0.1030803868518717,300
KRR_Target_Only,14.541746782295707,300
NN_Target_Only,7.606834992349187,300
XGBoost_Pool,0.0978236679619942,300
KRR_Pool,1.5955891046377608,300
NN_Pool,3.3711879427199976,300
XGBoost_TLCQM,0.0962901038275635,300
KRR_TLCQM,1.7610442222471865,300
NN_TLCQM,0.1032774011189251,300
XGBoost_Target_Only,0.1214063851027817,100
KRR_Target_Only,29.847471918274408,100
NN_Target_Only,23.010696443434597,100
XGBoost_Pool,0.0997751646173333,100
KRR_Pool,1.595430412056447,100
NN_Pool,5.519298849027674,100
XGBoost_TLCQM,0.1018443460297428,100
KRR_TLCQM,1.804249691151482,100
NN_TLCQM,0.0993974977345822,100
XGBoost_Target_Only,0.1112734015608079,200
KRR_Target_Only,19.3205615874379,200
NN_Target_Only,23.051878317054644,200
XGBoost_Pool,0.0990201446192282,200
KRR_Pool,1.541585378800855,200
NN_Pool,3.605467087741992,200
XGBoost_TLCQM,0.0995486012418838,200
KRR_TLCQM,1.7170892685646817,200
NN_TLCQM,0.1247156869562797,200
XGBoost_Target_Only,0.1072416248535764,300
KRR_Target_Only,12.6307089354192,300
NN_Target_Only,6.233286306798309,300
XGBoost_Pool,0.0981023962134068,300
KRR_Pool,1.477536004201549,300
NN_Pool,3.927780069047854,300
XGBoost_TLCQM,0.0977653286999071,300
KRR_TLCQM,1.6375566724527544,300
NN_TLCQM,0.0974991241525611,300
XGBoost_Target_Only,0.0948330852738746,500
KRR_Target_Only,8.652801429585923,500
NN_Target_Only,1.42653227027141,500
XGBoost_Pool,0.0948804076662967,500
KRR_Pool,1.401660796507996,500
NN_Pool,3.3777402013767097,500
XGBoost_TLCQM,0.0975906001972439,500
KRR_TLCQM,1.556925721614869,500
NN_TLCQM,0.0991109401913732,500
XGBoost_Target_Only,0.1148504062107533,100
KRR_Target_Only,30.82622250678359,100
NN_Target_Only,20.37195400829033,100
XGBoost_Pool,0.100536423275076,100
KRR_Pool,1.646992127091108,100
NN_Pool,5.418663435146434,100
XGBoost_TLCQM,0.1071976252485588,100
KRR_TLCQM,1.8257955018459244,100
NN_TLCQM,0.1174922653959201,100
XGBoost_Target_Only,0.1031225410666881,200
KRR_Target_Only,21.13913320092304,200
NN_Target_Only,20.199547217716898,200
XGBoost_Pool,0.0978768507604755,200
KRR_Pool,1.5785042144258128,200
NN_Pool,3.607679517226228,200
XGBoost_TLCQM,0.0981086415154627,200
KRR_TLCQM,1.7484944052742355,200
NN_TLCQM,0.0988390649847722,200
XGBoost_Target_Only,0.0994627388760066,300
KRR_Target_Only,14.309476223891552,300
NN_Target_Only,6.54955177634369,300
XGBoost_Pool,0.099040748278435,300
KRR_Pool,1.5729857475258815,300
NN_Pool,2.786237973328143,300
XGBoost_TLCQM,0.0986134806917076,300
KRR_TLCQM,1.7421038545771883,300
NN_TLCQM,0.1115331614553305,300
XGBoost_Target_Only,0.0982521219811683,500
KRR_Target_Only,9.379804249175429,500
NN_Target_Only,0.4173393012952812,500
XGBoost_Pool,0.0957694846909877,500
KRR_Pool,1.5709239629714469,500
NN_Pool,3.288714101970402,500
XGBoost_TLCQM,0.0968207572641184,500
KRR_TLCQM,1.7154289028651295,500
NN_TLCQM,0.0981009984792771,500
XGBoost_Target_Only,0.1143341047636697,100
KRR_Target_Only,30.2926668207579,100
NN_Target_Only,21.67281238556093,100
XGBoost_Pool,0.1023907038843515,100
KRR_Pool,1.5606440835547006,100
NN_Pool,5.640272663101226,100
XGBoost_TLCQM,0.0990222388654618,100
KRR_TLCQM,1.7269869946092984,100
NN_TLCQM,0.1008443152630522,100
XGBoost_Target_Only,0.100468522664123,200
KRR_Target_Only,21.156189412674365,200
NN_Target_Only,21.10698867556612,200
XGBoost_Pool,0.0977567806666054,200
KRR_Pool,1.5684714324060398,200
NN_Pool,3.279246179412844,200
XGBoost_TLCQM,0.1021614124886322,200
KRR_TLCQM,1.73998451434094,200
NN_TLCQM,0.102694667600884,200
XGBoost_Target_Only,0.0983836379141028,300
KRR_Target_Only,14.141294020127896,300
NN_Target_Only,0.2664911372398929,300
XGBoost_Pool,0.0951294660722805,300
KRR_Pool,1.503589205690202,300
NN_Pool,3.50274627155136,300
XGBoost_TLCQM,0.0973812266426657,300
KRR_TLCQM,1.6685536500852889,300
NN_TLCQM,0.1023596197768437,300
XGBoost_Target_Only,0.0923577444511765,500
KRR_Target_Only,8.494631803278144,500
NN_Target_Only,0.2601131652701934,500
XGBoost_Pool,0.0945059989167792,500
KRR_Pool,1.452982107738778,500
NN_Pool,4.394341000491458,500
XGBoost_TLCQM,0.0955944053393986,500
KRR_TLCQM,1.5827622118259916,500
NN_TLCQM,0.1425345175313039,500
XGBoost_Target_Only,0.1311865716057197,100
KRR_Target_Only,30.09937705538052,100
NN_Target_Only,28.582150489499902,100
XGBoost_Pool,0.1005691893257115,100
KRR_Pool,1.6028383303030815,100
NN_Pool,4.252050035355015,100
XGBoost_TLCQM,0.0995793315411246,100
KRR_TLCQM,1.765751384801587,100
NN_TLCQM,0.1006544685616389,100
XGBoost_Target_Only,0.1126065625225211,200
KRR_Target_Only,18.51665028645813,200
NN_Target_Only,26.154919445530854,200
XGBoost_Pool,0.097906510112528,200
KRR_Pool,1.560896648544893,200
NN_Pool,3.8743121516035406,200
XGBoost_TLCQM,0.1044381942169234,200
KRR_TLCQM,1.7552627707221782,200
NN_TLCQM,0.1022548010616239,200
XGBoost_Target_Only,0.1022391472570623,300
KRR_Target_Only,14.424377615042085,300
NN_Target_Only,0.4499061111667879,300
XGBoost_Pool,0.0974535611817447,300
KRR_Pool,1.5769598091428405,300
NN_Pool,3.1368297079097887,300
XGBoost_TLCQM,0.1034211952793436,300
KRR_TLCQM,1.7534386724306072,300
NN_TLCQM,0.8688739005029124,300
XGBoost_Target_Only,0.0977343940629739,500
KRR_Target_Only,9.66153462382921,500
NN_Target_Only,0.4750098053443384,500
XGBoost_Pool,0.0946917671145493,500
KRR_Pool,1.50056111345366,500
NN_Pool,3.574457028112011,500
XGBoost_TLCQM,0.0952100926395462,500
KRR_TLCQM,1.666806616969747,500
NN_TLCQM,0.1970454659917334,500
XGBoost_Target_Only,0.1235965850738872,100
KRR_Target_Only,29.315334642413973,100
NN_Target_Only,16.567477160843303,100
XGBoost_Pool,0.1023477663039634,100
KRR_Pool,1.6178391176520577,100
NN_Pool,5.834894838093775,100
XGBoost_TLCQM,0.10202004246322,100
KRR_TLCQM,1.7801402880177306,100
NN_TLCQM,0.1011464496392455,100
XGBoost_Target_Only,0.1037737966294225,200
KRR_Target_Only,19.930565287559645,200
NN_Target_Only,21.87534440757133,200
XGBoost_Pool,0.0993173979592445,200
KRR_Pool,1.5626213945695424,200
NN_Pool,3.6156778601967794,200
XGBoost_TLCQM,0.1006198911099664,200
KRR_TLCQM,1.709753725269679,200
NN_TLCQM,0.1122984985373537,200
XGBoost_Target_Only,0.1010140322405824,300
KRR_Target_Only,13.550212339231004,300
NN_Target_Only,6.875422860268308,300
XGBoost_Pool,0.0975035143266924,300
KRR_Pool,1.5441635160295566,300
NN_Pool,4.521167389380633,300
XGBoost_TLCQM,0.0986881929249854,300
KRR_TLCQM,1.6938699105095816,300
NN_TLCQM,0.3111333454139359,300
XGBoost_Target_Only,0.0955727943731926,500
KRR_Target_Only,9.15544211179262,500
NN_Target_Only,0.3735772615862987,500
XGBoost_Pool,0.0957165375781493,500
KRR_Pool,1.4654624569518362,500
NN_Pool,3.311331713505953,500
XGBoost_TLCQM,0.0958800855921169,500
KRR_TLCQM,1.6157582252194005,500
NN_TLCQM,0.1279207355699825,500
XGBoost_Target_Only,0.1216680391859956,100
KRR_Target_Only,28.88518323813225,100
NN_Target_Only,22.230537174061418,100
XGBoost_Pool,0.1017653172538731,100
KRR_Pool,1.6030857344154974,100
NN_Pool,3.2841944218475785,100
XGBoost_TLCQM,0.0994975732028785,100
KRR_TLCQM,1.7647609055278477,100
NN_TLCQM,0.1487612032060833,100
XGBoost_Target_Only,0.1145303005218387,200
KRR_Target_Only,19.65872347134293,200
NN_Target_Only,22.54505221090086,200
XGBoost_Pool,0.0984884427456741,200
KRR_Pool,1.5285270607571948,200
NN_Pool,3.3430497598228914,200
XGBoost_TLCQM,0.0960586588618092,200
KRR_TLCQM,1.7074152473089954,200
NN_TLCQM,0.132261470777941,200
XGBoost_Target_Only,0.0972206137174702,300
KRR_Target_Only,14.706250652225416,300
NN_Target_Only,6.313611823497817,300
XGBoost_Pool,0.097680157791603,300
KRR_Pool,1.520086099456124,300
NN_Pool,3.763943017471424,300
XGBoost_TLCQM,0.0964187358811531,300
KRR_TLCQM,1.6995336850120526,300
NN_TLCQM,0.3020193483920536,300
XGBoost_Target_Only,0.0895420691531364,500
KRR_Target_Only,9.968878380573557,500
NN_Target_Only,0.797769402517338,500
XGBoost_Pool,0.0927477100778176,500
KRR_Pool,1.4060877878480975,500
NN_Pool,4.708469250267429,500
XGBoost_TLCQM,0.0938228954508572,500
KRR_TLCQM,1.5566444766601086,500
NN_TLCQM,0.1047367638972676,500
XGBoost_Target_Only,0.1224453133934783,100
KRR_Target_Only,30.61183602951475,100
NN_Target_Only,15.907152340768931,100
XGBoost_Pool,0.1014402033657577,100
KRR_Pool,1.6351496395584173,100
NN_Pool,5.263325571960523,100
XGBoost_TLCQM,0.1015254020536167,100
KRR_TLCQM,1.814853677790592,100
NN_TLCQM,0.1022719071537868,100
XGBoost_Target_Only,0.1107721522950276,200
KRR_Target_Only,19.787756250286872,200
NN_Target_Only,18.007055079550675,200
XGBoost_Pool,0.0981859191558793,200
KRR_Pool,1.6400254814823605,200
NN_Pool,3.571046714870928,200
XGBoost_TLCQM,0.099928557736581,200
KRR_TLCQM,1.813162907641198,200
NN_TLCQM,0.1342478251848668,200
XGBoost_Target_Only,0.0997294357151832,300
KRR_Target_Only,14.683297597990366,300
NN_Target_Only,7.884918825662783,300
XGBoost_Pool,0.097784965288512,300
KRR_Pool,1.6465817911985177,300
NN_Pool,3.030960413688175,300
XGBoost_TLCQM,0.0967351162519127,300
KRR_TLCQM,1.828107248462654,300
NN_TLCQM,0.1451584450181786,300
XGBoost_Target_Only,0.0999102407038766,500
KRR_Target_Only,9.674297662014396,500
NN_Target_Only,0.1920348237104328,500
XGBoost_Pool,0.0944966632947375,500
KRR_Pool,1.5565240570056758,500
NN_Pool,3.155280428131502,500
XGBoost_TLCQM,0.1036799255934784,500
KRR_TLCQM,1.7255380741548751,500
NN_TLCQM,0.1385469570515446,500
XGBoost_Target_Only,0.1087252032439717,100
KRR_Target_Only,29.003243247016407,100
NN_Target_Only,19.033382110846635,100
XGBoost_Pool,0.1023438433096613,100
KRR_Pool,1.6385800232293846,100
NN_Pool,3.38896078189365,100
XGBoost_TLCQM,0.1070236765933318,100
KRR_TLCQM,1.7954213205806162,100
NN_TLCQM,0.1180397529822327,100
XGBoost_Target_Only,0.1160099440047011,100
KRR_Target_Only,30.70395849067122,100
NN_Target_Only,21.39559018281188,100
XGBoost_Pool,0.1005959076494023,100
KRR_Pool,1.6128152487714242,100
NN_Pool,5.428589724505049,100
XGBoost_TLCQM,0.0985570779155537,100
KRR_TLCQM,1.8254927516973656,100
NN_TLCQM,0.3724020890916662,100
XGBoost_Target_Only,0.1087310790892457,200
KRR_Target_Only,19.702846596922864,200
NN_Target_Only,20.97908108853596,200
XGBoost_Pool,0.0974625716459785,200
KRR_Pool,1.5814137946375413,200
NN_Pool,3.4178406751871195,200
XGBoost_TLCQM,0.0973696467139613,200
KRR_TLCQM,1.7718514803206742,200
NN_TLCQM,0.1500229464469696,200
XGBoost_Target_Only,0.1002774388862156,300
KRR_Target_Only,14.356783563163509,300
NN_Target_Only,6.975740592655296,300
XGBoost_Pool,0.0971596639109237,300
KRR_Pool,1.5873670874368293,300
NN_Pool,4.205162788222485,300
XGBoost_TLCQM,0.0953782480551884,300
KRR_TLCQM,1.7630538318620093,300
NN_TLCQM,0.0991838581732999,300
XGBoost_Target_Only,0.0983722022368214,500
KRR_Target_Only,9.397766129679232,500
NN_Target_Only,0.3381906112108201,500
XGBoost_Pool,0.0926740630266654,500
KRR_Pool,1.437133103806296,500
NN_Pool,3.442539993957461,500
XGBoost_TLCQM,0.0937835967273333,500
KRR_TLCQM,1.5830914529886926,500
NN_TLCQM,0.150307135246192,500
XGBoost_Target_Only,0.1205348355415566,100
KRR_Target_Only,29.12651838081965,100
NN_Target_Only,21.035063199565077,100
XGBoost_Pool,0.1001379830199663,100
KRR_Pool,1.565610476434362,100
NN_Pool,5.655417477502905,100
XGBoost_TLCQM,0.1007852062302107,100
KRR_TLCQM,1.7240206082827296,100
NN_TLCQM,0.1049977224989923,100
XGBoost_Target_Only,0.1076533950070294,200
KRR_Target_Only,19.53136665873346,200
NN_Target_Only,18.946329163665137,200
XGBoost_Pool,0.0986407716367821,200
KRR_Pool,1.5317749898917523,200
NN_Pool,3.12631183410066,200
XGBoost_TLCQM,0.09959870041482,200
KRR_TLCQM,1.6975525415364734,200
NN_TLCQM,0.1285175101530495,200
XGBoost_Target_Only,0.1049367353200716,300
KRR_Target_Only,14.46051042612921,300
NN_Target_Only,6.740197458255498,300
XGBoost_Pool,0.0980618665977313,300
KRR_Pool,1.439023015829328,300
NN_Pool,3.8404383914982607,300
XGBoost_TLCQM,0.0989640688324877,300
KRR_TLCQM,1.5976357158534793,300
NN_TLCQM,0.1865762829858346,300
XGBoost_Target_Only,0.0978930905824441,500
KRR_Target_Only,8.845024061802475,500
NN_Target_Only,0.4880960287093066,500
XGBoost_Pool,0.0964683731220333,500
KRR_Pool,1.432860005287627,500
NN_Pool,3.1484012093010807,500
XGBoost_TLCQM,0.0949475010287148,500
KRR_TLCQM,1.5767147458851372,500
NN_TLCQM,0.0961145674068259,500
XGBoost_Target_Only,0.1116597052496407,100
KRR_Target_Only,29.311938034803497,100
NN_Target_Only,20.94267043455529,100
XGBoost_Pool,0.0983111891138038,100
KRR_Pool,1.6371068379724694,100
NN_Pool,3.2183067678195134,100
XGBoost_TLCQM,0.1026223733605846,100
KRR_TLCQM,1.8401953015168573,100
NN_TLCQM,0.1017378142815765,100
XGBoost_Target_Only,0.1024176039630216,200
KRR_Target_Only,17.84495294840654,200
NN_Target_Only,18.94199585942065,200
XGBoost_Pool,0.0964057554923118,200
KRR_Pool,1.642864766067761,200
NN_Pool,3.326732305777869,200
XGBoost_TLCQM,0.1028658545950412,200
KRR_TLCQM,1.841962370987531,200
NN_TLCQM,0.1024383230755563,200
XGBoost_Target_Only,0.1026189716113336,300
KRR_Target_Only,13.888370845679315,300
NN_Target_Only,7.268990084560864,300
XGBoost_Pool,0.0951509207837077,300
KRR_Pool,1.6153808796895042,300
NN_Pool,4.2657053342357525,300
XGBoost_TLCQM,0.1043955584619338,300
KRR_TLCQM,1.799374685366115,300
NN_TLCQM,0.1340843393652365,300
XGBoost_Target_Only,0.0939627076950947,500
KRR_Target_Only,9.687989938937765,500
NN_Target_Only,7.231517995918016,500
XGBoost_Pool,0.0937869924251406,500
KRR_Pool,1.549262192594356,500
NN_Pool,3.4067852133137424,500
XGBoost_TLCQM,0.0951840878358751,500
KRR_TLCQM,1.7305558825612666,500
NN_TLCQM,0.1001547286254645,500
XGBoost_Target_Only,0.1257785194031539,100
KRR_Target_Only,28.85208137228471,100
NN_Target_Only,23.010394377858344,100
XGBoost_Pool,0.1010527384519652,100
KRR_Pool,1.6005693712301674,100
NN_Pool,3.3694620028190942,100
XGBoost_TLCQM,0.1005559745515174,100
KRR_TLCQM,1.788977183353066,100
NN_TLCQM,0.1028683969865113,100
XGBoost_Target_Only,0.1073347249210037,200
KRR_Target_Only,19.235006050529535,200
NN_Target_Only,21.92239123816353,200
XGBoost_Pool,0.0989592513912446,200
KRR_Pool,1.5906619725393825,200
NN_Pool,3.5682729866032337,200
XGBoost_TLCQM,0.0993432784684921,200
KRR_TLCQM,1.7842467789453815,200
NN_TLCQM,0.0983929586035731,200
XGBoost_Target_Only,0.1109966167464002,300
KRR_Target_Only,13.94104549654404,300
NN_Target_Only,0.3647021915794454,300
XGBoost_Pool,0.0987491412130384,300
KRR_Pool,1.6090554939440287,300
NN_Pool,4.347316830946959,300
XGBoost_TLCQM,0.0981601939641629,300
KRR_TLCQM,1.7964483435256382,300
NN_TLCQM,0.1045630784056296,300
XGBoost_Target_Only,0.0946058220497077,500
KRR_Target_Only,8.705140084871262,500
NN_Target_Only,0.2647619119160467,500
XGBoost_Pool,0.0971633338479576,500
KRR_Pool,1.5431441830187091,500
NN_Pool,3.4768651023817,500
XGBoost_TLCQM,0.098044613523938,500
KRR_TLCQM,1.718002844912711,500
NN_TLCQM,0.1519343590278949,500
XGBoost_Target_Only,0.1195152559123117,100
KRR_Target_Only,28.67968992347298,100
NN_Target_Only,17.587028719702044,100
XGBoost_Pool,0.1003675782843968,100
KRR_Pool,1.6547238990904405,100
NN_Pool,5.886269642454555,100
XGBoost_TLCQM,0.1023862801119248,100
KRR_TLCQM,1.8644428022854291,100
NN_TLCQM,0.1217424300405464,100
XGBoost_Target_Only,0.1138570724715849,200
KRR_Target_Only,20.06290074712488,200
NN_Target_Only,18.67687581712769,200
XGBoost_Pool,0.099274508604427,200
KRR_Pool,1.631951048525082,200
NN_Pool,3.5616881828975404,200
XGBoost_TLCQM,0.1007333812835642,200
KRR_TLCQM,1.795806556966642,200
NN_TLCQM,0.0983019097754522,200
XGBoost_Target_Only,0.1021444885114268,300
KRR_Target_Only,14.36004754804372,300
NN_Target_Only,0.2598631742901908,300
XGBoost_Pool,0.0989196999634495,300
KRR_Pool,1.600411586428328,300
NN_Pool,2.751555063353706,300
XGBoost_TLCQM,0.0955010707676554,300
KRR_TLCQM,1.7755336541172253,300
NN_TLCQM,0.1336634706227892,300
XGBoost_Target_Only,0.0995592066104993,500
KRR_Target_Only,9.238531558626072,500
NN_Target_Only,0.2583296538547545,500
XGBoost_Pool,0.0972809390606113,500
KRR_Pool,1.56369319382947,500
NN_Pool,3.3214917251994307,500
XGBoost_TLCQM,0.0982565805779429,500
KRR_TLCQM,1.7135603879987524,500
NN_TLCQM,0.1225591391465282,500
XGBoost_Target_Only,0.1247957461568103,100
KRR_Target_Only,29.129919541939007,100
NN_Target_Only,22.79953989644577,100
XGBoost_Pool,0.1007111631027314,100
KRR_Pool,1.5499865722102222,100
NN_Pool,5.345511434397706,100
XGBoost_TLCQM,0.1112817758974088,100
KRR_TLCQM,1.7494309902300562,100
NN_TLCQM,0.1084806556450576,100
XGBoost_Target_Only,0.100646074316224,200
KRR_Target_Only,20.26769284052489,200
NN_Target_Only,25.49939947597132,200
XGBoost_Pool,0.0979503454407955,200
KRR_Pool,1.5221188493678337,200
NN_Pool,3.328693503880344,200
XGBoost_TLCQM,0.0995371539187243,200
KRR_TLCQM,1.6727486208075255,200
NN_TLCQM,0.1024324664130724,200
XGBoost_Target_Only,0.0984400659692859,300
KRR_Target_Only,14.842433735657709,300
NN_Target_Only,6.728577595171701,300
XGBoost_Pool,0.0980579234385212,300
KRR_Pool,1.5299556192408652,300
NN_Pool,4.600388696476284,300
XGBoost_TLCQM,0.1040001471072522,300
KRR_TLCQM,1.69038372009317,300
NN_TLCQM,0.1085897680764525,300
XGBoost_Target_Only,0.0924162956305401,500
KRR_Target_Only,9.316163612310568,500
NN_Target_Only,0.1492573442462949,500
XGBoost_Pool,0.0942719341713033,500
KRR_Pool,1.4739279022810114,500
NN_Pool,4.623420550005684,500
XGBoost_TLCQM,0.1007233331120577,500
KRR_TLCQM,1.6543670596016742,500
NN_TLCQM,0.1127298748725529,500
XGBoost_Target_Only,0.114537036977321,100
KRR_Target_Only,29.41680544453719,100
NN_Target_Only,18.80472767919384,100
XGBoost_Pool,0.0989676511540363,100
KRR_Pool,1.619866142584118,100
NN_Pool,5.2578705005794175,100
XGBoost_TLCQM,0.1025753133540738,100
KRR_TLCQM,1.789232866297011,100
NN_TLCQM,0.1474146252418253,100
XGBoost_Target_Only,0.1071653866751367,200
KRR_Target_Only,19.1813433803351,200
NN_Target_Only,18.846418121955622,200
XGBoost_Pool,0.0986014531106908,200
KRR_Pool,1.6034670418306187,200
NN_Pool,4.986208047053958,200
XGBoost_TLCQM,0.097665938648051,200
KRR_TLCQM,1.7837119250499087,200
NN_TLCQM,0.0965788149449734,200
XGBoost_Target_Only,0.1095839958772027,300
KRR_Target_Only,13.504936028291482,300
NN_Target_Only,6.539032774120059,300
XGBoost_Pool,0.0968943425801358,300
KRR_Pool,1.5952102018959402,300
NN_Pool,2.856063045572973,300
XGBoost_TLCQM,0.0964595793527779,300
KRR_TLCQM,1.7511884704125953,300
NN_TLCQM,0.1253184308188573,300
XGBoost_Target_Only,0.0977366821561706,500
KRR_Target_Only,9.297972831487272,500
NN_Target_Only,0.3456823182958041,500
XGBoost_Pool,0.0944429835792326,500
KRR_Pool,1.573451964783138,500
NN_Pool,3.226011265018975,500
XGBoost_TLCQM,0.0941780832800193,500
KRR_TLCQM,1.73769862459644,500
NN_TLCQM,0.1370677085340777,500
XGBoost_Target_Only,0.1151350207003304,100
KRR_Target_Only,29.260284776442845,100
NN_Target_Only,17.626481515646045,100
XGBoost_Pool,0.1004737783713093,100
KRR_Pool,1.5857362841171148,100
NN_Pool,6.219991970747749,100
XGBoost_TLCQM,0.0996224660658643,100
KRR_TLCQM,1.7376652479821135,100
NN_TLCQM,0.1030736225730784,100
XGBoost_Target_Only,0.114599484396084,200
KRR_Target_Only,20.18770065324436,200
NN_Target_Only,17.819490786204888,200
XGBoost_Pool,0.0994523395273886,200
KRR_Pool,1.5912550679543735,200
NN_Pool,4.303540331942424,200
XGBoost_TLCQM,0.0970801753947342,200
KRR_TLCQM,1.7375730957663995,200
NN_TLCQM,0.1124791329388728,200
XGBoost_Target_Only,0.1148356250684381,300
KRR_Target_Only,14.771743841536525,300
NN_Target_Only,6.590820739614335,300
XGBoost_Pool,0.0972241351546353,300
KRR_Pool,1.595659655731625,300
NN_Pool,3.425656067934226,300
XGBoost_TLCQM,0.1060023634665645,300
KRR_TLCQM,1.7437260104544,300
NN_TLCQM,0.1051551452199678,300
XGBoost_Target_Only,0.0935348301989436,500
KRR_Target_Only,10.053969259440512,500
NN_Target_Only,6.855135466526511,500
XGBoost_Pool,0.0963190231303442,500
KRR_Pool,1.52882922106793,500
NN_Pool,3.706516908884896,500
XGBoost_TLCQM,0.097287639191368,500
KRR_TLCQM,1.6469572183752192,500
NN_TLCQM,0.1048790727482112,500
XGBoost_Target_Only,0.1228488466799574,100
KRR_Target_Only,31.02286932459462,100
NN_Target_Only,23.654428301825355,100
XGBoost_Pool,0.1001959602355419,100
KRR_Pool,1.55773752366321,100
NN_Pool,3.390245951780791,100
XGBoost_TLCQM,0.0971954895553831,100
KRR_TLCQM,1.7268680199515265,100
NN_TLCQM,0.0975284216294591,100
XGBoost_Target_Only,0.0999540971496141,200
KRR_Target_Only,21.774983442553665,200
NN_Target_Only,27.78127417256209,200
XGBoost_Pool,0.0985961980247508,200
KRR_Pool,1.5183081561562588,200
NN_Pool,3.39216272166398,200
XGBoost_TLCQM,0.0967913008374351,200
KRR_TLCQM,1.6799960248337615,200
NN_TLCQM,0.1058281103640856,200
XGBoost_Target_Only,0.0971044743999386,300
KRR_Target_Only,15.00245751433001,300
NN_Target_Only,0.4358909235919045,300
XGBoost_Pool,0.0986477213272638,300
KRR_Pool,1.4577321512804668,300
NN_Pool,3.023757325903415,300
XGBoost_TLCQM,0.0966684680593841,300
KRR_TLCQM,1.6039665948283308,300
NN_TLCQM,0.098108292921322,300
XGBoost_Target_Only,0.0966882965247556,500
KRR_Target_Only,8.317810450580103,500
NN_Target_Only,0.2779030335043967,500
XGBoost_Pool,0.0965838655238185,500
KRR_Pool,1.374284532403017,500
NN_Pool,3.418709930774636,500
XGBoost_TLCQM,0.0967776059348549,500
KRR_TLCQM,1.536985188638603,500
NN_TLCQM,0.1412873406618576,500
XGBoost_Target_Only,0.1024650082507415,100
KRR_Target_Only,30.3834962737944,100
NN_Target_Only,23.78636983199008,100
XGBoost_Pool,0.1002543959691173,100
KRR_Pool,1.6076970132639143,100
NN_Pool,3.123575519878911,100
XGBoost_TLCQM,0.1148072146980815,100
KRR_TLCQM,1.8137470503764055,100
NN_TLCQM,0.1505667048005471,100
XGBoost_Target_Only,0.1012989947654109,200
KRR_Target_Only,18.88050488015243,200
NN_Target_Only,24.24704109752085,200
XGBoost_Pool,0.0993239488203337,200
KRR_Pool,1.54155714046528,200
NN_Pool,3.304773527680216,200
XGBoost_TLCQM,0.0974864900265793,200
KRR_TLCQM,1.7244214356667766,200
NN_TLCQM,0.0965878113143439,200
XGBoost_Target_Only,0.0989964425738659,300
KRR_Target_Only,14.621840960849266,300
NN_Target_Only,13.6876588832892,300
XGBoost_Pool,0.097218859811229,300
KRR_Pool,1.5572510462498852,300
NN_Pool,5.694086950798388,300
XGBoost_TLCQM,0.0972583776860158,300
KRR_TLCQM,1.7250764757013497,300
NN_TLCQM,0.102616910975046,300
XGBoost_Target_Only,0.0950062420270821,500
KRR_Target_Only,9.808241854348392,500
NN_Target_Only,0.2746619635126746,500
XGBoost_Pool,0.0949706757131203,500
KRR_Pool,1.469406885793433,500
NN_Pool,3.8031872422339608,500
XGBoost_TLCQM,0.1012224854612446,500
KRR_TLCQM,1.6210243475596118,500
NN_TLCQM,0.1051172596942734,500
XGBoost_Target_Only,0.1583075992612257,100
KRR_Target_Only,30.02075703421348,100
NN_Target_Only,20.993877292477297,100
XGBoost_Pool,0.1016582348281397,100
KRR_Pool,1.577352007733584,100
NN_Pool,5.65694401459211,100
XGBoost_TLCQM,0.1064394084796917,100
KRR_TLCQM,1.761365948601075,100
NN_TLCQM,0.1069262865317396,100
XGBoost_Target_Only,0.1103395597123329,200
KRR_Target_Only,19.018764361264427,200
NN_Target_Only,26.148044458472224,200
XGBoost_Pool,0.1029937112652694,200
KRR_Pool,1.5506859359080951,200
NN_Pool,3.726978025983753,200
XGBoost_TLCQM,0.097268870038495,200
KRR_TLCQM,1.717802393915303,200
NN_TLCQM,0.1313494077896199,200
XGBoost_Target_Only,0.0990125589336669,300
KRR_Target_Only,13.795461618320616,300
NN_Target_Only,6.072309858223202,300
XGBoost_Pool,0.0989196240975438,300
KRR_Pool,1.5311084376801871,300
NN_Pool,3.0815056151407667,300
XGBoost_TLCQM,0.0956166862539185,300
KRR_TLCQM,1.6990230976991358,300
NN_TLCQM,0.1127110217933624,300
XGBoost_Target_Only,0.0959097971290573,500
KRR_Target_Only,8.915309495331378,500
NN_Target_Only,0.5966222183178423,500
XGBoost_Pool,0.0962926841514305,500
KRR_Pool,1.4865962152810257,500
NN_Pool,2.8935293053318984,500
XGBoost_TLCQM,0.094155031409529,500
KRR_TLCQM,1.623455133467328,500
NN_TLCQM,0.1047978366783623,500
XGBoost_Target_Only,0.1205341713779508,100
KRR_Target_Only,30.42884226959051,100
NN_Target_Only,21.81602639073521,100
XGBoost_Pool,0.1018952104703375,100
KRR_Pool,1.638765438933367,100
NN_Pool,5.754746808946182,100
XGBoost_TLCQM,0.109526050355925,100
KRR_TLCQM,1.8253601396249288,100
NN_TLCQM,0.1075682570994524,100
XGBoost_Target_Only,0.0976431470095068,200
KRR_Target_Only,20.70426591784756,200
NN_Target_Only,24.489657524974117,200
XGBoost_Pool,0.1001289237166579,200
KRR_Pool,1.6091324277391874,200
NN_Pool,3.604390064753378,200
XGBoost_TLCQM,0.1058997431358289,200
KRR_TLCQM,1.7907880105983978,200
NN_TLCQM,0.1270065465665555,200
XGBoost_Target_Only,0.096129451544916,300
KRR_Target_Only,14.16102716753365,300
NN_Target_Only,0.4317494084669186,300
XGBoost_Pool,0.0971655814149182,300
KRR_Pool,1.5952323880925212,300
NN_Pool,3.5216002185797577,300
XGBoost_TLCQM,0.106119402670431,300
KRR_TLCQM,1.7873954843904305,300
NN_TLCQM,0.117633126819314,300
XGBoost_Target_Only,0.092468469568511,500
KRR_Target_Only,9.14754701009654,500
NN_Target_Only,0.4211728851492739,500
XGBoost_Pool,0.0938935605250519,500
KRR_Pool,1.5379510660542866,500
NN_Pool,3.5289265983326987,500
XGBoost_TLCQM,0.0926380597852066,500
KRR_TLCQM,1.701345810388157,500
NN_TLCQM,0.1020981650185295,500
XGBoost_Target_Only,0.118521266387684,100
KRR_Target_Only,30.30159875964037,100
NN_Target_Only,23.465956971928712,100
XGBoost_Pool,0.0985440387198734,100
KRR_Pool,1.6064669732113717,100
NN_Pool,6.290965028840403,100
XGBoost_TLCQM,0.107777980865461,100
KRR_TLCQM,1.8160370586182408,100
NN_TLCQM,0.0973045827017568,100
XGBoost_Target_Only,0.1079777229725255,200
KRR_Target_Only,19.747648497979306,200
NN_Target_Only,22.489500655144475,200
XGBoost_Pool,0.0975121064717048,200
KRR_Pool,1.6191888753157435,200
NN_Pool,3.651345537790709,200
XGBoost_TLCQM,0.0980169985977058,200
KRR_TLCQM,1.7910556222749914,200
NN_TLCQM,0.0974572084589919,200
XGBoost_Target_Only,0.0988941366597101,300
KRR_Target_Only,13.569464847015984,300
NN_Target_Only,9.86110155573545,300
XGBoost_Pool,0.0954221456226835,300
KRR_Pool,1.5889428205523088,300
NN_Pool,3.386229740839688,300
XGBoost_TLCQM,0.0983532953390207,300
KRR_TLCQM,1.753867099377267,300
NN_TLCQM,0.1885370233422679,300
XGBoost_Target_Only,0.0958841970212408,500
KRR_Target_Only,7.907535357780132,500
NN_Target_Only,6.729054209377277,500
XGBoost_Pool,0.0960937098229911,500
KRR_Pool,1.5251025474327309,500
NN_Pool,3.822566923317015,500
XGBoost_TLCQM,0.0967055776799166,500
KRR_TLCQM,1.66096982020961,500
NN_TLCQM,0.1073274122543439,500
XGBoost_Target_Only,0.1182306406768041,100
KRR_Target_Only,29.28684426146057,100
NN_Target_Only,20.337392708071228,100
XGBoost_Pool,0.1013283566914361,100
KRR_Pool,1.619162459915057,100
NN_Pool,5.745385338596504,100
XGBoost_TLCQM,0.1013506976008204,100
KRR_TLCQM,1.8205789667853267,100
NN_TLCQM,0.1308174956102463,100
XGBoost_Target_Only,0.110041073385479,200
KRR_Target_Only,19.324374735189377,200
NN_Target_Only,20.06651459386489,200
XGBoost_Pool,0.0992824765124175,200
KRR_Pool,1.6262139407908405,200
NN_Pool,3.3768671363667493,200
XGBoost_TLCQM,0.0983471421322533,200
KRR_TLCQM,1.8054879837606697,200
NN_TLCQM,0.0992002414106574,200
XGBoost_Target_Only,0.1057050660392091,300
KRR_Target_Only,13.204294249692232,300
NN_Target_Only,0.2167785583970265,300
XGBoost_Pool,0.097884168192706,300
KRR_Pool,1.588472397644216,300
NN_Pool,5.896074753380885,300
XGBoost_TLCQM,0.0994856382087835,300
KRR_TLCQM,1.772802692881991,300
NN_TLCQM,0.0970080310964566,300
XGBoost_Target_Only,0.0975322516418034,500
KRR_Target_Only,8.740819841873956,500
NN_Target_Only,1.3942061351061272,500
XGBoost_Pool,0.0967137036867379,500
KRR_Pool,1.4980240979392936,500
NN_Pool,3.60630303863304,500
XGBoost_TLCQM,0.096473522016429,500
KRR_TLCQM,1.6380807964835755,500
NN_TLCQM,0.1216224758212645,500
XGBoost_Target_Only,0.1171320978967907,100
KRR_Target_Only,29.70016132913828,100
NN_Target_Only,19.70291705193312,100
XGBoost_Pool,0.1016441051053392,100
KRR_Pool,1.6482103007688078,100
NN_Pool,5.3390063932653655,100
XGBoost_TLCQM,0.0994352392058451,100
KRR_TLCQM,1.818676698949512,100
NN_TLCQM,0.1386995094092115,100
XGBoost_Target_Only,0.1006802238464429,200
KRR_Target_Only,20.152837072829147,200
NN_Target_Only,20.902292243455783,200
XGBoost_Pool,0.0995976759976543,200
KRR_Pool,1.57484099864989,200
NN_Pool,3.4232028285643388,200
XGBoost_TLCQM,0.102650636219122,200
KRR_TLCQM,1.7555224892274417,200
NN_TLCQM,0.1043505936485812,200
XGBoost_Target_Only,0.0978707628302362,300
KRR_Target_Only,15.042627157433648,300
NN_Target_Only,0.5251451989766192,300
XGBoost_Pool,0.0983536110182669,300
KRR_Pool,1.5352467420680338,300
NN_Pool,3.3306023332089585,300
XGBoost_TLCQM,0.1014460777019041,300
KRR_TLCQM,1.7091645916131273,300
NN_TLCQM,0.1019377861283623,300
XGBoost_Target_Only,0.0939531276741089,500
KRR_Target_Only,9.43338290526853,500
NN_Target_Only,0.2301974747522753,500
XGBoost_Pool,0.0952061596200502,500
KRR_Pool,1.3604299290580109,500
NN_Pool,3.4289449463231536,500
XGBoost_TLCQM,0.100652594745716,500
KRR_TLCQM,1.4914171302766832,500
NN_TLCQM,0.1182432876899824,500
XGBoost_Target_Only,0.116811427870865,100
KRR_Target_Only,28.72353397537527,100
NN_Target_Only,24.902531061111343,100
XGBoost_Pool,0.1021621139560771,100
KRR_Pool,1.5125813350487625,100
NN_Pool,5.728779689170436,100
XGBoost_TLCQM,0.1031767149082555,100
KRR_TLCQM,1.7094943011647032,100
NN_TLCQM,0.1450666076232351,100
XGBoost_Target_Only,0.1034141299487015,200
KRR_Target_Only,18.260038242088243,200
NN_Target_Only,20.66260735838465,200
XGBoost_Pool,0.097725232015983,200
KRR_Pool,1.530433899641242,200
NN_Pool,3.589565622022527,200
XGBoost_TLCQM,0.1004805293206296,200
KRR_TLCQM,1.7087408929567711,200
NN_TLCQM,0.1242944147821114,200
XGBoost_Target_Only,0.0966611399905423,300
KRR_Target_Only,13.717737191543428,300
NN_Target_Only,11.679863189800654,300
XGBoost_Pool,0.0958281611417417,300
KRR_Pool,1.4769296666865026,300
NN_Pool,5.743321471842387,300
XGBoost_TLCQM,0.0956523439826776,300
KRR_TLCQM,1.6417038631613614,300
NN_TLCQM,0.1024334640892803,300
XGBoost_Target_Only,0.0940056453096954,500
KRR_Target_Only,8.916099661275641,500
NN_Target_Only,0.2530423084685728,500
XGBoost_Pool,0.0962078108044604,500
KRR_Pool,1.3612324922449797,500
NN_Pool,3.531827019777201,500
XGBoost_TLCQM,0.0959398416445915,500
KRR_TLCQM,1.508445098149618,500
NN_TLCQM,0.0993865217094882,500
XGBoost_Target_Only,0.1126183127579234,100
KRR_Target_Only,30.76650573551137,100
NN_Target_Only,20.305192688194904,100
XGBoost_Pool,0.1024489380580687,100
KRR_Pool,1.6186549019045602,100
NN_Pool,5.396998325252538,100
XGBoost_TLCQM,0.1001781471639163,100
KRR_TLCQM,1.789232806710234,100
NN_TLCQM,0.0993264617101644,100
XGBoost_Target_Only,0.1065831757619954,200
KRR_Target_Only,19.63459229905227,200
NN_Target_Only,23.5222664409939,200
XGBoost_Pool,0.100112356894344,200
KRR_Pool,1.571462302942403,200
NN_Pool,3.735829044233646,200
XGBoost_TLCQM,0.107374225914704,200
KRR_TLCQM,1.7450701151626975,200
NN_TLCQM,0.108766074927146,200
XGBoost_Target_Only,0.1088369647701156,100
KRR_Target_Only,28.935061112606554,100
NN_Target_Only,24.68765352420584,100
XGBoost_Pool,0.1018018405682546,100
KRR_Pool,1.58265014056608,100
NN_Pool,5.33429662385258,100
XGBoost_TLCQM,0.1001985063197601,100
KRR_TLCQM,1.7473324633011895,100
NN_TLCQM,0.1163172291805025,100
XGBoost_Target_Only,0.0983290059798294,200
KRR_Target_Only,19.43678488023414,200
NN_Target_Only,24.280967251386,200
XGBoost_Pool,0.0986642893386131,200
KRR_Pool,1.5612777232064907,200
NN_Pool,3.2506944797842463,200
XGBoost_TLCQM,0.1023146651815476,200
KRR_TLCQM,1.723583763737642,200
NN_TLCQM,0.1038344285428447,200
XGBoost_Target_Only,0.0945154802660774,300
KRR_Target_Only,13.964260821772369,300
NN_Target_Only,0.3101594948364663,300
XGBoost_Pool,0.0994847398768239,300
KRR_Pool,1.5192556854387544,300
NN_Pool,5.560306406376401,300
XGBoost_TLCQM,0.1010683408044261,300
KRR_TLCQM,1.6754776223314176,300
NN_TLCQM,0.1214849487107761,300
XGBoost_Target_Only,0.0948739317480258,500
KRR_Target_Only,8.652436311386547,500
NN_Target_Only,0.3914769136212869,500
XGBoost_Pool,0.0948277089738902,500
KRR_Pool,1.4142994120707275,500
NN_Pool,3.508653071259418,500
XGBoost_TLCQM,0.0967281431521915,500
KRR_TLCQM,1.5419529064153563,500
NN_TLCQM,0.1004930900040701,500
XGBoost_Target_Only,0.1100616884249579,100
KRR_Target_Only,30.847449933504517,100
NN_Target_Only,22.05076268246707,100
XGBoost_Pool,0.0989005477118497,100
KRR_Pool,1.5719928506786964,100
NN_Pool,3.2799909128037443,100
XGBoost_TLCQM,0.1073588337529355,100
KRR_TLCQM,1.7694192504730772,100
NN_TLCQM,0.124256043174103,100
XGBoost_Target_Only,0.1070193777915863,200
KRR_Target_Only,20.68032649352348,200
NN_Target_Only,21.517456399434607,200
XGBoost_Pool,0.0979913448612357,200
KRR_Pool,1.5622263420198408,200
NN_Pool,3.64984706302098,200
XGBoost_TLCQM,0.1053478277387108,200
KRR_TLCQM,1.7581933018809706,200
NN_TLCQM,0.2877865891879827,200
XGBoost_Target_Only,0.1105875878883641,300
KRR_Target_Only,14.848897715887803,300
NN_Target_Only,7.514224646320478,300
XGBoost_Pool,0.0977946950248682,300
KRR_Pool,1.565047778841143,300
NN_Pool,4.31787807461051,300
XGBoost_TLCQM,0.0984017152320853,300
KRR_TLCQM,1.7424503022066884,300
NN_TLCQM,0.1158680937060253,300
XGBoost_Target_Only,0.0958106469181428,500
KRR_Target_Only,9.176921036532857,500
NN_Target_Only,0.142331289607027,500
XGBoost_Pool,0.09404309648194,500
KRR_Pool,1.522730569891283,500
NN_Pool,3.3164542848963983,500
XGBoost_TLCQM,0.0948967716554558,500
KRR_TLCQM,1.6825377359880995,500
NN_TLCQM,0.1245791346131921,500
XGBoost_Target_Only,0.1139215494768573,100
KRR_Target_Only,30.35925695036244,100
NN_Target_Only,23.96264107174575,100
XGBoost_Pool,0.1007724940113944,100
KRR_Pool,1.5636255338992264,100
NN_Pool,3.4349250288605977,100
XGBoost_TLCQM,0.0999584915151787,100
KRR_TLCQM,1.751667806911089,100
NN_TLCQM,0.1004682059046229,100
XGBoost_Target_Only,0.1078696960306067,200
KRR_Target_Only,19.615053705599536,200
NN_Target_Only,23.95706661040346,200
XGBoost_Pool,0.0991678999987886,200
KRR_Pool,1.509067250723642,200
NN_Pool,3.312380215488123,200
XGBoost_TLCQM,0.0985821184083458,200
KRR_TLCQM,1.672892494254714,200
NN_TLCQM,0.09884298486192,200
XGBoost_Target_Only,0.1014428858074448,300
KRR_Target_Only,13.84539238296975,300
NN_Target_Only,0.2881511659421336,300
XGBoost_Pool,0.1006724665353435,300
KRR_Pool,1.5020642335895662,300
NN_Pool,3.2791249033105125,300
XGBoost_TLCQM,0.0986512060996115,300
KRR_TLCQM,1.6664530526753094,300
NN_TLCQM,0.0983481714735466,300
XGBoost_Target_Only,0.1194710614863847,100
KRR_Target_Only,28.42764819992219,100
NN_Target_Only,24.800936126089574,100
XGBoost_Pool,0.0998406061854843,100
KRR_Pool,1.5869006707138062,100
NN_Pool,5.339607409575267,100
XGBoost_TLCQM,0.1079166126640687,100
KRR_TLCQM,1.7639678366399278,100
NN_TLCQM,0.1045692251831721,100
XGBoost_Target_Only,0.1048159519416508,200
KRR_Target_Only,20.463527022359767,200
NN_Target_Only,22.49052497081746,200
XGBoost_Pool,0.0981292533605294,200
KRR_Pool,1.5385773125585709,200
NN_Pool,3.2474722619543366,200
XGBoost_TLCQM,0.0995897550437284,200
KRR_TLCQM,1.7325501041409452,200
NN_TLCQM,0.148851397964197,200
XGBoost_Target_Only,0.1051526048055645,300
KRR_Target_Only,14.798251186411992,300
NN_Target_Only,8.47894104393477,300
XGBoost_Pool,0.0951313521997353,300
KRR_Pool,1.482299724777714,300
NN_Pool,3.46373272581238,300
XGBoost_TLCQM,0.0961430207861933,300
KRR_TLCQM,1.6587842968960391,300
NN_TLCQM,0.1340214715363326,300
XGBoost_Target_Only,0.0942611108112211,500
KRR_Target_Only,9.030618152645491,500
NN_Target_Only,0.3359318113170307,500
XGBoost_Pool,0.0929270336997773,500
KRR_Pool,1.4835502762886366,500
NN_Pool,2.751948364179328,500
XGBoost_TLCQM,0.0919605603150685,500
KRR_TLCQM,1.6480292393275546,500
NN_TLCQM,0.1095296024611054,500
XGBoost_Target_Only,0.1099037788083772,100
KRR_Target_Only,30.13015416551939,100
NN_Target_Only,23.40272860546975,100
XGBoost_Pool,0.1002227222735638,100
KRR_Pool,1.6329914299372148,100
NN_Pool,5.522687976137395,100
XGBoost_TLCQM,0.1014887587270653,100
KRR_TLCQM,1.8191390264461555,100
NN_TLCQM,0.1063239285128499,100
XGBoost_Target_Only,0.0998361375129742,200
KRR_Target_Only,18.84547606918568,200
NN_Target_Only,23.035011120437456,200
XGBoost_Pool,0.100400316484039,200
KRR_Pool,1.575825987635742,200
NN_Pool,3.4615685295533454,200
XGBoost_TLCQM,0.1034626891194626,200
KRR_TLCQM,1.7424522070184358,200
NN_TLCQM,0.1187518774156539,200
XGBoost_Target_Only,0.0980534354007527,300
KRR_Target_Only,13.597941086122743,300
NN_Target_Only,6.795922289203202,300
XGBoost_Pool,0.0988374301957197,300
KRR_Pool,1.5762054795888358,300
NN_Pool,5.539319062442392,300
XGBoost_TLCQM,0.0982452253757126,300
KRR_TLCQM,1.7582696966682796,300
NN_TLCQM,0.1119556666196277,300
XGBoost_Target_Only,0.1085741086793979,100
KRR_Target_Only,28.626417807335237,100
NN_Target_Only,18.196589883670796,100
XGBoost_Pool,0.0991730019353716,100
KRR_Pool,1.6405990446562388,100
NN_Pool,5.6533975439845765,100
XGBoost_TLCQM,0.1017685530754312,100
KRR_TLCQM,1.8483816108709603,100
NN_TLCQM,0.1181353628996222,100
XGBoost_Target_Only,0.1069205853209623,200
KRR_Target_Only,18.40375867655748,200
NN_Target_Only,20.17743807966003,200
XGBoost_Pool,0.0956540267088241,200
KRR_Pool,1.580465674129462,200
NN_Pool,3.786016410485984,200
XGBoost_TLCQM,0.0980015662250076,200
KRR_TLCQM,1.7776069334794318,200
NN_TLCQM,0.1282661344371118,200
XGBoost_Target_Only,0.0975132456740871,300
KRR_Target_Only,14.296824014504091,300
NN_Target_Only,0.3175840033527369,300
XGBoost_Pool,0.0963515974469059,300
KRR_Pool,1.5675588596774035,300
NN_Pool,5.372217099075885,300
XGBoost_TLCQM,0.0942516700906901,300
KRR_TLCQM,1.7490079338744862,300
NN_TLCQM,0.101937826212982,300
XGBoost_Target_Only,0.092693195954512,500
KRR_Target_Only,9.13613887493856,500
NN_Target_Only,0.2191101012445539,500
XGBoost_Pool,0.0954082061683309,500
KRR_Pool,1.4962011308413463,500
NN_Pool,3.666766169992874,500
XGBoost_TLCQM,0.0940996750293225,500
KRR_TLCQM,1.690818278555026,500
NN_TLCQM,0.1035468455157151,500
XGBoost_Target_Only,0.1150480341900366,100
KRR_Target_Only,30.26373056851567,100
NN_Target_Only,24.030777214678167,100
XGBoost_Pool,0.0998514641494549,100
KRR_Pool,1.60136555449099,100
NN_Pool,5.511718091406409,100
XGBoost_TLCQM,0.1035273925177786,100
KRR_TLCQM,1.769674544762659,100
NN_TLCQM,0.1030118135723815,100
XGBoost_Target_Only,0.1062052457133045,200
KRR_Target_Only,18.705358265382152,200
NN_Target_Only,24.14276133625086,200
XGBoost_Pool,0.0962120938859717,200
KRR_Pool,1.5569980161804051,200
NN_Pool,3.123228160098041,200
XGBoost_TLCQM,0.1024706239565474,200
KRR_TLCQM,1.7592635015286069,200
NN_TLCQM,0.1075348031868082,200
XGBoost_Target_Only,0.0998348637390501,300
KRR_Target_Only,14.7478647545932,300
NN_Target_Only,0.4467934180065305,300
XGBoost_Pool,0.0957333755785432,300
KRR_Pool,1.5009270269921535,300
NN_Pool,5.001198997105012,300
XGBoost_TLCQM,0.1004453790027163,300
KRR_TLCQM,1.6953830844426223,300
NN_TLCQM,0.1070115813633686,300
XGBoost_Target_Only,0.0919542940651084,500
KRR_Target_Only,9.449394453364098,500
NN_Target_Only,0.6651011741257759,500
XGBoost_Pool,0.0909651679513548,500
KRR_Pool,1.498083479441599,500
NN_Pool,3.7567277204550575,500
XGBoost_TLCQM,0.0971318217912012,500
KRR_TLCQM,1.6862998160309062,500
NN_TLCQM,0.102000218398623,500
XGBoost_Target_Only,0.1249427663400581,100
KRR_Target_Only,31.01649209708006,100
NN_Target_Only,23.30089973532033,100
XGBoost_Pool,0.0992695323958474,100
KRR_Pool,1.6188549289209089,100
NN_Pool,6.095591007079292,100
XGBoost_TLCQM,0.1087654893901795,100
KRR_TLCQM,1.809762806940019,100
NN_TLCQM,0.1134390136182705,100
XGBoost_Target_Only,0.1173698769146808,200
KRR_Target_Only,19.97686861200077,200
NN_Target_Only,22.594682970378155,200
XGBoost_Pool,0.0996141944489952,200
KRR_Pool,1.53349968307637,200
NN_Pool,3.0993016131305264,200
XGBoost_TLCQM,0.1011442291423973,200
KRR_TLCQM,1.6900023122091308,200
NN_TLCQM,0.103888715490816,200
XGBoost_Target_Only,0.1102549506528329,300
KRR_Target_Only,14.164299077290789,300
NN_Target_Only,6.232172147995893,300
XGBoost_Pool,0.0982364584098231,300
KRR_Pool,1.519815048276747,300
NN_Pool,3.55016678357569,300
XGBoost_TLCQM,0.0974863296277735,300
KRR_TLCQM,1.6838519710069362,300
NN_TLCQM,0.1442856771208471,300
XGBoost_Target_Only,0.0928052406618817,500
KRR_Target_Only,8.41106866142069,500
NN_Target_Only,0.7165805342726377,500
XGBoost_Pool,0.094432610481303,500
KRR_Pool,1.384628990262084,500
NN_Pool,3.2289845889238777,500
XGBoost_TLCQM,0.0962346615062332,500
KRR_TLCQM,1.521644411065313,500
NN_TLCQM,0.099883787696446,500
XGBoost_Target_Only,0.1172128381149277,100
KRR_Target_Only,30.38449179787746,100
NN_Target_Only,27.931775089640563,100
XGBoost_Pool,0.1034609078922812,100
KRR_Pool,1.5974172984009272,100
NN_Pool,5.404350424659175,100
XGBoost_TLCQM,0.1073237492346509,100
KRR_TLCQM,1.7993432060077543,100
NN_TLCQM,0.1590120108697646,100
XGBoost_Target_Only,0.1213975212338515,100
KRR_Target_Only,32.04751040775226,100
NN_Target_Only,26.50579256864312,100
XGBoost_Pool,0.1002990640578337,100
KRR_Pool,1.5071907060065832,100
NN_Pool,5.496839475646489,100
XGBoost_TLCQM,0.1048988306622669,100
KRR_TLCQM,1.6861403224721516,100
NN_TLCQM,0.3377532730386008,100
XGBoost_Target_Only,0.1101944395401417,200
KRR_Target_Only,20.49287468652947,200
NN_Target_Only,27.370098615140517,200
XGBoost_Pool,0.0979768579830657,200
KRR_Pool,1.4818321495730438,200
NN_Pool,3.2894844234776333,200
XGBoost_TLCQM,0.0970096675625801,200
KRR_TLCQM,1.6362843847689326,200
NN_TLCQM,0.1036017084780988,200
XGBoost_Target_Only,0.0988038208191721,300
KRR_Target_Only,14.188000657192394,300
NN_Target_Only,0.824314486677114,300
XGBoost_Pool,0.0958295618082665,300
KRR_Pool,1.366150412362401,300
NN_Pool,3.364120284243167,300
XGBoost_TLCQM,0.1037730688506624,300
KRR_TLCQM,1.525757696306347,300
NN_TLCQM,0.125016108185937,300
XGBoost_Target_Only,0.0952911189615186,500
KRR_Target_Only,8.59308013973835,500
NN_Target_Only,0.2170128817382559,500
XGBoost_Pool,0.0945819244972936,500
KRR_Pool,1.3109758703318433,500
NN_Pool,3.0094963579099248,500
XGBoost_TLCQM,0.0961401104923627,500
KRR_TLCQM,1.4589254507716505,500
NN_TLCQM,0.099642314979091,500
XGBoost_Target_Only,0.1052122590280602,100
KRR_Target_Only,28.69665440018385,100
NN_Target_Only,20.97199303247848,100
XGBoost_Pool,0.1019747986783919,100
KRR_Pool,1.6115671948367305,100
NN_Pool,4.00275752323815,100
XGBoost_TLCQM,0.099971928501558,100
KRR_TLCQM,1.7491165747070372,100
NN_TLCQM,0.1106861974556688,100
XGBoost_Target_Only,0.1107239897683214,200
KRR_Target_Only,19.3114294104124,200
NN_Target_Only,21.096328328821,200
XGBoost_Pool,0.1016887981464965,200
KRR_Pool,1.5875450962069686,200
NN_Pool,3.865088616280198,200
XGBoost_TLCQM,0.1033044872249978,200
KRR_TLCQM,1.7409809184686509,200
NN_TLCQM,0.1132844263708533,200
XGBoost_Target_Only,0.105831890405106,300
KRR_Target_Only,13.538073371374328,300
NN_Target_Only,0.86583175268862,300
XGBoost_Pool,0.1017715015627265,300
KRR_Pool,1.486249842702389,300
NN_Pool,5.60985430530908,300
XGBoost_TLCQM,0.1016642379060901,300
KRR_TLCQM,1.632272291281256,300
NN_TLCQM,0.1256427057336552,300
XGBoost_Target_Only,0.0980185791625762,500
KRR_Target_Only,8.663321955418697,500
NN_Target_Only,0.1896813547126514,500
XGBoost_Pool,0.0990071054608748,500
KRR_Pool,1.474533830757149,500
NN_Pool,3.6302095049103937,500
XGBoost_TLCQM,0.1017046537294158,500
KRR_TLCQM,1.6160406915336696,500
NN_TLCQM,0.1020793995757896,500
XGBoost_Target_Only,0.1127176038140231,100
KRR_Target_Only,27.78248382860917,100
NN_Target_Only,19.847242833933404,100
XGBoost_Pool,0.0985419687478934,100
KRR_Pool,1.6162568009388032,100
NN_Pool,5.455069892267562,100
XGBoost_TLCQM,0.1040655275828063,100
KRR_TLCQM,1.8263082952437968,100
NN_TLCQM,0.1108520340448601,100
XGBoost_Target_Only,0.0993864882624672,200
KRR_Target_Only,19.072890886894825,200
NN_Target_Only,18.643955327590643,200
XGBoost_Pool,0.0979565731013677,200
KRR_Pool,1.6058075385173376,200
NN_Pool,3.44259989862656,200
XGBoost_TLCQM,0.1040461785839119,200
KRR_TLCQM,1.7918860329296469,200
NN_TLCQM,0.1136717992806827,200
XGBoost_Target_Only,0.0971470226408261,300
KRR_Target_Only,13.663671174190982,300
NN_Target_Only,13.02492019393095,300
XGBoost_Pool,0.0986202662117829,300
KRR_Pool,1.5965657054087614,300
NN_Pool,3.4048656188294,300
XGBoost_TLCQM,0.0978254218497493,300
KRR_TLCQM,1.7768935704453754,300
NN_TLCQM,0.1540599887600718,300
XGBoost_Target_Only,0.0956107308056471,500
KRR_Target_Only,9.279099949315746,500
NN_Target_Only,0.3089408861075887,500
XGBoost_Pool,0.0952564572200291,500
KRR_Pool,1.5351759921427457,500
NN_Pool,4.345094726430557,500
XGBoost_TLCQM,0.0981088291714239,500
KRR_TLCQM,1.7189669927633775,500
NN_TLCQM,0.1120547007470014,500
XGBoost_Target_Only,0.1240727649224787,100
KRR_Target_Only,30.410257683065375,100
NN_Target_Only,20.289895977452154,100
XGBoost_Pool,0.1013812019749101,100
KRR_Pool,1.6510835704459803,100
NN_Pool,5.422401358763692,100
XGBoost_TLCQM,0.103051548115756,100
KRR_TLCQM,1.8116576467447207,100
NN_TLCQM,0.100218287464203,100
XGBoost_Target_Only,0.1062716300909228,200
KRR_Target_Only,18.996196179994733,200
NN_Target_Only,21.053205521234048,200
XGBoost_Pool,0.1004663884940713,200
KRR_Pool,1.6391355942031434,200
NN_Pool,3.216543577948044,200
XGBoost_TLCQM,0.1008506673373052,200
KRR_TLCQM,1.805016997798392,200
NN_TLCQM,0.1277438653396148,200
XGBoost_Target_Only,0.1108590284367089,300
KRR_Target_Only,14.261496882413711,300
NN_Target_Only,8.394044716789647,300
XGBoost_Pool,0.0997203454326613,300
KRR_Pool,1.545227498634531,300
NN_Pool,2.904532947034466,300
XGBoost_TLCQM,0.1044670271163012,300
KRR_TLCQM,1.7005855340103764,300
NN_TLCQM,0.1039919355459005,300
XGBoost_Target_Only,0.0978540813482506,500
KRR_Target_Only,9.65837541501326,500
NN_Target_Only,0.4574971847646884,500
XGBoost_Pool,0.0965381251394577,500
KRR_Pool,1.4782113048382517,500
NN_Pool,4.45162236991692,500
XGBoost_TLCQM,0.0968906099022262,500
KRR_TLCQM,1.633126535466454,500
NN_TLCQM,0.0983245201023267,500
XGBoost_Target_Only,0.1063509837920287,100
KRR_Target_Only,29.98543321230027,100
NN_Target_Only,23.322387961086832,100
XGBoost_Pool,0.1001016864340367,100
KRR_Pool,1.5911706608992109,100
NN_Pool,5.942252474822964,100
XGBoost_TLCQM,0.1021564269232031,100
KRR_TLCQM,1.7700619443942156,100
NN_TLCQM,0.1924893784074344,100
XGBoost_Target_Only,0.1015471287166055,200
KRR_Target_Only,19.110233503881773,200
NN_Target_Only,20.930699911131764,200
XGBoost_Pool,0.0998138586154335,200
KRR_Pool,1.604102748295312,200
NN_Pool,3.380362990429341,200
XGBoost_TLCQM,0.0981894944049924,200
KRR_TLCQM,1.77778600283453,200
NN_TLCQM,0.0998838035926567,200
XGBoost_Target_Only,0.0960134413052764,300
KRR_Target_Only,13.552991220453812,300
NN_Target_Only,0.954046910471708,300
XGBoost_Pool,0.097678016323596,300
KRR_Pool,1.5699277383018448,300
NN_Pool,3.433021030446471,300
XGBoost_TLCQM,0.0974066144566572,300
KRR_TLCQM,1.7167404683145255,300
NN_TLCQM,0.1115273372208684,300
XGBoost_Target_Only,0.0955240365040347,500
KRR_Target_Only,8.91568770127285,500
NN_Target_Only,0.1844766288178343,500
XGBoost_Pool,0.0953718478504014,500
KRR_Pool,1.542904724270215,500
NN_Pool,5.079349272880046,500
XGBoost_TLCQM,0.0956406397089537,500
KRR_TLCQM,1.6959907829314351,500
NN_TLCQM,0.1119276127382833,500
XGBoost_Target_Only,0.1328000315409312,100
KRR_Target_Only,29.39184153702355,100
NN_Target_Only,24.057256897710243,100
XGBoost_Pool,0.0997093870782001,100
KRR_Pool,1.5698626676015586,100
NN_Pool,5.737694408670087,100
XGBoost_TLCQM,0.1025861176214619,100
KRR_TLCQM,1.7715941691322037,100
NN_TLCQM,0.116148941034827,100
XGBoost_Target_Only,0.1033554769101276,200
KRR_Target_Only,19.433258991043203,200
NN_Target_Only,27.143732077018026,200
XGBoost_Pool,0.0970447862098834,200
KRR_Pool,1.5099131129256065,200
NN_Pool,3.2824002109323804,200
XGBoost_TLCQM,0.0969939255482569,200
KRR_TLCQM,1.699816273124346,200
NN_TLCQM,0.1162548079472139,200
XGBoost_Target_Only,0.0999764064976053,300
KRR_Target_Only,15.227476917650026,300
NN_Target_Only,8.98209589533947,300
XGBoost_Pool,0.0967052464285451,300
KRR_Pool,1.5121720859316892,300
NN_Pool,5.896996617111115,300
XGBoost_TLCQM,0.095935633721474,300
KRR_TLCQM,1.6879500323013068,300
NN_TLCQM,0.104480006595791,300
XGBoost_Target_Only,0.0923756778738369,500
KRR_Target_Only,9.317539963588748,500
NN_Target_Only,0.9206676439802404,500
XGBoost_Pool,0.096553057534264,500
KRR_Pool,1.4426316836921314,500
NN_Pool,2.788875599927323,500
XGBoost_TLCQM,0.0968729186735976,500
KRR_TLCQM,1.5878660290366238,500
NN_TLCQM,0.1059104595434033,500
XGBoost_Target_Only,0.1256810162858498,100
KRR_Target_Only,29.994858736063023,100
NN_Target_Only,20.024334073530955,100
XGBoost_Pool,0.1024331584166189,100
KRR_Pool,1.6340253626818078,100
NN_Pool,5.812165790914026,100
XGBoost_TLCQM,0.1026722097343561,100
KRR_TLCQM,1.8480232332980544,100
NN_TLCQM,0.1065814650337327,100
XGBoost_Target_Only,0.1095164548177406,200
KRR_Target_Only,20.02294348012277,200
NN_Target_Only,22.37858387733456,200
XGBoost_Pool,0.0988244976201667,200
KRR_Pool,1.5952461844966528,200
NN_Pool,4.015490437779679,200
XGBoost_TLCQM,0.1021600231271682,200
KRR_TLCQM,1.7795302815611442,200
NN_TLCQM,0.0989925986998747,200
XGBoost_Target_Only,0.1011064240726077,300
KRR_Target_Only,14.61154811744907,300
NN_Target_Only,0.4757304272849103,300
XGBoost_Pool,0.0970856565556003,300
KRR_Pool,1.5348209929000791,300
NN_Pool,2.764226218888897,300
XGBoost_TLCQM,0.0995539538068146,300
KRR_TLCQM,1.716393226986123,300
NN_TLCQM,0.2754669042989369,300
XGBoost_Target_Only,0.0948052532405264,500
KRR_Target_Only,9.665833872642253,500
NN_Target_Only,0.2876951864482962,500
XGBoost_Pool,0.0951064935829267,500
KRR_Pool,1.453129941690767,500
NN_Pool,2.8163120457067885,500
XGBoost_TLCQM,0.0961375376910636,500
KRR_TLCQM,1.611978402682577,500
NN_TLCQM,0.1279323603275461,500
XGBoost_Target_Only,0.117415573705418,100
KRR_Target_Only,29.76828508556184,100
NN_Target_Only,24.674447337054776,100
XGBoost_Pool,0.0981091026654894,100
KRR_Pool,1.5752095690411605,100
NN_Pool,5.702290927369652,100
XGBoost_TLCQM,0.110641415768045,100
KRR_TLCQM,1.78104970678852,100
NN_TLCQM,0.173264944511388,100
XGBoost_Target_Only,0.1061064187281086,200
KRR_Target_Only,20.37482583768067,200
NN_Target_Only,23.371527310413317,200
XGBoost_Pool,0.0987561462304334,200
KRR_Pool,1.571883756109549,200
NN_Pool,3.3343801883217465,200
XGBoost_TLCQM,0.1081819184721201,200
KRR_TLCQM,1.7573404864228466,200
NN_TLCQM,0.1054511687662984,200
XGBoost_Target_Only,0.1001141963965569,300
KRR_Target_Only,15.379182425744816,300
NN_Target_Only,6.83817605799745,300
XGBoost_Pool,0.0985632624143199,300
KRR_Pool,1.5620470530151014,300
NN_Pool,6.10552604178837,300
XGBoost_TLCQM,0.0988754191060741,300
KRR_TLCQM,1.728932568692218,300
NN_TLCQM,0.1052932133509926,300
XGBoost_Target_Only,0.096044875511521,500
KRR_Target_Only,10.198933555495795,500
NN_Target_Only,0.2027613806666746,500
XGBoost_Pool,0.0964087274878136,500
KRR_Pool,1.4425398944965746,500
NN_Pool,3.284390523939352,500
XGBoost_TLCQM,0.0973156430323495,500
KRR_TLCQM,1.5884457202406566,500
NN_TLCQM,0.0997969408674645,500
XGBoost_Target_Only,0.1109693431501343,100
KRR_Target_Only,28.72788755404143,100
NN_Target_Only,18.01539760970801,100
XGBoost_Pool,0.0997493168514256,100
KRR_Pool,1.6350717003403148,100
NN_Pool,3.347898177888134,100
XGBoost_TLCQM,0.1015917687605126,100
KRR_TLCQM,1.81463657430101,100
NN_TLCQM,0.1767332568400983,100
XGBoost_Target_Only,0.1023750741742976,200
KRR_Target_Only,18.76897537062052,200
NN_Target_Only,20.19437436945065,200
XGBoost_Pool,0.0966108065027214,200
KRR_Pool,1.532426733072885,200
NN_Pool,3.638233594959371,200
XGBoost_TLCQM,0.0977259158805229,200
KRR_TLCQM,1.6876163305105096,200
NN_TLCQM,0.1030407280733843,200
XGBoost_Target_Only,0.0996730758074798,300
KRR_Target_Only,14.244717075220114,300
NN_Target_Only,6.952191732061016,300
XGBoost_Pool,0.0964301496257736,300
KRR_Pool,1.544652241262769,300
NN_Pool,6.229327016368605,300
XGBoost_TLCQM,0.0971548265659437,300
KRR_TLCQM,1.706928171801522,300
NN_TLCQM,0.1017483486320085,300
XGBoost_Target_Only,0.1011276963608118,500
KRR_Target_Only,9.252704303436976,500
NN_Target_Only,0.2116852424626876,500
XGBoost_Pool,0.0937354256662542,500
KRR_Pool,1.5001187943335863,500
NN_Pool,3.406870832726513,500
XGBoost_TLCQM,0.094346305345987,500
KRR_TLCQM,1.660482893746075,500
NN_TLCQM,0.0984020586790266,500
XGBoost_Target_Only,0.116185240527336,100
KRR_Target_Only,29.82870955974638,100
NN_Target_Only,24.740634243100963,100
XGBoost_Pool,0.1011575615326763,100
KRR_Pool,1.5173113300486605,100
NN_Pool,3.374346230447567,100
XGBoost_TLCQM,0.0990683030678416,100
KRR_TLCQM,1.6584602180945984,100
NN_TLCQM,0.1394368092864889,100
XGBoost_Target_Only,0.102879183296603,200
KRR_Target_Only,20.881517358101437,200
NN_Target_Only,26.59361153955596,200
XGBoost_Pool,0.1001456109664817,200
KRR_Pool,1.498609555539608,200
NN_Pool,3.55757691211403,200
XGBoost_TLCQM,0.0976865170075015,200
KRR_TLCQM,1.6618115802869595,200
NN_TLCQM,0.0982688971385872,200
XGBoost_Target_Only,0.0993261260029181,300
KRR_Target_Only,15.786587521789237,300
NN_Target_Only,6.163794730640234,300
XGBoost_Pool,0.0979578615756917,300
KRR_Pool,1.482218665263069,300
NN_Pool,3.7647751735914734,300
XGBoost_TLCQM,0.1014412478117843,300
KRR_TLCQM,1.6247282559656966,300
NN_TLCQM,0.1443316493987397,300
XGBoost_Target_Only,0.0961124446191469,500
KRR_Target_Only,9.457354590817973,500
NN_Target_Only,0.3502689461734884,500
XGBoost_Pool,0.0961504650229632,500
KRR_Pool,1.4039203611783333,500
NN_Pool,3.148123536280755,500
XGBoost_TLCQM,0.0973398817707879,500
KRR_TLCQM,1.5273081634351633,500
NN_TLCQM,0.1039882416831925,500
XGBoost_Target_Only,0.1194797186886039,100
KRR_Target_Only,30.24464415074836,100
NN_Target_Only,21.89116690529421,100
XGBoost_Pool,0.1034630787081289,100
KRR_Pool,1.5971567979681105,100
NN_Pool,5.659035072516166,100
XGBoost_TLCQM,0.1079658470923123,100
KRR_TLCQM,1.7898570134282803,100
NN_TLCQM,0.1147868260731689,100
XGBoost_Target_Only,0.1057296889617723,200
KRR_Target_Only,19.366120694343408,200
NN_Target_Only,21.250872572432563,200
XGBoost_Pool,0.1006486640901516,200
KRR_Pool,1.5691231227075506,200
NN_Pool,3.3654642286528325,200
XGBoost_TLCQM,0.1093313011929662,200
KRR_TLCQM,1.7461096443638862,200
NN_TLCQM,0.2089725122438884,200
XGBoost_Target_Only,0.1076130121267056,300
KRR_Target_Only,14.38889769878842,300
NN_Target_Only,7.728966067883794,300
XGBoost_Pool,0.1011582809718612,300
KRR_Pool,1.5451866354992183,300
NN_Pool,6.086748636876143,300
XGBoost_TLCQM,0.1057530209254138,300
KRR_TLCQM,1.6975523087003237,300
NN_TLCQM,0.117951630865659,300
XGBoost_Target_Only,0.0993831324391701,500
KRR_Target_Only,9.29828739464224,500
NN_Target_Only,0.1961424604761438,500
XGBoost_Pool,0.0975646331174723,500
KRR_Pool,1.5234389308829583,500
NN_Pool,3.185680874728728,500
XGBoost_TLCQM,0.1011426465814086,500
KRR_TLCQM,1.6481976931057325,500
NN_TLCQM,0.1111869759545047,500
XGBoost_Target_Only,0.1188909484679003,100
KRR_Target_Only,30.064773750530183,100
NN_Target_Only,19.90637630099795,100
XGBoost_Pool,0.1010297149366084,100
KRR_Pool,1.5867615975475624,100
NN_Pool,5.290767366599351,100
XGBoost_TLCQM,0.1010390786996416,100
KRR_TLCQM,1.7492668326442633,100
NN_TLCQM,0.100833960311233,100
XGBoost_Target_Only,0.0987832418769694,200
KRR_Target_Only,21.26494118527768,200
NN_Target_Only,18.818924277741864,200
XGBoost_Pool,0.0992246376266166,200
KRR_Pool,1.5422133458089924,200
NN_Pool,3.458109583096693,200
XGBoost_TLCQM,0.1029025684317891,200
KRR_TLCQM,1.6920713771449165,200
NN_TLCQM,0.1857429454655627,200
XGBoost_Target_Only,0.0950030017638561,300
KRR_Target_Only,15.233075541842975,300
NN_Target_Only,0.4448423749422385,300
XGBoost_Pool,0.0957711069164898,300
KRR_Pool,1.5204588465518076,300
NN_Pool,3.044883718129431,300
XGBoost_TLCQM,0.0969496016601136,300
KRR_TLCQM,1.680313258529928,300
NN_TLCQM,0.1716392051367345,300
XGBoost_Target_Only,0.1207567727882286,100
KRR_Target_Only,29.70087867576907,100
NN_Target_Only,22.059246951938917,100
XGBoost_Pool,0.1013488654410006,100
KRR_Pool,1.6088479855334703,100
NN_Pool,5.7670566660862965,100
XGBoost_TLCQM,0.1003582232527822,100
KRR_TLCQM,1.7935384556191794,100
NN_TLCQM,0.0996859695069227,100
XGBoost_Target_Only,0.1118589649854834,200
KRR_Target_Only,18.66885935049192,200
NN_Target_Only,20.93556116163056,200
XGBoost_Pool,0.0995982758465463,200
KRR_Pool,1.6173627402468365,200
NN_Pool,3.353041680927835,200
XGBoost_TLCQM,0.1046982669230865,200
KRR_TLCQM,1.814088242793472,200
NN_TLCQM,0.1742691861302364,200
XGBoost_Target_Only,0.0964230618453223,300
KRR_Target_Only,12.59378769233936,300
NN_Target_Only,0.1659552470213874,300
XGBoost_Pool,0.0986980558389937,300
KRR_Pool,1.5851291803275718,300
NN_Pool,3.366355593316242,300
XGBoost_TLCQM,0.1025705612980751,300
KRR_TLCQM,1.7517729176101362,300
NN_TLCQM,0.1116662593544699,300
XGBoost_Target_Only,0.119433445121875,100
KRR_Target_Only,29.888981576497688,100
NN_Target_Only,22.621731081644317,100
XGBoost_Pool,0.1007454462177255,100
KRR_Pool,1.5689342101170838,100
NN_Pool,5.692705089372577,100
XGBoost_TLCQM,0.1017143991956866,100
KRR_TLCQM,1.752269121519502,100
NN_TLCQM,0.152816892526485,100
XGBoost_Target_Only,0.1105462119989225,200
KRR_Target_Only,21.25479133932756,200
NN_Target_Only,21.6335257434139,200
XGBoost_Pool,0.0993985370666771,200
KRR_Pool,1.5253041138716017,200
NN_Pool,3.7769199245064207,200
XGBoost_TLCQM,0.0999605258478547,200
KRR_TLCQM,1.6977786381857516,200
NN_TLCQM,0.1072395304076748,200
XGBoost_Target_Only,0.1019875608393501,300
KRR_Target_Only,15.447147507436217,300
NN_Target_Only,0.3792031812819607,300
XGBoost_Pool,0.1015649884384215,300
KRR_Pool,1.4662213748201542,300
NN_Pool,4.630557457571961,300
XGBoost_TLCQM,0.1009559995026611,300
KRR_TLCQM,1.6016457916608289,300
NN_TLCQM,0.1761558870676801,300
XGBoost_Target_Only,0.0970943597843963,500
KRR_Target_Only,8.416547166834897,500
NN_Target_Only,0.4368308046551472,500
XGBoost_Pool,0.0952412982146879,500
KRR_Pool,1.441194611887513,500
NN_Pool,3.3180599475191914,500
XGBoost_TLCQM,0.0992974312787517,500
KRR_TLCQM,1.5906665428743243,500
NN_TLCQM,0.1304459452534722,500
XGBoost_Target_Only,0.1384381644592104,100
KRR_Target_Only,29.14005788103222,100
NN_Target_Only,23.59256722976225,100
XGBoost_Pool,0.0993941156682626,100
KRR_Pool,1.6061582722880756,100
NN_Pool,5.545976899946959,100
XGBoost_TLCQM,0.1030650427525721,100
KRR_TLCQM,1.7563019370941928,100
NN_TLCQM,0.2296011346472308,100
XGBoost_Target_Only,0.1089786203140901,200
KRR_Target_Only,20.488706359649864,200
NN_Target_Only,22.041133282596373,200
XGBoost_Pool,0.101319623584065,200
KRR_Pool,1.5845835546423483,200
NN_Pool,3.312963706873598,200
XGBoost_TLCQM,0.1016477484771086,200
KRR_TLCQM,1.7692624754509532,200
NN_TLCQM,0.1077367774914622,200
XGBoost_Target_Only,0.1006483476751513,300
KRR_Target_Only,14.476902664215316,300
NN_Target_Only,6.255150678278204,300
XGBoost_Pool,0.1004049854327085,300
KRR_Pool,1.5548503600474126,300
NN_Pool,3.828936383956801,300
XGBoost_TLCQM,0.1003027356019311,300
KRR_TLCQM,1.7142584706829056,300
NN_TLCQM,0.1111951470823284,300
XGBoost_Target_Only,0.1003577146443274,500
KRR_Target_Only,9.129112705020011,500
NN_Target_Only,0.5021860478170883,500
XGBoost_Pool,0.0979895253338642,500
KRR_Pool,1.488241735414224,500
NN_Pool,4.13793023539546,500
XGBoost_TLCQM,0.0953520338867369,500
KRR_TLCQM,1.647889312003819,500
NN_TLCQM,0.156106312902665,500
XGBoost_Target_Only,0.117951254228169,100
KRR_Target_Only,29.981989806263734,100
NN_Target_Only,17.382049307079672,100
XGBoost_Pool,0.1004138567263107,100
KRR_Pool,1.6317573337523168,100
NN_Pool,3.400225429817509,100
XGBoost_TLCQM,0.1055784182665541,100
KRR_TLCQM,1.8605751850251784,100
NN_TLCQM,0.111071165559853,100
XGBoost_Target_Only,0.0985717724321564,200
KRR_Target_Only,19.518936081814424,200
NN_Target_Only,17.982699806633338,200
XGBoost_Pool,0.0971619877543899,200
KRR_Pool,1.5477448499397255,200
NN_Pool,4.758233089485517,200
XGBoost_TLCQM,0.1007760660611614,200
KRR_TLCQM,1.7554246354583958,200
NN_TLCQM,0.1116627312893798,200
XGBoost_Target_Only,0.0956687363287518,300
KRR_Target_Only,14.399598556191004,300
NN_Target_Only,6.411807219701953,300
XGBoost_Pool,0.0957577632090255,300
KRR_Pool,1.5138088015768052,300
NN_Pool,5.98798505867528,300
XGBoost_TLCQM,0.096924805443599,300
KRR_TLCQM,1.7090697687774363,300
NN_TLCQM,0.1131142516404004,300
XGBoost_Target_Only,0.0931282907453244,500
KRR_Target_Only,9.301609046822392,500
NN_Target_Only,0.2286051496169215,500
XGBoost_Pool,0.0942802236353079,500
KRR_Pool,1.5082854323520063,500
NN_Pool,3.299348763652597,500
XGBoost_TLCQM,0.0961605822832683,500
KRR_TLCQM,1.7008270773713037,500
NN_TLCQM,0.4712692989696109,500
XGBoost_Target_Only,0.1169372406908675,100
KRR_Target_Only,29.57908140302494,100
NN_Target_Only,20.91870762846304,100
XGBoost_Pool,0.0971627316068756,100
KRR_Pool,1.6254636888902194,100
NN_Pool,5.489023593560966,100
XGBoost_TLCQM,0.1094691750171114,100
KRR_TLCQM,1.815798405876046,100
NN_TLCQM,0.1186624690850134,100
XGBoost_Target_Only,0.1096841194518515,200
KRR_Target_Only,18.94692296781008,200
NN_Target_Only,18.415432943730707,200
XGBoost_Pool,0.0956781865870253,200
KRR_Pool,1.5779048601071293,200
NN_Pool,3.270989979059816,200
XGBoost_TLCQM,0.0980457931717166,200
KRR_TLCQM,1.7552168086161104,200
NN_TLCQM,0.1213182229864039,200
XGBoost_Target_Only,0.0997413399521953,300
KRR_Target_Only,14.239654301528212,300
NN_Target_Only,0.7028060846600573,300
XGBoost_Pool,0.0960335591835739,300
KRR_Pool,1.488220579733347,300
NN_Pool,5.90695577563012,300
XGBoost_TLCQM,0.101807126167737,300
KRR_TLCQM,1.6503591141337657,300
NN_TLCQM,0.1593618549734081,300
XGBoost_Target_Only,0.0953855431471395,500
KRR_Target_Only,9.167004243327284,500
NN_Target_Only,0.2550048197921138,500
XGBoost_Pool,0.0945257132679596,500
KRR_Pool,1.4357508066771092,500
NN_Pool,4.88685569118666,500
XGBoost_TLCQM,0.0964249763108582,500
KRR_TLCQM,1.582761164318551,500
NN_TLCQM,0.100752873267061,500
XGBoost_Target_Only,0.12799086699366,100
KRR_Target_Only,29.218677959885024,100
NN_Target_Only,18.43543902484665,100
XGBoost_Pool,0.099662246352711,100
KRR_Pool,1.5965411478760396,100
NN_Pool,5.622815201182047,100
XGBoost_TLCQM,0.1095628646795525,100
KRR_TLCQM,1.798889459790676,100
NN_TLCQM,0.1078414798179124,100
XGBoost_Target_Only,0.1035772937894458,200
KRR_Target_Only,20.709343978785167,200
NN_Target_Only,22.20756115835513,200
XGBoost_Pool,0.0975233850092228,200
KRR_Pool,1.5665097764535685,200
NN_Pool,3.3310509599248928,200
XGBoost_TLCQM,0.1070126028945141,200
KRR_TLCQM,1.7411448398629246,200
NN_TLCQM,0.1859794398032976,200
XGBoost_Target_Only,0.0969128248723752,300
KRR_Target_Only,14.049148031248327,300
NN_Target_Only,7.1276877474793565,300
XGBoost_Pool,0.0963084740847804,300
KRR_Pool,1.5528623733585338,300
NN_Pool,6.224167283531894,300
XGBoost_TLCQM,0.1027849912648937,300
KRR_TLCQM,1.739606100174364,300
NN_TLCQM,0.1075672624609314,300
XGBoost_Target_Only,0.09183094056512,500
KRR_Target_Only,8.807776482573116,500
NN_Target_Only,0.5362317380811266,500
XGBoost_Pool,0.0957943457527463,500
KRR_Pool,1.496401636623829,500
NN_Pool,3.3487180820744755,500
XGBoost_TLCQM,0.1025377503883823,500
KRR_TLCQM,1.6609282070329343,500
NN_TLCQM,0.1153472588643036,500
XGBoost_Target_Only,0.1098320351665555,100
KRR_Target_Only,30.333528993855527,100
NN_Target_Only,24.28004937060845,100
XGBoost_Pool,0.1028188015444682,100
KRR_Pool,1.5869840299301925,100
NN_Pool,5.8949991567565245,100
XGBoost_TLCQM,0.1040747147344859,100
KRR_TLCQM,1.771874748703291,100
NN_TLCQM,0.108399009802079,100
XGBoost_Target_Only,0.1100853961073446,200
KRR_Target_Only,19.085108759633552,200
NN_Target_Only,21.266942813895607,200
XGBoost_Pool,0.102753756653248,200
KRR_Pool,1.558840346525356,200
NN_Pool,4.987482967635964,200
XGBoost_TLCQM,0.1085155018896791,200
KRR_TLCQM,1.746974384987677,200
NN_TLCQM,0.1136079297696965,200
XGBoost_Target_Only,0.1018302701187946,300
KRR_Target_Only,14.431902667696422,300
NN_Target_Only,13.70464072641941,300
XGBoost_Pool,0.0995493152508966,300
KRR_Pool,1.5476217718863348,300
NN_Pool,3.1301419106657,300
XGBoost_TLCQM,0.102999450156582,300
KRR_TLCQM,1.725257607778663,300
NN_TLCQM,0.1021203751787235,300
XGBoost_Target_Only,0.1023584085863373,500
KRR_Target_Only,8.501515301644496,500
NN_Target_Only,0.3117695661079201,500
XGBoost_Pool,0.0968513120684414,500
KRR_Pool,1.4783910294917244,500
NN_Pool,3.3432750992070632,500
XGBoost_TLCQM,0.1014250845872699,500
KRR_TLCQM,1.6538751648377346,500
NN_TLCQM,0.1323262310099379,500
XGBoost_Target_Only,0.1104413939372691,100
KRR_Target_Only,29.98842327124841,100
NN_Target_Only,18.88133265318168,100
XGBoost_Pool,0.097868699276616,100
KRR_Pool,1.6318923430185268,100
NN_Pool,5.49678910697265,100
XGBoost_TLCQM,0.0988732672312233,100
KRR_TLCQM,1.846947264393257,100
NN_TLCQM,0.1037656893331606,100
XGBoost_Target_Only,0.1064064747511646,200
KRR_Target_Only,21.016160385037956,200
NN_Target_Only,20.564816390693583,200
XGBoost_Pool,0.0978082696504191,200
KRR_Pool,1.5969438599124577,200
NN_Pool,3.2563547914480115,200
XGBoost_TLCQM,0.0958932766622511,200
KRR_TLCQM,1.7727343222779814,200
NN_TLCQM,0.0992135339077583,200
XGBoost_Target_Only,0.098998841668957,300
KRR_Target_Only,14.730816707107778,300
NN_Target_Only,13.995950816193982,300
XGBoost_Pool,0.0971232140798908,300
KRR_Pool,1.5613336556309547,300
NN_Pool,3.2810617418324672,300
XGBoost_TLCQM,0.0954776063107321,300
KRR_TLCQM,1.7355583269166035,300
NN_TLCQM,0.1286901316305711,300
XGBoost_Target_Only,0.0934260398149644,500
KRR_Target_Only,9.426035740856632,500
NN_Target_Only,0.1633914631865782,500
XGBoost_Pool,0.094393417463554,500
KRR_Pool,1.4947027507590571,500
NN_Pool,3.3823506615966603,500
XGBoost_TLCQM,0.0932422377209343,500
KRR_TLCQM,1.6520661907473038,500
NN_TLCQM,0.162619613361671,500
XGBoost_Target_Only,0.1207744436637209,100
KRR_Target_Only,31.27864665841376,100
NN_Target_Only,20.53032763780251,100
XGBoost_Pool,0.0996484436959886,100
KRR_Pool,1.6057227097389557,100
NN_Pool,6.2377002999156295,100
XGBoost_TLCQM,0.1071312043833307,100
KRR_TLCQM,1.7665747722750909,100
NN_TLCQM,0.117228447400821,100
XGBoost_Target_Only,0.1037245376622327,200
KRR_Target_Only,19.624870386500824,200
NN_Target_Only,22.167484636025183,200
XGBoost_Pool,0.0983921341171907,200
KRR_Pool,1.5698285063354749,200
NN_Pool,3.490445086400352,200
XGBoost_TLCQM,0.1011554736084751,200
KRR_TLCQM,1.7629218649568104,200
NN_TLCQM,0.1105845245531471,200
XGBoost_Target_Only,0.0979348838124754,300
KRR_Target_Only,13.22322225459512,300
NN_Target_Only,0.3755733954751305,300
XGBoost_Pool,0.0961445120687539,300
KRR_Pool,1.550269619353381,300
NN_Pool,5.775464403753283,300
XGBoost_TLCQM,0.1016235217694863,300
KRR_TLCQM,1.7299482956670529,300
NN_TLCQM,0.1080636787256661,300
XGBoost_Target_Only,0.0981604213306108,500
KRR_Target_Only,9.240969670357869,500
NN_Target_Only,6.8574087719652,500
XGBoost_Pool,0.0946989497699712,500
KRR_Pool,1.5404480456716314,500
NN_Pool,4.050951010492476,500
XGBoost_TLCQM,0.1011130472040725,500
KRR_TLCQM,1.72454874364065,500
NN_TLCQM,0.117565708485281,500
XGBoost_Target_Only,0.1140646219816914,100
KRR_Target_Only,29.62006556769054,100
NN_Target_Only,17.30286185846596,100
XGBoost_Pool,0.1020819034914117,100
KRR_Pool,1.6226461591289705,100
NN_Pool,5.624136134807875,100
XGBoost_TLCQM,0.1010156245309198,100
KRR_TLCQM,1.7646724227510635,100
NN_TLCQM,0.1137459572059348,100
XGBoost_Target_Only,0.1019560927010529,200
KRR_Target_Only,17.662284309107097,200
NN_Target_Only,20.763335549709087,200
XGBoost_Pool,0.0994118169209668,200
KRR_Pool,1.5891984132379349,200
NN_Pool,3.390639528395136,200
XGBoost_TLCQM,0.0987217199637642,200
KRR_TLCQM,1.752929396177518,200
NN_TLCQM,0.1181048425014781,200
XGBoost_Target_Only,0.1011015823406463,300
KRR_Target_Only,13.602691371804037,300
NN_Target_Only,6.873443525914398,300
XGBoost_Pool,0.0991469612688309,300
KRR_Pool,1.60096154149711,300
NN_Pool,3.261057595553694,300
XGBoost_TLCQM,0.1009821101010796,300
KRR_TLCQM,1.7625931401326038,300
NN_TLCQM,0.1010346467231959,300
XGBoost_Target_Only,0.0993106537060618,500
KRR_Target_Only,7.779211598319462,500
NN_Target_Only,0.2528640663328222,500
XGBoost_Pool,0.0962831369720029,500
KRR_Pool,1.4549568872613556,500
NN_Pool,3.2516349391424533,500
XGBoost_TLCQM,0.0976164247355623,500
KRR_TLCQM,1.6031154468755215,500
NN_TLCQM,0.1288982667681384,500
XGBoost_Target_Only,0.1278093751821109,100
KRR_Target_Only,30.720679495331662,100
NN_Target_Only,22.581426759684955,100
XGBoost_Pool,0.101418815745721,100
KRR_Pool,1.6255491073618131,100
NN_Pool,3.330177355737748,100
XGBoost_TLCQM,0.1020383923636073,100
KRR_TLCQM,1.827546155081494,100
NN_TLCQM,0.1044482325639304,100
XGBoost_Target_Only,0.1125855988238181,200
KRR_Target_Only,19.85806749739057,200
NN_Target_Only,21.46103305926497,200
XGBoost_Pool,0.0992082057226062,200
KRR_Pool,1.6377503256078114,200
NN_Pool,3.411524686661565,200
XGBoost_TLCQM,0.1054851088870093,200
KRR_TLCQM,1.8374879157931177,200
NN_TLCQM,0.1765999804909143,200
XGBoost_Target_Only,0.1031726380749736,300
KRR_Target_Only,15.750625065244652,300
NN_Target_Only,0.4809201744475412,300
XGBoost_Pool,0.0972274904224939,300
KRR_Pool,1.6276828989972163,300
NN_Pool,2.8227816098080383,300
XGBoost_TLCQM,0.1099779131552959,300
KRR_TLCQM,1.8217741398934904,300
NN_TLCQM,0.1087281014244675,300
XGBoost_Target_Only,0.1002640443180939,500
KRR_Target_Only,10.551438669258726,500
NN_Target_Only,0.1905809989501979,500
XGBoost_Pool,0.0951678033026112,500
KRR_Pool,1.553312940681119,500
NN_Pool,4.783389428713461,500
XGBoost_TLCQM,0.1026326352796918,500
KRR_TLCQM,1.740865736254257,500
NN_TLCQM,0.1337902237758743,500
XGBoost_Target_Only,0.1360450704875048,100
KRR_Target_Only,31.02729351428271,100
NN_Target_Only,24.00070759797003,100
XGBoost_Pool,0.1007329315503837,100
KRR_Pool,1.609309978160086,100
NN_Pool,4.366833898179781,100
XGBoost_TLCQM,0.1005487113527022,100
KRR_TLCQM,1.804536560277928,100
NN_TLCQM,0.1096348875407693,100
XGBoost_Target_Only,0.1074542300455001,200
KRR_Target_Only,20.65554396310215,200
NN_Target_Only,19.976143152392957,200
XGBoost_Pool,0.0985283639443695,200
KRR_Pool,1.6341296274943138,200
NN_Pool,3.365982382404606,200
XGBoost_TLCQM,0.0994596133673681,200
KRR_TLCQM,1.8247449477502955,200
NN_TLCQM,0.1085964978681489,200
XGBoost_Target_Only,0.1062375573996397,300
KRR_Target_Only,14.02139290504454,300
NN_Target_Only,0.4471157519254116,300
XGBoost_Pool,0.0982099682444167,300
KRR_Pool,1.6054330804900798,300
NN_Pool,2.4915078839527345,300
XGBoost_TLCQM,0.0972352303556621,300
KRR_TLCQM,1.7932005875056132,300
NN_TLCQM,0.1589739222210404,300
XGBoost_Target_Only,0.0993840396358133,500
KRR_Target_Only,9.185621974109168,500
NN_Target_Only,0.8398484622216116,500
XGBoost_Pool,0.0979663443974428,500
KRR_Pool,1.5552255312848895,500
NN_Pool,3.7339721681231737,500
XGBoost_TLCQM,0.0971767233486714,500
KRR_TLCQM,1.723655473655386,500
NN_TLCQM,0.1943213790802491,500
XGBoost_Target_Only,0.1109887840457757,100
KRR_Target_Only,28.620695776002208,100
NN_Target_Only,22.23188534345797,100
XGBoost_Pool,0.1020412380119132,100
KRR_Pool,1.605532815522881,100
NN_Pool,5.312656445271584,100
XGBoost_TLCQM,0.1000080342417545,100
KRR_TLCQM,1.772576565839459,100
NN_TLCQM,0.1283722815249824,100
XGBoost_Target_Only,0.1057164536450106,200
KRR_Target_Only,19.312313244120475,200
NN_Target_Only,21.24654619087037,200
XGBoost_Pool,0.0993238906779193,200
KRR_Pool,1.6187636247391235,200
NN_Pool,5.078585227068468,200
XGBoost_TLCQM,0.1057737544236797,200
KRR_TLCQM,1.8010821292641803,200
NN_TLCQM,0.1453112363257151,200
XGBoost_Target_Only,0.1012572896876351,300
KRR_Target_Only,13.946450021468005,300
NN_Target_Only,0.1943005651437759,300
XGBoost_Pool,0.0982722233278655,300
KRR_Pool,1.6183621516270563,300
NN_Pool,3.42904613668612,300
XGBoost_TLCQM,0.1003092401928834,300
KRR_TLCQM,1.7903240404026954,300
NN_TLCQM,0.1129728432639334,300
XGBoost_Target_Only,0.0912886233933969,500
KRR_Target_Only,8.826834986895031,500
NN_Target_Only,0.5308638745268012,500
XGBoost_Pool,0.0950919243544434,500
KRR_Pool,1.599092158849542,500
NN_Pool,3.4192396542334067,500
XGBoost_TLCQM,0.0946778908976907,500
KRR_TLCQM,1.7545937682737762,500
NN_TLCQM,0.1053142237405509,500
XGBoost_Target_Only,0.1187175623718258,100
KRR_Target_Only,29.640817248340547,100
NN_Target_Only,17.11815612544798,100
XGBoost_Pool,0.1002276106301412,100
KRR_Pool,1.657933474994908,100
NN_Pool,5.673802379815227,100
XGBoost_TLCQM,0.1002887213289608,100
KRR_TLCQM,1.8328514355001748,100
NN_TLCQM,0.1448749625706474,100
XGBoost_Target_Only,0.0965596402470567,200
KRR_Target_Only,18.17369432756606,200
NN_Target_Only,17.385646833579735,200
XGBoost_Pool,0.0957062572516399,200
KRR_Pool,1.598507617000034,200
NN_Pool,3.2881512395419703,200
XGBoost_TLCQM,0.0986800712637941,200
KRR_TLCQM,1.763618815760109,200
NN_TLCQM,0.1209230402887068,200
XGBoost_Target_Only,0.1002864525486051,300
KRR_Target_Only,13.416122825998691,300
NN_Target_Only,16.304895323418847,300
XGBoost_Pool,0.0950461837286443,300
KRR_Pool,1.555221918806739,300
NN_Pool,3.2180863612085053,300
XGBoost_TLCQM,0.0981587528536316,300
KRR_TLCQM,1.6983847616902743,300
NN_TLCQM,0.2742965728488605,300
XGBoost_Target_Only,0.0980379513727491,500
KRR_Target_Only,9.293978998447352,500
NN_Target_Only,0.2108720136440411,500
XGBoost_Pool,0.0964941496115379,500
KRR_Pool,1.5075858580793786,500
NN_Pool,4.483307978756824,500
XGBoost_TLCQM,0.1000810818447757,500
KRR_TLCQM,1.6798776702996097,500
NN_TLCQM,0.100555388182412,500
XGBoost_Target_Only,0.1195413019616502,100
KRR_Target_Only,29.339579178215,100
NN_Target_Only,18.48761700147363,100
XGBoost_Pool,0.1024105120869754,100
KRR_Pool,1.6441407018998009,100
NN_Pool,5.74255058844301,100
XGBoost_TLCQM,0.0995775011020351,100
KRR_TLCQM,1.8288643065562973,100
NN_TLCQM,0.1228998361157738,100
XGBoost_Target_Only,0.109423917309104,200
KRR_Target_Only,19.571051696510285,200
NN_Target_Only,19.78420410380105,200
XGBoost_Pool,0.0997579619159043,200
KRR_Pool,1.644766772893372,200
NN_Pool,3.922038359311879,200
XGBoost_TLCQM,0.0953852752211392,200
KRR_TLCQM,1.8092399728299091,200
NN_TLCQM,0.0991798621303548,200
XGBoost_Target_Only,0.1034357726439364,300
KRR_Target_Only,13.473604844522702,300
NN_Target_Only,14.84265545664493,300
XGBoost_Pool,0.0983242296983436,300
KRR_Pool,1.6111563298034004,300
NN_Pool,3.3163706734244367,300
XGBoost_TLCQM,0.0992278219731134,300
KRR_TLCQM,1.7930089033425396,300
NN_TLCQM,0.1154264736022527,300
XGBoost_Target_Only,0.0974110184889902,500
KRR_Target_Only,8.90118679045949,500
NN_Target_Only,0.411265281048543,500
XGBoost_Pool,0.0964540987822767,500
KRR_Pool,1.5045230434599737,500
NN_Pool,4.467432161033401,500
XGBoost_TLCQM,0.0995680540267147,500
KRR_TLCQM,1.6557023796615116,500
NN_TLCQM,0.0985549382352194,500
XGBoost_Target_Only,0.1198870267104832,100
KRR_Target_Only,30.57975286515284,100
NN_Target_Only,22.331731277081595,100
XGBoost_Pool,0.0995341315995065,100
KRR_Pool,1.6303209141467492,100
NN_Pool,5.706330293533204,100
XGBoost_TLCQM,0.1006151512436882,100
KRR_TLCQM,1.833247697131144,100
NN_TLCQM,0.1004425872522303,100
XGBoost_Target_Only,0.1031262531883762,200
KRR_Target_Only,19.397184192223516,200
NN_Target_Only,22.18105614074975,200
XGBoost_Pool,0.0997829197906681,200
KRR_Pool,1.636119117218639,200
NN_Pool,3.6136351161960314,200
XGBoost_TLCQM,0.099594402702219,200
KRR_TLCQM,1.8236489451740288,200
NN_TLCQM,0.099307343968212,200
XGBoost_Target_Only,0.0972475763533115,300
KRR_Target_Only,15.04302687428754,300
NN_Target_Only,0.2997788528064004,300
XGBoost_Pool,0.0990303960939635,300
KRR_Pool,1.6025442354096051,300
NN_Pool,3.5275861893145843,300
XGBoost_TLCQM,0.0988466002423755,300
KRR_TLCQM,1.7707491891018294,300
NN_TLCQM,0.0976180313468297,300
XGBoost_Target_Only,0.128218548563097,100
KRR_Target_Only,30.838396660557528,100
NN_Target_Only,21.18956278458476,100
XGBoost_Pool,0.1004985338418848,100
KRR_Pool,1.5925036978505067,100
NN_Pool,3.4324751931058044,100
XGBoost_TLCQM,0.1071875669619135,100
KRR_TLCQM,1.8002375783182751,100
NN_TLCQM,0.2384488036401305,100
XGBoost_Target_Only,0.1071775399176904,200
KRR_Target_Only,19.31529143467096,200
NN_Target_Only,22.542766711524617,200
XGBoost_Pool,0.0976961806957089,200
KRR_Pool,1.585395287275784,200
NN_Pool,3.656771597737513,200
XGBoost_TLCQM,0.1026130103311895,200
KRR_TLCQM,1.8044264195298796,200
NN_TLCQM,0.1047733363790246,200
XGBoost_Target_Only,0.1062575856837867,300
KRR_Target_Only,15.348419877811756,300
NN_Target_Only,0.6016890793319484,300
XGBoost_Pool,0.0981217725246431,300
KRR_Pool,1.6006618694229342,300
NN_Pool,2.8709366366955886,300
XGBoost_TLCQM,0.100862763223779,300
KRR_TLCQM,1.793198207423212,300
NN_TLCQM,0.0986145575706395,300
XGBoost_Target_Only,0.0925641433451418,500
KRR_Target_Only,9.36815274168533,500
NN_Target_Only,6.217084212372201,500
XGBoost_Pool,0.0952298087435429,500
KRR_Pool,1.5367532175497092,500
NN_Pool,2.9611308425694274,500
XGBoost_TLCQM,0.0974905569662906,500
KRR_TLCQM,1.7152518670031318,500
NN_TLCQM,0.1073716235910133,500
XGBoost_Target_Only,0.1307727613580558,100
KRR_Target_Only,29.5077734102648,100
NN_Target_Only,18.79093653128224,100
XGBoost_Pool,0.1004506640962489,100
KRR_Pool,1.652829562947673,100
NN_Pool,5.566793911953947,100
XGBoost_TLCQM,0.1062633768311018,100
KRR_TLCQM,1.8659505992407504,100
NN_TLCQM,0.1353648938963299,100
XGBoost_Target_Only,0.106222702428761,200
KRR_Target_Only,19.657200150250983,200
NN_Target_Only,20.395917313403316,200
XGBoost_Pool,0.0994145947316643,200
KRR_Pool,1.5823189008778284,200
NN_Pool,3.059258024138151,200
XGBoost_TLCQM,0.0985770796768578,200
KRR_TLCQM,1.7718466118938956,200
NN_TLCQM,0.152177867596144,200
XGBoost_Target_Only,0.1021289097176861,300
KRR_Target_Only,12.959442491982204,300
NN_Target_Only,7.369408015846809,300
XGBoost_Pool,0.0956609936358742,300
KRR_Pool,1.5878869377508045,300
NN_Pool,3.5196266718595504,300
XGBoost_TLCQM,0.0962356943505498,300
KRR_TLCQM,1.771910075079579,300
NN_TLCQM,0.1068598826266752,300
XGBoost_Target_Only,0.120854147154185,100
KRR_Target_Only,30.306122912332533,100
NN_Target_Only,24.14736912154574,100
XGBoost_Pool,0.1015095460983435,100
KRR_Pool,1.653367478950865,100
NN_Pool,3.533898298637884,100
XGBoost_TLCQM,0.1091130972177253,100
KRR_TLCQM,1.85944782095438,100
NN_TLCQM,0.1332737711585149,100
XGBoost_Target_Only,0.1125910259468469,200
KRR_Target_Only,20.00202001654272,200
NN_Target_Only,21.76585349614292,200
XGBoost_Pool,0.0996295319875146,200
KRR_Pool,1.6678422291956023,200
NN_Pool,3.5863005943194044,200
XGBoost_TLCQM,0.0991615558683395,200
KRR_TLCQM,1.8586422279422103,200
NN_TLCQM,0.097459412951335,200
XGBoost_Target_Only,0.1121294536208364,300
KRR_Target_Only,14.854663323206028,300
NN_Target_Only,0.4131907957592661,300
XGBoost_Pool,0.0998953382692683,300
KRR_Pool,1.651543330526169,300
NN_Pool,3.546143825781652,300
XGBoost_TLCQM,0.100394707391254,300
KRR_TLCQM,1.832909664596492,300
NN_TLCQM,0.1185419388135109,300
XGBoost_Target_Only,0.096276482249884,500
KRR_Target_Only,8.389077597865079,500
NN_Target_Only,0.7065046017965657,500
XGBoost_Pool,0.0992720063685203,500
KRR_Pool,1.6283814825050005,500
NN_Pool,3.664688343566759,500
XGBoost_TLCQM,0.0985719837331155,500
KRR_TLCQM,1.7967989486440112,500
NN_TLCQM,0.141289119785901,500
XGBoost_Target_Only,0.1105974134280407,100
KRR_Target_Only,27.7363113917372,100
NN_Target_Only,21.813615537546617,100
XGBoost_Pool,0.0984606819776792,100
KRR_Pool,1.6083170680455077,100
NN_Pool,3.954880938960516,100
XGBoost_TLCQM,0.1068342893407058,100
KRR_TLCQM,1.8059672374881048,100
NN_TLCQM,0.1126546561757763,100
XGBoost_Target_Only,0.0986021552470473,200
KRR_Target_Only,17.586240694805106,200
NN_Target_Only,21.12090463187009,200
XGBoost_Pool,0.0982547457637554,200
KRR_Pool,1.5820092972523911,200
NN_Pool,3.6673235205604047,200
XGBoost_TLCQM,0.110615800801477,200
KRR_TLCQM,1.786232393626106,200
NN_TLCQM,0.168017478783618,200
XGBoost_Target_Only,0.0965393939290207,300
KRR_Target_Only,14.040691370460944,300
NN_Target_Only,11.283167253273392,300
XGBoost_Pool,0.0968943565875696,300
KRR_Pool,1.5773287559675615,300
NN_Pool,3.4889591333236014,300
XGBoost_TLCQM,0.1018966336466665,300
KRR_TLCQM,1.7674443468629368,300
NN_TLCQM,0.1184466488156004,300
XGBoost_Target_Only,0.0963413712848228,500
KRR_Target_Only,9.478475612542775,500
NN_Target_Only,0.1716128623471846,500
XGBoost_Pool,0.0980913378199106,500
KRR_Pool,1.5186750761828445,500
NN_Pool,3.500128472332628,500
XGBoost_TLCQM,0.0993308208298282,500
KRR_TLCQM,1.6792901316908215,500
NN_TLCQM,0.097959384483679,500
XGBoost_Target_Only,0.1122744099722874,100
KRR_Target_Only,30.40332969351832,100
NN_Target_Only,20.48730339263409,100
XGBoost_Pool,0.1019800244579206,100
KRR_Pool,1.5766032753163362,100
NN_Pool,3.445510050329647,100
XGBoost_TLCQM,0.1009395940410957,100
KRR_TLCQM,1.7486281348663286,100
NN_TLCQM,0.1336260937530967,100
XGBoost_Target_Only,0.0983276481214807,200
KRR_Target_Only,19.783467702367176,200
NN_Target_Only,19.98721010227001,200
XGBoost_Pool,0.1007082027496779,200
KRR_Pool,1.5450616398038484,200
NN_Pool,3.442881658717724,200
XGBoost_TLCQM,0.0977255932341,200
KRR_TLCQM,1.7053446047199818,200
NN_TLCQM,0.1128339291900782,200
XGBoost_Target_Only,0.0944620981311621,300
KRR_Target_Only,13.768810156999429,300
NN_Target_Only,6.476338129755511,300
XGBoost_Pool,0.0990646239303178,300
KRR_Pool,1.5461101944198437,300
NN_Pool,3.2194559537654754,300
XGBoost_TLCQM,0.1010934633506841,300
KRR_TLCQM,1.70930501952131,300
NN_TLCQM,0.1104898029490796,300
XGBoost_Target_Only,0.0931203892388172,500
KRR_Target_Only,9.030627221654328,500
NN_Target_Only,0.6928827186029328,500
XGBoost_Pool,0.0962011077517012,500
KRR_Pool,1.4932257175945367,500
NN_Pool,3.150373074941541,500
XGBoost_TLCQM,0.0967737909272176,500
KRR_TLCQM,1.64938954915192,500
NN_TLCQM,0.1787531469129102,500
XGBoost_Target_Only,0.1150281720628352,100
KRR_Target_Only,26.935026756629448,100
NN_Target_Only,23.605066551153303,100
XGBoost_Pool,0.1013618233049958,100
KRR_Pool,1.6507095589413998,100
NN_Pool,5.1332303174551495,100
XGBoost_TLCQM,0.1026693867745424,100
KRR_TLCQM,1.840716697208746,100
NN_TLCQM,0.2099720324807363,100
XGBoost_Target_Only,0.1101028851827368,200
KRR_Target_Only,19.85012851020465,200
NN_Target_Only,21.78449117577039,200
XGBoost_Pool,0.0999866305025463,200
KRR_Pool,1.6291974662878383,200
NN_Pool,3.4011506997547336,200
XGBoost_TLCQM,0.0997276613628385,200
KRR_TLCQM,1.7983834534470426,200
NN_TLCQM,0.0990236892430426,200
XGBoost_Target_Only,0.0978638119690987,300
KRR_Target_Only,14.491612244038713,300
NN_Target_Only,0.8016241586724254,300
XGBoost_Pool,0.0981358708322129,300
KRR_Pool,1.584609080590563,300
NN_Pool,2.3880916346391143,300
XGBoost_TLCQM,0.1015662870312977,300
KRR_TLCQM,1.735009717819915,300
NN_TLCQM,0.1002855098238875,300
XGBoost_Target_Only,0.0970158534276453,500
KRR_Target_Only,9.180164097256554,500
NN_Target_Only,6.804443791215331,500
XGBoost_Pool,0.0959269785915215,500
KRR_Pool,1.5854002753223022,500
NN_Pool,3.824563528344283,500
XGBoost_TLCQM,0.1000687051977241,500
KRR_TLCQM,1.7630298477164237,500
NN_TLCQM,0.1360378574552112,500
XGBoost_Target_Only,0.1055773956395154,100
KRR_Target_Only,30.452869239562112,100
NN_Target_Only,29.45992215330523,100
XGBoost_Pool,0.1022239437075464,100
KRR_Pool,1.6105417192933629,100
NN_Pool,5.715743919426697,100
XGBoost_TLCQM,0.0996328175054725,100
KRR_TLCQM,1.802086470887261,100
NN_TLCQM,0.1008772483439237,100
XGBoost_Target_Only,0.0981783697313433,200
KRR_Target_Only,20.020602972455524,200
NN_Target_Only,26.841248135851604,200
XGBoost_Pool,0.1010982887791953,200
KRR_Pool,1.560614789899463,200
NN_Pool,3.9994179453950296,200
XGBoost_TLCQM,0.1020729982622166,200
KRR_TLCQM,1.7384625034463217,200
NN_TLCQM,0.1097128562684722,200
XGBoost_Target_Only,0.0957368928698135,300
KRR_Target_Only,13.805616173086513,300
NN_Target_Only,9.45902729381459,300
XGBoost_Pool,0.1012754453582888,300
KRR_Pool,1.533932497280558,300
NN_Pool,3.239878193501425,300
XGBoost_TLCQM,0.0963983686669383,300
KRR_TLCQM,1.6836601809598708,300
NN_TLCQM,0.0999907918021863,300
XGBoost_Target_Only,0.0918671321946527,500
KRR_Target_Only,8.412053573526894,500
NN_Target_Only,6.236303873735777,500
XGBoost_Pool,0.0968081609770733,500
KRR_Pool,1.447448866912299,500
NN_Pool,4.337815316126003,500
XGBoost_TLCQM,0.0975042587099337,500
KRR_TLCQM,1.603504822706314,500
NN_TLCQM,0.0985845826340799,500
XGBoost_Target_Only,0.10694630078762,100
KRR_Target_Only,28.822553343311576,100
NN_Target_Only,20.04673048263765,100
XGBoost_Pool,0.0992001099765631,100
KRR_Pool,1.6156532936462868,100
NN_Pool,5.704763167283398,100
XGBoost_TLCQM,0.1074686355040444,100
KRR_TLCQM,1.812772417101638,100
NN_TLCQM,0.1231047790585879,100
XGBoost_Target_Only,0.1015625042389742,200
KRR_Target_Only,19.753680454270278,200
NN_Target_Only,26.51605273448854,200
XGBoost_Pool,0.0993602985982688,200
KRR_Pool,1.5425740925718616,200
NN_Pool,3.5128400571115392,200
XGBoost_TLCQM,0.1065937459083335,200
KRR_TLCQM,1.7453945561711257,200
NN_TLCQM,0.1677942423351488,200
XGBoost_Target_Only,0.1022014847463177,300
KRR_Target_Only,14.20544590063277,300
NN_Target_Only,1.4662176364150414,300
XGBoost_Pool,0.0995414834558796,300
KRR_Pool,1.4945912106934114,300
NN_Pool,2.535324703207156,300
XGBoost_TLCQM,0.1060528456431441,300
KRR_TLCQM,1.6889120559515365,300
NN_TLCQM,0.1511765583731527,300
XGBoost_Target_Only,0.0943721319428318,500
KRR_Target_Only,9.434972440727748,500
NN_Target_Only,6.128006511132896,500
XGBoost_Pool,0.0968995110793459,500
KRR_Pool,1.448677553664536,500
NN_Pool,5.193728835637773,500
XGBoost_TLCQM,0.0984232722850602,500
KRR_TLCQM,1.6130802758230152,500
NN_TLCQM,0.1492595501794752,500
XGBoost_Target_Only,0.1070705808716475,100
KRR_Target_Only,30.26983108551173,100
NN_Target_Only,30.05297787175887,100
XGBoost_Pool,0.1032350767804869,100
KRR_Pool,1.634786213198794,100
NN_Pool,5.676472855089345,100
XGBoost_TLCQM,0.1039659246365912,100
KRR_TLCQM,1.8361010498120176,100
NN_TLCQM,0.0998843909624592,100
XGBoost_Target_Only,0.1003282390184221,200
KRR_Target_Only,20.663356460042653,200
NN_Target_Only,26.60248897940736,200
XGBoost_Pool,0.0994442514607788,200
KRR_Pool,1.6168199297903458,200
NN_Pool,3.477604499707899,200
XGBoost_TLCQM,0.1032084498083773,200
KRR_TLCQM,1.817715209502928,200
NN_TLCQM,0.1023152763609675,200
XGBoost_Target_Only,0.0983320442443384,300
KRR_Target_Only,14.794146817614674,300
NN_Target_Only,1.5584628650756038,300
XGBoost_Pool,0.0992389745439816,300
KRR_Pool,1.4980743386290674,300
NN_Pool,4.958721625875632,300
XGBoost_TLCQM,0.0996755262721235,300
KRR_TLCQM,1.672198381914342,300
NN_TLCQM,0.1016305264311275,300
XGBoost_Target_Only,0.0932349377943899,500
KRR_Target_Only,9.6364791030092,500
NN_Target_Only,0.273815131455663,500
XGBoost_Pool,0.0964981379062968,500
KRR_Pool,1.4969890981968816,500
NN_Pool,3.3012158632816795,500
XGBoost_TLCQM,0.0962488996825632,500
KRR_TLCQM,1.6533568422661251,500
NN_TLCQM,0.1206324561021079,500
XGBoost_Target_Only,0.1156996706595411,100
KRR_Target_Only,28.65470783670693,100
NN_Target_Only,23.53938458777396,100
XGBoost_Pool,0.0982082722984394,100
KRR_Pool,1.5806912320764297,100
NN_Pool,5.614495746382122,100
XGBoost_TLCQM,0.1037542640009969,100
KRR_TLCQM,1.821136864570542,100
NN_TLCQM,0.1160632002579028,100
XGBoost_Target_Only,0.1091488069718848,200
KRR_Target_Only,20.21722959010971,200
NN_Target_Only,22.412255889041965,200
XGBoost_Pool,0.0977899610860665,200
KRR_Pool,1.5753417220632135,200
NN_Pool,3.2157993216060707,200
XGBoost_TLCQM,0.099794324396046,200
KRR_TLCQM,1.7723159578355632,200
NN_TLCQM,0.0959797929685932,200
XGBoost_Target_Only,0.1009913966484706,300
KRR_Target_Only,15.140645782722832,300
NN_Target_Only,12.890667055276916,300
XGBoost_Pool,0.0986631103995049,300
KRR_Pool,1.5659442512356487,300
NN_Pool,3.415957728809059,300
XGBoost_TLCQM,0.1013417413170886,300
KRR_TLCQM,1.7490533069051677,300
NN_TLCQM,0.2566153658915537,300
XGBoost_Target_Only,0.0956336672090997,500
KRR_Target_Only,10.138695479764564,500
NN_Target_Only,6.075709954099038,500
XGBoost_Pool,0.0967090808761597,500
KRR_Pool,1.514599712421593,500
NN_Pool,3.5093864361448577,500
XGBoost_TLCQM,0.0983313016468111,500
KRR_TLCQM,1.685358950641446,500
NN_TLCQM,0.1306941848342261,500
XGBoost_Target_Only,0.1356202942289769,100
KRR_Target_Only,30.86140726464384,100
NN_Target_Only,21.663975503726444,100
XGBoost_Pool,0.1024718168125033,100
KRR_Pool,1.5879946355771013,100
NN_Pool,5.283813961842354,100
XGBoost_TLCQM,0.1121551175785721,100
KRR_TLCQM,1.7891350701555169,100
NN_TLCQM,0.2384994968732716,100
XGBoost_Target_Only,0.1129580542095553,200
KRR_Target_Only,20.349598741731917,200
NN_Target_Only,21.57385520656664,200
XGBoost_Pool,0.096873252586593,200
KRR_Pool,1.5583921772557094,200
NN_Pool,3.2282127186062044,200
XGBoost_TLCQM,0.1002955880511149,200
KRR_TLCQM,1.7366844126836076,200
NN_TLCQM,0.2531326363618233,200
XGBoost_Target_Only,0.0995577253718126,300
KRR_Target_Only,14.687317079155108,300
NN_Target_Only,0.3283421633852134,300
XGBoost_Pool,0.0947881842321248,300
KRR_Pool,1.5160164394827798,300
NN_Pool,3.0603532550383186,300
XGBoost_TLCQM,0.0978274179129632,300
KRR_TLCQM,1.683615186686718,300
NN_TLCQM,0.1644543571988585,300
XGBoost_Target_Only,0.0962085531857156,500
KRR_Target_Only,8.780731955920475,500
NN_Target_Only,0.2168308288765056,500
XGBoost_Pool,0.0965116877652384,500
KRR_Pool,1.391138156011419,500
NN_Pool,3.480628254213575,500
XGBoost_TLCQM,0.0996130241224307,500
KRR_TLCQM,1.5302528356102651,500
NN_TLCQM,0.1328510307502525,500
XGBoost_Target_Only,0.1224532691894169,100
KRR_Target_Only,27.54582152000216,100
NN_Target_Only,23.669204372817365,100
XGBoost_Pool,0.1010350923973105,100
KRR_Pool,1.6245365933209297,100
NN_Pool,5.784203760531856,100
XGBoost_TLCQM,0.1042152329500954,100
KRR_TLCQM,1.822429623805784,100
NN_TLCQM,0.0989544090033425,100
XGBoost_Target_Only,0.1143080338121941,200
KRR_Target_Only,19.59930662573461,200
NN_Target_Only,22.88162769602842,200
XGBoost_Pool,0.0994429652632826,200
KRR_Pool,1.6110587810847006,200
NN_Pool,3.177723659085566,200
XGBoost_TLCQM,0.0996526055783032,200
KRR_TLCQM,1.8060363204415373,200
NN_TLCQM,0.0995598864165141,200
XGBoost_Target_Only,0.1242568314127876,100
KRR_Target_Only,28.782729446979708,100
NN_Target_Only,20.29233337995422,100
XGBoost_Pool,0.1014417347163906,100
KRR_Pool,1.6160333667865343,100
NN_Pool,5.74813773128959,100
XGBoost_TLCQM,0.1041070885340254,100
KRR_TLCQM,1.7912761853697456,100
NN_TLCQM,0.3291971405578731,100
XGBoost_Target_Only,0.1162557444226159,200
KRR_Target_Only,19.248245981815653,200
NN_Target_Only,20.56643020552416,200
XGBoost_Pool,0.1010640308984762,200
KRR_Pool,1.591761402293613,200
NN_Pool,3.312882463573429,200
XGBoost_TLCQM,0.0999482413292379,200
KRR_TLCQM,1.7404730389153629,200
NN_TLCQM,0.0980842182576436,200
XGBoost_Target_Only,0.1162143471246214,300
KRR_Target_Only,14.55688469484826,300
NN_Target_Only,0.2814873564827156,300
XGBoost_Pool,0.1016247587007087,300
KRR_Pool,1.5801222884284227,300
NN_Pool,3.3147212795840444,300
XGBoost_TLCQM,0.1030841349879107,300
KRR_TLCQM,1.7375206750153152,300
NN_TLCQM,0.1011997611076409,300
XGBoost_Target_Only,0.0993052615321062,500
KRR_Target_Only,8.903578293811936,500
NN_Target_Only,0.47987938569152,500
XGBoost_Pool,0.0980128578159042,500
KRR_Pool,1.45720641897025,500
NN_Pool,4.716361874417743,500
XGBoost_TLCQM,0.0986347582341352,500
KRR_TLCQM,1.5849518187467957,500
NN_TLCQM,0.1141768357843789,500
XGBoost_Target_Only,0.1095176762599369,100
KRR_Target_Only,29.86749802883863,100
NN_Target_Only,20.970792912403223,100
XGBoost_Pool,0.0992711173766902,100
KRR_Pool,1.6488719194429844,100
NN_Pool,5.196510263790595,100
XGBoost_TLCQM,0.0984934649456699,100
KRR_TLCQM,1.8081583576252336,100
NN_TLCQM,0.2517223419196932,100
XGBoost_Target_Only,0.1236395324592188,200
KRR_Target_Only,19.133595206905287,200
NN_Target_Only,22.34989697181661,200
XGBoost_Pool,0.0993055737130605,200
KRR_Pool,1.6254514037691894,200
NN_Pool,3.665012589885,200
XGBoost_TLCQM,0.1043924070379475,200
KRR_TLCQM,1.7908111422590842,200
NN_TLCQM,0.1074368695555718,200
XGBoost_Target_Only,0.112951899187212,300
KRR_Target_Only,14.394397743292666,300
NN_Target_Only,0.4647778860713689,300
XGBoost_Pool,0.0974668944405074,300
KRR_Pool,1.6064879024142555,300
NN_Pool,3.107334130621872,300
XGBoost_TLCQM,0.1033809442374811,300
KRR_TLCQM,1.767986280800443,300
NN_TLCQM,0.1285260379544474,300
XGBoost_Target_Only,0.1041588118487597,500
KRR_Target_Only,9.316784349677878,500
NN_Target_Only,1.0051083273927035,500
XGBoost_Pool,0.0963300792017304,500
KRR_Pool,1.5357733814304213,500
NN_Pool,3.063163300139463,500
XGBoost_TLCQM,0.1042857200710574,500
KRR_TLCQM,1.6545180452246744,500
NN_TLCQM,0.104918513541763,500
XGBoost_Target_Only,0.1128829429405243,100
KRR_Target_Only,29.12691147882493,100
NN_Target_Only,23.3336525243933,100
XGBoost_Pool,0.0984698044528502,100
KRR_Pool,1.6225035917229094,100
NN_Pool,3.4464864623043385,100
XGBoost_TLCQM,0.1047339613359216,100
KRR_TLCQM,1.8092638532405907,100
NN_TLCQM,0.1259932746845561,100
XGBoost_Target_Only,0.1023301782024985,200
KRR_Target_Only,18.54287702220643,200
NN_Target_Only,20.48735181837261,200
XGBoost_Pool,0.0981438639643642,200
KRR_Pool,1.6121980353965055,200
NN_Pool,4.492120858626362,200
XGBoost_TLCQM,0.1014099793313507,200
KRR_TLCQM,1.79786120777589,200
NN_TLCQM,0.136673700055027,200
XGBoost_Target_Only,0.0993423665034352,300
KRR_Target_Only,12.861655821669927,300
NN_Target_Only,0.25342380991378,300
XGBoost_Pool,0.0964027002849198,300
KRR_Pool,1.559757671926733,300
NN_Pool,5.2497572667371735,300
XGBoost_TLCQM,0.0998784174578805,300
KRR_TLCQM,1.7327777626317291,300
NN_TLCQM,0.1792925903710162,300
XGBoost_Target_Only,0.0956640486347055,500
KRR_Target_Only,7.866035639759652,500
NN_Target_Only,0.2140631637203944,500
XGBoost_Pool,0.0947612875685497,500
KRR_Pool,1.5242958097785797,500
NN_Pool,3.6686331746958594,500
XGBoost_TLCQM,0.0982338236304493,500
KRR_TLCQM,1.6891009777719306,500
NN_TLCQM,0.1008888443704466,500
XGBoost_Target_Only,0.1338822417691685,100
KRR_Target_Only,31.011052906538715,100
NN_Target_Only,25.099653162597416,100
XGBoost_Pool,0.1022000573563474,100
KRR_Pool,1.6162676509538982,100
NN_Pool,5.857875376417886,100
XGBoost_TLCQM,0.106561932258392,100
KRR_TLCQM,1.808834219239,100
NN_TLCQM,0.1545405835010694,100
XGBoost_Target_Only,0.1123915720114849,200
KRR_Target_Only,21.25737367176297,200
NN_Target_Only,24.087840978420395,200
XGBoost_Pool,0.1001648870104415,200
KRR_Pool,1.5924240248898185,200
NN_Pool,3.5267363765265887,200
XGBoost_TLCQM,0.1043525926236945,200
KRR_TLCQM,1.755721962568061,200
NN_TLCQM,0.1519181194691325,200
XGBoost_Target_Only,0.0987686784324161,300
KRR_Target_Only,15.217819291650263,300
NN_Target_Only,1.309561492498552,300
XGBoost_Pool,0.0993238080198657,300
KRR_Pool,1.5214806955275513,300
NN_Pool,2.525046583373266,300
XGBoost_TLCQM,0.0991119263339769,300
KRR_TLCQM,1.6691379105731747,300
NN_TLCQM,0.1121356999944804,300
XGBoost_Target_Only,0.0935430681194402,500
KRR_Target_Only,9.849514695974047,500
NN_Target_Only,0.4243320317958258,500
XGBoost_Pool,0.0961297245312792,500
KRR_Pool,1.425084685210863,500
NN_Pool,3.866780776360109,500
XGBoost_TLCQM,0.0970714156441865,500
KRR_TLCQM,1.5758582766934048,500
NN_TLCQM,0.2207840973897532,500
XGBoost_Target_Only,0.1228591580793523,100
KRR_Target_Only,30.383363646000628,100
NN_Target_Only,16.442485588236188,100
XGBoost_Pool,0.1004448707183745,100
KRR_Pool,1.602927647619,100
NN_Pool,5.7499391621759415,100
XGBoost_TLCQM,0.0998801712087658,100
KRR_TLCQM,1.7711970054524857,100
NN_TLCQM,0.2057805651244477,100
XGBoost_Target_Only,0.1078740484195909,200
KRR_Target_Only,18.653753125846443,200
NN_Target_Only,24.860604203010308,200
XGBoost_Pool,0.1019900220373608,200
KRR_Pool,1.5637207927025971,200
NN_Pool,3.0501397663123178,200
XGBoost_TLCQM,0.099689972616008,200
KRR_TLCQM,1.7349511851637238,200
NN_TLCQM,0.1014788709389077,200
XGBoost_Target_Only,0.1055815342633637,300
KRR_Target_Only,14.31809683044492,300
NN_Target_Only,9.490242920357163,300
XGBoost_Pool,0.0980490283051008,300
KRR_Pool,1.5291192328317,300
NN_Pool,3.9939441451803073,300
XGBoost_TLCQM,0.0961071053481783,300
KRR_TLCQM,1.676822371487119,300
NN_TLCQM,0.1025123934542908,300
XGBoost_Target_Only,0.0989181320383347,500
KRR_Target_Only,9.641004450439713,500
NN_Target_Only,0.311403141502467,500
XGBoost_Pool,0.0938623492112847,500
KRR_Pool,1.4503001893333345,500
NN_Pool,4.821332792396931,500
XGBoost_TLCQM,0.0934947945395757,500
KRR_TLCQM,1.5770629690047375,500
NN_TLCQM,0.0980960882217538,500
XGBoost_Target_Only,0.1173386861851553,100
KRR_Target_Only,29.37829134481279,100
NN_Target_Only,20.484563169014606,100
XGBoost_Pool,0.0989895069149308,100
KRR_Pool,1.5887949620036184,100
NN_Pool,5.690953726216973,100
XGBoost_TLCQM,0.1035400049632338,100
KRR_TLCQM,1.759222948189245,100
NN_TLCQM,0.1056360924264016,100
XGBoost_Target_Only,0.1040618325475156,200
KRR_Target_Only,18.441833656074103,200
NN_Target_Only,18.362206863218532,200
XGBoost_Pool,0.098523652827357,200
KRR_Pool,1.6104419283538225,200
NN_Pool,3.546573312330156,200
XGBoost_TLCQM,0.1003543489972534,200
KRR_TLCQM,1.7919052096309145,200
NN_TLCQM,0.1062063915439746,200
XGBoost_Target_Only,0.0976080296936911,300
KRR_Target_Only,13.54675044135703,300
NN_Target_Only,6.435143003272257,300
XGBoost_Pool,0.0969726659341679,300
KRR_Pool,1.5707637567173311,300
NN_Pool,3.534287379063881,300
XGBoost_TLCQM,0.1032810589750403,300
KRR_TLCQM,1.7470301204247642,300
NN_TLCQM,0.1789101312566218,300
XGBoost_Target_Only,0.0955342209412732,500
KRR_Target_Only,9.320384372453152,500
NN_Target_Only,0.1847163131410164,500
XGBoost_Pool,0.0978133090401103,500
KRR_Pool,1.5381934357643028,500
NN_Pool,4.196273753780657,500
XGBoost_TLCQM,0.1003470425833002,500
KRR_TLCQM,1.7037115986186568,500
NN_TLCQM,0.1974458537435117,500
XGBoost_Target_Only,0.1125839535759208,100
KRR_Target_Only,29.51826724666009,100
NN_Target_Only,20.45069592334184,100
XGBoost_Pool,0.0973968593019841,100
KRR_Pool,1.58227328363668,100
NN_Pool,6.279830454774335,100
XGBoost_TLCQM,0.1014060281820287,100
KRR_TLCQM,1.8030992773810277,100
NN_TLCQM,0.1112237958708702,100
XGBoost_Target_Only,0.1026640905885614,200
KRR_Target_Only,20.55838401241709,200
NN_Target_Only,19.8532565504778,200
XGBoost_Pool,0.0988126202740998,200
KRR_Pool,1.5542041561928028,200
NN_Pool,3.2915020136969466,200
XGBoost_TLCQM,0.0974860281335421,200
KRR_TLCQM,1.7285646318499006,200
NN_TLCQM,0.1146008747464484,200
XGBoost_Target_Only,0.0958374380026723,300
KRR_Target_Only,14.681952035603125,300
NN_Target_Only,0.5689779001607704,300
XGBoost_Pool,0.0949504088841777,300
KRR_Pool,1.5585967035527266,300
NN_Pool,3.3142313629842826,300
XGBoost_TLCQM,0.0986894589191181,300
KRR_TLCQM,1.7423599754124162,300
NN_TLCQM,0.1214886422045997,300
XGBoost_Target_Only,0.0900838660531196,500
KRR_Target_Only,8.912470404001775,500
NN_Target_Only,0.1898617476407592,500
XGBoost_Pool,0.0936255803609866,500
KRR_Pool,1.488218287740228,500
NN_Pool,3.362763592965531,500
XGBoost_TLCQM,0.0946098430573706,500
KRR_TLCQM,1.6504547515796255,500
NN_TLCQM,0.1118765070928291,500
XGBoost_Target_Only,0.1212105943992443,100
KRR_Target_Only,29.77328155588957,100
NN_Target_Only,20.209191801084767,100
XGBoost_Pool,0.0995250103961661,100
KRR_Pool,1.6535110648409943,100
NN_Pool,5.823951971126671,100
XGBoost_TLCQM,0.1063040674364495,100
KRR_TLCQM,1.8360569132237765,100
NN_TLCQM,0.2052730236490097,100
XGBoost_Target_Only,0.1056475660482171,200
KRR_Target_Only,19.571703349991516,200
NN_Target_Only,23.806690041063167,200
XGBoost_Pool,0.0999494833332696,200
KRR_Pool,1.5958482355007269,200
NN_Pool,4.644370864692322,200
XGBoost_TLCQM,0.100638323214933,200
KRR_TLCQM,1.7781202677741654,200
NN_TLCQM,0.1359536055996775,200
XGBoost_Target_Only,0.1020993126788745,300
KRR_Target_Only,13.878647664961768,300
NN_Target_Only,0.1892323453835337,300
XGBoost_Pool,0.1000368707902125,300
KRR_Pool,1.6148300890184808,300
NN_Pool,4.037964229609959,300
XGBoost_TLCQM,0.099234675493877,300
KRR_TLCQM,1.7968101997946664,300
NN_TLCQM,0.3285052916861533,300
XGBoost_Target_Only,0.0958800065989705,500
KRR_Target_Only,8.877873942738805,500
NN_Target_Only,0.1451167640362254,500
XGBoost_Pool,0.0982134755292376,500
KRR_Pool,1.5666305443260762,500
NN_Pool,3.395947312432676,500
XGBoost_TLCQM,0.0981677477444706,500
KRR_TLCQM,1.7388061778052062,500
NN_TLCQM,0.1978300164152234,500
XGBoost_Target_Only,0.1124184287029748,100
KRR_Target_Only,27.16971655369142,100
NN_Target_Only,20.89311059770797,100
XGBoost_Pool,0.1003219871384127,100
KRR_Pool,1.6529798902398365,100
NN_Pool,5.2893745258722085,100
XGBoost_TLCQM,0.1069983259205163,100
KRR_TLCQM,1.857479949241015,100
NN_TLCQM,0.1077871288577688,100
XGBoost_Target_Only,0.1087559465871951,200
KRR_Target_Only,17.604032397138365,200
NN_Target_Only,20.556172887564014,200
XGBoost_Pool,0.0992847753254161,200
KRR_Pool,1.6166175676547734,200
NN_Pool,4.01075142551867,200
XGBoost_TLCQM,0.0982950648300262,200
KRR_TLCQM,1.7951159722754848,200
NN_TLCQM,0.1530062821576726,200
XGBoost_Target_Only,0.0999174671080782,300
KRR_Target_Only,13.272397363594798,300
NN_Target_Only,6.920782468645774,300
XGBoost_Pool,0.099136755879876,300
KRR_Pool,1.580083186394481,300
NN_Pool,2.5916691609065032,300
XGBoost_TLCQM,0.1025378734932568,300
KRR_TLCQM,1.748463179973906,300
NN_TLCQM,0.1087795874583671,300
XGBoost_Target_Only,0.1195718304528768,100
KRR_Target_Only,29.866551586125787,100
NN_Target_Only,21.73476174360457,100
XGBoost_Pool,0.1011566988001259,100
KRR_Pool,1.6390139223350055,100
NN_Pool,5.901378747864272,100
XGBoost_TLCQM,0.1005605945869656,100
KRR_TLCQM,1.8132397752610048,100
NN_TLCQM,0.1717209725800236,100
XGBoost_Target_Only,0.1015811397202668,200
KRR_Target_Only,17.592938920038538,200
NN_Target_Only,22.255502191398133,200
XGBoost_Pool,0.0976615839722585,200
KRR_Pool,1.607531654594152,200
NN_Pool,3.2461357500673462,200
XGBoost_TLCQM,0.0984305236333659,200
KRR_TLCQM,1.7968585945369904,200
NN_TLCQM,0.1074277060020053,200
XGBoost_Target_Only,0.0960391708334295,300
KRR_Target_Only,13.337323327859536,300
NN_Target_Only,8.107918621801124,300
XGBoost_Pool,0.0959205677734678,300
KRR_Pool,1.6117394546029815,300
NN_Pool,5.9127720767219385,300
XGBoost_TLCQM,0.0975793232417836,300
KRR_TLCQM,1.7721951931044515,300
NN_TLCQM,0.1136500437910739,300
XGBoost_Target_Only,0.1209081630602532,100
KRR_Target_Only,31.725032505621154,100
NN_Target_Only,24.348639351095816,100
XGBoost_Pool,0.0984986643208357,100
KRR_Pool,1.6245110066493065,100
NN_Pool,5.69893789092828,100
XGBoost_TLCQM,0.0963888578445971,100
KRR_TLCQM,1.7998071156372168,100
NN_TLCQM,0.1036960960959964,100
XGBoost_Target_Only,0.1092050967221966,200
KRR_Target_Only,20.598748833597227,200
NN_Target_Only,24.49168265022088,200
XGBoost_Pool,0.0963198256563306,200
KRR_Pool,1.5422262918747036,200
NN_Pool,4.281700624026056,200
XGBoost_TLCQM,0.0983794643349426,200
KRR_TLCQM,1.7116934832325326,200
NN_TLCQM,0.1181235300048117,200
XGBoost_Target_Only,0.0971971499132906,300
KRR_Target_Only,14.151090033008993,300
NN_Target_Only,0.3794733788307715,300
XGBoost_Pool,0.0947845701044769,300
KRR_Pool,1.5065122912410585,300
NN_Pool,3.2995834592325184,300
XGBoost_TLCQM,0.0947422000753207,300
KRR_TLCQM,1.664266463028131,300
NN_TLCQM,0.1002148875409812,300
XGBoost_Target_Only,0.1024293072476675,500
KRR_Target_Only,8.850197592312506,500
NN_Target_Only,0.2776826542833398,500
XGBoost_Pool,0.0946573453201602,500
KRR_Pool,1.451223361087855,500
NN_Pool,3.390163619241788,500
XGBoost_TLCQM,0.0953399554891884,500
KRR_TLCQM,1.5883776702815189,500
NN_TLCQM,0.1385612100737161,500
XGBoost_Target_Only,0.1185110553483289,100
KRR_Target_Only,33.12801435039751,100
NN_Target_Only,24.128530209281788,100
XGBoost_Pool,0.1016980573954463,100
KRR_Pool,1.5701737094552743,100
NN_Pool,5.527362735512681,100
XGBoost_TLCQM,0.104338339453535,100
KRR_TLCQM,1.7471233661890364,100
NN_TLCQM,0.8924157422936174,100
XGBoost_Target_Only,0.1116212389179631,200
KRR_Target_Only,20.45562102640619,200
NN_Target_Only,26.232569453072102,200
XGBoost_Pool,0.1007963115922721,200
KRR_Pool,1.551419801925017,200
NN_Pool,3.1740241819016126,200
XGBoost_TLCQM,0.0983941451013288,200
KRR_TLCQM,1.724548898404091,200
NN_TLCQM,0.0994905451049013,200
XGBoost_Target_Only,0.1006769078695015,300
KRR_Target_Only,15.906848645425962,300
NN_Target_Only,0.2425695130859865,300
XGBoost_Pool,0.0985165616719746,300
KRR_Pool,1.5164616306131036,300
NN_Pool,3.226417247980897,300
XGBoost_TLCQM,0.0967725498387525,300
KRR_TLCQM,1.6813997021416645,300
NN_TLCQM,0.0988363350707606,300
XGBoost_Target_Only,0.0953871819633815,500
KRR_Target_Only,8.898901139877267,500
NN_Target_Only,0.1580269310264495,500
XGBoost_Pool,0.0960286212173501,500
KRR_Pool,1.5004745407921851,500
NN_Pool,3.0906710681449474,500
XGBoost_TLCQM,0.0947134586643363,500
KRR_TLCQM,1.6565652761771943,500
NN_TLCQM,0.0980165445334677,500
XGBoost_Target_Only,0.1146548201224699,100
KRR_Target_Only,29.252822411524157,100
NN_Target_Only,24.41747457964935,100
XGBoost_Pool,0.1007654182190074,100
KRR_Pool,1.574963569131438,100
NN_Pool,5.311459735240263,100
XGBoost_TLCQM,0.0995871517217179,100
KRR_TLCQM,1.724755975561644,100
NN_TLCQM,0.1788480988309573,100
XGBoost_Target_Only,0.1049499743425496,200
KRR_Target_Only,19.41782309731094,200
NN_Target_Only,23.84275011728935,200
XGBoost_Pool,0.1006696346299906,200
KRR_Pool,1.4893978609873335,200
NN_Pool,3.5408036066019006,200
XGBoost_TLCQM,0.101745814754338,200
KRR_TLCQM,1.6371346388505157,200
NN_TLCQM,0.0995044822514349,200
XGBoost_Target_Only,0.1000594854843174,300
KRR_Target_Only,14.400781571628322,300
NN_Target_Only,7.087242948580197,300
XGBoost_Pool,0.0977896537585741,300
KRR_Pool,1.425367725869866,300
NN_Pool,2.9067868504991994,300
XGBoost_TLCQM,0.0986597901122786,300
KRR_TLCQM,1.5603195879901766,300
NN_TLCQM,0.1030991224673427,300
XGBoost_Target_Only,0.0956626398412385,500
KRR_Target_Only,8.785346246293605,500
NN_Target_Only,1.8884980789614203,500
XGBoost_Pool,0.0962566872959092,500
KRR_Pool,1.440202533760472,500
NN_Pool,2.792611382121435,500
XGBoost_TLCQM,0.0953539031709273,500
KRR_TLCQM,1.5773437507967922,500
NN_TLCQM,0.1135877825025889,500
XGBoost_Target_Only,0.1055236541350313,100
KRR_Target_Only,29.29613785623088,100
NN_Target_Only,18.628686678268767,100
XGBoost_Pool,0.0987039791071317,100
KRR_Pool,1.656567609165842,100
NN_Pool,4.941074278378251,100
XGBoost_TLCQM,0.1058129699194585,100
KRR_TLCQM,1.852524789529308,100
NN_TLCQM,0.118424099277462,100
XGBoost_Target_Only,0.0989354807943651,200
KRR_Target_Only,19.330210092542806,200
NN_Target_Only,22.64649979634772,200
XGBoost_Pool,0.0975410419222125,200
KRR_Pool,1.6025112190183042,200
NN_Pool,3.0285295232873826,200
XGBoost_TLCQM,0.1010480345220669,200
KRR_TLCQM,1.7956138022746615,200
NN_TLCQM,0.1030569174950217,200
XGBoost_Target_Only,0.0973807369994892,300
KRR_Target_Only,14.71539967239207,300
NN_Target_Only,6.883464006661626,300
XGBoost_Pool,0.0971376624886339,300
KRR_Pool,1.5512807810092644,300
NN_Pool,3.4115029102587675,300
XGBoost_TLCQM,0.0980120572954249,300
KRR_TLCQM,1.7564723631267585,300
NN_TLCQM,0.109903991703837,300
XGBoost_Target_Only,0.0930152289145406,500
KRR_Target_Only,9.262229186078924,500
NN_Target_Only,0.1617735166600693,500
XGBoost_Pool,0.0949888259979686,500
KRR_Pool,1.457862992153091,500
NN_Pool,4.472224741984172,500
XGBoost_TLCQM,0.096100303841375,500
KRR_TLCQM,1.6354687382216782,500
NN_TLCQM,0.1015346336065451,500
XGBoost_Target_Only,0.1218144950799693,100
KRR_Target_Only,30.414543381954427,100
NN_Target_Only,20.716791988172176,100
XGBoost_Pool,0.1049897849123717,100
KRR_Pool,1.6206434104012597,100
NN_Pool,3.461616208643168,100
XGBoost_TLCQM,0.112656036292853,100
KRR_TLCQM,1.8274991656630908,100
NN_TLCQM,0.1074981230588225,100
XGBoost_Target_Only,0.1055152631891812,200
KRR_Target_Only,18.007663798409293,200
NN_Target_Only,20.241411565398156,200
XGBoost_Pool,0.0988664738745624,200
KRR_Pool,1.5925573552305998,200
NN_Pool,3.587286345198805,200
XGBoost_TLCQM,0.1056443111072772,200
KRR_TLCQM,1.759923910066598,200
NN_TLCQM,0.1392504108383553,200
XGBoost_Target_Only,0.0958297865778395,300
KRR_Target_Only,14.072851000518115,300
NN_Target_Only,0.1852231053733608,300
XGBoost_Pool,0.098919501922464,300
KRR_Pool,1.5932520694502923,300
NN_Pool,3.334009315358008,300
XGBoost_TLCQM,0.1025356614177388,300
KRR_TLCQM,1.7573346386983024,300
NN_TLCQM,0.1047111434523168,300
XGBoost_Target_Only,0.0974061932926946,500
KRR_Target_Only,9.991880809261994,500
NN_Target_Only,0.7032867303610452,500
XGBoost_Pool,0.0965542395954275,500
KRR_Pool,1.5693232188151265,500
NN_Pool,3.65215096941158,500
XGBoost_TLCQM,0.1042461870629656,500
KRR_TLCQM,1.730266387322184,500
NN_TLCQM,0.1382256122707763,500
XGBoost_Target_Only,0.1166782679353527,100
KRR_Target_Only,29.56849646462465,100
NN_Target_Only,23.35763077866137,100
XGBoost_Pool,0.1021667193579396,100
KRR_Pool,1.5927136036833829,100
NN_Pool,5.374425972114635,100
XGBoost_TLCQM,0.1022929234943317,100
KRR_TLCQM,1.7928759940810644,100
NN_TLCQM,0.0993202651654482,100
XGBoost_Target_Only,0.0990287628792244,200
KRR_Target_Only,19.098958517231235,200
NN_Target_Only,23.73146931108796,200
XGBoost_Pool,0.1016029286519641,200
KRR_Pool,1.5525915529938783,200
NN_Pool,3.638292270875152,200
XGBoost_TLCQM,0.098414412820281,200
KRR_TLCQM,1.7438081999359265,200
NN_TLCQM,0.0993209247318289,200
XGBoost_Target_Only,0.1010555451583249,300
KRR_Target_Only,14.197539860881738,300
NN_Target_Only,0.2482817586551033,300
XGBoost_Pool,0.101404387740924,300
KRR_Pool,1.539169778358872,300
NN_Pool,6.155438471489846,300
XGBoost_TLCQM,0.1014203996404436,300
KRR_TLCQM,1.7321680076144186,300
NN_TLCQM,0.3285657693198319,300
XGBoost_Target_Only,0.1002079115961007,500
KRR_Target_Only,9.05559464462467,500
NN_Target_Only,0.5422690922973722,500
XGBoost_Pool,0.0974669642566468,500
KRR_Pool,1.4464972351409913,500
NN_Pool,2.63675829306557,500
XGBoost_TLCQM,0.0970534072386061,500
KRR_TLCQM,1.613970239165599,500
NN_TLCQM,0.1030755174017499,500
XGBoost_Target_Only,0.1193899062639454,100
KRR_Target_Only,30.876030722679204,100
NN_Target_Only,21.691997772424862,100
XGBoost_Pool,0.1028727770029703,100
KRR_Pool,1.6178949267663272,100
NN_Pool,6.126408109644177,100
XGBoost_TLCQM,0.0991196413935706,100
KRR_TLCQM,1.830089170999996,100
NN_TLCQM,0.1645743156335685,100
XGBoost_Target_Only,0.107734098744369,200
KRR_Target_Only,19.33949686495283,200
NN_Target_Only,20.48794207670324,200
XGBoost_Pool,0.09775537564692,200
KRR_Pool,1.5966603144013138,200
NN_Pool,7.403660629229653,200
XGBoost_TLCQM,0.0973976734831512,200
KRR_TLCQM,1.7634086363741788,200
NN_TLCQM,0.1335351225692412,200
XGBoost_Target_Only,0.1022610664229866,300
KRR_Target_Only,15.095755966837103,300
NN_Target_Only,7.003836764074553,300
XGBoost_Pool,0.0973593771169006,300
KRR_Pool,1.5656685660541807,300
NN_Pool,2.796005438773788,300
XGBoost_TLCQM,0.0971168428924001,300
KRR_TLCQM,1.7341758271493213,300
NN_TLCQM,0.1020194692349599,300
XGBoost_Target_Only,0.0973712602236093,500
KRR_Target_Only,8.985473227327716,500
NN_Target_Only,0.1871871850569815,500
XGBoost_Pool,0.0973222384642744,500
KRR_Pool,1.5086207828702567,500
NN_Pool,3.442656829839196,500
XGBoost_TLCQM,0.0960782361483928,500
KRR_TLCQM,1.665109444578773,500
NN_TLCQM,0.1097467253419207,500
XGBoost_Target_Only,0.1101656037924762,100
KRR_Target_Only,31.91510946324109,100
NN_Target_Only,22.51146360698383,100
XGBoost_Pool,0.0988083222695424,100
KRR_Pool,1.6020663387508856,100
NN_Pool,3.908843370451175,100
XGBoost_TLCQM,0.0997776872820319,100
KRR_TLCQM,1.7671122575248426,100
NN_TLCQM,0.1059696555972669,100
XGBoost_Target_Only,0.1116736334943224,200
KRR_Target_Only,20.153533873967604,200
NN_Target_Only,20.70304764117872,200
XGBoost_Pool,0.0970084881669073,200
KRR_Pool,1.59292233020957,200
NN_Pool,3.6893296825073887,200
XGBoost_TLCQM,0.0988606726838302,200
KRR_TLCQM,1.74349174001248,200
NN_TLCQM,0.1764678626619059,200
XGBoost_Target_Only,0.0970236779911349,300
KRR_Target_Only,13.813673389101956,300
NN_Target_Only,10.071883138224818,300
XGBoost_Pool,0.0966858347709243,300
KRR_Pool,1.579734283974262,300
NN_Pool,3.380874332597029,300
XGBoost_TLCQM,0.1004221589488911,300
KRR_TLCQM,1.7345071748818572,300
NN_TLCQM,0.1100702262622655,300
XGBoost_Target_Only,0.1003163139396295,500
KRR_Target_Only,8.369078227241761,500
NN_Target_Only,0.2249057670958244,500
XGBoost_Pool,0.0933817316403032,500
KRR_Pool,1.5672913878377297,500
NN_Pool,3.240795704014582,500
XGBoost_TLCQM,0.097478519865464,500
KRR_TLCQM,1.722769775003472,500
NN_TLCQM,0.1671136375638297,500
XGBoost_Target_Only,0.1197902629337667,100
KRR_Target_Only,30.219303325176867,100
NN_Target_Only,21.609132665296613,100
XGBoost_Pool,0.0986496913194542,100
KRR_Pool,1.61919499780389,100
NN_Pool,3.3570683903626413,100
XGBoost_TLCQM,0.1079004924653685,100
KRR_TLCQM,1.812711550195266,100
NN_TLCQM,0.1350409996314131,100
XGBoost_Target_Only,0.106585101164809,200
KRR_Target_Only,19.69487347562707,200
NN_Target_Only,23.79298433648259,200
XGBoost_Pool,0.0998913354948966,200
KRR_Pool,1.5975953899106063,200
NN_Pool,3.938092845037097,200
XGBoost_TLCQM,0.1066103186228728,200
KRR_TLCQM,1.805477997544973,200
NN_TLCQM,0.1038118322277845,200
XGBoost_Target_Only,0.0994343662851641,300
KRR_Target_Only,13.6310158933704,300
NN_Target_Only,0.4178815723139109,300
XGBoost_Pool,0.0974316068460414,300
KRR_Pool,1.555407081883296,300
NN_Pool,2.7132273609134216,300
XGBoost_TLCQM,0.1016336034331741,300
KRR_TLCQM,1.7540130186918212,300
NN_TLCQM,0.1058912330775969,300
XGBoost_Target_Only,0.0964841069424943,500
KRR_Target_Only,9.200914463669717,500
NN_Target_Only,1.874230004149368,500
XGBoost_Pool,0.0955963381443897,500
KRR_Pool,1.484223436420616,500
NN_Pool,4.043179033814734,500
XGBoost_TLCQM,0.095425413026823,500
KRR_TLCQM,1.6710604485810592,500
NN_TLCQM,0.2876557903538554,500
XGBoost_Target_Only,0.1260038595020197,100
KRR_Target_Only,29.04685649099226,100
NN_Target_Only,15.150646200205516,100
XGBoost_Pool,0.1029723278360395,100
KRR_Pool,1.628603234655458,100
NN_Pool,5.327392539262279,100
XGBoost_TLCQM,0.1080483097002578,100
KRR_TLCQM,1.8291568643348568,100
NN_TLCQM,0.1005687741172172,100
XGBoost_Target_Only,0.1269027453678422,200
KRR_Target_Only,19.496354525232903,200
NN_Target_Only,18.61699642298671,200
XGBoost_Pool,0.0997606300305342,200
KRR_Pool,1.5830172965116045,200
NN_Pool,4.969242240957096,200
XGBoost_TLCQM,0.1146370564702929,200
KRR_TLCQM,1.7933709458475295,200
NN_TLCQM,0.1017135326474796,200
XGBoost_Target_Only,0.1060049669447985,300
KRR_Target_Only,14.92791857028636,300
NN_Target_Only,0.2929035406195971,300
XGBoost_Pool,0.0993321511686584,300
KRR_Pool,1.5170740430192635,300
NN_Pool,3.3065026303934784,300
XGBoost_TLCQM,0.1064270719149633,300
KRR_TLCQM,1.700069306907563,300
NN_TLCQM,0.1072092030911926,300
XGBoost_Target_Only,0.0989417757556664,500
KRR_Target_Only,9.35661784860619,500
NN_Target_Only,0.8847595151978241,500
XGBoost_Pool,0.0953309722318687,500
KRR_Pool,1.5031738279395197,500
NN_Pool,4.586526539305987,500
XGBoost_TLCQM,0.0994462282902381,500
KRR_TLCQM,1.6735139504411356,500
NN_TLCQM,0.1129341157695276,500
XGBoost_Target_Only,0.1473285906608482,100
KRR_Target_Only,29.452111858917643,100
NN_Target_Only,23.01461397721483,100
XGBoost_Pool,0.1029059864455106,100
KRR_Pool,1.6049099222299943,100
NN_Pool,5.546214165851737,100
XGBoost_TLCQM,0.1011242239567194,100
KRR_TLCQM,1.7972856866641722,100
NN_TLCQM,0.1109529657726267,100
XGBoost_Target_Only,0.1172942782604753,200
KRR_Target_Only,18.611504004325933,200
NN_Target_Only,21.980691500162685,200
XGBoost_Pool,0.1004146776551173,200
KRR_Pool,1.584911613823854,200
NN_Pool,3.5173791088714146,200
XGBoost_TLCQM,0.101011671074752,200
KRR_TLCQM,1.7720903554980654,200
NN_TLCQM,0.1001735497873885,200
XGBoost_Target_Only,0.1041484436200641,300
KRR_Target_Only,13.4472192630096,300
NN_Target_Only,0.3920109178009723,300
XGBoost_Pool,0.0988770195902596,300
KRR_Pool,1.4732780535109744,300
NN_Pool,6.087197743020796,300
XGBoost_TLCQM,0.097924069313824,300
KRR_TLCQM,1.6191370807036904,300
NN_TLCQM,0.1214660197641199,300
XGBoost_Target_Only,0.0952581810451878,500
KRR_Target_Only,8.97926284006225,500
NN_Target_Only,0.4802826230163715,500
XGBoost_Pool,0.0974594796719592,500
KRR_Pool,1.4216633300963009,500
NN_Pool,3.397783524975096,500
XGBoost_TLCQM,0.0943555460545322,500
KRR_TLCQM,1.5660356329090483,500
NN_TLCQM,0.1074848961592238,500
XGBoost_Target_Only,0.1239380975673879,100
KRR_Target_Only,30.35385488119571,100
NN_Target_Only,22.58399987901135,100
XGBoost_Pool,0.1022501227809416,100
KRR_Pool,1.5776042797051468,100
NN_Pool,5.750131910537172,100
XGBoost_TLCQM,0.1122061581245183,100
KRR_TLCQM,1.7519438252069757,100
NN_TLCQM,0.1059498471637968,100
XGBoost_Target_Only,0.100825657092353,200
KRR_Target_Only,18.90202826730519,200
NN_Target_Only,28.37222616300164,200
XGBoost_Pool,0.0998576255971619,200
KRR_Pool,1.5328139332378723,200
NN_Pool,3.4638364159950243,200
XGBoost_TLCQM,0.0984515872486619,200
KRR_TLCQM,1.6943586151715786,200
NN_TLCQM,0.1052945019915318,200
XGBoost_Target_Only,0.1009715781125638,300
KRR_Target_Only,13.283411154606362,300
NN_Target_Only,7.363276337978906,300
XGBoost_Pool,0.0969444943276575,300
KRR_Pool,1.5025702293080887,300
NN_Pool,6.006520499913441,300
XGBoost_TLCQM,0.0989812504243166,300
KRR_TLCQM,1.6535349836090605,300
NN_TLCQM,0.0980342364667762,300
XGBoost_Target_Only,0.0933163251579419,500
KRR_Target_Only,9.106221516183844,500
NN_Target_Only,1.6945714726927956,500
XGBoost_Pool,0.0952877005510749,500
KRR_Pool,1.458946631412524,500
NN_Pool,2.883400722414474,500
XGBoost_TLCQM,0.097349475057157,500
KRR_TLCQM,1.6082388661971023,500
NN_TLCQM,0.2583392504096195,500
XGBoost_Target_Only,0.1178306839278596,100
KRR_Target_Only,27.56428972106918,100
NN_Target_Only,19.94909171546884,100
XGBoost_Pool,0.1020333162206381,100
KRR_Pool,1.6187797083801168,100
NN_Pool,5.544738437553274,100
XGBoost_TLCQM,0.1012027712142845,100
KRR_TLCQM,1.7748834207910125,100
NN_TLCQM,0.1145465400491977,100
XGBoost_Target_Only,0.1074233727632911,200
KRR_Target_Only,18.34757701488254,200
NN_Target_Only,21.35133229904189,200
XGBoost_Pool,0.101390139002692,200
KRR_Pool,1.606282354062274,200
NN_Pool,4.771260265421335,200
XGBoost_TLCQM,0.0982224267612709,200
KRR_TLCQM,1.781333272070197,200
NN_TLCQM,0.1021814987216825,200
XGBoost_Target_Only,0.0998605171775941,300
KRR_Target_Only,14.132271122910394,300
NN_Target_Only,1.7242109540322457,300
XGBoost_Pool,0.0999977363578727,300
KRR_Pool,1.5710921956186126,300
NN_Pool,4.086913328757155,300
XGBoost_TLCQM,0.0969662965255102,300
KRR_TLCQM,1.7036785878877092,300
NN_TLCQM,0.1170236098669745,300
XGBoost_Target_Only,0.1126803916693701,100
KRR_Target_Only,30.453909099934958,100
NN_Target_Only,21.71568418333806,100
XGBoost_Pool,0.1000178290008369,100
KRR_Pool,1.605336118117061,100
NN_Pool,3.424733197223153,100
XGBoost_TLCQM,0.0990276265423921,100
KRR_TLCQM,1.7941302395114702,100
NN_TLCQM,0.1220110261198845,100
XGBoost_Target_Only,0.0996550826177603,200
KRR_Target_Only,19.81628879097359,200
NN_Target_Only,20.845082812571697,200
XGBoost_Pool,0.0976741775713593,200
KRR_Pool,1.5785536401961635,200
NN_Pool,4.858899108890012,200
XGBoost_TLCQM,0.0991009113365242,200
KRR_TLCQM,1.7602842876024432,200
NN_TLCQM,0.0976617439501517,200
XGBoost_Target_Only,0.0987944961929822,300
KRR_Target_Only,14.186647893145386,300
NN_Target_Only,6.118164485049521,300
XGBoost_Pool,0.0980784375854791,300
KRR_Pool,1.466941529961433,300
NN_Pool,3.149867348175131,300
XGBoost_TLCQM,0.0986088080456308,300
KRR_TLCQM,1.632680764647437,300
NN_TLCQM,0.0975307892390968,300
XGBoost_Target_Only,0.0938439045911901,500
KRR_Target_Only,8.8247411209665,500
NN_Target_Only,0.5003520601031448,500
XGBoost_Pool,0.0940089310782635,500
KRR_Pool,1.3400766195843192,500
NN_Pool,3.1597646559725128,500
XGBoost_TLCQM,0.0957646561351181,500
KRR_TLCQM,1.5045843198240552,500
NN_TLCQM,0.0965593767275883,500
XGBoost_Target_Only,0.1058716032427858,100
KRR_Target_Only,30.72895224382269,100
NN_Target_Only,21.57333635554584,100
XGBoost_Pool,0.1023913006081594,100
KRR_Pool,1.580994894084756,100
NN_Pool,5.364549130333683,100
XGBoost_TLCQM,0.102154666409017,100
KRR_TLCQM,1.7323490977150189,100
NN_TLCQM,0.1029849565078463,100
XGBoost_Target_Only,0.1026955692124068,200
KRR_Target_Only,19.819908086555216,200
NN_Target_Only,21.041052522687004,200
XGBoost_Pool,0.1005810724625276,200
KRR_Pool,1.5785821759279537,200
NN_Pool,3.8551010382775552,200
XGBoost_TLCQM,0.1007749288854724,200
KRR_TLCQM,1.7329868192756337,200
NN_TLCQM,0.1113156437666996,200
XGBoost_Target_Only,0.0999617329606544,300
KRR_Target_Only,14.273163221637382,300
NN_Target_Only,6.332932622249494,300
XGBoost_Pool,0.0994786339504348,300
KRR_Pool,1.5832786357654465,300
NN_Pool,2.802292871331123,300
XGBoost_TLCQM,0.0980751750148751,300
KRR_TLCQM,1.740582160941085,300
NN_TLCQM,0.0993876675293288,300
XGBoost_Target_Only,0.0934328191348052,500
KRR_Target_Only,8.993315951913287,500
NN_Target_Only,0.3625600953503398,500
XGBoost_Pool,0.0935961512279194,500
KRR_Pool,1.5253277200041195,500
NN_Pool,4.898895456291097,500
XGBoost_TLCQM,0.0966537310230335,500
KRR_TLCQM,1.6706675456956686,500
NN_TLCQM,0.1009548275449574,500
XGBoost_Target_Only,0.1217550063105083,100
KRR_Target_Only,28.824469165682565,100
NN_Target_Only,20.846277251687848,100
XGBoost_Pool,0.1005632227415771,100
KRR_Pool,1.6234887679560035,100
NN_Pool,3.369345670411602,100
XGBoost_TLCQM,0.0997772479195842,100
KRR_TLCQM,1.810123914107106,100
NN_TLCQM,0.1677266489944095,100
XGBoost_Target_Only,0.1042965494225046,200
KRR_Target_Only,18.909244803193985,200
NN_Target_Only,23.269959318832186,200
XGBoost_Pool,0.0999935273584103,200
KRR_Pool,1.5680967421516956,200
NN_Pool,3.409958493468488,200
XGBoost_TLCQM,0.0980295001141974,200
KRR_TLCQM,1.7457078916555044,200
NN_TLCQM,0.1064163917456458,200
XGBoost_Target_Only,0.0995450829230353,300
KRR_Target_Only,13.6152089465572,300
NN_Target_Only,1.731418930211441,300
XGBoost_Pool,0.0981579120239578,300
KRR_Pool,1.546834870405062,300
NN_Pool,3.381409730522301,300
XGBoost_TLCQM,0.0963386740010999,300
KRR_TLCQM,1.7333668262919049,300
NN_TLCQM,0.1474012118626502,300
XGBoost_Target_Only,0.096738195922792,500
KRR_Target_Only,8.363346805926037,500
NN_Target_Only,0.3402585852654534,500
XGBoost_Pool,0.0964670307694763,500
KRR_Pool,1.5219797591124242,500
NN_Pool,3.658164779625365,500
XGBoost_TLCQM,0.0973905133457727,500
KRR_TLCQM,1.6903637821530353,500
NN_TLCQM,0.1186982995407908,500
XGBoost_Target_Only,0.1232922110011858,100
KRR_Target_Only,29.89620550025644,100
NN_Target_Only,18.849753441476512,100
XGBoost_Pool,0.1023923980658918,100
KRR_Pool,1.626553736679379,100
NN_Pool,5.326392283052819,100
XGBoost_TLCQM,0.1082264559894337,100
KRR_TLCQM,1.8345113241663065,100
NN_TLCQM,0.1100605626031292,100
XGBoost_Target_Only,0.1075010704886582,200
KRR_Target_Only,19.052109178999697,200
NN_Target_Only,20.89208882793063,200
XGBoost_Pool,0.099928672589852,200
KRR_Pool,1.5700409489067482,200
NN_Pool,3.300102381072801,200
XGBoost_TLCQM,0.1026017396215957,200
KRR_TLCQM,1.7471486869872024,200
NN_TLCQM,0.1218885305609116,200
XGBoost_Target_Only,0.1019411935393711,300
KRR_Target_Only,15.042637923072652,300
NN_Target_Only,0.7848663635469245,300
XGBoost_Pool,0.0986399843531994,300
KRR_Pool,1.5836375564341472,300
NN_Pool,4.22897874400782,300
XGBoost_TLCQM,0.0963228035796576,300
KRR_TLCQM,1.7511325757449543,300
NN_TLCQM,0.0992072606187527,300
XGBoost_Target_Only,0.0951531403094937,500
KRR_Target_Only,9.312868361117928,500
NN_Target_Only,0.248940406773174,500
XGBoost_Pool,0.0969763432521004,500
KRR_Pool,1.4694660373020425,500
NN_Pool,6.468263273823606,500
XGBoost_TLCQM,0.0954206513882072,500
KRR_TLCQM,1.6112739989034508,500
NN_TLCQM,0.0987304238578725,500
XGBoost_Target_Only,0.1231452951024736,100
KRR_Target_Only,30.917558898441836,100
NN_Target_Only,24.095338675384134,100
XGBoost_Pool,0.1018971834183836,100
KRR_Pool,1.572300474194254,100
NN_Pool,3.3467388583369617,100
XGBoost_TLCQM,0.1057863996632919,100
KRR_TLCQM,1.7598881674396851,100
NN_TLCQM,0.1100603783615852,100
XGBoost_Target_Only,0.1030810105152276,200
KRR_Target_Only,20.67787275835074,200
NN_Target_Only,21.20353921588236,200
XGBoost_Pool,0.0994528233619169,200
KRR_Pool,1.5207549788990833,200
NN_Pool,3.001936341835133,200
XGBoost_TLCQM,0.1048743046378562,200
KRR_TLCQM,1.713546379768917,200
NN_TLCQM,0.1057536961668128,200
XGBoost_Target_Only,0.1014326445907478,300
KRR_Target_Only,15.842305201747118,300
NN_Target_Only,0.4873653234131411,300
XGBoost_Pool,0.097493735504783,300
KRR_Pool,1.5072004666500238,300
NN_Pool,3.591227477294538,300
XGBoost_TLCQM,0.1004075578516268,300
KRR_TLCQM,1.6932831128508516,300
NN_TLCQM,0.1129051050709616,300
XGBoost_Target_Only,0.0966103755619263,500
KRR_Target_Only,9.53514536062115,500
NN_Target_Only,0.3961868373034964,500
XGBoost_Pool,0.0950217589917298,500
KRR_Pool,1.4222541113732272,500
NN_Pool,3.5139744069179017,500
XGBoost_TLCQM,0.095345241894232,500
KRR_TLCQM,1.578547041650608,500
NN_TLCQM,0.1827686423168592,500
XGBoost_Target_Only,0.1378045279707858,100
KRR_Target_Only,29.42247811136509,100
NN_Target_Only,20.92508019516185,100
XGBoost_Pool,0.0989993827506046,100
KRR_Pool,1.6258336489803054,100
NN_Pool,3.867355354798413,100
XGBoost_TLCQM,0.0992820166617836,100
KRR_TLCQM,1.838341178650379,100
NN_TLCQM,0.1623834922467735,100
XGBoost_Target_Only,0.110553439315033,200
KRR_Target_Only,19.79969922271692,200
NN_Target_Only,19.978455450808,200
XGBoost_Pool,0.0951659821519199,200
KRR_Pool,1.586064578446542,200
NN_Pool,3.430231873248743,200
XGBoost_TLCQM,0.0974188277316666,200
KRR_TLCQM,1.775582392910822,200
NN_TLCQM,0.1414649426935373,200
XGBoost_Target_Only,0.112639968155164,300
KRR_Target_Only,15.079588949913116,300
NN_Target_Only,6.76161160115705,300
XGBoost_Pool,0.0951911116331574,300
KRR_Pool,1.6004009235191632,300
NN_Pool,3.5673539110826726,300
XGBoost_TLCQM,0.0967416465148634,300
KRR_TLCQM,1.774422878626316,300
NN_TLCQM,0.0976643595687312,300
XGBoost_Target_Only,0.121044894972826,100
KRR_Target_Only,28.763416384189707,100
NN_Target_Only,20.06186130990473,100
XGBoost_Pool,0.1020610715768988,100
KRR_Pool,1.6450044152141428,100
NN_Pool,5.751922506174528,100
XGBoost_TLCQM,0.1081671990659258,100
KRR_TLCQM,1.8484109941074336,100
NN_TLCQM,0.1155962017069108,100
XGBoost_Target_Only,0.1073876963550735,200
KRR_Target_Only,19.93671580807044,200
NN_Target_Only,20.514334290715304,200
XGBoost_Pool,0.0997469071858643,200
KRR_Pool,1.621845710929181,200
NN_Pool,3.19127537051304,200
XGBoost_TLCQM,0.0984450290057415,200
KRR_TLCQM,1.8135851462139183,200
NN_TLCQM,0.1864565578777084,200
XGBoost_Target_Only,0.0997122962733092,300
KRR_Target_Only,13.429345352652094,300
NN_Target_Only,0.63252107526165,300
XGBoost_Pool,0.0978964077073818,300
KRR_Pool,1.5843760805718508,300
NN_Pool,6.028248419790504,300
XGBoost_TLCQM,0.0973035594669294,300
KRR_TLCQM,1.7560642081196796,300
NN_TLCQM,0.1109950099205409,300
XGBoost_Target_Only,0.0926447099697899,500
KRR_Target_Only,8.51160580794084,500
NN_Target_Only,6.563772957094443,500
XGBoost_Pool,0.0954939777461636,500
KRR_Pool,1.5566303867653373,500
NN_Pool,3.427729298578832,500
XGBoost_TLCQM,0.096028982105424,500
KRR_TLCQM,1.7196527845473832,500
NN_TLCQM,0.1373825537556867,500
XGBoost_Target_Only,0.1100650703466755,100
KRR_Target_Only,29.12208120164624,100
NN_Target_Only,29.58449162541841,100
XGBoost_Pool,0.1002233013713135,100
KRR_Pool,1.613547630650627,100
NN_Pool,5.198974732896604,100
XGBoost_TLCQM,0.1028968318632596,100
KRR_TLCQM,1.8071486111367276,100
NN_TLCQM,0.1050066103504729,100
XGBoost_Target_Only,0.1164594165243583,200
KRR_Target_Only,18.253014338858534,200
NN_Target_Only,24.82807945400598,200
XGBoost_Pool,0.0985209431524161,200
KRR_Pool,1.6272224077402755,200
NN_Pool,7.608336145454842,200
XGBoost_TLCQM,0.1052791289757777,200
KRR_TLCQM,1.8065662742243875,200
NN_TLCQM,0.1059284888681908,200
XGBoost_Target_Only,0.0992748589865845,300
KRR_Target_Only,14.456166026468368,300
NN_Target_Only,2.195348354705003,300
XGBoost_Pool,0.1001156181303724,300
KRR_Pool,1.5617608407663943,300
NN_Pool,4.122231003582722,300
XGBoost_TLCQM,0.0968901345714886,300
KRR_TLCQM,1.7167767846808764,300
NN_TLCQM,0.131568266773684,300
XGBoost_Target_Only,0.0981211264824032,500
KRR_Target_Only,9.905407485173692,500
NN_Target_Only,1.0292221486340944,500
XGBoost_Pool,0.097820765891568,500
KRR_Pool,1.5295610719198307,500
NN_Pool,3.963781889944826,500
XGBoost_TLCQM,0.0974430887406987,500
KRR_TLCQM,1.6920977398619053,500
NN_TLCQM,0.1042755977206918,500
XGBoost_Target_Only,0.1192507454736445,100
KRR_Target_Only,28.99342326117391,100
NN_Target_Only,17.654328072513206,100
XGBoost_Pool,0.0985687742585671,100
KRR_Pool,1.6379735409566574,100
NN_Pool,5.439900048456092,100
XGBoost_TLCQM,0.0994056591942434,100
KRR_TLCQM,1.825060579851204,100
NN_TLCQM,0.1145061263294035,100
XGBoost_Target_Only,0.1156589750101472,200
KRR_Target_Only,19.208339879795798,200
NN_Target_Only,20.535383494784657,200
XGBoost_Pool,0.0989820486211771,200
KRR_Pool,1.62054550361362,200
NN_Pool,3.3428085690768765,200
XGBoost_TLCQM,0.1021845302953958,200
KRR_TLCQM,1.785437123709248,200
NN_TLCQM,0.0994492740556093,200
XGBoost_Target_Only,0.1074871417973334,300
KRR_Target_Only,14.972156059278102,300
NN_Target_Only,0.6354879159173644,300
XGBoost_Pool,0.098148057786654,300
KRR_Pool,1.6174287860081626,300
NN_Pool,3.297729178139935,300
XGBoost_TLCQM,0.0975619830510978,300
KRR_TLCQM,1.7875616434614834,300
NN_TLCQM,0.0998941802143984,300
XGBoost_Target_Only,0.0946682870762048,500
KRR_Target_Only,9.393715387564065,500
NN_Target_Only,0.3985364914390158,500
XGBoost_Pool,0.0966744674161298,500
KRR_Pool,1.6456283820854458,500
NN_Pool,3.253544440187089,500
XGBoost_TLCQM,0.098009332001687,500
KRR_TLCQM,1.8030675626597024,500
NN_TLCQM,0.31853186988105,500
XGBoost_Target_Only,0.1193449258660463,100
KRR_Target_Only,27.526111222223783,100
NN_Target_Only,20.97431873983141,100
XGBoost_Pool,0.1020838397538559,100
KRR_Pool,1.6234446179198414,100
NN_Pool,5.308296215340891,100
XGBoost_TLCQM,0.1038009475958068,100
KRR_TLCQM,1.822457791758404,100
NN_TLCQM,0.2010766111804164,100
XGBoost_Target_Only,0.1068721984172931,200
KRR_Target_Only,18.470388541369125,200
NN_Target_Only,23.99514214234007,200
XGBoost_Pool,0.1013977100732692,200
KRR_Pool,1.4553558549585222,200
NN_Pool,4.712277845638707,200
XGBoost_TLCQM,0.0977856646164754,200
KRR_TLCQM,1.621135593077303,200
NN_TLCQM,0.1053173124162056,200
XGBoost_Target_Only,0.1027504954356238,300
KRR_Target_Only,14.327426726155505,300
NN_Target_Only,0.2207923900277946,300
XGBoost_Pool,0.0991777239917467,300
KRR_Pool,1.4721327397385462,300
NN_Pool,5.874025395954648,300
XGBoost_TLCQM,0.0988578221627245,300
KRR_TLCQM,1.6321495748805008,300
NN_TLCQM,0.1213210823887872,300
XGBoost_Target_Only,0.0936274124390215,500
KRR_Target_Only,8.971522120109364,500
NN_Target_Only,0.9479311639804288,500
XGBoost_Pool,0.0971800291147293,500
KRR_Pool,1.4182905570708988,500
NN_Pool,3.2801553872696108,500
XGBoost_TLCQM,0.0965681445125847,500
KRR_TLCQM,1.5756326215164556,500
NN_TLCQM,0.1241627267125102,500
XGBoost_Target_Only,0.106415341902424,100
KRR_Target_Only,29.606172850703885,100
NN_Target_Only,21.218743697212293,100
XGBoost_Pool,0.1010673202090587,100
KRR_Pool,1.5041253409329718,100
NN_Pool,3.3759587617547413,100
XGBoost_TLCQM,0.1002697214749399,100
KRR_TLCQM,1.657271766720522,100
NN_TLCQM,0.1001311741782321,100
XGBoost_Target_Only,0.1115509857705259,200
KRR_Target_Only,19.25669359960377,200
NN_Target_Only,20.032279088964827,200
XGBoost_Pool,0.1016946349380198,200
KRR_Pool,1.483804913807488,200
NN_Pool,3.318929314314874,200
XGBoost_TLCQM,0.097392057037507,200
KRR_TLCQM,1.6341158696937526,200
NN_TLCQM,0.2178797968489746,200
XGBoost_Target_Only,0.1075760268262065,300
KRR_Target_Only,13.426578445452089,300
NN_Target_Only,6.849012592220765,300
XGBoost_Pool,0.0991242792227463,300
KRR_Pool,1.4215315047390642,300
NN_Pool,5.576420886294761,300
XGBoost_TLCQM,0.0963074418046868,300
KRR_TLCQM,1.584948178455224,300
NN_TLCQM,0.1050135075426071,300
XGBoost_Target_Only,0.1238324188868914,100
KRR_Target_Only,32.50228929276471,100
NN_Target_Only,25.48286089860542,100
XGBoost_Pool,0.1011098017033635,100
KRR_Pool,1.594769461514818,100
NN_Pool,3.390711089118174,100
XGBoost_TLCQM,0.1047471893494453,100
KRR_TLCQM,1.781785365017475,100
NN_TLCQM,0.1052961754480024,100
XGBoost_Target_Only,0.110069472147576,200
KRR_Target_Only,21.418010288843863,200
NN_Target_Only,23.52297007933201,200
XGBoost_Pool,0.1004725640303531,200
KRR_Pool,1.5266304032177027,200
NN_Pool,3.8576621404021942,200
XGBoost_TLCQM,0.1005836893322317,200
KRR_TLCQM,1.685273902610078,200
NN_TLCQM,0.1211216203493345,200
XGBoost_Target_Only,0.1061926672725894,300
KRR_Target_Only,14.209098728143852,300
NN_Target_Only,6.235848292418834,300
XGBoost_Pool,0.0982889473856377,300
KRR_Pool,1.5125574581489685,300
NN_Pool,2.895989775862696,300
XGBoost_TLCQM,0.0976297174026491,300
KRR_TLCQM,1.669103614196093,300
NN_TLCQM,0.1002919082871673,300
XGBoost_Target_Only,0.0933221049343513,500
KRR_Target_Only,9.963704651336448,500
NN_Target_Only,0.5108503526128748,500
XGBoost_Pool,0.0941449162358064,500
KRR_Pool,1.5034600471852992,500
NN_Pool,3.298224132808877,500
XGBoost_TLCQM,0.096199645935206,500
KRR_TLCQM,1.640090408921015,500
NN_TLCQM,0.2789222010164953,500
XGBoost_Target_Only,0.1134682612733593,100
KRR_Target_Only,29.697765178919056,100
NN_Target_Only,18.21799685468002,100
XGBoost_Pool,0.0986973594415824,100
KRR_Pool,1.6501863068233285,100
NN_Pool,5.393358160009061,100
XGBoost_TLCQM,0.1035039617140576,100
KRR_TLCQM,1.8264889932903456,100
NN_TLCQM,0.1183456178208771,100
XGBoost_Target_Only,0.1136231824516531,200
KRR_Target_Only,19.222404674569304,200
NN_Target_Only,18.68135389794161,200
XGBoost_Pool,0.1000154574897104,200
KRR_Pool,1.652233487130411,200
NN_Pool,3.369216365980973,200
XGBoost_TLCQM,0.1041860740205648,200
KRR_TLCQM,1.8212578870172516,200
NN_TLCQM,0.1141969142468985,200
XGBoost_Target_Only,0.1098236467239699,300
KRR_Target_Only,14.136693143565417,300
NN_Target_Only,0.3119463647701066,300
XGBoost_Pool,0.0992511719279171,300
KRR_Pool,1.6310165659951894,300
NN_Pool,3.9218550377177768,300
XGBoost_TLCQM,0.1019807417549008,300
KRR_TLCQM,1.8097325850669024,300
NN_TLCQM,0.1336247021809085,300
XGBoost_Target_Only,0.1155221705365465,100
KRR_Target_Only,30.300561605471216,100
NN_Target_Only,31.38975241386657,100
XGBoost_Pool,0.1005014458378005,100
KRR_Pool,1.6314966062362528,100
NN_Pool,5.474503896111248,100
XGBoost_TLCQM,0.113160120061399,100
KRR_TLCQM,1.837888659424575,100
NN_TLCQM,0.1280150928047962,100
XGBoost_Target_Only,0.1045419137313976,200
KRR_Target_Only,20.570687483700237,200
NN_Target_Only,26.87755252813172,200
XGBoost_Pool,0.1006784533698708,200
KRR_Pool,1.5868707687690475,200
NN_Pool,3.642176762468737,200
XGBoost_TLCQM,0.1013263826343867,200
KRR_TLCQM,1.7715331355475534,200
NN_TLCQM,0.1433795182078036,200
XGBoost_Target_Only,0.0966081943591218,300
KRR_Target_Only,13.962940973413954,300
NN_Target_Only,6.95223631675463,300
XGBoost_Pool,0.0975590354541361,300
KRR_Pool,1.513130141639182,300
NN_Pool,3.787382160565398,300
XGBoost_TLCQM,0.0996848461648094,300
KRR_TLCQM,1.698758598572983,300
NN_TLCQM,0.1190741037822518,300
XGBoost_Target_Only,0.093647272008612,500
KRR_Target_Only,9.569515452664994,500
NN_Target_Only,0.2433968080122517,500
XGBoost_Pool,0.0964842520652589,500
KRR_Pool,1.4307047597560791,500
NN_Pool,3.538303528458949,500
XGBoost_TLCQM,0.0999336498204736,500
KRR_TLCQM,1.5974344340826128,500
NN_TLCQM,0.1200877975818906,500
XGBoost_Target_Only,0.1158711472027114,100
KRR_Target_Only,29.29650674800909,100
NN_Target_Only,22.962908616257383,100
XGBoost_Pool,0.0997969808722218,100
KRR_Pool,1.6258838162140363,100
NN_Pool,5.406002255889908,100
XGBoost_TLCQM,0.1077512449572568,100
KRR_TLCQM,1.847177658936534,100
NN_TLCQM,0.2258111238569071,100
XGBoost_Target_Only,0.1152578601096391,200
KRR_Target_Only,19.731597032341146,200
NN_Target_Only,21.389783755172267,200
XGBoost_Pool,0.1000134024253035,200
KRR_Pool,1.6197051042274082,200
NN_Pool,3.24938408001712,200
XGBoost_TLCQM,0.1050051124804834,200
KRR_TLCQM,1.8238412362270773,200
NN_TLCQM,0.1108874525957535,200
XGBoost_Target_Only,0.1042149589793536,300
KRR_Target_Only,14.19227790347738,300
NN_Target_Only,1.5355564086908695,300
XGBoost_Pool,0.0966868418718434,300
KRR_Pool,1.5311395842136872,300
NN_Pool,6.381273071043609,300
XGBoost_TLCQM,0.0982896398283142,300
KRR_TLCQM,1.703588350190074,300
NN_TLCQM,0.0982670877209169,300
XGBoost_Target_Only,0.1123576275007233,100
KRR_Target_Only,28.524779874555893,100
NN_Target_Only,24.25849918857925,100
XGBoost_Pool,0.1000913814024061,100
KRR_Pool,1.582607060602103,100
NN_Pool,3.437308865420631,100
XGBoost_TLCQM,0.0980229487419881,100
KRR_TLCQM,1.7752845886402242,100
NN_TLCQM,0.0988495023513535,100
XGBoost_Target_Only,0.099089245777382,200
KRR_Target_Only,18.875184375885723,200
NN_Target_Only,21.34353332568825,200
XGBoost_Pool,0.0970277567775465,200
KRR_Pool,1.576210140009929,200
NN_Pool,4.779550069858945,200
XGBoost_TLCQM,0.1009501972612915,200
KRR_TLCQM,1.76306820209995,200
NN_TLCQM,0.158889014077392,200
XGBoost_Target_Only,0.0986031664309126,300
KRR_Target_Only,15.873674036125822,300
NN_Target_Only,0.3724776721228406,300
XGBoost_Pool,0.0979964300768576,300
KRR_Pool,1.5317655950790603,300
NN_Pool,4.578222922222894,300
XGBoost_TLCQM,0.0985811136738668,300
KRR_TLCQM,1.7072090396774346,300
NN_TLCQM,0.1027156077632292,300
XGBoost_Target_Only,0.094694058874327,500
KRR_Target_Only,10.64735875701204,500
NN_Target_Only,0.2282662306989926,500
XGBoost_Pool,0.0964342441385507,500
KRR_Pool,1.4709751526176715,500
NN_Pool,3.2955739275421987,500
XGBoost_TLCQM,0.0988851118699728,500
KRR_TLCQM,1.668536698694223,500
NN_TLCQM,0.0992335676912509,500
XGBoost_Target_Only,0.1134168834995865,100
KRR_Target_Only,30.071247574416518,100
NN_Target_Only,21.393816216990984,100
XGBoost_Pool,0.1005973162521124,100
KRR_Pool,1.6423050821678464,100
NN_Pool,5.469206240887312,100
XGBoost_TLCQM,0.0997911559398219,100
KRR_TLCQM,1.8094226268424272,100
NN_TLCQM,0.1225943696363066,100
XGBoost_Target_Only,0.1139372767606963,200
KRR_Target_Only,19.943339196771493,200
NN_Target_Only,22.39957430867677,200
XGBoost_Pool,0.0998002108207411,200
KRR_Pool,1.6339545202738226,200
NN_Pool,3.3332883819456534,200
XGBoost_TLCQM,0.1092581130641487,200
KRR_TLCQM,1.8231067582412908,200
NN_TLCQM,0.1060842954039658,200
XGBoost_Target_Only,0.1021593107259571,300
KRR_Target_Only,14.36751737571502,300
NN_Target_Only,0.3791595159283065,300
XGBoost_Pool,0.0988370813970597,300
KRR_Pool,1.5421504707376477,300
NN_Pool,3.1713152984826665,300
XGBoost_TLCQM,0.0983503442079233,300
KRR_TLCQM,1.7133888119058378,300
NN_TLCQM,0.1128063309060152,300
XGBoost_Target_Only,0.0971545029167912,500
KRR_Target_Only,8.72536707757353,500
NN_Target_Only,0.4658892213358759,500
XGBoost_Pool,0.0970146602486987,500
KRR_Pool,1.573448622067962,500
NN_Pool,3.369247030039521,500
XGBoost_TLCQM,0.0989188692217702,500
KRR_TLCQM,1.7522065984301276,500
NN_TLCQM,0.1347322299492496,500
XGBoost_Target_Only,0.1187424514341645,100
KRR_Target_Only,27.61200984700994,100
NN_Target_Only,16.90413946781545,100
XGBoost_Pool,0.0993365563309256,100
KRR_Pool,1.6608872183499792,100
NN_Pool,5.793447213806081,100
XGBoost_TLCQM,0.1086770629384198,100
KRR_TLCQM,1.8571105023687295,100
NN_TLCQM,0.1037725185922977,100
XGBoost_Target_Only,0.1035783047881344,200
KRR_Target_Only,20.13172088210117,200
NN_Target_Only,17.652613418317955,200
XGBoost_Pool,0.0984613602187017,200
KRR_Pool,1.646165480146264,200
NN_Pool,3.600455124601431,200
XGBoost_TLCQM,0.1034693746856305,200
KRR_TLCQM,1.8311899352250047,200
NN_TLCQM,0.1059961406288252,200
XGBoost_Target_Only,0.0997057966977244,300
KRR_Target_Only,14.758366715659893,300
NN_Target_Only,6.462075202925548,300
XGBoost_Pool,0.0979354599736776,300
KRR_Pool,1.5937713021976077,300
NN_Pool,4.160329122775071,300
XGBoost_TLCQM,0.1021467723700991,300
KRR_TLCQM,1.7591998697024385,300
NN_TLCQM,0.1419784039746804,300
XGBoost_Target_Only,0.1016438244709792,500
KRR_Target_Only,9.011047144164312,500
NN_Target_Only,0.2756075121009824,500
XGBoost_Pool,0.0955900961261742,500
KRR_Pool,1.5544501395109696,500
NN_Pool,4.560801717331287,500
XGBoost_TLCQM,0.0970218975088652,500
KRR_TLCQM,1.6962213117362277,500
NN_TLCQM,0.3219793836517882,500
XGBoost_Target_Only,0.12206073012018,100
KRR_Target_Only,32.34714829114821,100
NN_Target_Only,23.628243736240663,100
XGBoost_Pool,0.1034289941668865,100
KRR_Pool,1.5799781072775003,100
NN_Pool,5.406531199203555,100
XGBoost_TLCQM,0.1078997625581379,100
KRR_TLCQM,1.7809569209873377,100
NN_TLCQM,0.1229355772509303,100
XGBoost_Target_Only,0.1071133197057336,200
KRR_Target_Only,21.16907402023609,200
NN_Target_Only,22.104374462013183,200
XGBoost_Pool,0.101451747871741,200
KRR_Pool,1.5299413020115784,200
NN_Pool,3.5071785147236576,200
XGBoost_TLCQM,0.1033705289520806,200
KRR_TLCQM,1.7106862481320824,200
NN_TLCQM,0.142770425101324,200
XGBoost_Target_Only,0.1039245329999107,300
KRR_Target_Only,15.011551025234064,300
NN_Target_Only,0.3919312551102384,300
XGBoost_Pool,0.097522401507829,300
KRR_Pool,1.5268983375717178,300
NN_Pool,3.314764003179352,300
XGBoost_TLCQM,0.0975478457546411,300
KRR_TLCQM,1.6866542340659945,300
NN_TLCQM,0.1707670311646096,300
XGBoost_Target_Only,0.094684461542807,500
KRR_Target_Only,9.3511914024344,500
NN_Target_Only,0.2815953302327703,500
XGBoost_Pool,0.0967117926076573,500
KRR_Pool,1.4383344935204938,500
NN_Pool,3.6048845637628726,500
XGBoost_TLCQM,0.0983158624475197,500
KRR_TLCQM,1.5877997922698288,500
NN_TLCQM,0.1352667188413769,500
XGBoost_Target_Only,0.1422637990165114,100
KRR_Target_Only,29.80434245488588,100
NN_Target_Only,17.8238916359501,100
XGBoost_Pool,0.1014070966639307,100
KRR_Pool,1.6608505181882431,100
NN_Pool,5.579519777283804,100
XGBoost_TLCQM,0.1040259368550928,100
KRR_TLCQM,1.8520226832212596,100
NN_TLCQM,0.1053242019834775,100
XGBoost_Target_Only,0.1079274290319906,200
KRR_Target_Only,20.61565388240551,200
NN_Target_Only,20.29379266306232,200
XGBoost_Pool,0.0986332818426757,200
KRR_Pool,1.5898155379176109,200
NN_Pool,3.466339730882264,200
XGBoost_TLCQM,0.1004590388094956,200
KRR_TLCQM,1.7905303979171785,200
NN_TLCQM,0.1361889110278881,200
XGBoost_Target_Only,0.1063345835279814,300
KRR_Target_Only,14.67777678247554,300
NN_Target_Only,6.3064834357433694,300
XGBoost_Pool,0.0986116304237677,300
KRR_Pool,1.579114724237352,300
NN_Pool,5.978646212945889,300
XGBoost_TLCQM,0.1019434043671724,300
KRR_TLCQM,1.746447166041628,300
NN_TLCQM,0.0990981614793736,300
XGBoost_Target_Only,0.096895119819343,500
KRR_Target_Only,8.702388337626827,500
NN_Target_Only,0.4504125390139489,500
XGBoost_Pool,0.0991002847255545,500
KRR_Pool,1.5695276633677016,500
NN_Pool,2.8792695057133733,500
XGBoost_TLCQM,0.1012352182427111,500
KRR_TLCQM,1.7221600205397265,500
NN_TLCQM,0.112646032319048,500
XGBoost_Target_Only,0.1178324344137923,100
KRR_Target_Only,28.661430164491016,100
NN_Target_Only,28.98700422108808,100
XGBoost_Pool,0.099390115499274,100
KRR_Pool,1.5962808232392545,100
NN_Pool,3.6991036428121498,100
XGBoost_TLCQM,0.1025899369893289,100
KRR_TLCQM,1.819896256621224,100
NN_TLCQM,0.0990612705143323,100
XGBoost_Target_Only,0.1045805854125021,200
KRR_Target_Only,18.88082684165344,200
NN_Target_Only,24.06914263405475,200
XGBoost_Pool,0.0980738786313297,200
KRR_Pool,1.5843709624049915,200
NN_Pool,4.427629029706739,200
XGBoost_TLCQM,0.1014172821650108,200
KRR_TLCQM,1.7661988387687044,200
NN_TLCQM,0.0999169576852445,200
XGBoost_Target_Only,0.1012542007819393,300
KRR_Target_Only,13.709328107005785,300
NN_Target_Only,1.6085740594639744,300
XGBoost_Pool,0.0979053492222912,300
KRR_Pool,1.5867611269228428,300
NN_Pool,5.298484448114996,300
XGBoost_TLCQM,0.0981068383704177,300
KRR_TLCQM,1.7574685989645271,300
NN_TLCQM,0.1150446522301359,300
XGBoost_Target_Only,0.0935158282431959,500
KRR_Target_Only,8.822201457209173,500
NN_Target_Only,1.921166253087658,500
XGBoost_Pool,0.095563336564535,500
KRR_Pool,1.5479313483492247,500
NN_Pool,2.808187203226216,500
XGBoost_TLCQM,0.0963013363778943,500
KRR_TLCQM,1.7124729548859172,500
NN_TLCQM,0.0979054903242027,500
XGBoost_Target_Only,0.1158365181873728,100
KRR_Target_Only,29.84940583363886,100
NN_Target_Only,22.74308827452011,100
XGBoost_Pool,0.1028655243467493,100
KRR_Pool,1.5772625807558651,100
NN_Pool,5.709097124280836,100
XGBoost_TLCQM,0.10457559983552,100
KRR_TLCQM,1.7348717773738558,100
NN_TLCQM,0.1329329233062996,100
XGBoost_Target_Only,0.1128589934467984,200
KRR_Target_Only,18.950344799027643,200
NN_Target_Only,22.693203808709264,200
XGBoost_Pool,0.1019512844657884,200
KRR_Pool,1.4850521787142783,200
NN_Pool,3.7086030585413994,200
XGBoost_TLCQM,0.1002681850727508,200
KRR_TLCQM,1.6473698536495738,200
NN_TLCQM,0.099568991488053,200
XGBoost_Target_Only,0.1018313447181451,300
KRR_Target_Only,15.19564141988712,300
NN_Target_Only,6.264541093636505,300
XGBoost_Pool,0.1018870892687715,300
KRR_Pool,1.401205441215737,300
NN_Pool,2.9736229317985425,300
XGBoost_TLCQM,0.1006129869324202,300
KRR_TLCQM,1.5342618100381011,300
NN_TLCQM,0.1103308184718293,300
XGBoost_Target_Only,0.09658890691436,500
KRR_Target_Only,10.267459276325075,500
NN_Target_Only,0.297249646976774,500
XGBoost_Pool,0.1001722220313904,500
KRR_Pool,1.333002515125124,500
NN_Pool,3.3490501622938504,500
XGBoost_TLCQM,0.0976531604292597,500
KRR_TLCQM,1.464184629908848,500
NN_TLCQM,0.1056060553614807,500
XGBoost_Target_Only,0.1060286335891049,100
KRR_Target_Only,29.558180812824265,100
NN_Target_Only,25.00223778465718,100
XGBoost_Pool,0.0993378557788151,100
KRR_Pool,1.5960459743161972,100
NN_Pool,6.125698939287076,100
XGBoost_TLCQM,0.09904567487908,100
KRR_TLCQM,1.786340002280676,100
NN_TLCQM,0.1046079259168253,100
XGBoost_Target_Only,0.1018259380721791,200
KRR_Target_Only,18.95980231850389,200
NN_Target_Only,23.4773986616288,200
XGBoost_Pool,0.1001100711315044,200
KRR_Pool,1.5403443795342424,200
NN_Pool,4.579994971478535,200
XGBoost_TLCQM,0.0992529612135509,200
KRR_TLCQM,1.7343576316009754,200
NN_TLCQM,0.1524351549979191,200
XGBoost_Target_Only,0.0993736466931741,300
KRR_Target_Only,14.144749148801242,300
NN_Target_Only,6.226549106074665,300
XGBoost_Pool,0.0986354576072643,300
KRR_Pool,1.5574613491915998,300
NN_Pool,5.485304485659279,300
XGBoost_TLCQM,0.0961616732697035,300
KRR_TLCQM,1.737294446048536,300
NN_TLCQM,0.1024506728391969,300
XGBoost_Target_Only,0.0973616124214373,500
KRR_Target_Only,8.538296462857595,500
NN_Target_Only,0.1918140926277277,500
XGBoost_Pool,0.0943346645330611,500
KRR_Pool,1.4540856458587743,500
NN_Pool,3.325598813168451,500
XGBoost_TLCQM,0.0938915727880593,500
KRR_TLCQM,1.6387223942022735,500
NN_TLCQM,0.148789672506292,500
XGBoost_Target_Only,0.1163843675390623,100
KRR_Target_Only,31.21891535246559,100
NN_Target_Only,19.80900621088628,100
XGBoost_Pool,0.09772473306407,100
KRR_Pool,1.651067241009278,100
NN_Pool,5.46178771655659,100
XGBoost_TLCQM,0.1031275920151102,100
KRR_TLCQM,1.883274066946405,100
NN_TLCQM,0.1151432462125096,100
XGBoost_Target_Only,0.1120504676371423,200
KRR_Target_Only,20.193257990370046,200
NN_Target_Only,18.984223003591502,200
XGBoost_Pool,0.0984935443050951,200
KRR_Pool,1.6264282850251142,200
NN_Pool,7.0906252759035535,200
XGBoost_TLCQM,0.0986412255549699,200
KRR_TLCQM,1.8222055481442012,200
NN_TLCQM,0.1452039546378251,200
XGBoost_Target_Only,0.1153906932482868,300
KRR_Target_Only,16.133618431812433,300
NN_Target_Only,6.851795239289627,300
XGBoost_Pool,0.0959463698958311,300
KRR_Pool,1.620966247044421,300
NN_Pool,2.9999510261561277,300
XGBoost_TLCQM,0.0994650184401149,300
KRR_TLCQM,1.8187772559271556,300
NN_TLCQM,0.2448156208042004,300
XGBoost_Target_Only,0.0931156424169883,500
KRR_Target_Only,9.677964161885434,500
NN_Target_Only,0.2076244036533474,500
XGBoost_Pool,0.0955227703551459,500
KRR_Pool,1.5180448825934172,500
NN_Pool,4.072648982439499,500
XGBoost_TLCQM,0.0976953861988198,500
KRR_TLCQM,1.7024704007109006,500
NN_TLCQM,0.1239158216224087,500
XGBoost_Target_Only,0.1091094896680261,100
KRR_Target_Only,30.298416596310425,100
NN_Target_Only,25.592266565979468,100
XGBoost_Pool,0.1003728813166704,100
KRR_Pool,1.6266765120275697,100
NN_Pool,5.388653834519039,100
XGBoost_TLCQM,0.1045008805976362,100
KRR_TLCQM,1.8074197246912544,100
NN_TLCQM,0.1088765912700003,100
XGBoost_Target_Only,0.1011903264294331,200
KRR_Target_Only,19.91948277002314,200
NN_Target_Only,24.427863712919013,200
XGBoost_Pool,0.0991748981568568,200
KRR_Pool,1.626439497822332,200
NN_Pool,3.3511655978788517,200
XGBoost_TLCQM,0.0973225823796474,200
KRR_TLCQM,1.8151639934622965,200
NN_TLCQM,0.1769249207217712,200
XGBoost_Target_Only,0.0917317203842531,300
KRR_Target_Only,13.488053853692078,300
NN_Target_Only,0.239207084180897,300
XGBoost_Pool,0.0973875623430787,300
KRR_Pool,1.5594804270823803,300
NN_Pool,4.196564783889745,300
XGBoost_TLCQM,0.0950909089552724,300
KRR_TLCQM,1.7249872027692996,300
NN_TLCQM,0.1186359761198623,300
XGBoost_Target_Only,0.0943287809815644,500
KRR_Target_Only,9.196956253835252,500
NN_Target_Only,0.1865670863391046,500
XGBoost_Pool,0.0958740064892327,500
KRR_Pool,1.497649352280555,500
NN_Pool,3.2992162050080887,500
XGBoost_TLCQM,0.0956270510004191,500
KRR_TLCQM,1.6359388525120304,500
NN_TLCQM,0.2192291537187967,500
XGBoost_Target_Only,0.1253951532918583,100
KRR_Target_Only,29.65397255425579,100
NN_Target_Only,18.039929726971604,100
XGBoost_Pool,0.0999509511996255,100
KRR_Pool,1.6619967563115114,100
NN_Pool,5.2794751103980095,100
XGBoost_TLCQM,0.1142851842288063,100
KRR_TLCQM,1.8770393831631595,100
NN_TLCQM,0.1919892962725263,100
XGBoost_Target_Only,0.1065905296777135,200
KRR_Target_Only,19.768105924300844,200
NN_Target_Only,18.819712818357903,200
XGBoost_Pool,0.0972311104905398,200
KRR_Pool,1.630461995463825,200
NN_Pool,3.7514717227819903,200
XGBoost_TLCQM,0.0982588976116471,200
KRR_TLCQM,1.7986510545936374,200
NN_TLCQM,0.1202209230713412,200
XGBoost_Target_Only,0.1039957698813038,300
KRR_Target_Only,14.681777264728328,300
NN_Target_Only,6.900796046946688,300
XGBoost_Pool,0.0968304686722739,300
KRR_Pool,1.61409059676923,300
NN_Pool,4.026912310369837,300
XGBoost_TLCQM,0.0965361466893083,300
KRR_TLCQM,1.7788710569705402,300
NN_TLCQM,0.1193119504860236,300
XGBoost_Target_Only,0.0953357587450904,500
KRR_Target_Only,9.755633550221615,500
NN_Target_Only,0.1489576100056781,500
XGBoost_Pool,0.0967904557153347,500
KRR_Pool,1.6021106495733668,500
NN_Pool,3.025941201260132,500
XGBoost_TLCQM,0.0982759450823135,500
KRR_TLCQM,1.7884708537730405,500
NN_TLCQM,0.0995449842151725,500
XGBoost_Target_Only,0.1123013475811971,100
KRR_Target_Only,29.06503477443443,100
NN_Target_Only,26.840170844521847,100
XGBoost_Pool,0.1000344346142495,100
KRR_Pool,1.5350964453105955,100
NN_Pool,5.624755955768785,100
XGBoost_TLCQM,0.1077065907851795,100
KRR_TLCQM,1.719547582344103,100
NN_TLCQM,0.1080187042813104,100
XGBoost_Target_Only,0.0973818058854895,200
KRR_Target_Only,19.17157801321434,200
NN_Target_Only,28.034960254323583,200
XGBoost_Pool,0.0986019833149076,200
KRR_Pool,1.435567878791363,200
NN_Pool,3.634687687515496,200
XGBoost_TLCQM,0.100702590695911,200
KRR_TLCQM,1.5939285732184931,200
NN_TLCQM,0.0996496608413872,200
XGBoost_Target_Only,0.0954259843313524,300
KRR_Target_Only,14.207087393159163,300
NN_Target_Only,0.794808298569883,300
XGBoost_Pool,0.0981526631503964,300
KRR_Pool,1.393704616067451,300
NN_Pool,3.250385829933473,300
XGBoost_TLCQM,0.0970416713431362,300
KRR_TLCQM,1.563926251202632,300
NN_TLCQM,0.099178288478428,300
XGBoost_Target_Only,0.0960069768615196,500
KRR_Target_Only,9.445283835203355,500
NN_Target_Only,0.2668639773541318,500
XGBoost_Pool,0.0963395715625913,500
KRR_Pool,1.376231865585671,500
NN_Pool,3.870144357144847,500
XGBoost_TLCQM,0.0973750334512211,500
KRR_TLCQM,1.5241681198311203,500
NN_TLCQM,0.0997031323757353,500
XGBoost_Target_Only,0.1332606825322187,100
KRR_Target_Only,28.92479172292668,100
NN_Target_Only,20.152221506189136,100
XGBoost_Pool,0.1006561185282267,100
KRR_Pool,1.619131132797354,100
NN_Pool,5.289137745800166,100
XGBoost_TLCQM,0.1087462860912815,100
KRR_TLCQM,1.845326959600272,100
NN_TLCQM,0.1151545196803297,100
XGBoost_Target_Only,0.1083034656497741,200
KRR_Target_Only,20.04723629912062,200
NN_Target_Only,17.816303277668105,200
XGBoost_Pool,0.0985424213324768,200
KRR_Pool,1.6334863182833712,200
NN_Pool,3.5438373678911543,200
XGBoost_TLCQM,0.1008239798115269,200
KRR_TLCQM,1.8290916406637376,200
NN_TLCQM,0.1617631417135648,200
XGBoost_Target_Only,0.0994927726555253,300
KRR_Target_Only,14.895920228129834,300
NN_Target_Only,6.915394886730287,300
XGBoost_Pool,0.0975437276744863,300
KRR_Pool,1.5604975158903054,300
NN_Pool,6.049121319651677,300
XGBoost_TLCQM,0.0969499375568635,300
KRR_TLCQM,1.7329755315385875,300
NN_TLCQM,0.1709522796490897,300
XGBoost_Target_Only,0.0943242414892168,500
KRR_Target_Only,9.25446291617251,500
NN_Target_Only,0.5190610388162384,500
XGBoost_Pool,0.0955629205769815,500
KRR_Pool,1.4894429685838042,500
NN_Pool,3.409837313261585,500
XGBoost_TLCQM,0.0973922057448298,500
KRR_TLCQM,1.6442084534240151,500
NN_TLCQM,0.0980092174849248,500
XGBoost_Target_Only,0.1249912756862253,100
KRR_Target_Only,32.1262715049443,100
NN_Target_Only,28.60476236476306,100
XGBoost_Pool,0.1009771784970671,100
KRR_Pool,1.5960547482328478,100
NN_Pool,5.74029737097368,100
XGBoost_TLCQM,0.1008217819173634,100
KRR_TLCQM,1.7874964974451468,100
NN_TLCQM,0.1433412206260738,100
XGBoost_Target_Only,0.1094828946414142,200
KRR_Target_Only,20.1610483065916,200
NN_Target_Only,25.94010348209755,200
XGBoost_Pool,0.100813479913003,200
KRR_Pool,1.5704031852656586,200
NN_Pool,3.284019232290907,200
XGBoost_TLCQM,0.1022304761798024,200
KRR_TLCQM,1.7385683553534044,200
NN_TLCQM,0.1363939115777653,200
XGBoost_Target_Only,0.0986979378695955,300
KRR_Target_Only,15.121941054299986,300
NN_Target_Only,8.402540270175871,300
XGBoost_Pool,0.0986990025810403,300
KRR_Pool,1.5598709793031644,300
NN_Pool,3.523033770118356,300
XGBoost_TLCQM,0.1010708017495017,300
KRR_TLCQM,1.7376050527383589,300
NN_TLCQM,0.0983111352561675,300
XGBoost_Target_Only,0.0908970312306082,500
KRR_Target_Only,9.860336910130258,500
NN_Target_Only,0.7704013889631479,500
XGBoost_Pool,0.0936860748105434,500
KRR_Pool,1.444044680831845,500
NN_Pool,3.268969162509925,500
XGBoost_TLCQM,0.0932819246625662,500
KRR_TLCQM,1.6042682472812624,500
NN_TLCQM,0.1004307727821953,500
XGBoost_Target_Only,0.1101485191831814,100
KRR_Target_Only,29.630927459575428,100
NN_Target_Only,26.581743652354497,100
XGBoost_Pool,0.1004214299364483,100
KRR_Pool,1.584128006283353,100
NN_Pool,6.254675844447052,100
XGBoost_TLCQM,0.1004612109326993,100
KRR_TLCQM,1.8104388122684063,100
NN_TLCQM,0.0995785554847361,100
XGBoost_Target_Only,0.1047197306591196,200
KRR_Target_Only,20.190041998194243,200
NN_Target_Only,23.585437672353937,200
XGBoost_Pool,0.0994413720565538,200
KRR_Pool,1.5781407493862505,200
NN_Pool,3.127292850671355,200
XGBoost_TLCQM,0.1011937556578997,200
KRR_TLCQM,1.7686926045399411,200
NN_TLCQM,0.1007862549518534,200
XGBoost_Target_Only,0.10043989554662,300
KRR_Target_Only,15.90923691583446,300
NN_Target_Only,6.282932068662032,300
XGBoost_Pool,0.0972132457099434,300
KRR_Pool,1.5593424810921064,300
NN_Pool,4.031146121223116,300
XGBoost_TLCQM,0.0947511468280417,300
KRR_TLCQM,1.747543057786827,300
NN_TLCQM,0.1009302040049369,300
XGBoost_Target_Only,0.0912766565324545,500
KRR_Target_Only,9.999506092480084,500
NN_Target_Only,1.2550036328069518,500
XGBoost_Pool,0.096036101574715,500
KRR_Pool,1.4605068531721266,500
NN_Pool,3.7648086814973,500
XGBoost_TLCQM,0.0956523399694642,500
KRR_TLCQM,1.6468266008644383,500
NN_TLCQM,0.1067031629159428,500
XGBoost_Target_Only,0.1134066415101008,100
KRR_Target_Only,29.587936526346837,100
NN_Target_Only,22.438925780500096,100
XGBoost_Pool,0.1006383010482646,100
KRR_Pool,1.6340672718235834,100
NN_Pool,5.302382767638433,100
XGBoost_TLCQM,0.1001988222805255,100
KRR_TLCQM,1.811629328478146,100
NN_TLCQM,0.1040956490084826,100
XGBoost_Target_Only,0.1085645345904534,200
KRR_Target_Only,18.566145764777247,200
NN_Target_Only,18.96451270338185,200
XGBoost_Pool,0.100186899944538,200
KRR_Pool,1.6368066496698144,200
NN_Pool,3.4430330919136907,200
XGBoost_TLCQM,0.101516543773777,200
KRR_TLCQM,1.804386648808527,200
NN_TLCQM,0.1282044843853589,200
XGBoost_Target_Only,0.1058064028988044,300
KRR_Target_Only,14.354721103796605,300
NN_Target_Only,6.516377722022002,300
XGBoost_Pool,0.0999720376756869,300
KRR_Pool,1.6263470966362883,300
NN_Pool,5.895458361838033,300
XGBoost_TLCQM,0.1007551129583523,300
KRR_TLCQM,1.7992658679582825,300
NN_TLCQM,0.1019473178315399,300
XGBoost_Target_Only,0.1009819855381347,500
KRR_Target_Only,8.989821647003314,500
NN_Target_Only,0.1442014932546923,500
XGBoost_Pool,0.0970874656732949,500
KRR_Pool,1.5197039513567412,500
NN_Pool,3.4004436454075875,500
XGBoost_TLCQM,0.0992269515990848,500
KRR_TLCQM,1.678728759123847,500
NN_TLCQM,0.1352747557873842,500
XGBoost_Target_Only,0.1199351510305082,100
KRR_Target_Only,30.31780442924011,100
NN_Target_Only,20.69607704943777,100
XGBoost_Pool,0.1025813748854443,100
KRR_Pool,1.6343287734344805,100
NN_Pool,5.763332457540279,100
XGBoost_TLCQM,0.1047816199622506,100
KRR_TLCQM,1.815378758981156,100
NN_TLCQM,0.119945270529943,100
XGBoost_Target_Only,0.1040993229942897,200
KRR_Target_Only,20.125063310377413,200
NN_Target_Only,22.569297296044667,200
XGBoost_Pool,0.099605652112321,200
KRR_Pool,1.5520515281760616,200
NN_Pool,3.940456414441228,200
XGBoost_TLCQM,0.1052455043754156,200
KRR_TLCQM,1.7436689993292378,200
NN_TLCQM,0.1050414220955919,200
XGBoost_Target_Only,0.0962014303902112,300
KRR_Target_Only,13.916388259782403,300
NN_Target_Only,8.77403923064907,300
XGBoost_Pool,0.0979228575039201,300
KRR_Pool,1.519873854035737,300
NN_Pool,5.780166758389891,300
XGBoost_TLCQM,0.1036661768552947,300
KRR_TLCQM,1.7030101088919782,300
NN_TLCQM,0.1316533296003354,300
XGBoost_Target_Only,0.0943599828546798,500
KRR_Target_Only,9.23546112853054,500
NN_Target_Only,0.4305148778327053,500
XGBoost_Pool,0.095055341186828,500
KRR_Pool,1.4691363657382537,500
NN_Pool,3.350808713988205,500
XGBoost_TLCQM,0.1019564026824442,500
KRR_TLCQM,1.6644971568806453,500
NN_TLCQM,0.2457606005850549,500
XGBoost_Target_Only,0.1085838860349963,100
KRR_Target_Only,28.33762166101035,100
NN_Target_Only,24.56844404365451,100
XGBoost_Pool,0.0998795772541607,100
KRR_Pool,1.598573251701236,100
NN_Pool,3.983127427379508,100
XGBoost_TLCQM,0.1029950924584462,100
KRR_TLCQM,1.7977946512530956,100
NN_TLCQM,0.3569820267591351,100
XGBoost_Target_Only,0.1009880667776017,200
KRR_Target_Only,18.011668192599583,200
NN_Target_Only,23.4460786139669,200
XGBoost_Pool,0.0984994877044466,200
KRR_Pool,1.5408134474507735,200
NN_Pool,3.4454230661050174,200
XGBoost_TLCQM,0.1028189714548225,200
KRR_TLCQM,1.712266164971075,200
NN_TLCQM,0.1398234559759489,200
XGBoost_Target_Only,0.0993607181653611,300
KRR_Target_Only,13.451622224352,300
NN_Target_Only,9.828439290740388,300
XGBoost_Pool,0.0964642632389509,300
KRR_Pool,1.5531386293978493,300
NN_Pool,3.9979449394117057,300
XGBoost_TLCQM,0.1004238384175018,300
KRR_TLCQM,1.7306227438838784,300
NN_TLCQM,0.0990300114327041,300
XGBoost_Target_Only,0.1006255485206296,500
KRR_Target_Only,8.700888630612276,500
NN_Target_Only,0.5840646802050897,500
XGBoost_Pool,0.0947246397250468,500
KRR_Pool,1.4585178447419924,500
NN_Pool,2.987315439729412,500
XGBoost_TLCQM,0.0978458248228012,500
KRR_TLCQM,1.6083405987661934,500
NN_TLCQM,0.1252398410416866,500
XGBoost_Target_Only,0.1234602600361916,100
KRR_Target_Only,30.070308756843342,100
NN_Target_Only,22.49775334957687,100
XGBoost_Pool,0.1027619921624284,100
KRR_Pool,1.6260993608275236,100
NN_Pool,5.295306960346072,100
XGBoost_TLCQM,0.1029533262952384,100
KRR_TLCQM,1.8006716689387898,100
NN_TLCQM,0.1535863502304871,100
XGBoost_Target_Only,0.1126816471225734,200
KRR_Target_Only,18.953643674218927,200
NN_Target_Only,21.925675336100284,200
XGBoost_Pool,0.1001784042265615,200
KRR_Pool,1.5689851349066215,200
NN_Pool,3.5249307776461465,200
XGBoost_TLCQM,0.0979545107831215,200
KRR_TLCQM,1.7332310242697555,200
NN_TLCQM,0.1020547533111664,200
XGBoost_Target_Only,0.1110189474774105,300
KRR_Target_Only,14.46017432873275,300
NN_Target_Only,1.2305583852981947,300
XGBoost_Pool,0.0991681911087996,300
KRR_Pool,1.5128496797209074,300
NN_Pool,6.028339221817949,300
XGBoost_TLCQM,0.100430532963723,300
KRR_TLCQM,1.6709787819428197,300
NN_TLCQM,0.1035710698244266,300
XGBoost_Target_Only,0.0975933896263936,500
KRR_Target_Only,8.858165614846659,500
NN_Target_Only,2.407789198154582,500
XGBoost_Pool,0.0971970597685693,500
KRR_Pool,1.4163366793198005,500
NN_Pool,3.539097612632208,500
XGBoost_TLCQM,0.0982257717824011,500
KRR_TLCQM,1.5769606034453287,500
NN_TLCQM,0.1020793037128786,500
XGBoost_Target_Only,0.1224998988232303,100
KRR_Target_Only,28.67499826712587,100
NN_Target_Only,20.05760232228132,100
XGBoost_Pool,0.1039401310805694,100
KRR_Pool,1.642926763685738,100
NN_Pool,3.387812863688245,100
XGBoost_TLCQM,0.1090413410345818,100
KRR_TLCQM,1.8102379531276709,100
NN_TLCQM,0.1283764202054811,100
XGBoost_Target_Only,0.1059654396859165,200
KRR_Target_Only,18.363808470725072,200
NN_Target_Only,20.726321982227383,200
XGBoost_Pool,0.1021177637518558,200
KRR_Pool,1.6280000717144345,200
NN_Pool,3.4127658668762364,200
XGBoost_TLCQM,0.1029570199090375,200
KRR_TLCQM,1.812970902089691,200
NN_TLCQM,0.1231282876701372,200
XGBoost_Target_Only,0.1014957644112299,300
KRR_Target_Only,14.317480192921456,300
NN_Target_Only,0.2718087975394446,300
XGBoost_Pool,0.1025351276223949,300
KRR_Pool,1.5641727348372756,300
NN_Pool,2.7339326096382424,300
XGBoost_TLCQM,0.1004519324752879,300
KRR_TLCQM,1.723198163014742,300
NN_TLCQM,0.1005984267742582,300
XGBoost_Target_Only,0.0945396839798473,500
KRR_Target_Only,8.986766516512974,500
NN_Target_Only,0.2141548666588473,500
XGBoost_Pool,0.097811068446413,500
KRR_Pool,1.457870295081237,500
NN_Pool,3.576388272969371,500
XGBoost_TLCQM,0.0984558607545913,500
KRR_TLCQM,1.6144033972331728,500
NN_TLCQM,0.1115381577569983,500
XGBoost_Target_Only,0.1058333794318788,100
KRR_Target_Only,28.387538370664807,100
NN_Target_Only,18.299416037274497,100
XGBoost_Pool,0.1007965616102389,100
KRR_Pool,1.5885064519847478,100
NN_Pool,5.6822739480283975,100
XGBoost_TLCQM,0.0974956734319557,100
KRR_TLCQM,1.7387148044316971,100
NN_TLCQM,0.1355638413380482,100
XGBoost_Target_Only,0.1080509246654359,200
KRR_Target_Only,19.743118180022197,200
NN_Target_Only,21.243946782532653,200
XGBoost_Pool,0.096570224009893,200
KRR_Pool,1.5282214705553303,200
NN_Pool,4.6158191248629725,200
XGBoost_TLCQM,0.1001601194887145,200
KRR_TLCQM,1.6663955151320935,200
NN_TLCQM,0.1101956215390999,200
XGBoost_Target_Only,0.0997121995046258,300
KRR_Target_Only,13.247031755756394,300
NN_Target_Only,6.396321839785451,300
XGBoost_Pool,0.096024688594339,300
KRR_Pool,1.53560751182195,300
NN_Pool,5.547896269943833,300
XGBoost_TLCQM,0.0957242762246524,300
KRR_TLCQM,1.6778307788469895,300
NN_TLCQM,0.1798889463928421,300
XGBoost_Target_Only,0.0938198210048099,500
KRR_Target_Only,8.70443482950724,500
NN_Target_Only,2.059677835586873,500
XGBoost_Pool,0.0936987533607092,500
KRR_Pool,1.4560936364388075,500
NN_Pool,3.799384640434992,500
XGBoost_TLCQM,0.0939769117287548,500
KRR_TLCQM,1.578192947803677,500
NN_TLCQM,0.1006544180220258,500
XGBoost_Target_Only,0.1250813903841781,100
KRR_Target_Only,29.797829143915678,100
NN_Target_Only,17.628856957851287,100
XGBoost_Pool,0.1010254269395317,100
KRR_Pool,1.64286911255445,100
NN_Pool,5.223928825686091,100
XGBoost_TLCQM,0.1039436681096672,100
KRR_TLCQM,1.8627802660576709,100
NN_TLCQM,0.108727155385341,100
XGBoost_Target_Only,0.1104729578252542,200
KRR_Target_Only,19.47690022012549,200
NN_Target_Only,20.47748736758862,200
XGBoost_Pool,0.0985295494224173,200
KRR_Pool,1.60352851326234,200
NN_Pool,3.6567954847336575,200
XGBoost_TLCQM,0.099098415645728,200
KRR_TLCQM,1.812917613675962,200
NN_TLCQM,0.1753889900562621,200
XGBoost_Target_Only,0.1058882967040121,300
KRR_Target_Only,14.452856607521165,300
NN_Target_Only,7.130024309550173,300
XGBoost_Pool,0.0970005586260796,300
KRR_Pool,1.6065726428557452,300
NN_Pool,2.753740844705044,300
XGBoost_TLCQM,0.0987549627128523,300
KRR_TLCQM,1.7859987880584094,300
NN_TLCQM,0.1342596728179204,300
XGBoost_Target_Only,0.1081758586340216,100
KRR_Target_Only,31.451713784530394,100
NN_Target_Only,20.91733129615093,100
XGBoost_Pool,0.1035517977607029,100
KRR_Pool,1.64529347496061,100
NN_Pool,5.450409862012402,100
XGBoost_TLCQM,0.1112751040007151,100
KRR_TLCQM,1.844134737923208,100
NN_TLCQM,0.1036713484598271,100
XGBoost_Target_Only,0.1096978066373674,200
KRR_Target_Only,20.30964469224037,200
NN_Target_Only,22.273725034080915,200
XGBoost_Pool,0.0981156148455013,200
KRR_Pool,1.5904012328656525,200
NN_Pool,3.502572501637164,200
XGBoost_TLCQM,0.1053443282232972,200
KRR_TLCQM,1.7855017251666234,200
NN_TLCQM,0.1063006112904134,200
XGBoost_Target_Only,0.1040038947975217,300
KRR_Target_Only,14.246103100142546,300
NN_Target_Only,6.204411562142951,300
XGBoost_Pool,0.0996320242237043,300
KRR_Pool,1.5220758026578491,300
NN_Pool,2.799276535419424,300
XGBoost_TLCQM,0.1061137985861562,300
KRR_TLCQM,1.693230087746609,300
NN_TLCQM,0.1258385973493108,300
XGBoost_Target_Only,0.1007251313316134,500
KRR_Target_Only,8.63555068394263,500
NN_Target_Only,6.147776787645365,500
XGBoost_Pool,0.0948996782260383,500
KRR_Pool,1.4401584953191735,500
NN_Pool,3.119592989827669,500
XGBoost_TLCQM,0.101559548375502,500
KRR_TLCQM,1.5873927667918155,500
NN_TLCQM,0.1156020481068305,500
XGBoost_Target_Only,0.1396623960056048,100
KRR_Target_Only,30.43838436644428,100
NN_Target_Only,20.684346059421976,100
XGBoost_Pool,0.0984732470686907,100
KRR_Pool,1.602577401213406,100
NN_Pool,3.304156223049238,100
XGBoost_TLCQM,0.1027564351341806,100
KRR_TLCQM,1.763410604919572,100
NN_TLCQM,0.1067000663361216,100
XGBoost_Target_Only,0.1161911082676345,200
KRR_Target_Only,19.953764635756432,200
NN_Target_Only,17.93093270151587,200
XGBoost_Pool,0.0979051348005771,200
KRR_Pool,1.605504129752337,200
NN_Pool,3.2901581581240835,200
XGBoost_TLCQM,0.1002177950439137,200
KRR_TLCQM,1.7680551055864129,200
NN_TLCQM,0.1032394582433711,200
XGBoost_Target_Only,0.1040817384236745,300
KRR_Target_Only,13.66823193136626,300
NN_Target_Only,1.9359189781196595,300
XGBoost_Pool,0.0978050609063731,300
KRR_Pool,1.5815976219296073,300
NN_Pool,3.297947965413738,300
XGBoost_TLCQM,0.0975856208420224,300
KRR_TLCQM,1.7410881211296887,300
NN_TLCQM,0.114980359599303,300
XGBoost_Target_Only,0.1025522244292333,500
KRR_Target_Only,8.760099537171271,500
NN_Target_Only,0.3485383310538857,500
XGBoost_Pool,0.0944068445633857,500
KRR_Pool,1.5261397543140196,500
NN_Pool,2.5676735083823874,500
XGBoost_TLCQM,0.0933266099724348,500
KRR_TLCQM,1.6735122386311618,500
NN_TLCQM,0.1260586631930554,500
XGBoost_Target_Only,0.1037170815602687,100
KRR_Target_Only,29.352093583309102,100
NN_Target_Only,19.96340311423089,100
XGBoost_Pool,0.1001776724699761,100
KRR_Pool,1.6178226452816922,100
NN_Pool,5.741217735082306,100
XGBoost_TLCQM,0.1009744981230276,100
KRR_TLCQM,1.772954694564392,100
NN_TLCQM,0.1849328768641135,100
XGBoost_Target_Only,0.100239292566865,200
KRR_Target_Only,19.61273062564336,200
NN_Target_Only,21.121214895836285,200
XGBoost_Pool,0.1000576598190613,200
KRR_Pool,1.6130148098367885,200
NN_Pool,3.677784295531664,200
XGBoost_TLCQM,0.0986639849952502,200
KRR_TLCQM,1.7681381774980376,200
NN_TLCQM,0.1579873068465517,200
XGBoost_Target_Only,0.0967610806272286,300
KRR_Target_Only,14.290737381512104,300
NN_Target_Only,6.811757920106525,300
XGBoost_Pool,0.0988939824864593,300
KRR_Pool,1.44163277549795,300
NN_Pool,6.089024304093753,300
XGBoost_TLCQM,0.0999717627222593,300
KRR_TLCQM,1.5913300765371408,300
NN_TLCQM,0.0999362284659513,300
XGBoost_Target_Only,0.0980689835508671,500
KRR_Target_Only,8.795344100800587,500
NN_Target_Only,0.179831745165279,500
XGBoost_Pool,0.0991953637384036,500
KRR_Pool,1.3918266530924843,500
NN_Pool,3.027174823209464,500
XGBoost_TLCQM,0.0975632119419975,500
KRR_TLCQM,1.538777564359868,500
NN_TLCQM,0.1339280345344436,500
XGBoost_Target_Only,0.1200933215024926,100
KRR_Target_Only,30.384867617973168,100
NN_Target_Only,17.34501001547737,100
XGBoost_Pool,0.1002852209742986,100
KRR_Pool,1.6474444023551038,100
NN_Pool,5.766509661481785,100
XGBoost_TLCQM,0.1079263360686826,100
KRR_TLCQM,1.844844614821313,100
NN_TLCQM,0.2942389394845902,100
XGBoost_Target_Only,0.1157842042855447,200
KRR_Target_Only,19.58408458949359,200
NN_Target_Only,18.43597480539705,200
XGBoost_Pool,0.0983802078504619,200
KRR_Pool,1.6062883629719151,200
NN_Pool,3.645512696380076,200
XGBoost_TLCQM,0.100564687084108,200
KRR_TLCQM,1.7541537369396405,200
NN_TLCQM,0.1199751137912393,200
XGBoost_Target_Only,0.1076502336862575,300
KRR_Target_Only,14.970313214954736,300
NN_Target_Only,0.3558936061193483,300
XGBoost_Pool,0.0979980757535552,300
KRR_Pool,1.529886646651865,300
NN_Pool,3.1540298804752345,300
XGBoost_TLCQM,0.0969181483782185,300
KRR_TLCQM,1.658836053882878,300
NN_TLCQM,0.1043600999203296,300
XGBoost_Target_Only,0.0961765994999502,500
KRR_Target_Only,9.086220332517794,500
NN_Target_Only,0.2634060693467197,500
XGBoost_Pool,0.0971571028683369,500
KRR_Pool,1.495447410400048,500
NN_Pool,3.5500679819997374,500
XGBoost_TLCQM,0.0980996628429685,500
KRR_TLCQM,1.6194221767255907,500
NN_TLCQM,0.1033886817183896,500
XGBoost_Target_Only,0.1231769255621144,100
KRR_Target_Only,29.7719335559237,100
NN_Target_Only,17.312788195696843,100
XGBoost_Pool,0.1010099207357559,100
KRR_Pool,1.64543509276529,100
NN_Pool,5.582212075374732,100
XGBoost_TLCQM,0.0988224685961216,100
KRR_TLCQM,1.81677400135752,100
NN_TLCQM,0.1037718700205422,100
XGBoost_Target_Only,0.1080646746105796,200
KRR_Target_Only,18.72592094961168,200
NN_Target_Only,18.06183657780553,200
XGBoost_Pool,0.0973373347513232,200
KRR_Pool,1.640394186070354,200
NN_Pool,3.338658119679565,200
XGBoost_TLCQM,0.0985384980950369,200
KRR_TLCQM,1.8174542350144731,200
NN_TLCQM,0.1124742045480567,200
XGBoost_Target_Only,0.0991857066417918,300
KRR_Target_Only,13.179701740714156,300
NN_Target_Only,0.5010603641134003,300
XGBoost_Pool,0.0961023880784777,300
KRR_Pool,1.6187388222872734,300
NN_Pool,3.373974788238234,300
XGBoost_TLCQM,0.0957602541760054,300
KRR_TLCQM,1.7897167622489596,300
NN_TLCQM,0.1267373418752388,300
XGBoost_Target_Only,0.101656141019548,500
KRR_Target_Only,8.615353069348965,500
NN_Target_Only,0.8096780022252837,500
XGBoost_Pool,0.0949884777477111,500
KRR_Pool,1.6261257617131322,500
NN_Pool,3.495524937168373,500
XGBoost_TLCQM,0.0956140629691825,500
KRR_TLCQM,1.802284769734107,500
NN_TLCQM,0.1136252223354969,500
XGBoost_Target_Only,0.1097123310656456,100
KRR_Target_Only,30.430370610816237,100
NN_Target_Only,31.04809364632153,100
XGBoost_Pool,0.1017558888625484,100
KRR_Pool,1.5858505559068563,100
NN_Pool,3.717734620781989,100
XGBoost_TLCQM,0.1020550768203054,100
KRR_TLCQM,1.7616037138674885,100
NN_TLCQM,0.1708665964825428,100
XGBoost_Target_Only,0.1037514445564793,200
KRR_Target_Only,21.69246609135219,200
NN_Target_Only,27.14574260191496,200
XGBoost_Pool,0.0972786711000333,200
KRR_Pool,1.5749712679952033,200
NN_Pool,4.814378965537977,200
XGBoost_TLCQM,0.0996285306452673,200
KRR_TLCQM,1.7539649377469744,200
NN_TLCQM,0.2292010136037472,200
XGBoost_Target_Only,0.0981007839375101,300
KRR_Target_Only,14.900913510709564,300
NN_Target_Only,9.773950055734211,300
XGBoost_Pool,0.0970500253101836,300
KRR_Pool,1.5477950065183124,300
NN_Pool,5.67314823541297,300
XGBoost_TLCQM,0.1004508730561032,300
KRR_TLCQM,1.7412304091993804,300
NN_TLCQM,0.2201140838047759,300
XGBoost_Target_Only,0.0915856226010187,500
KRR_Target_Only,9.251487854699432,500
NN_Target_Only,0.2435712940114759,500
XGBoost_Pool,0.0947161436276359,500
KRR_Pool,1.5040155201439886,500
NN_Pool,2.9719116136995085,500
XGBoost_TLCQM,0.0937962298937624,500
KRR_TLCQM,1.675592405164981,500
NN_TLCQM,0.1104667242338802,500
XGBoost_Target_Only,0.1079590591924554,100
KRR_Target_Only,28.25799519691113,100
NN_Target_Only,15.257935983116488,100
XGBoost_Pool,0.1019344946700173,100
KRR_Pool,1.6299421522999815,100
NN_Pool,5.447467092025836,100
XGBoost_TLCQM,0.0994490136135691,100
KRR_TLCQM,1.775861354022989,100
NN_TLCQM,0.1622934923165161,100
XGBoost_Target_Only,0.1088633512643668,200
KRR_Target_Only,18.79077278668,200
NN_Target_Only,16.077842275438563,200
XGBoost_Pool,0.1000635073985862,200
KRR_Pool,1.6370459374111412,200
NN_Pool,3.3453340428299407,200
XGBoost_TLCQM,0.1010425516739095,200
KRR_TLCQM,1.79414321585275,200
NN_TLCQM,0.107120510505463,200
XGBoost_Target_Only,0.1113553373473395,300
KRR_Target_Only,13.474291390686384,300
NN_Target_Only,6.841393479599948,300
XGBoost_Pool,0.099807764224641,300
KRR_Pool,1.585468631954827,300
NN_Pool,2.7071038113590733,300
XGBoost_TLCQM,0.0970563836691963,300
KRR_TLCQM,1.719026766757913,300
NN_TLCQM,0.1129890306700212,300
XGBoost_Target_Only,0.0982090314336287,500
KRR_Target_Only,9.31107468055683,500
NN_Target_Only,0.3123628877566063,500
XGBoost_Pool,0.0978461906557911,500
KRR_Pool,1.5263285467198766,500
NN_Pool,4.413995245389108,500
XGBoost_TLCQM,0.0958834303908946,500
KRR_TLCQM,1.6623758813623333,500
NN_TLCQM,0.101416837843427,500
XGBoost_Target_Only,0.1099315116115578,100
KRR_Target_Only,30.586899459961533,100
NN_Target_Only,20.297798924306008,100
XGBoost_Pool,0.1004441811750071,100
KRR_Pool,1.6494077619298375,100
NN_Pool,3.444355200220026,100
XGBoost_TLCQM,0.1032683001624325,100
KRR_TLCQM,1.8433509380011404,100
NN_TLCQM,0.0994603109762098,100
XGBoost_Target_Only,0.0967867319630736,200
KRR_Target_Only,19.29594379998472,200
NN_Target_Only,18.652399132595257,200
XGBoost_Pool,0.1001444513487774,200
KRR_Pool,1.6266973309631167,200
NN_Pool,3.219011040737114,200
XGBoost_TLCQM,0.099538563587424,200
KRR_TLCQM,1.8072868189259277,200
NN_TLCQM,0.149170376239465,200
XGBoost_Target_Only,0.1012470715871228,300
KRR_Target_Only,13.930554912079527,300
NN_Target_Only,7.35662352340389,300
XGBoost_Pool,0.0986725657568016,300
KRR_Pool,1.604984246291157,300
NN_Pool,3.391024744486214,300
XGBoost_TLCQM,0.0966378833683111,300
KRR_TLCQM,1.782491965954755,300
NN_TLCQM,0.1135491027582589,300
XGBoost_Target_Only,0.1195613428220066,100
KRR_Target_Only,30.05074938482525,100
NN_Target_Only,20.124988124324425,100
XGBoost_Pool,0.0988766489594352,100
KRR_Pool,1.558991881093326,100
NN_Pool,5.830405273596706,100
XGBoost_TLCQM,0.0997610103596514,100
KRR_TLCQM,1.7226863820419756,100
NN_TLCQM,0.2367502850436482,100
XGBoost_Target_Only,0.102739603920529,200
KRR_Target_Only,18.863571169432618,200
NN_Target_Only,18.89588041003144,200
XGBoost_Pool,0.0994082880483103,200
KRR_Pool,1.5388293827884263,200
NN_Pool,3.645293953375063,200
XGBoost_TLCQM,0.0991277166484901,200
KRR_TLCQM,1.6988421402983844,200
NN_TLCQM,0.1210516380621681,200
XGBoost_Target_Only,0.1014379307415287,300
KRR_Target_Only,14.918605832676723,300
NN_Target_Only,0.3136813446351036,300
XGBoost_Pool,0.0990451789600831,300
KRR_Pool,1.5126118133411792,300
NN_Pool,3.42339062469175,300
XGBoost_TLCQM,0.0994363704563568,300
KRR_TLCQM,1.6515013855259757,300
NN_TLCQM,0.1732966385186771,300
XGBoost_Target_Only,0.0952884951104374,500
KRR_Target_Only,8.898863271596637,500
NN_Target_Only,0.2098787381603394,500
XGBoost_Pool,0.0963204499743817,500
KRR_Pool,1.4831887562491892,500
NN_Pool,3.2244962800950923,500
XGBoost_TLCQM,0.0973102852750252,500
KRR_TLCQM,1.6191875320894475,500
NN_TLCQM,0.1012510874254865,500
XGBoost_Target_Only,0.1145823123600515,100
KRR_Target_Only,29.5931493967064,100
NN_Target_Only,20.31919859374169,100
XGBoost_Pool,0.0986963189536756,100
KRR_Pool,1.6159525290685477,100
NN_Pool,5.57795008701458,100
XGBoost_TLCQM,0.1026546013364236,100
KRR_TLCQM,1.8318432014643065,100
NN_TLCQM,0.1087784461652477,100
XGBoost_Target_Only,0.1049837968480066,200
KRR_Target_Only,21.16916655038898,200
NN_Target_Only,22.92550817580689,200
XGBoost_Pool,0.0996347389528578,200
KRR_Pool,1.5609676678907602,200
NN_Pool,3.137313344492297,200
XGBoost_TLCQM,0.1011326277893978,200
KRR_TLCQM,1.7423648612440727,200
NN_TLCQM,0.1114867499966696,200
XGBoost_Target_Only,0.0988679803399132,300
KRR_Target_Only,15.613709049971268,300
NN_Target_Only,6.841587211274862,300
XGBoost_Pool,0.0971382694714586,300
KRR_Pool,1.5622129069747557,300
NN_Pool,3.475601494958815,300
XGBoost_TLCQM,0.0981448160441712,300
KRR_TLCQM,1.7330432638962037,300
NN_TLCQM,0.0996514551006171,300
XGBoost_Target_Only,0.0941813274999708,500
KRR_Target_Only,9.218543673683408,500
NN_Target_Only,0.520018097549377,500
XGBoost_Pool,0.0942312056705501,500
KRR_Pool,1.501246979060932,500
NN_Pool,3.668657216592896,500
XGBoost_TLCQM,0.0966687960476517,500
KRR_TLCQM,1.629080578967218,500
NN_TLCQM,0.1057429583808173,500
XGBoost_Target_Only,0.124283097521269,100
KRR_Target_Only,29.568420586227894,100
NN_Target_Only,20.539882784458136,100
XGBoost_Pool,0.0988928471390644,100
KRR_Pool,1.6030501059613451,100
NN_Pool,5.292476232637617,100
XGBoost_TLCQM,0.1035159565718642,100
KRR_TLCQM,1.7771679019722624,100
NN_TLCQM,0.1079719931066388,100
XGBoost_Target_Only,0.1127476741821983,200
KRR_Target_Only,19.14842094366932,200
NN_Target_Only,20.893899341899186,200
XGBoost_Pool,0.0998313842991746,200
KRR_Pool,1.5706651501245423,200
NN_Pool,3.4507154036011545,200
XGBoost_TLCQM,0.0957341802851612,200
KRR_TLCQM,1.7145744624982164,200
NN_TLCQM,0.1334788284969441,200
XGBoost_Target_Only,0.1104556397888972,300
KRR_Target_Only,13.627103254111876,300
NN_Target_Only,6.336031200573881,300
XGBoost_Pool,0.0979479381633052,300
KRR_Pool,1.5414838446229306,300
NN_Pool,5.428390126558095,300
XGBoost_TLCQM,0.0951493655059009,300
KRR_TLCQM,1.685147831825094,300
NN_TLCQM,0.0973288228852534,300
XGBoost_Target_Only,0.0985770215131073,500
KRR_Target_Only,8.513873792462991,500
NN_Target_Only,0.5469833161859292,500
XGBoost_Pool,0.0936771538753158,500
KRR_Pool,1.5595664804816487,500
NN_Pool,3.4701244143977727,500
XGBoost_TLCQM,0.0934004298336424,500
KRR_TLCQM,1.6966377750186905,500
NN_TLCQM,0.1026590386214286,500
XGBoost_Target_Only,0.1364144182843001,100
KRR_Target_Only,28.883481379201164,100
NN_Target_Only,21.650274360611785,100
XGBoost_Pool,0.1013017345788492,100
KRR_Pool,1.5883967875425395,100
NN_Pool,5.725690475025431,100
XGBoost_TLCQM,0.1009875967969998,100
KRR_TLCQM,1.7644799430295648,100
NN_TLCQM,0.0997548946785072,100
XGBoost_Target_Only,0.1097319094042211,200
KRR_Target_Only,19.06150600326386,200
NN_Target_Only,21.04887908925359,200
XGBoost_Pool,0.099679317003653,200
KRR_Pool,1.5932841088938172,200
NN_Pool,6.797721872214628,200
XGBoost_TLCQM,0.1052304372173468,200
KRR_TLCQM,1.7576875371977627,200
NN_TLCQM,0.1069056048606384,200
XGBoost_Target_Only,0.1038717843527842,300
KRR_Target_Only,13.808538558623203,300
NN_Target_Only,1.193533784294181,300
XGBoost_Pool,0.0971931156873686,300
KRR_Pool,1.559172847758143,300
NN_Pool,3.46851959351392,300
XGBoost_TLCQM,0.0980340989161958,300
KRR_TLCQM,1.705217377617409,300
NN_TLCQM,0.2322398423844204,300
XGBoost_Target_Only,0.101949774433085,500
KRR_Target_Only,8.955733980445276,500
NN_Target_Only,0.3763954562312124,500
XGBoost_Pool,0.0971864512855045,500
KRR_Pool,1.46432949858092,500
NN_Pool,3.172514625551838,500
XGBoost_TLCQM,0.0991236413483697,500
KRR_TLCQM,1.6243234444231829,500
NN_TLCQM,0.2171554344751071,500
XGBoost_Target_Only,0.1186056336463827,100
KRR_Target_Only,29.769733063683454,100
NN_Target_Only,17.503487002791157,100
XGBoost_Pool,0.1003393041697045,100
KRR_Pool,1.6662270150804543,100
NN_Pool,5.297503457383955,100
XGBoost_TLCQM,0.110061207998334,100
KRR_TLCQM,1.867017623567841,100
NN_TLCQM,0.1163598474489755,100
XGBoost_Target_Only,0.1055114341453289,200
KRR_Target_Only,19.17181520692059,200
NN_Target_Only,20.675061519406885,200
XGBoost_Pool,0.0999493765477356,200
KRR_Pool,1.648420310821378,200
NN_Pool,3.66592121161098,200
XGBoost_TLCQM,0.1022496644683568,200
KRR_TLCQM,1.856776827115031,200
NN_TLCQM,0.1615830826850846,200
XGBoost_Target_Only,0.1158097224217698,300
KRR_Target_Only,13.85288669384872,300
NN_Target_Only,0.3413314980986577,300
XGBoost_Pool,0.0982368696688045,300
KRR_Pool,1.5928662988829818,300
NN_Pool,3.2401229573599077,300
XGBoost_TLCQM,0.1013602625991821,300
KRR_TLCQM,1.7856559395957798,300
NN_TLCQM,0.0983127279865662,300
XGBoost_Target_Only,0.0932481194059049,500
KRR_Target_Only,8.761519687998279,500
NN_Target_Only,6.839991176236726,500
XGBoost_Pool,0.0964671597965941,500
KRR_Pool,1.4535432427117725,500
NN_Pool,4.319845959082426,500
XGBoost_TLCQM,0.0976678378860377,500
KRR_TLCQM,1.636090368400254,500
NN_TLCQM,0.1034099378526786,500
XGBoost_Target_Only,0.1191522390266387,100
KRR_Target_Only,28.50998354724797,100
NN_Target_Only,21.75446914269667,100
XGBoost_Pool,0.1035492445767739,100
KRR_Pool,1.6420618950555583,100
NN_Pool,3.4738568900660862,100
XGBoost_TLCQM,0.0996336377416376,100
KRR_TLCQM,1.8298750418031904,100
NN_TLCQM,0.1155914810730329,100
XGBoost_Target_Only,0.1009539649306619,200
KRR_Target_Only,18.532984973799824,200
NN_Target_Only,20.98209773255765,200
XGBoost_Pool,0.1007118125516723,200
KRR_Pool,1.622860695006166,200
NN_Pool,3.384366719211472,200
XGBoost_TLCQM,0.0987919918700861,200
KRR_TLCQM,1.7971934757740486,200
NN_TLCQM,0.1201218210117291,200
XGBoost_Target_Only,0.0986983782544956,300
KRR_Target_Only,12.7238905963442,300
NN_Target_Only,13.767936751027378,300
XGBoost_Pool,0.0974233354101186,300
KRR_Pool,1.5295287061895064,300
NN_Pool,3.2017643379226164,300
XGBoost_TLCQM,0.0970558603528603,300
KRR_TLCQM,1.7009276593019296,300
NN_TLCQM,0.0979120020522392,300
XGBoost_Target_Only,0.0938377885800376,500
KRR_Target_Only,7.881057407835026,500
NN_Target_Only,1.3320577683381143,500
XGBoost_Pool,0.0950276502428222,500
KRR_Pool,1.4002614770479134,500
NN_Pool,3.120391004894496,500
XGBoost_TLCQM,0.0962648565728659,500
KRR_TLCQM,1.552268742906232,500
NN_TLCQM,0.1004205017304333,500
XGBoost_Target_Only,0.1150667602169376,100
KRR_Target_Only,30.048057764282014,100
NN_Target_Only,23.515410057393968,100
XGBoost_Pool,0.0991222629473643,100
KRR_Pool,1.6108577448271264,100
NN_Pool,3.300573895420785,100
XGBoost_TLCQM,0.1026028607329047,100
KRR_TLCQM,1.8039277050902616,100
NN_TLCQM,0.1166031125660066,100
XGBoost_Target_Only,0.1165313520360985,200
KRR_Target_Only,19.56835256292037,200
NN_Target_Only,23.40009725004098,200
XGBoost_Pool,0.0997274299026291,200
KRR_Pool,1.5753268622100045,200
NN_Pool,3.79344579965894,200
XGBoost_TLCQM,0.1054702025768282,200
KRR_TLCQM,1.771603860170243,200
NN_TLCQM,0.105390232891577,200
XGBoost_Target_Only,0.1056009426284202,300
KRR_Target_Only,14.605221846331077,300
NN_Target_Only,6.668513970679687,300
XGBoost_Pool,0.1009957571407107,300
KRR_Pool,1.529475306093959,300
NN_Pool,4.293882654570693,300
XGBoost_TLCQM,0.1006648737728877,300
KRR_TLCQM,1.7118423445205977,300
NN_TLCQM,0.139333865946724,300
XGBoost_Target_Only,0.1041471320973467,500
KRR_Target_Only,9.140888779537365,500
NN_Target_Only,0.8234365574862377,500
XGBoost_Pool,0.0990012565462114,500
KRR_Pool,1.5272323888504475,500
NN_Pool,3.4413039672983645,500
XGBoost_TLCQM,0.0970949192255099,500
KRR_TLCQM,1.7103634803078267,500
NN_TLCQM,0.1273633050901298,500
XGBoost_Target_Only,0.123463218150567,100
KRR_Target_Only,30.24314704100803,100
NN_Target_Only,21.7864028701592,100
XGBoost_Pool,0.1008045888268188,100
KRR_Pool,1.5685715885988571,100
NN_Pool,5.535085059464405,100
XGBoost_TLCQM,0.10897857637862,100
KRR_TLCQM,1.754796615790592,100
NN_TLCQM,0.1850931205984326,100
XGBoost_Target_Only,0.1034340276009505,200
KRR_Target_Only,20.438188412062072,200
NN_Target_Only,23.09972215384603,200
XGBoost_Pool,0.1002062861425014,200
KRR_Pool,1.506085655731727,200
NN_Pool,4.799534331616916,200
XGBoost_TLCQM,0.1030915408341278,200
KRR_TLCQM,1.6832864738199107,200
NN_TLCQM,0.1050536045037292,200
XGBoost_Target_Only,0.1036902828174139,300
KRR_Target_Only,14.470219068150191,300
NN_Target_Only,0.4162717422171734,300
XGBoost_Pool,0.0980251298504694,300
KRR_Pool,1.4997615641522164,300
NN_Pool,3.285150148350908,300
XGBoost_TLCQM,0.1032602943078473,300
KRR_TLCQM,1.6751565426196715,300
NN_TLCQM,0.1112391235194114,300
XGBoost_Target_Only,0.0989549682423287,500
KRR_Target_Only,8.632632874298626,500
NN_Target_Only,0.2494807187239054,500
XGBoost_Pool,0.0985868810170148,500
KRR_Pool,1.4794593439162078,500
NN_Pool,3.0406238930281084,500
XGBoost_TLCQM,0.1012660736973363,500
KRR_TLCQM,1.6507998498956902,500
NN_TLCQM,0.3980859058192285,500
XGBoost_Target_Only,0.1066703301154239,100
KRR_Target_Only,28.58530197107992,100
NN_Target_Only,24.69138154404614,100
XGBoost_Pool,0.1015391865541875,100
KRR_Pool,1.5861471774481035,100
NN_Pool,5.623368940067825,100
XGBoost_TLCQM,0.1027358378922113,100
KRR_TLCQM,1.7441836658811074,100
NN_TLCQM,0.1184108394880033,100
XGBoost_Target_Only,0.1018975252370112,200
KRR_Target_Only,20.251086114185977,200
NN_Target_Only,21.3723992053286,200
XGBoost_Pool,0.1007471101306639,200
KRR_Pool,1.5621100689904768,200
NN_Pool,3.594427757508891,200
XGBoost_TLCQM,0.0982517595873437,200
KRR_TLCQM,1.720874695895292,200
NN_TLCQM,0.1012993549845943,200
XGBoost_Target_Only,0.1016574283120264,300
KRR_Target_Only,15.21124776394696,300
NN_Target_Only,0.3288301041139386,300
XGBoost_Pool,0.1001610198862,300
KRR_Pool,1.5251278872559233,300
NN_Pool,3.5044939219990727,300
XGBoost_TLCQM,0.1026479819820009,300
KRR_TLCQM,1.7051805298044709,300
NN_TLCQM,0.1140861497977335,300
XGBoost_Target_Only,0.0972073340596542,500
KRR_Target_Only,9.311234500870956,500
NN_Target_Only,0.9383741875886754,500
XGBoost_Pool,0.0971994011875525,500
KRR_Pool,1.484752244474688,500
NN_Pool,3.2402290942250205,500
XGBoost_TLCQM,0.1032371054623008,500
KRR_TLCQM,1.6634044462326072,500
NN_TLCQM,0.105164237447758,500
XGBoost_Target_Only,0.1235966260830693,100
KRR_Target_Only,30.56543166593985,100
NN_Target_Only,19.547241839953557,100
XGBoost_Pool,0.1013842189971007,100
KRR_Pool,1.6156792152788626,100
NN_Pool,3.4172823873622376,100
XGBoost_TLCQM,0.101434921591234,100
KRR_TLCQM,1.7988052792354658,100
NN_TLCQM,0.1498021363520996,100
XGBoost_Target_Only,0.1101922185742181,200
KRR_Target_Only,18.81188918195092,200
NN_Target_Only,18.99866944339937,200
XGBoost_Pool,0.1006087426960727,200
KRR_Pool,1.6144329256550451,200
NN_Pool,7.115919678333159,200
XGBoost_TLCQM,0.0994653735511798,200
KRR_TLCQM,1.7881890023587674,200
NN_TLCQM,0.2180058906455795,200
XGBoost_Target_Only,0.1009588240455673,300
KRR_Target_Only,13.07596050210329,300
NN_Target_Only,0.4566993067101709,300
XGBoost_Pool,0.0975123013969957,300
KRR_Pool,1.5470880407828198,300
NN_Pool,3.343115824278022,300
XGBoost_TLCQM,0.0997358326460777,300
KRR_TLCQM,1.699629266812536,300
NN_TLCQM,0.1095429171186162,300
XGBoost_Target_Only,0.0954709884387544,500
KRR_Target_Only,8.528892458790903,500
NN_Target_Only,6.737863603662901,500
XGBoost_Pool,0.0966592605926887,500
KRR_Pool,1.5351606683660628,500
NN_Pool,4.430519238619691,500
XGBoost_TLCQM,0.0997137370984771,500
KRR_TLCQM,1.6799194845511294,500
NN_TLCQM,0.1456289754280034,500
XGBoost_Target_Only,0.109568254723869,100
KRR_Target_Only,29.047817337060422,100
NN_Target_Only,22.89975064767331,100
XGBoost_Pool,0.0971913868980104,100
KRR_Pool,1.6199344555600936,100
NN_Pool,5.263563613534132,100
XGBoost_TLCQM,0.0990653196919277,100
KRR_TLCQM,1.8013336170381418,100
NN_TLCQM,0.1063524786006787,100
XGBoost_Target_Only,0.108167631818831,200
KRR_Target_Only,19.408948510900643,200
NN_Target_Only,21.27301720277271,200
XGBoost_Pool,0.0971251109079708,200
KRR_Pool,1.6118574003218735,200
NN_Pool,3.411016494198194,200
XGBoost_TLCQM,0.1009909775637949,200
KRR_TLCQM,1.79362163433212,200
NN_TLCQM,0.1196842842711218,200
XGBoost_Target_Only,0.099533060080573,300
KRR_Target_Only,13.018869350659829,300
NN_Target_Only,14.503526991554937,300
XGBoost_Pool,0.0983613236300459,300
KRR_Pool,1.575733912352395,300
NN_Pool,3.3404508337640646,300
XGBoost_TLCQM,0.0993636021371494,300
KRR_TLCQM,1.7289810257496758,300
NN_TLCQM,0.1024127615844695,300
XGBoost_Target_Only,0.0988635579784255,500
KRR_Target_Only,8.311558769432871,500
NN_Target_Only,0.1581916789677692,500
XGBoost_Pool,0.0957433423647451,500
KRR_Pool,1.551797473733138,500
NN_Pool,3.654825373145969,500
XGBoost_TLCQM,0.0977278530750216,500
KRR_TLCQM,1.7102118363488537,500
NN_TLCQM,0.1060567794239621,500
XGBoost_Target_Only,0.1103446640131606,100
KRR_Target_Only,28.769044043829552,100
NN_Target_Only,20.44069974459325,100
XGBoost_Pool,0.0991113766618566,100
KRR_Pool,1.5991072163056212,100
NN_Pool,5.717577129973913,100
XGBoost_TLCQM,0.1005469641782751,100
KRR_TLCQM,1.7724557253695163,100
NN_TLCQM,0.1180309639442439,100
XGBoost_Target_Only,0.1053081770358973,200
KRR_Target_Only,19.965109240230856,200
NN_Target_Only,21.52324786366988,200
XGBoost_Pool,0.0990956058916747,200
KRR_Pool,1.5826427678652428,200
NN_Pool,3.3284766896578843,200
XGBoost_TLCQM,0.098308453786351,200
KRR_TLCQM,1.7388299109262697,200
NN_TLCQM,0.1054295929646274,200
XGBoost_Target_Only,0.1061203692006479,300
KRR_Target_Only,14.029166307853826,300
NN_Target_Only,7.253405395283605,300
XGBoost_Pool,0.0956714258453972,300
KRR_Pool,1.5725911463054223,300
NN_Pool,2.407251262622513,300
XGBoost_TLCQM,0.095879571106332,300
KRR_TLCQM,1.7345384297259836,300
NN_TLCQM,0.1057640663253096,300
XGBoost_Target_Only,0.0948209424835861,500
KRR_Target_Only,9.03324094640002,500
NN_Target_Only,7.363765156378147,500
XGBoost_Pool,0.0938658117799433,500
KRR_Pool,1.5244609895075472,500
NN_Pool,3.0642054539641337,500
XGBoost_TLCQM,0.0957709822935898,500
KRR_TLCQM,1.6747036954600605,500
NN_TLCQM,0.1102286800749029,500
XGBoost_Target_Only,0.1109098936383793,100
KRR_Target_Only,30.51997072249061,100
NN_Target_Only,25.979345860184907,100
XGBoost_Pool,0.0990772701301884,100
KRR_Pool,1.5940912275544272,100
NN_Pool,5.707248845693811,100
XGBoost_TLCQM,0.1063016396830056,100
KRR_TLCQM,1.7806752859320771,100
NN_TLCQM,0.133271110581478,100
XGBoost_Target_Only,0.1067944987718094,200
KRR_Target_Only,21.52588620032037,200
NN_Target_Only,23.64226788527729,200
XGBoost_Pool,0.0996569049693072,200
KRR_Pool,1.589379261531006,200
NN_Pool,3.5297607253719283,200
XGBoost_TLCQM,0.0988671552106518,200
KRR_TLCQM,1.7597469122234004,200
NN_TLCQM,0.0974175100427734,200
XGBoost_Target_Only,0.1113579078600036,300
KRR_Target_Only,14.245405647686349,300
NN_Target_Only,0.2343139742731905,300
XGBoost_Pool,0.0979417241893415,300
KRR_Pool,1.585673410848638,300
NN_Pool,3.216070085658864,300
XGBoost_TLCQM,0.1013134202036821,300
KRR_TLCQM,1.7708800162818954,300
NN_TLCQM,0.1428323296636257,300
XGBoost_Target_Only,0.0936571815312991,500
KRR_Target_Only,9.513685687744424,500
NN_Target_Only,0.150278416230259,500
XGBoost_Pool,0.0971727092219624,500
KRR_Pool,1.5612518900076164,500
NN_Pool,3.0813841809360083,500
XGBoost_TLCQM,0.0979365312645443,500
KRR_TLCQM,1.7508717181709088,500
NN_TLCQM,0.1494867683519349,500
XGBoost_Target_Only,0.1315262577906998,100
KRR_Target_Only,29.48200126348012,100
NN_Target_Only,18.33867355486155,100
XGBoost_Pool,0.1029630958258651,100
KRR_Pool,1.6206046540415089,100
NN_Pool,5.777535679764823,100
XGBoost_TLCQM,0.1134675969959352,100
KRR_TLCQM,1.8180950631270432,100
NN_TLCQM,0.1117183800851585,100
XGBoost_Target_Only,0.1165907319058784,200
KRR_Target_Only,19.651034229747022,200
NN_Target_Only,19.821725380606672,200
XGBoost_Pool,0.1009825274163092,200
KRR_Pool,1.6064015302478525,200
NN_Pool,3.4981480986934006,200
XGBoost_TLCQM,0.1059945519198457,200
KRR_TLCQM,1.7839387063380463,200
NN_TLCQM,0.1344266665196282,200
XGBoost_Target_Only,0.1065150927361478,300
KRR_Target_Only,14.337586086518828,300
NN_Target_Only,7.523570149968672,300
XGBoost_Pool,0.0999800255441545,300
KRR_Pool,1.5563889828731308,300
NN_Pool,6.034803541812869,300
XGBoost_TLCQM,0.103389003918577,300
KRR_TLCQM,1.7300408980296744,300
NN_TLCQM,0.1098411347011963,300
XGBoost_Target_Only,0.1021432846527402,500
KRR_Target_Only,9.55698772094554,500
NN_Target_Only,7.063241289452024,500
XGBoost_Pool,0.098434889410947,500
KRR_Pool,1.5357079405867358,500
NN_Pool,3.193829812986529,500
XGBoost_TLCQM,0.0978886983742184,500
KRR_TLCQM,1.6984523608730944,500
NN_TLCQM,0.1800686339660682,500
XGBoost_Target_Only,0.1172049284101614,100
KRR_Target_Only,30.2412094669269,100
NN_Target_Only,22.529448768420256,100
XGBoost_Pool,0.0972592099349243,100
KRR_Pool,1.598180918283268,100
NN_Pool,5.191793175421604,100
XGBoost_TLCQM,0.1009866916855199,100
KRR_TLCQM,1.8163038922484895,100
NN_TLCQM,0.099775750925414,100
XGBoost_Target_Only,0.1000401660073899,200
KRR_Target_Only,18.914095203522237,200
NN_Target_Only,21.39916542293358,200
XGBoost_Pool,0.0961875626186473,200
KRR_Pool,1.6026842532743724,200
NN_Pool,3.8905520825658906,200
XGBoost_TLCQM,0.1056543475778911,200
KRR_TLCQM,1.8266165159621237,200
NN_TLCQM,0.1409806109409305,200
XGBoost_Target_Only,0.0964107398202196,300
KRR_Target_Only,14.194429560850812,300
NN_Target_Only,6.813473451179323,300
XGBoost_Pool,0.098548165372791,300
KRR_Pool,1.5805641890620958,300
NN_Pool,3.1024563850409685,300
XGBoost_TLCQM,0.1047272009256311,300
KRR_TLCQM,1.763877039784968,300
NN_TLCQM,0.1254207452443443,300
XGBoost_Target_Only,0.0972904220713391,500
KRR_Target_Only,9.00763119238094,500
NN_Target_Only,0.1609090957501567,500
XGBoost_Pool,0.096201302085582,500
KRR_Pool,1.5511156235964376,500
NN_Pool,3.679741599229838,500
XGBoost_TLCQM,0.1008135822684112,500
KRR_TLCQM,1.7238531231217362,500
NN_TLCQM,0.1425653262141785,500
XGBoost_Target_Only,0.1264275803105616,100
KRR_Target_Only,29.287376509989965,100
NN_Target_Only,22.472064480127127,100
XGBoost_Pool,0.1007676320621433,100
KRR_Pool,1.5441160529498643,100
NN_Pool,3.494652772546431,100
XGBoost_TLCQM,0.1015866408342843,100
KRR_TLCQM,1.7620656819397151,100
NN_TLCQM,0.1075282659921298,100
XGBoost_Target_Only,0.108746555246581,200
KRR_Target_Only,19.22117317198217,200
NN_Target_Only,23.347294499879723,200
XGBoost_Pool,0.1001343612869747,200
KRR_Pool,1.5260105776034814,200
NN_Pool,3.417310158882881,200
XGBoost_TLCQM,0.1005227932318965,200
KRR_TLCQM,1.6835556998875536,200
NN_TLCQM,0.1099333641966464,200
XGBoost_Target_Only,0.1069745407601025,300
KRR_Target_Only,15.176628448720049,300
NN_Target_Only,1.1564472523709763,300
XGBoost_Pool,0.0989881317220017,300
KRR_Pool,1.5210805185868457,300
NN_Pool,3.204317640939076,300
XGBoost_TLCQM,0.1015542508312075,300
KRR_TLCQM,1.6718551771388654,300
NN_TLCQM,0.1021417825447944,300
XGBoost_Target_Only,0.0987632964846746,500
KRR_Target_Only,9.300252207415951,500
NN_Target_Only,0.3408512715843123,500
XGBoost_Pool,0.095294342210047,500
KRR_Pool,1.4517816872498257,500
NN_Pool,2.9230268114857005,500
XGBoost_TLCQM,0.0974362072494931,500
KRR_TLCQM,1.5866191208855422,500
NN_TLCQM,0.122257071294214,500
XGBoost_Target_Only,0.1069372710836647,100
KRR_Target_Only,29.183349428502133,100
NN_Target_Only,21.87441784983389,100
XGBoost_Pool,0.0982567711313861,100
KRR_Pool,1.5634692849277232,100
NN_Pool,3.161864108547149,100
XGBoost_TLCQM,0.1000814714515343,100
KRR_TLCQM,1.74433430660753,100
NN_TLCQM,0.0992581029492615,100
XGBoost_Target_Only,0.1028868876797932,200
KRR_Target_Only,18.989501491417432,200
NN_Target_Only,24.92850350835253,200
XGBoost_Pool,0.0989065998947786,200
KRR_Pool,1.472169432946808,200
NN_Pool,3.238488742993549,200
XGBoost_TLCQM,0.0963429700960927,200
KRR_TLCQM,1.6324453401892292,200
NN_TLCQM,0.184523845706893,200
XGBoost_Target_Only,0.1091488022928978,100
KRR_Target_Only,30.239632869226902,100
NN_Target_Only,24.7927506301782,100
XGBoost_Pool,0.0997782416495198,100
KRR_Pool,1.596651625575697,100
NN_Pool,5.796519162739649,100
XGBoost_TLCQM,0.1016330393303314,100
KRR_TLCQM,1.7860677267767933,100
NN_TLCQM,0.119208012870546,100
XGBoost_Target_Only,0.1046026911634369,200
KRR_Target_Only,18.828510678453785,200
NN_Target_Only,22.90001579848192,200
XGBoost_Pool,0.0983401167870997,200
KRR_Pool,1.5867270918636165,200
NN_Pool,3.707231025836968,200
XGBoost_TLCQM,0.0993471163797276,200
KRR_TLCQM,1.7597093621370623,200
NN_TLCQM,0.1121916918110364,200
XGBoost_Target_Only,0.0991076123635193,300
KRR_Target_Only,13.678846899270727,300
NN_Target_Only,2.31830783546241,300
XGBoost_Pool,0.0970794283486629,300
KRR_Pool,1.5719178705300607,300
NN_Pool,6.044818704365421,300
XGBoost_TLCQM,0.0975645734027393,300
KRR_TLCQM,1.7351371896843055,300
NN_TLCQM,0.3991791866232632,300
XGBoost_Target_Only,0.1216183194260764,100
KRR_Target_Only,28.32801778530807,100
NN_Target_Only,18.85002446651868,100
XGBoost_Pool,0.1035146391330223,100
KRR_Pool,1.5737189867386772,100
NN_Pool,5.355165706914309,100
XGBoost_TLCQM,0.1047817454381985,100
KRR_TLCQM,1.746256723155739,100
NN_TLCQM,0.1028544729220554,100
XGBoost_Target_Only,0.1011696216401884,200
KRR_Target_Only,18.50831044406748,200
NN_Target_Only,19.577182731477336,200
XGBoost_Pool,0.1000974448762707,200
KRR_Pool,1.5449253609431104,200
NN_Pool,4.893119237918182,200
XGBoost_TLCQM,0.0994374965817949,200
KRR_TLCQM,1.7073753146839403,200
NN_TLCQM,0.1144975195665276,200
XGBoost_Target_Only,0.1004259788206855,300
KRR_Target_Only,13.98010838584868,300
NN_Target_Only,11.47991219477352,300
XGBoost_Pool,0.0978207239196383,300
KRR_Pool,1.4906229152832031,300
NN_Pool,3.2953474000976635,300
XGBoost_TLCQM,0.1012131030942448,300
KRR_TLCQM,1.6379280830672869,300
NN_TLCQM,0.1531278237935419,300
XGBoost_Target_Only,0.0968080229043369,500
KRR_Target_Only,10.042493107568738,500
NN_Target_Only,0.1878456808645051,500
XGBoost_Pool,0.0960284948915498,500
KRR_Pool,1.4690235523877824,500
NN_Pool,2.7076976084780644,500
XGBoost_TLCQM,0.096147876990931,500
KRR_TLCQM,1.620674014213661,500
NN_TLCQM,0.1145029583406987,500
XGBoost_Target_Only,0.1049757057914158,100
KRR_Target_Only,29.39600611299382,100
NN_Target_Only,21.32784510271709,100
XGBoost_Pool,0.1003075250932806,100
KRR_Pool,1.570842898783713,100
NN_Pool,5.241428868307619,100
XGBoost_TLCQM,0.1014324371909402,100
KRR_TLCQM,1.740620435819218,100
NN_TLCQM,0.1522363739365559,100
XGBoost_Target_Only,0.1003131143798214,200
KRR_Target_Only,20.46564815186232,200
NN_Target_Only,21.459834759862375,200
XGBoost_Pool,0.0993117506586063,200
KRR_Pool,1.5711128427700525,200
NN_Pool,3.3662157397597765,200
XGBoost_TLCQM,0.0984084116089752,200
KRR_TLCQM,1.730460880491209,200
NN_TLCQM,0.1027725520692913,200
XGBoost_Target_Only,0.0999733647547714,300
KRR_Target_Only,13.6683264543505,300
NN_Target_Only,0.2497289576142265,300
XGBoost_Pool,0.0982683766554975,300
KRR_Pool,1.544095155290099,300
NN_Pool,2.9532842150568688,300
XGBoost_TLCQM,0.0966911985082741,300
KRR_TLCQM,1.7042883729806289,300
NN_TLCQM,0.0978748145427358,300
XGBoost_Target_Only,0.0986505455584662,500
KRR_Target_Only,8.088019930200087,500
NN_Target_Only,0.2618160417285491,500
XGBoost_Pool,0.095609790495299,500
KRR_Pool,1.5350202695335622,500
NN_Pool,3.690681083756376,500
XGBoost_TLCQM,0.0985534693060331,500
KRR_TLCQM,1.6830216487272582,500
NN_TLCQM,0.119324100231702,500
XGBoost_Target_Only,0.1171832072301973,100
KRR_Target_Only,28.91794623275099,100
NN_Target_Only,22.74414821182641,100
XGBoost_Pool,0.0999186828738372,100
KRR_Pool,1.6544434953016791,100
NN_Pool,5.817718363126466,100
XGBoost_TLCQM,0.1031253041507311,100
KRR_TLCQM,1.8287155356612637,100
NN_TLCQM,0.1043979749663579,100
XGBoost_Target_Only,0.1167544662615386,200
KRR_Target_Only,20.118453205442695,200
NN_Target_Only,22.84961117016176,200
XGBoost_Pool,0.0992752629609853,200
KRR_Pool,1.6291027262376665,200
NN_Pool,3.891781063681312,200
XGBoost_TLCQM,0.1025266725673845,200
KRR_TLCQM,1.8001343446492843,200
NN_TLCQM,0.1777078073420464,200
XGBoost_Target_Only,0.1167540655552536,300
KRR_Target_Only,14.187290385127652,300
NN_Target_Only,0.233318511729213,300
XGBoost_Pool,0.0978494818616676,300
KRR_Pool,1.5784466815431752,300
NN_Pool,3.895216991111965,300
XGBoost_TLCQM,0.0992179277264738,300
KRR_TLCQM,1.7379530409079418,300
NN_TLCQM,0.1080653933742319,300
XGBoost_Target_Only,0.1217175756540925,100
KRR_Target_Only,29.17118781505765,100
NN_Target_Only,23.38548812355927,100
XGBoost_Pool,0.1026142424151949,100
KRR_Pool,1.6319249654951646,100
NN_Pool,5.481108829538555,100
XGBoost_TLCQM,0.1010856095817093,100
KRR_TLCQM,1.81918636260537,100
NN_TLCQM,0.1014041768297367,100
XGBoost_Target_Only,0.100934707926365,200
KRR_Target_Only,19.175379091960306,200
NN_Target_Only,25.73027018076236,200
XGBoost_Pool,0.0991443966817484,200
KRR_Pool,1.5778272627061505,200
NN_Pool,4.99370445539875,200
XGBoost_TLCQM,0.1017641665844626,200
KRR_TLCQM,1.7559048156330683,200
NN_TLCQM,0.1010001625426518,200
XGBoost_Target_Only,0.0974553250565143,300
KRR_Target_Only,14.21604153181261,300
NN_Target_Only,0.509327650671047,300
XGBoost_Pool,0.0984036666511215,300
KRR_Pool,1.4841207533627798,300
NN_Pool,5.81666977975567,300
XGBoost_TLCQM,0.0988566616558277,300
KRR_TLCQM,1.637656010814566,300
NN_TLCQM,0.0987784414297407,300
XGBoost_Target_Only,0.0933654840508875,500
KRR_Target_Only,9.776239816269864,500
NN_Target_Only,6.295959132487188,500
XGBoost_Pool,0.0950751469096248,500
KRR_Pool,1.42854275167463,500
NN_Pool,3.332909778843975,500
XGBoost_TLCQM,0.0946578216646383,500
KRR_TLCQM,1.575218234182418,500
NN_TLCQM,0.108832309645145,500
XGBoost_Target_Only,0.1091576849031675,100
KRR_Target_Only,29.305576168770912,100
NN_Target_Only,25.01401644590115,100
XGBoost_Pool,0.1040989023301707,100
KRR_Pool,1.5522538196837994,100
NN_Pool,5.60742340310102,100
XGBoost_TLCQM,0.1008420262818807,100
KRR_TLCQM,1.7135735601760491,100
NN_TLCQM,0.1858072355868132,100
XGBoost_Target_Only,0.1041201909392739,200
KRR_Target_Only,18.71931980215984,200
NN_Target_Only,22.819103954178672,200
XGBoost_Pool,0.1006112999004266,200
KRR_Pool,1.5214380893362691,200
NN_Pool,3.3395183294315376,200
XGBoost_TLCQM,0.1057493489018611,200
KRR_TLCQM,1.6893554451631658,200
NN_TLCQM,0.1097311284017615,200
XGBoost_Target_Only,0.1023643165949589,300
KRR_Target_Only,12.91942598918285,300
NN_Target_Only,0.2588867197444631,300
XGBoost_Pool,0.1004484948294515,300
KRR_Pool,1.5321427209672245,300
NN_Pool,3.369367681228121,300
XGBoost_TLCQM,0.1049173389035116,300
KRR_TLCQM,1.6959963960211475,300
NN_TLCQM,0.107965296993167,300
XGBoost_Target_Only,0.0975202636908544,500
KRR_Target_Only,7.884610997942091,500
NN_Target_Only,1.0444193187443562,500
XGBoost_Pool,0.0934497565421942,500
KRR_Pool,1.46621932131913,500
NN_Pool,3.499380913856376,500
XGBoost_TLCQM,0.0958334902223209,500
KRR_TLCQM,1.602260261457172,500
NN_TLCQM,0.0996970081051097,500
XGBoost_Target_Only,0.1159476806900486,100
KRR_Target_Only,29.600714993442367,100
NN_Target_Only,29.12317108679508,100
XGBoost_Pool,0.1013543387187395,100
KRR_Pool,1.6168631186052005,100
NN_Pool,5.506725937521376,100
XGBoost_TLCQM,0.1022128672761723,100
KRR_TLCQM,1.8373149951432133,100
NN_TLCQM,0.1069060717038353,100
XGBoost_Target_Only,0.1016040267667901,200
KRR_Target_Only,18.50897976532932,200
NN_Target_Only,25.713737240683976,200
XGBoost_Pool,0.1000901924250855,200
KRR_Pool,1.5964023435432462,200
NN_Pool,3.456206900780354,200
XGBoost_TLCQM,0.0995451867220014,200
KRR_TLCQM,1.7800945549093858,200
NN_TLCQM,0.0991595577189877,200
XGBoost_Target_Only,0.0982116771073697,300
KRR_Target_Only,13.519361009627463,300
NN_Target_Only,0.5051790168402455,300
XGBoost_Pool,0.099602074703812,300
KRR_Pool,1.5179285022650169,300
NN_Pool,3.019475350781269,300
XGBoost_TLCQM,0.0999519074292695,300
KRR_TLCQM,1.711469894274148,300
NN_TLCQM,0.1005108898946185,300
XGBoost_Target_Only,0.0962343006090789,500
KRR_Target_Only,8.729531924531083,500
NN_Target_Only,0.3733813330728383,500
XGBoost_Pool,0.0974235569978801,500
KRR_Pool,1.4293275766649882,500
NN_Pool,3.059532326130997,500
XGBoost_TLCQM,0.0946430026762022,500
KRR_TLCQM,1.5929368133873476,500
NN_TLCQM,0.1007930182457645,500
XGBoost_Target_Only,0.1190897098316287,100
KRR_Target_Only,29.58325270518315,100
NN_Target_Only,18.39199757805411,100
XGBoost_Pool,0.1004593854823178,100
KRR_Pool,1.6605537057914448,100
NN_Pool,5.8306069789105175,100
XGBoost_TLCQM,0.1080235065392118,100
KRR_TLCQM,1.8522181392710373,100
NN_TLCQM,0.105626623881123,100
XGBoost_Target_Only,0.105290677963724,200
KRR_Target_Only,19.23750029230363,200
NN_Target_Only,21.4976663473928,200
XGBoost_Pool,0.0993990858423289,200
KRR_Pool,1.6083757869506792,200
NN_Pool,3.172379721597446,200
XGBoost_TLCQM,0.0985348278924653,200
KRR_TLCQM,1.804614121389085,200
NN_TLCQM,0.1091205099969592,200
XGBoost_Target_Only,0.0998626549295449,300
KRR_Target_Only,13.765671207343708,300
NN_Target_Only,0.3838105306150199,300
XGBoost_Pool,0.0997361917997956,300
KRR_Pool,1.5320710786790326,300
NN_Pool,3.9136647861421454,300
XGBoost_TLCQM,0.0989400641803741,300
KRR_TLCQM,1.6887953796791164,300
NN_TLCQM,0.1189247276542487,300
XGBoost_Target_Only,0.0996395389495868,500
KRR_Target_Only,9.103801727123097,500
NN_Target_Only,0.2506198499191228,500
XGBoost_Pool,0.0957872989691031,500
KRR_Pool,1.4560437902803394,500
NN_Pool,3.014027220404269,500
XGBoost_TLCQM,0.0983396537140625,500
KRR_TLCQM,1.5989926575615696,500
NN_TLCQM,0.109939536458309,500
XGBoost_Target_Only,0.114896935478057,100
KRR_Target_Only,30.36096505301215,100
NN_Target_Only,23.07214609599804,100
XGBoost_Pool,0.1002509592643615,100
KRR_Pool,1.64096624458997,100
NN_Pool,5.3089946591278006,100
XGBoost_TLCQM,0.1014523346919624,100
KRR_TLCQM,1.8312803483113125,100
NN_TLCQM,0.1374840210455936,100
XGBoost_Target_Only,0.1112304428067734,100
KRR_Target_Only,30.50877629587653,100
NN_Target_Only,24.60527944421074,100
XGBoost_Pool,0.0993330503164634,100
KRR_Pool,1.577958958643413,100
NN_Pool,5.425231423597919,100
XGBoost_TLCQM,0.1003456087401998,100
KRR_TLCQM,1.7578490534004845,100
NN_TLCQM,0.0989223845375358,100
XGBoost_Target_Only,0.1131253576440343,200
KRR_Target_Only,19.39277622578883,200
NN_Target_Only,23.39528430812001,200
XGBoost_Pool,0.1007840604747446,200
KRR_Pool,1.535970104043052,200
NN_Pool,3.350629768275402,200
XGBoost_TLCQM,0.0991931267591171,200
KRR_TLCQM,1.689032972339768,200
NN_TLCQM,0.0984638739990179,200
XGBoost_Target_Only,0.1083011757672119,300
KRR_Target_Only,14.27169324244524,300
NN_Target_Only,8.510145173270251,300
XGBoost_Pool,0.0995737392952249,300
KRR_Pool,1.500753420427155,300
NN_Pool,3.350150310701948,300
XGBoost_TLCQM,0.0960129867613284,300
KRR_TLCQM,1.662123932138036,300
NN_TLCQM,0.175887845000348,300
XGBoost_Target_Only,0.0977020184881247,500
KRR_Target_Only,8.565751278490906,500
NN_Target_Only,0.2432933174069879,500
XGBoost_Pool,0.0968593899298946,500
KRR_Pool,1.481819874502129,500
NN_Pool,3.421554694572769,500
XGBoost_TLCQM,0.0985451427006441,500
KRR_TLCQM,1.638135649845974,500
NN_TLCQM,0.1140074565257104,500
XGBoost_Target_Only,0.1065605796806941,100
KRR_Target_Only,30.265743609079028,100
NN_Target_Only,21.177827760475385,100
XGBoost_Pool,0.1003745797125066,100
KRR_Pool,1.616275135255596,100
NN_Pool,5.649816774593755,100
XGBoost_TLCQM,0.1028606618311395,100
KRR_TLCQM,1.809581620972892,100
NN_TLCQM,0.1966432219736472,100
XGBoost_Target_Only,0.1059767825612759,200
KRR_Target_Only,20.17131703797012,200
NN_Target_Only,21.48209154501502,200
XGBoost_Pool,0.0983518031047379,200
KRR_Pool,1.5763985734844996,200
NN_Pool,3.4024027757033832,200
XGBoost_TLCQM,0.1016138537396161,200
KRR_TLCQM,1.737476000765808,200
NN_TLCQM,0.1090063358541846,200
XGBoost_Target_Only,0.103920675222492,300
KRR_Target_Only,14.93280021523579,300
NN_Target_Only,0.815756590498798,300
XGBoost_Pool,0.0973228308813817,300
KRR_Pool,1.574646854800892,300
NN_Pool,6.124852097663577,300
XGBoost_TLCQM,0.1020662357432159,300
KRR_TLCQM,1.7563850372954584,300
NN_TLCQM,0.1280944022393807,300
XGBoost_Target_Only,0.0967613092840878,500
KRR_Target_Only,8.340716792788703,500
NN_Target_Only,0.3780349451665774,500
XGBoost_Pool,0.0957767287031484,500
KRR_Pool,1.4691615989505151,500
NN_Pool,3.476343555520709,500
XGBoost_TLCQM,0.0959849796568161,500
KRR_TLCQM,1.6023945936897004,500
NN_TLCQM,0.0995297772470544,500
XGBoost_Target_Only,0.110561940906041,100
KRR_Target_Only,31.367885239793207,100
NN_Target_Only,22.116053841266236,100
XGBoost_Pool,0.0993951679905867,100
KRR_Pool,1.6268560419594755,100
NN_Pool,5.72940701330965,100
XGBoost_TLCQM,0.0974729073503686,100
KRR_TLCQM,1.8198793382335128,100
NN_TLCQM,0.1007542291112531,100
XGBoost_Target_Only,0.1114777084871204,200
KRR_Target_Only,19.29873396914524,200
NN_Target_Only,22.851928962989923,200
XGBoost_Pool,0.0985758244059189,200
KRR_Pool,1.548565368950379,200
NN_Pool,4.343230991184749,200
XGBoost_TLCQM,0.0999744884182722,200
KRR_TLCQM,1.7119129794489705,200
NN_TLCQM,0.1004855090395272,200
XGBoost_Target_Only,0.1007321695348491,300
KRR_Target_Only,13.257887448525976,300
NN_Target_Only,6.87683860781098,300
XGBoost_Pool,0.0979741169628548,300
KRR_Pool,1.533864828798615,300
NN_Pool,3.400424342906401,300
XGBoost_TLCQM,0.098413166949495,300
KRR_TLCQM,1.696735134577306,300
NN_TLCQM,0.1168329179175596,300
XGBoost_Target_Only,0.097753912399336,500
KRR_Target_Only,8.221933653191282,500
NN_Target_Only,0.2008090240196074,500
XGBoost_Pool,0.0971162721625049,500
KRR_Pool,1.4643100100327784,500
NN_Pool,3.3958817072701626,500
XGBoost_TLCQM,0.096262315132044,500
KRR_TLCQM,1.6138366291008597,500
NN_TLCQM,0.0980551725580631,500
XGBoost_Target_Only,0.1197996024277261,100
KRR_Target_Only,30.01501592445429,100
NN_Target_Only,23.74315217328255,100
XGBoost_Pool,0.1052889465016617,100
KRR_Pool,1.614923547262175,100
NN_Pool,5.534573597979441,100
XGBoost_TLCQM,0.0959562740020404,100
KRR_TLCQM,1.830575696042379,100
NN_TLCQM,0.2374014076929306,100
XGBoost_Target_Only,0.1090934103888267,200
KRR_Target_Only,19.55125200291625,200
NN_Target_Only,28.18863748538536,200
XGBoost_Pool,0.0956482413442177,200
KRR_Pool,1.5663839562782789,200
NN_Pool,3.783324855816861,200
XGBoost_TLCQM,0.0958961646548536,200
KRR_TLCQM,1.7600061122463508,200
NN_TLCQM,0.1119003010428117,200
XGBoost_Target_Only,0.0973087974011273,300
KRR_Target_Only,13.446305283430892,300
NN_Target_Only,6.598527875113964,300
XGBoost_Pool,0.0977335348369847,300
KRR_Pool,1.5451472315005403,300
NN_Pool,2.737007731495832,300
XGBoost_TLCQM,0.0938840418228352,300
KRR_TLCQM,1.7250003085218768,300
NN_TLCQM,0.122778032667897,300
XGBoost_Target_Only,0.0938917726143494,500
KRR_Target_Only,9.329091192282052,500
NN_Target_Only,0.3222971924327625,500
XGBoost_Pool,0.0942975622290583,500
KRR_Pool,1.4219179991532311,500
NN_Pool,3.185384611564998,500
XGBoost_TLCQM,0.092991108683738,500
KRR_TLCQM,1.5839581065272998,500
NN_TLCQM,0.1095151362232293,500
XGBoost_Target_Only,0.1111463962957628,100
KRR_Target_Only,29.57333599326825,100
NN_Target_Only,24.36673077854225,100
XGBoost_Pool,0.103546631389536,100
KRR_Pool,1.6037908275089892,100
NN_Pool,4.138724509748432,100
XGBoost_TLCQM,0.1012187245232797,100
KRR_TLCQM,1.7865022272352191,100
NN_TLCQM,0.1000925068799274,100
XGBoost_Target_Only,0.1037407001345455,200
KRR_Target_Only,20.593197346594536,200
NN_Target_Only,22.362528248762043,200
XGBoost_Pool,0.0997292291220561,200
KRR_Pool,1.5883891117988838,200
NN_Pool,3.911839802037945,200
XGBoost_TLCQM,0.1012911556925511,200
KRR_TLCQM,1.7670565826977012,200
NN_TLCQM,0.1049761516962099,200
XGBoost_Target_Only,0.1013297390970671,300
KRR_Target_Only,15.62479781501677,300
NN_Target_Only,0.4407665560612264,300
XGBoost_Pool,0.1005544937615209,300
KRR_Pool,1.5942101188234594,300
NN_Pool,5.849024944751136,300
XGBoost_TLCQM,0.1014374732168607,300
KRR_TLCQM,1.7509517073926413,300
NN_TLCQM,0.1047095680624152,300
XGBoost_Target_Only,0.0984408693165807,500
KRR_Target_Only,9.486496953358024,500
NN_Target_Only,0.192414444499641,500
XGBoost_Pool,0.099841837399312,500
KRR_Pool,1.5261040487281727,500
NN_Pool,2.831049686779078,500
XGBoost_TLCQM,0.104218096396061,500
KRR_TLCQM,1.673743644332479,500
NN_TLCQM,0.111238083685732,500
XGBoost_Target_Only,0.1190496297400892,100
KRR_Target_Only,28.793802186375636,100
NN_Target_Only,22.56247511223866,100
XGBoost_Pool,0.1001532186086677,100
KRR_Pool,1.612454287034513,100
NN_Pool,3.360977649818045,100
XGBoost_TLCQM,0.1029058788864951,100
KRR_TLCQM,1.8183548053444825,100
NN_TLCQM,0.1007398235541346,100
XGBoost_Target_Only,0.1089824963569967,200
KRR_Target_Only,19.89643329901257,200
NN_Target_Only,21.256584285309422,200
XGBoost_Pool,0.1005208659639334,200
KRR_Pool,1.602529704910841,200
NN_Pool,3.5439790353052945,200
XGBoost_TLCQM,0.0977777191922967,200
KRR_TLCQM,1.795888670797122,200
NN_TLCQM,0.1029869946039321,200
XGBoost_Target_Only,0.0984693483915587,300
KRR_Target_Only,15.160176085837392,300
NN_Target_Only,6.767181172968091,300
XGBoost_Pool,0.0982341442669233,300
KRR_Pool,1.6134666369186244,300
NN_Pool,4.548574636906263,300
XGBoost_TLCQM,0.0976481685146659,300
KRR_TLCQM,1.772085502463418,300
NN_TLCQM,0.1314823948361046,300
XGBoost_Target_Only,0.0946749850166967,500
KRR_Target_Only,9.53798831831559,500
NN_Target_Only,0.3164739490033145,500
XGBoost_Pool,0.0948902765035611,500
KRR_Pool,1.5872311598910849,500
NN_Pool,2.884625255091412,500
XGBoost_TLCQM,0.096363866426377,500
KRR_TLCQM,1.7613018587275244,500
NN_TLCQM,0.1135426386194418,500
XGBoost_Target_Only,0.1121304051886343,100
KRR_Target_Only,30.55104806682201,100
NN_Target_Only,17.329449342007827,100
XGBoost_Pool,0.0987063655257082,100
KRR_Pool,1.6475142219011958,100
NN_Pool,5.647875915814232,100
XGBoost_TLCQM,0.1033001561465571,100
KRR_TLCQM,1.855702151127981,100
NN_TLCQM,0.1604807710146934,100
XGBoost_Target_Only,0.1074455851730587,200
KRR_Target_Only,19.666247037961742,200
NN_Target_Only,23.51949097661561,200
XGBoost_Pool,0.0988057001680826,200
KRR_Pool,1.611480468620781,200
NN_Pool,3.652381960283918,200
XGBoost_TLCQM,0.0996194049140323,200
KRR_TLCQM,1.816990590740251,200
NN_TLCQM,0.0988575808798666,200
XGBoost_Target_Only,0.1011824204514094,300
KRR_Target_Only,14.603380138751094,300
NN_Target_Only,0.3914822446796173,300
XGBoost_Pool,0.0961458677628418,300
KRR_Pool,1.5771041668173298,300
NN_Pool,3.31511096148955,300
XGBoost_TLCQM,0.0956541381213185,300
KRR_TLCQM,1.754281087186026,300
NN_TLCQM,0.3674101110465947,300
XGBoost_Target_Only,0.0984374301982481,500
KRR_Target_Only,8.993400850830684,500
NN_Target_Only,0.2126014045139719,500
XGBoost_Pool,0.094294551571552,500
KRR_Pool,1.5867947918090313,500
NN_Pool,5.327170732844941,500
XGBoost_TLCQM,0.0958370344347371,500
KRR_TLCQM,1.7553930059984584,500
NN_TLCQM,0.1591545810184503,500
XGBoost_Target_Only,0.1102774169065429,100
KRR_Target_Only,29.919426920737195,100
NN_Target_Only,21.91213360278685,100
XGBoost_Pool,0.1003071983601265,100
KRR_Pool,1.6221977801145038,100
NN_Pool,5.172927926042568,100
XGBoost_TLCQM,0.1036351956827168,100
KRR_TLCQM,1.7824633589606795,100
NN_TLCQM,0.1583174707955929,100
XGBoost_Target_Only,0.1011642668594479,200
KRR_Target_Only,18.447230820172823,200
NN_Target_Only,22.152346092328163,200
XGBoost_Pool,0.0981004340997005,200
KRR_Pool,1.5676164406195163,200
NN_Pool,4.35401196322844,200
XGBoost_TLCQM,0.0972698875102254,200
KRR_TLCQM,1.7408551548278983,200
NN_TLCQM,0.1755438733087199,200
XGBoost_Target_Only,0.0959739429426161,300
KRR_Target_Only,13.51048984579654,300
NN_Target_Only,0.2064119194368236,300
XGBoost_Pool,0.0952056067897335,300
KRR_Pool,1.574658484422959,300
NN_Pool,3.3800920172186726,300
XGBoost_TLCQM,0.0952116864242826,300
KRR_TLCQM,1.7472049087012091,300
NN_TLCQM,0.1369024016470124,300
XGBoost_Target_Only,0.0941764904667749,500
KRR_Target_Only,8.550254480217268,500
NN_Target_Only,0.1903917729564305,500
XGBoost_Pool,0.0941436721182878,500
KRR_Pool,1.5523897096411898,500
NN_Pool,3.347528772312748,500
XGBoost_TLCQM,0.0929013534102735,500
KRR_TLCQM,1.7195757598625647,500
NN_TLCQM,0.1671416481558146,500
XGBoost_Target_Only,0.1073762722378845,100
KRR_Target_Only,31.14727229589707,100
NN_Target_Only,22.04414201772872,100
XGBoost_Pool,0.100571351280538,100
KRR_Pool,1.581447981534109,100
NN_Pool,5.876081679241387,100
XGBoost_TLCQM,0.1112662167879914,100
KRR_TLCQM,1.7706368031657755,100
NN_TLCQM,0.1570746069547935,100
XGBoost_Target_Only,0.1073041318264395,200
KRR_Target_Only,20.61386114488559,200
NN_Target_Only,20.83123926203228,200
XGBoost_Pool,0.099541127256501,200
KRR_Pool,1.5653481508962428,200
NN_Pool,3.8013182784331856,200
XGBoost_TLCQM,0.0975308023437405,200
KRR_TLCQM,1.7321712360994617,200
NN_TLCQM,0.1039785237767194,200
XGBoost_Target_Only,0.0985889103938296,300
KRR_Target_Only,13.704258449794253,300
NN_Target_Only,0.5449890079151954,300
XGBoost_Pool,0.0966266373975443,300
KRR_Pool,1.538579926760647,300
NN_Pool,3.170634609527452,300
XGBoost_TLCQM,0.0957479887300471,300
KRR_TLCQM,1.708811223174639,300
NN_TLCQM,0.1318272385912051,300
XGBoost_Target_Only,0.0930557960842044,500
KRR_Target_Only,8.371821805236506,500
NN_Target_Only,0.5395711499342258,500
XGBoost_Pool,0.0943233210308978,500
KRR_Pool,1.4842143797839882,500
NN_Pool,2.835017378010047,500
XGBoost_TLCQM,0.0932916228234625,500
KRR_TLCQM,1.6305247646403949,500
NN_TLCQM,0.1461474952304734,500
XGBoost_Target_Only,0.1081152424095893,100
KRR_Target_Only,29.370671471944423,100
NN_Target_Only,22.08366593671123,100
XGBoost_Pool,0.1015631907120761,100
KRR_Pool,1.5902031201519184,100
NN_Pool,5.686946432304945,100
XGBoost_TLCQM,0.105479978015115,100
KRR_TLCQM,1.7505090855082126,100
NN_TLCQM,0.1030347469235367,100
XGBoost_Target_Only,0.0993304665885271,200
KRR_Target_Only,19.207018910972128,200
NN_Target_Only,21.27451679554566,200
XGBoost_Pool,0.0991821744104357,200
KRR_Pool,1.5885496957233272,200
NN_Pool,3.626228328419829,200
XGBoost_TLCQM,0.103100416093399,200
KRR_TLCQM,1.759835019398285,200
NN_TLCQM,0.1306887528495004,200
XGBoost_Target_Only,0.0997588973934492,300
KRR_Target_Only,14.039267082920777,300
NN_Target_Only,6.7659562096115335,300
XGBoost_Pool,0.09775332348892,300
KRR_Pool,1.5783075963651514,300
NN_Pool,3.261178197587013,300
XGBoost_TLCQM,0.104370588919124,300
KRR_TLCQM,1.7111702044136006,300
NN_TLCQM,0.124812669138475,300
XGBoost_Target_Only,0.0954502210766422,500
KRR_Target_Only,8.647677419160763,500
NN_Target_Only,0.2961587982047628,500
XGBoost_Pool,0.0947668666573217,500
KRR_Pool,1.5086687365031288,500
NN_Pool,3.5141016990626754,500
XGBoost_TLCQM,0.0950310778012751,500
KRR_TLCQM,1.6611406719303965,500
NN_TLCQM,0.1267680427219872,500
XGBoost_Target_Only,0.1484269439793428,100
KRR_Target_Only,30.0434366253987,100
NN_Target_Only,23.47804198074914,100
XGBoost_Pool,0.1028167319744318,100
KRR_Pool,1.629341351933262,100
NN_Pool,5.59804712732114,100
XGBoost_TLCQM,0.1019852137271539,100
KRR_TLCQM,1.7845819687365003,100
NN_TLCQM,0.1545016439507643,100
XGBoost_Target_Only,0.1056214828497199,200
KRR_Target_Only,19.995648691477392,200
NN_Target_Only,21.621155760544237,200
XGBoost_Pool,0.0961239501651084,200
KRR_Pool,1.59518310488266,200
NN_Pool,3.584940451105423,200
XGBoost_TLCQM,0.0989005482994767,200
KRR_TLCQM,1.7577300356111838,200
NN_TLCQM,0.0999914594005118,200
XGBoost_Target_Only,0.0967709139301886,300
KRR_Target_Only,15.356052723566924,300
NN_Target_Only,6.24853938068036,300
XGBoost_Pool,0.0983303097278686,300
KRR_Pool,1.5019744866152451,300
NN_Pool,2.8922684368981693,300
XGBoost_TLCQM,0.0996604129145421,300
KRR_TLCQM,1.6511295983266034,300
NN_TLCQM,0.1086758787762603,300
XGBoost_Target_Only,0.0983383131865587,500
KRR_Target_Only,8.93729165558876,500
NN_Target_Only,6.601439694503544,500
XGBoost_Pool,0.0948191522541867,500
KRR_Pool,1.4434172137310757,500
NN_Pool,3.6694544573515815,500
XGBoost_TLCQM,0.0975820546671716,500
KRR_TLCQM,1.591923717836927,500
NN_TLCQM,0.2243072174544209,500
XGBoost_Target_Only,0.1088747147333798,100
KRR_Target_Only,30.937679003281364,100
NN_Target_Only,28.79755972662717,100
XGBoost_Pool,0.1019453165565963,100
KRR_Pool,1.64458687791666,100
NN_Pool,3.235978274122976,100
XGBoost_TLCQM,0.1018438858989458,100
KRR_TLCQM,1.8342726240654297,100
NN_TLCQM,0.1550304982128962,100
XGBoost_Target_Only,0.1106439353623502,200
KRR_Target_Only,19.412800388908355,200
NN_Target_Only,23.00355766499492,200
XGBoost_Pool,0.101865319001994,200
KRR_Pool,1.6410037984237895,200
NN_Pool,5.182612319835753,200
XGBoost_TLCQM,0.1023759475577856,200
KRR_TLCQM,1.8343104268801256,200
NN_TLCQM,0.1753139108049351,200
XGBoost_Target_Only,0.1008307118656496,300
KRR_Target_Only,14.65604740413223,300
NN_Target_Only,14.86933601362978,300
XGBoost_Pool,0.0995266244770414,300
KRR_Pool,1.6157483968801472,300
NN_Pool,5.921720442865786,300
XGBoost_TLCQM,0.0986949812074033,300
KRR_TLCQM,1.7995488833456186,300
NN_TLCQM,0.0979706979269348,300
XGBoost_Target_Only,0.0938392699966086,500
KRR_Target_Only,8.659824175482665,500
NN_Target_Only,0.9431000904038758,500
XGBoost_Pool,0.0972071513491471,500
KRR_Pool,1.520466643989611,500
NN_Pool,3.227971137546648,500
XGBoost_TLCQM,0.0959157963139318,500
KRR_TLCQM,1.6662790424047331,500
NN_TLCQM,0.1428442534706033,500
XGBoost_Target_Only,0.1101122898163426,100
KRR_Target_Only,30.24311878966581,100
NN_Target_Only,18.0561023130008,100
XGBoost_Pool,0.0983570088728398,100
KRR_Pool,1.6386925320321537,100
NN_Pool,5.520590142162585,100
XGBoost_TLCQM,0.1035667210834433,100
KRR_TLCQM,1.8283031294367424,100
NN_TLCQM,0.1125881904869646,100
XGBoost_Target_Only,0.1094698655284317,200
KRR_Target_Only,20.057755450593053,200
NN_Target_Only,22.771940602300983,200
XGBoost_Pool,0.0970963573326998,200
KRR_Pool,1.604883468424903,200
NN_Pool,3.2509068566292365,200
XGBoost_TLCQM,0.1034382692530132,200
KRR_TLCQM,1.785923183791528,200
NN_TLCQM,0.1209649711988892,200
XGBoost_Target_Only,0.0962820921680837,300
KRR_Target_Only,14.26378603290107,300
NN_Target_Only,14.06712949378787,300
XGBoost_Pool,0.0978234236857191,300
KRR_Pool,1.6167676523129484,300
NN_Pool,3.9329175254177455,300
XGBoost_TLCQM,0.1009155765585842,300
KRR_TLCQM,1.7788482961994148,300
NN_TLCQM,0.1974249162964048,300
XGBoost_Target_Only,0.0946977994876519,500
KRR_Target_Only,8.689159645098368,500
NN_Target_Only,1.5202284227212053,500
XGBoost_Pool,0.0965121328048416,500
KRR_Pool,1.5159132017389687,500
NN_Pool,3.680084435878295,500
XGBoost_TLCQM,0.0946384010714771,500
KRR_TLCQM,1.686053356054014,500
NN_TLCQM,0.1059889504343799,500
XGBoost_Target_Only,0.1210705002937888,100
KRR_Target_Only,29.900626472532828,100
NN_Target_Only,21.229790002417975,100
XGBoost_Pool,0.1001113674521996,100
KRR_Pool,1.6233271191291443,100
NN_Pool,5.614914006354329,100
XGBoost_TLCQM,0.097384197936195,100
KRR_TLCQM,1.8415951788546672,100
NN_TLCQM,0.5534749619993447,100
XGBoost_Target_Only,0.1064443435832007,200
KRR_Target_Only,21.72367606134914,200
NN_Target_Only,20.20006060876675,200
XGBoost_Pool,0.0970441381631376,200
KRR_Pool,1.619738066015493,200
NN_Pool,3.228097961868571,200
XGBoost_TLCQM,0.1005220622119681,200
KRR_TLCQM,1.796687811620054,200
NN_TLCQM,0.4867859933485591,200
XGBoost_Target_Only,0.1003962807873383,300
KRR_Target_Only,15.927124723728912,300
NN_Target_Only,7.0006424464821775,300
XGBoost_Pool,0.0962005534296533,300
KRR_Pool,1.5999329476548951,300
NN_Pool,3.395863648336221,300
XGBoost_TLCQM,0.0975331397948958,300
KRR_TLCQM,1.7644871714962678,300
NN_TLCQM,0.2059566133544166,300
XGBoost_Target_Only,0.0943867339461067,500
KRR_Target_Only,9.033844785654564,500
NN_Target_Only,6.698406793483582,500
XGBoost_Pool,0.0938757002945818,500
KRR_Pool,1.4698841442598274,500
NN_Pool,3.528668398101262,500
XGBoost_TLCQM,0.0937995030352193,500
KRR_TLCQM,1.6267182401563118,500
NN_TLCQM,0.0957175075955961,500
XGBoost_Target_Only,0.118404908165925,100
KRR_Target_Only,29.19807245926389,100
NN_Target_Only,17.44790384004038,100
XGBoost_Pool,0.1012926223506252,100
KRR_Pool,1.6642908333963518,100
NN_Pool,5.615352634856833,100
XGBoost_TLCQM,0.096883250679532,100
KRR_TLCQM,1.844174697031099,100
NN_TLCQM,0.1016214962443853,100
XGBoost_Target_Only,0.1104228191342449,200
KRR_Target_Only,19.423028727033312,200
NN_Target_Only,18.23533036849507,200
XGBoost_Pool,0.0998417408191858,200
KRR_Pool,1.671587906523792,200
NN_Pool,3.337075422241716,200
XGBoost_TLCQM,0.1004844939259098,200
KRR_TLCQM,1.855344646792182,200
NN_TLCQM,0.107416054777211,200
XGBoost_Target_Only,0.1167891260605128,300
KRR_Target_Only,14.038713712844585,300
NN_Target_Only,0.2105661037930708,300
XGBoost_Pool,0.0983155138765464,300
KRR_Pool,1.6800038517312677,300
NN_Pool,4.2398778517448585,300
XGBoost_TLCQM,0.0983101554685259,300
KRR_TLCQM,1.8685124417461532,300
NN_TLCQM,0.1708878156607232,300
XGBoost_Target_Only,0.1048462835984837,500
KRR_Target_Only,9.139701919529696,500
NN_Target_Only,0.2484327298685783,500
XGBoost_Pool,0.0995469186947206,500
KRR_Pool,1.675414415975902,500
NN_Pool,3.3598392976180715,500
XGBoost_TLCQM,0.0986793778807209,500
KRR_TLCQM,1.8580571051512684,500
NN_TLCQM,0.1130375352971763,500
XGBoost_Target_Only,0.1215307581811058,100
KRR_Target_Only,28.933616855914607,100
NN_Target_Only,22.21266965435639,100
XGBoost_Pool,0.1006258998136908,100
KRR_Pool,1.6036518205208965,100
NN_Pool,5.4261111919609455,100
XGBoost_TLCQM,0.1110332966964702,100
KRR_TLCQM,1.821951184934987,100
NN_TLCQM,0.1110374631095542,100
XGBoost_Target_Only,0.1108509333039543,200
KRR_Target_Only,20.0306698184973,200
NN_Target_Only,23.20303832625857,200
XGBoost_Pool,0.1005893923604175,200
KRR_Pool,1.530159418619123,200
NN_Pool,3.584776189430114,200
XGBoost_TLCQM,0.1081127198452519,200
KRR_TLCQM,1.7322165322034035,200
NN_TLCQM,0.144941857569356,200
XGBoost_Target_Only,0.1043122083054087,300
KRR_Target_Only,13.391909700606464,300
NN_Target_Only,0.4317537317930806,300
XGBoost_Pool,0.0980823011192498,300
KRR_Pool,1.4540750981409412,300
NN_Pool,6.08309926216371,300
XGBoost_TLCQM,0.1012257983695366,300
KRR_TLCQM,1.6564725433237066,300
NN_TLCQM,0.1073964284407482,300
XGBoost_Target_Only,0.0999892879150633,500
KRR_Target_Only,9.374190011382016,500
NN_Target_Only,0.3936391137867601,500
XGBoost_Pool,0.0977806297686887,500
KRR_Pool,1.3903836666229836,500
NN_Pool,3.5784038475382367,500
XGBoost_TLCQM,0.1047544945590741,500
KRR_TLCQM,1.5701361393639273,500
NN_TLCQM,0.2615689711505273,500
XGBoost_Target_Only,0.12099440175231,100
KRR_Target_Only,30.69374854872025,100
NN_Target_Only,18.909669959235483,100
XGBoost_Pool,0.1024238085271856,100
KRR_Pool,1.6446894051594,100
NN_Pool,5.457942349615316,100
XGBoost_TLCQM,0.1104077372941333,100
KRR_TLCQM,1.836886515548274,100
NN_TLCQM,0.108349680843446,100
XGBoost_Target_Only,0.1172286086712952,200
KRR_Target_Only,18.476783863223712,200
NN_Target_Only,18.06158973840149,200
XGBoost_Pool,0.0978365652759455,200
KRR_Pool,1.6282791377061407,200
NN_Pool,3.3005106721479,200
XGBoost_TLCQM,0.1063822648053434,200
KRR_TLCQM,1.802733223830962,200
NN_TLCQM,0.1727844972492913,200
XGBoost_Target_Only,0.1051153784017406,300
KRR_Target_Only,14.641913520270206,300
NN_Target_Only,0.9951496569026076,300
XGBoost_Pool,0.0979522563005913,300
KRR_Pool,1.5498094276442875,300
NN_Pool,3.8825533190012727,300
XGBoost_TLCQM,0.1041054130172987,300
KRR_TLCQM,1.7272215596192098,300
NN_TLCQM,0.1058785399379281,300
XGBoost_Target_Only,0.0917254945633249,500
KRR_Target_Only,9.660872239519993,500
NN_Target_Only,0.302726986192789,500
XGBoost_Pool,0.0932406841226465,500
KRR_Pool,1.472228543039794,500
NN_Pool,3.5134392988774685,500
XGBoost_TLCQM,0.0958805157734718,500
KRR_TLCQM,1.6326624759155532,500
NN_TLCQM,0.1217224982529142,500
XGBoost_Target_Only,0.1224831901597147,100
KRR_Target_Only,31.216890282500547,100
NN_Target_Only,18.52066603796386,100
XGBoost_Pool,0.101847444911858,100
KRR_Pool,1.6343983857728708,100
NN_Pool,5.658936467594405,100
XGBoost_TLCQM,0.1082101045913079,100
KRR_TLCQM,1.836759718551957,100
NN_TLCQM,0.1016634260140131,100
XGBoost_Target_Only,0.1036480052233794,200
KRR_Target_Only,21.18677511497101,200
NN_Target_Only,21.790692780624905,200
XGBoost_Pool,0.0993839482828197,200
KRR_Pool,1.5711349866899342,200
NN_Pool,3.660370931407504,200
XGBoost_TLCQM,0.1035223693031005,200
KRR_TLCQM,1.7441583319288596,200
NN_TLCQM,0.1684358800748019,200
XGBoost_Target_Only,0.0997268273122163,300
KRR_Target_Only,14.634794585142016,300
NN_Target_Only,6.730461363780916,300
XGBoost_Pool,0.098623960104817,300
KRR_Pool,1.5382961913226263,300
NN_Pool,3.190897066367257,300
XGBoost_TLCQM,0.0994748383909963,300
KRR_TLCQM,1.6867119197643043,300
NN_TLCQM,0.0989702146651273,300
XGBoost_Target_Only,0.0961904093237493,500
KRR_Target_Only,8.467001822093911,500
NN_Target_Only,0.4946733075846863,500
XGBoost_Pool,0.0957836020885291,500
KRR_Pool,1.5295943352196109,500
NN_Pool,3.347221263248432,500
XGBoost_TLCQM,0.0943001223422642,500
KRR_TLCQM,1.6715086017513734,500
NN_TLCQM,0.1001104282005095,500
XGBoost_Target_Only,0.1073666746690018,100
KRR_Target_Only,30.450388480529828,100
NN_Target_Only,21.620230707831368,100
XGBoost_Pool,0.0986379964720256,100
KRR_Pool,1.610428208851142,100
NN_Pool,5.379229076912968,100
XGBoost_TLCQM,0.0980607070574253,100
KRR_TLCQM,1.7959156131273368,100
NN_TLCQM,0.1223455021435995,100
XGBoost_Target_Only,0.0991595496373342,200
KRR_Target_Only,20.06363563327246,200
NN_Target_Only,19.83554055969088,200
XGBoost_Pool,0.0987266293267633,200
KRR_Pool,1.5786631014763703,200
NN_Pool,3.323618505590196,200
XGBoost_TLCQM,0.100191714383533,200
KRR_TLCQM,1.7743271224057768,200
NN_TLCQM,0.105643670395811,200
XGBoost_Target_Only,0.1005410164133848,300
KRR_Target_Only,14.359304914711805,300
NN_Target_Only,11.114405358158526,300
XGBoost_Pool,0.0956821218019617,300
KRR_Pool,1.5534038435323845,300
NN_Pool,3.0866199217472947,300
XGBoost_TLCQM,0.0972138054110487,300
KRR_TLCQM,1.7297297057161125,300
NN_TLCQM,0.1547838625594358,300
XGBoost_Target_Only,0.0948781857048906,500
KRR_Target_Only,8.856038349358416,500
NN_Target_Only,0.2093326761555298,500
XGBoost_Pool,0.0953267457590826,500
KRR_Pool,1.5089785959469222,500
NN_Pool,3.4970393786327856,500
XGBoost_TLCQM,0.0954281137273376,500
KRR_TLCQM,1.6840008820364438,500
NN_TLCQM,0.0987870056957219,500
XGBoost_Target_Only,0.1253492144106789,100
KRR_Target_Only,29.95945658702697,100
NN_Target_Only,20.19809511732426,100
XGBoost_Pool,0.1011428845092318,100
KRR_Pool,1.5561926382308569,100
NN_Pool,5.800391178167218,100
XGBoost_TLCQM,0.1098265204256892,100
KRR_TLCQM,1.71560748639196,100
NN_TLCQM,0.1276680884925379,100
XGBoost_Target_Only,0.1145243131760546,200
KRR_Target_Only,19.85648457118147,200
NN_Target_Only,19.000470140397223,200
XGBoost_Pool,0.0980259657614862,200
KRR_Pool,1.546074650495513,200
NN_Pool,3.66800638758897,200
XGBoost_TLCQM,0.1053185457010907,200
KRR_TLCQM,1.7227471386656836,200
NN_TLCQM,0.105941401234441,200
XGBoost_Target_Only,0.1018450550719483,300
KRR_Target_Only,14.620836266073454,300
NN_Target_Only,6.455168472801973,300
XGBoost_Pool,0.096131474145881,300
KRR_Pool,1.45894820436757,300
NN_Pool,5.454939100746751,300
XGBoost_TLCQM,0.1045631815738448,300
KRR_TLCQM,1.6130216031991746,300
NN_TLCQM,0.1104912426966,300
XGBoost_Target_Only,0.0949102745730516,500
KRR_Target_Only,8.950844087996423,500
NN_Target_Only,0.1320434990077731,500
XGBoost_Pool,0.0979649348822928,500
KRR_Pool,1.419006030751345,500
NN_Pool,3.447141332507839,500
XGBoost_TLCQM,0.1027301850099018,500
KRR_TLCQM,1.5779692715030196,500
NN_TLCQM,0.107266759412272,500
XGBoost_Target_Only,0.1098159991118531,100
KRR_Target_Only,29.622941080045905,100
NN_Target_Only,25.070329694888628,100
XGBoost_Pool,0.1044492648460989,100
KRR_Pool,1.5712406076725658,100
NN_Pool,5.272922713359618,100
XGBoost_TLCQM,0.1011237128485009,100
KRR_TLCQM,1.7311315570894374,100
NN_TLCQM,0.2869049843087324,100
XGBoost_Target_Only,0.1119719160131273,200
KRR_Target_Only,20.01844616499654,200
NN_Target_Only,23.682669846990176,200
XGBoost_Pool,0.1004401837850268,200
KRR_Pool,1.5379291585463428,200
NN_Pool,3.400480861928918,200
XGBoost_TLCQM,0.099580867836824,200
KRR_TLCQM,1.708898196986629,200
NN_TLCQM,0.0991724238989598,200
XGBoost_Target_Only,0.1014793219526525,300
KRR_Target_Only,13.84404882366721,300
NN_Target_Only,6.926722553182829,300
XGBoost_Pool,0.0969725378395524,300
KRR_Pool,1.4785209375421124,300
NN_Pool,4.300714088611216,300
XGBoost_TLCQM,0.0975929418335092,300
KRR_TLCQM,1.6468699220356244,300
NN_TLCQM,0.1131797433008347,300
XGBoost_Target_Only,0.0917025793894589,500
KRR_Target_Only,8.587273500018036,500
NN_Target_Only,0.3247975632815575,500
XGBoost_Pool,0.0932211009086452,500
KRR_Pool,1.434841787413372,500
NN_Pool,3.1705157834977244,500
XGBoost_TLCQM,0.0924959520309662,500
KRR_TLCQM,1.5972074940611447,500
NN_TLCQM,0.1019092308370592,500
XGBoost_Target_Only,0.1189685416845955,100
KRR_Target_Only,30.37032057901837,100
NN_Target_Only,23.527878898017697,100
XGBoost_Pool,0.0999182777238978,100
KRR_Pool,1.564628205983022,100
NN_Pool,5.466226177661756,100
XGBoost_TLCQM,0.1069677625189157,100
KRR_TLCQM,1.7425363253921078,100
NN_TLCQM,0.1099952299918161,100
XGBoost_Target_Only,0.1023027604571902,200
KRR_Target_Only,18.9205231955893,200
NN_Target_Only,22.093127790087816,200
XGBoost_Pool,0.1007410624463733,200
KRR_Pool,1.5520945897061358,200
NN_Pool,3.165472003978248,200
XGBoost_TLCQM,0.1039900959958456,200
KRR_TLCQM,1.70771112767885,200
NN_TLCQM,0.1048095098437364,200
XGBoost_Target_Only,0.0994338407208893,300
KRR_Target_Only,14.58263925485663,300
NN_Target_Only,6.2708372906201095,300
XGBoost_Pool,0.0989393035373782,300
KRR_Pool,1.4946758673337588,300
NN_Pool,3.011353731806899,300
XGBoost_TLCQM,0.0994228734026063,300
KRR_TLCQM,1.6419171342895138,300
NN_TLCQM,0.12946864583523,300
XGBoost_Target_Only,0.0970907316285406,500
KRR_Target_Only,9.080044612068816,500
NN_Target_Only,0.6269345031669159,500
XGBoost_Pool,0.0953146696715215,500
KRR_Pool,1.4399296506912107,500
NN_Pool,3.5791358025594198,500
XGBoost_TLCQM,0.0959372063875734,500
KRR_TLCQM,1.5631545792862385,500
NN_TLCQM,0.1674567942921808,500
XGBoost_Target_Only,0.1150245827673285,100
KRR_Target_Only,29.378289904643047,100
NN_Target_Only,18.32725046731806,100
XGBoost_Pool,0.1006527876469263,100
KRR_Pool,1.6611350600996249,100
NN_Pool,6.207971559901668,100
XGBoost_TLCQM,0.1032188017880949,100
KRR_TLCQM,1.8360759358366503,100
NN_TLCQM,0.1460836957156418,100
XGBoost_Target_Only,0.1106218760209411,200
KRR_Target_Only,20.13819005102409,200
NN_Target_Only,21.567909290015496,200
XGBoost_Pool,0.0961382028158228,200
KRR_Pool,1.6305448920096637,200
NN_Pool,3.280812443853113,200
XGBoost_TLCQM,0.1008218740422128,200
KRR_TLCQM,1.8148187765519177,200
NN_TLCQM,0.1002401185693873,200
XGBoost_Target_Only,0.0992286125864982,300
KRR_Target_Only,14.07949269872046,300
NN_Target_Only,6.762644087854921,300
XGBoost_Pool,0.0953352728739425,300
KRR_Pool,1.61392761689902,300
NN_Pool,2.63968442328351,300
XGBoost_TLCQM,0.1021497610358526,300
KRR_TLCQM,1.8060920980927144,300
NN_TLCQM,0.1423183491733961,300
XGBoost_Target_Only,0.0959944941232646,500
KRR_Target_Only,9.22390182510236,500
NN_Target_Only,0.1754452997475251,500
XGBoost_Pool,0.096748704841992,500
KRR_Pool,1.5430204825222984,500
NN_Pool,3.4920789295257157,500
XGBoost_TLCQM,0.0976859711783244,500
KRR_TLCQM,1.7256408851945486,500
NN_TLCQM,0.098248063737695,500
XGBoost_Target_Only,0.114362354551175,100
KRR_Target_Only,30.1692679379184,100
NN_Target_Only,21.22059156176404,100
XGBoost_Pool,0.1011101683360731,100
KRR_Pool,1.5984953716109191,100
NN_Pool,6.262485154741735,100
XGBoost_TLCQM,0.1001676610284667,100
KRR_TLCQM,1.7850593455864423,100
NN_TLCQM,0.143115621169697,100
XGBoost_Target_Only,0.1049567603005681,200
KRR_Target_Only,17.66472448417933,200
NN_Target_Only,20.165472901460053,200
XGBoost_Pool,0.0992807143441546,200
KRR_Pool,1.614732718824153,200
NN_Pool,3.331442980202896,200
XGBoost_TLCQM,0.0997716984315478,200
KRR_TLCQM,1.7692701222714085,200
NN_TLCQM,0.1110866410997114,200
XGBoost_Target_Only,0.104068376842222,300
KRR_Target_Only,13.477491244893892,300
NN_Target_Only,0.3616881350545185,300
XGBoost_Pool,0.0980648228542382,300
KRR_Pool,1.5603232619766885,300
NN_Pool,2.871960180828689,300
XGBoost_TLCQM,0.0996112910977429,300
KRR_TLCQM,1.7114061545781538,300
NN_TLCQM,0.1004167970898608,300
XGBoost_Target_Only,0.0981936967811157,500
KRR_Target_Only,9.293413961282909,500
NN_Target_Only,0.2289984861320346,500
XGBoost_Pool,0.0955807810555569,500
KRR_Pool,1.454710337453481,500
NN_Pool,3.506591095117705,500
XGBoost_TLCQM,0.096800566810323,500
KRR_TLCQM,1.58706364216791,500
NN_TLCQM,0.1146293555083018,500
XGBoost_Target_Only,0.1094027153595674,100
KRR_Target_Only,31.295156975616425,100
NN_Target_Only,23.733220867000803,100
XGBoost_Pool,0.0977148872976369,100
KRR_Pool,1.6054476663149655,100
NN_Pool,5.433473818356062,100
XGBoost_TLCQM,0.1064372645236364,100
KRR_TLCQM,1.8143237333001048,100
NN_TLCQM,0.1416693827325334,100
XGBoost_Target_Only,0.1003144839208612,200
KRR_Target_Only,19.929367241862877,200
NN_Target_Only,24.29845980466733,200
XGBoost_Pool,0.0982748759421269,200
KRR_Pool,1.5715179075813996,200
NN_Pool,3.4741582753077123,200
XGBoost_TLCQM,0.0995984589596886,200
KRR_TLCQM,1.7361823764755326,200
NN_TLCQM,0.1568600330076332,200
XGBoost_Target_Only,0.1009544263198293,300
KRR_Target_Only,14.775979818769656,300
NN_Target_Only,8.104027773296943,300
XGBoost_Pool,0.0987441340056392,300
KRR_Pool,1.5571002773890033,300
NN_Pool,4.027493530033173,300
XGBoost_TLCQM,0.1001128919888036,300
KRR_TLCQM,1.722408293641582,300
NN_TLCQM,0.1100951357188518,300
XGBoost_Target_Only,0.096434284835328,500
KRR_Target_Only,8.281854850070358,500
NN_Target_Only,0.2512481413338658,500
XGBoost_Pool,0.0973956582101797,500
KRR_Pool,1.537305955852021,500
NN_Pool,3.3966015125890445,500
XGBoost_TLCQM,0.0983997228165565,500
KRR_TLCQM,1.7063468967113549,500
NN_TLCQM,0.1602917786163367,500
XGBoost_Target_Only,0.1207714881383149,100
KRR_Target_Only,30.954346605047554,100
NN_Target_Only,21.850101196049412,100
XGBoost_Pool,0.1018249189015979,100
KRR_Pool,1.6189207642668682,100
NN_Pool,5.430198135154217,100
XGBoost_TLCQM,0.1012790802765545,100
KRR_TLCQM,1.820000108896615,100
NN_TLCQM,0.1078673369435631,100
XGBoost_Target_Only,0.098429122693019,200
KRR_Target_Only,20.777088968115216,200
NN_Target_Only,23.88870811831549,200
XGBoost_Pool,0.0964419870223971,200
KRR_Pool,1.5643678173571516,200
NN_Pool,4.676124966992273,200
XGBoost_TLCQM,0.1032671259779332,200
KRR_TLCQM,1.7466377111594271,200
NN_TLCQM,0.103743036564172,200
XGBoost_Target_Only,0.0947011652845326,300
KRR_Target_Only,13.670968827250215,300
NN_Target_Only,0.2794432638911453,300
XGBoost_Pool,0.0954676332934164,300
KRR_Pool,1.501785593785524,300
NN_Pool,2.815954062637743,300
XGBoost_TLCQM,0.1031423252559092,300
KRR_TLCQM,1.651093953984201,300
NN_TLCQM,0.1439540227521115,300
XGBoost_Target_Only,0.0964351914738496,500
KRR_Target_Only,9.33123205132622,500
NN_Target_Only,0.2682880019451188,500
XGBoost_Pool,0.0926628183185408,500
KRR_Pool,1.4111149927660334,500
NN_Pool,4.373174279230293,500
XGBoost_TLCQM,0.1000950033802209,500
KRR_TLCQM,1.55806148775631,500
NN_TLCQM,0.1069264303260336,500
XGBoost_Target_Only,0.1147696083029758,100
KRR_Target_Only,29.261807290636472,100
NN_Target_Only,24.503950053073467,100
XGBoost_Pool,0.101436850486981,100
KRR_Pool,1.603794795042928,100
NN_Pool,5.277605241640601,100
XGBoost_TLCQM,0.1028271071514373,100
KRR_TLCQM,1.779911980435999,100
NN_TLCQM,0.1692777064182926,100
XGBoost_Target_Only,0.1037014208665015,200
KRR_Target_Only,20.39774315741584,200
NN_Target_Only,22.685345647800208,200
XGBoost_Pool,0.0999671234463375,200
KRR_Pool,1.5849848627105534,200
NN_Pool,2.65669350709997,200
XGBoost_TLCQM,0.1040384484392266,200
KRR_TLCQM,1.7674805590015157,200
NN_TLCQM,0.1065950001743932,200
XGBoost_Target_Only,0.1033355127170949,300
KRR_Target_Only,15.347803413052974,300
NN_Target_Only,1.227800800770732,300
XGBoost_Pool,0.0995694165642337,300
KRR_Pool,1.5970727058457868,300
NN_Pool,3.3020670154443508,300
XGBoost_TLCQM,0.1047573985315775,300
KRR_TLCQM,1.7892698993700462,300
NN_TLCQM,0.1244067985369213,300
XGBoost_Target_Only,0.1005106966302508,500
KRR_Target_Only,8.947602757700642,500
NN_Target_Only,0.2863062585847048,500
XGBoost_Pool,0.0979303923454645,500
KRR_Pool,1.5701890981141382,500
NN_Pool,4.347110931787571,500
XGBoost_TLCQM,0.1057046619173149,500
KRR_TLCQM,1.7607316605562051,500
NN_TLCQM,0.3091409035453953,500
XGBoost_Target_Only,0.1192552517692504,100
KRR_Target_Only,31.989292216950407,100
NN_Target_Only,20.22972070139265,100
XGBoost_Pool,0.1026638461853635,100
KRR_Pool,1.6297768729193989,100
NN_Pool,5.687862614552544,100
XGBoost_TLCQM,0.1054951243403741,100
KRR_TLCQM,1.810885273764588,100
NN_TLCQM,0.1077570043512001,100
XGBoost_Target_Only,0.1027569705709212,200
KRR_Target_Only,20.01572985375769,200
NN_Target_Only,21.94392437925434,200
XGBoost_Pool,0.0996634669020678,200
KRR_Pool,1.62166974409875,200
NN_Pool,3.178960832890539,200
XGBoost_TLCQM,0.0994368892765581,200
KRR_TLCQM,1.7922490338786483,200
NN_TLCQM,0.1089370718722691,200
XGBoost_Target_Only,0.0972508944580346,300
KRR_Target_Only,13.635491866605452,300
NN_Target_Only,8.743892085382573,300
XGBoost_Pool,0.0974046361160071,300
KRR_Pool,1.6111023107210118,300
NN_Pool,3.2514382052060173,300
XGBoost_TLCQM,0.0975064011581708,300
KRR_TLCQM,1.793354522785426,300
NN_TLCQM,0.0974195009540734,300
XGBoost_Target_Only,0.0918815912077629,500
KRR_Target_Only,8.532596537342075,500
NN_Target_Only,0.6748075477480837,500
XGBoost_Pool,0.0949191239099542,500
KRR_Pool,1.6381872028644997,500
NN_Pool,4.221540705193957,500
XGBoost_TLCQM,0.0985230798672903,500
KRR_TLCQM,1.8157223367349256,500
NN_TLCQM,0.1396794448553111,500
XGBoost_Target_Only,0.130691910407135,100
KRR_Target_Only,27.98154794266745,100
NN_Target_Only,19.83128891166476,100
XGBoost_Pool,0.0989408521464672,100
KRR_Pool,1.6416609616326778,100
NN_Pool,3.4028262026027667,100
XGBoost_TLCQM,0.1054671624534843,100
KRR_TLCQM,1.8656646298740005,100
NN_TLCQM,0.1175872141534273,100
XGBoost_Target_Only,0.1174592503708366,200
KRR_Target_Only,18.73755436671654,200
NN_Target_Only,21.961835951723653,200
XGBoost_Pool,0.1006440646702096,200
KRR_Pool,1.5684234382370537,200
NN_Pool,3.3011067735086908,200
XGBoost_TLCQM,0.1004555173998094,200
KRR_TLCQM,1.7701588250781637,200
NN_TLCQM,0.0987649626789451,200
XGBoost_Target_Only,0.1050001714129338,300
KRR_Target_Only,12.833008030182794,300
NN_Target_Only,0.2848048802249203,300
XGBoost_Pool,0.0987828132056531,300
KRR_Pool,1.5094788338086218,300
NN_Pool,2.5436258956038165,300
XGBoost_TLCQM,0.1008205938814916,300
KRR_TLCQM,1.7204465150701012,300
NN_TLCQM,0.098128770984591,300
XGBoost_Target_Only,0.0961135181285399,500
KRR_Target_Only,8.526565300088633,500
NN_Target_Only,0.186315654887798,500
XGBoost_Pool,0.0963273100901405,500
KRR_Pool,1.4484739234825326,500
NN_Pool,3.9833953155355664,500
XGBoost_TLCQM,0.0977783706443661,500
KRR_TLCQM,1.6250274794067523,500
NN_TLCQM,0.0973433982911362,500
XGBoost_Target_Only,0.1102237381897783,100
KRR_Target_Only,31.562858237835083,100
NN_Target_Only,26.71128827394275,100
XGBoost_Pool,0.1021515244438059,100
KRR_Pool,1.5959424602481287,100
NN_Pool,5.758020074078206,100
XGBoost_TLCQM,0.0993981142782235,100
KRR_TLCQM,1.794632835105203,100
NN_TLCQM,0.1061958957379568,100
XGBoost_Target_Only,0.1019117523532479,200
KRR_Target_Only,19.81536105902922,200
NN_Target_Only,24.487714879113504,200
XGBoost_Pool,0.0997957169048422,200
KRR_Pool,1.5426956592180647,200
NN_Pool,3.257838629913814,200
XGBoost_TLCQM,0.0994826792723256,200
KRR_TLCQM,1.7276949640499797,200
NN_TLCQM,0.1080049269967521,200
XGBoost_Target_Only,0.1028658435858242,300
KRR_Target_Only,14.565715720300622,300
NN_Target_Only,8.220310095915234,300
XGBoost_Pool,0.099984779853572,300
KRR_Pool,1.5335023725506858,300
NN_Pool,3.6396528018238974,300
XGBoost_TLCQM,0.1010201759636188,300
KRR_TLCQM,1.7230722341352274,300
NN_TLCQM,0.1399064033784934,300
XGBoost_Target_Only,0.0965650637988244,500
KRR_Target_Only,9.483388553470231,500
NN_Target_Only,0.2126110487201885,500
XGBoost_Pool,0.0971484951701768,500
KRR_Pool,1.500193501941575,500
NN_Pool,2.9408999876966893,500
XGBoost_TLCQM,0.0991257943859636,500
KRR_TLCQM,1.6778745163759028,500
NN_TLCQM,0.1279926672341287,500
XGBoost_Target_Only,0.1197349044558499,100
KRR_Target_Only,29.84088666982311,100
NN_Target_Only,17.202713096305022,100
XGBoost_Pool,0.1029229455349225,100
KRR_Pool,1.5865098162722238,100
NN_Pool,5.743270986894949,100
XGBoost_TLCQM,0.1009992765720309,100
KRR_TLCQM,1.7789191874015808,100
NN_TLCQM,0.1461113229555848,100
XGBoost_Target_Only,0.105769263830025,200
KRR_Target_Only,19.278149202606933,200
NN_Target_Only,18.890905439082648,200
XGBoost_Pool,0.0980140826152574,200
KRR_Pool,1.5707940715326396,200
NN_Pool,3.697617008976103,200
XGBoost_TLCQM,0.0968053806502835,200
KRR_TLCQM,1.7535940594116937,200
NN_TLCQM,0.098917822878476,200
XGBoost_Target_Only,0.1043039191902763,300
KRR_Target_Only,14.79857144275604,300
NN_Target_Only,1.7111180610757502,300
XGBoost_Pool,0.0977435468587178,300
KRR_Pool,1.540074628178304,300
NN_Pool,2.666280945754046,300
XGBoost_TLCQM,0.1034934885142819,300
KRR_TLCQM,1.7095509503065935,300
NN_TLCQM,0.0997266733292714,300
XGBoost_Target_Only,0.103233054882365,500
KRR_Target_Only,8.918879447247312,500
NN_Target_Only,0.4689744698067401,500
XGBoost_Pool,0.0992708785555215,500
KRR_Pool,1.532054242927418,500
NN_Pool,4.433201580546091,500
XGBoost_TLCQM,0.1015755101072752,500
KRR_TLCQM,1.689061785021069,500
NN_TLCQM,0.1944582523075297,500
XGBoost_Target_Only,0.1189891335067247,100
KRR_Target_Only,29.413728494791226,100
NN_Target_Only,21.31783407829346,100
XGBoost_Pool,0.1009132245456018,100
KRR_Pool,1.5675967199506358,100
NN_Pool,5.667751678981576,100
XGBoost_TLCQM,0.1044981392085051,100
KRR_TLCQM,1.760544181494036,100
NN_TLCQM,0.1345058201668623,100
XGBoost_Target_Only,0.1053648321132818,200
KRR_Target_Only,19.393967628119515,200
NN_Target_Only,23.38769855216261,200
XGBoost_Pool,0.0989197513655728,200
KRR_Pool,1.556733196596028,200
NN_Pool,5.136737280602394,200
XGBoost_TLCQM,0.1067708657519469,200
KRR_TLCQM,1.7423057624568037,200
NN_TLCQM,0.1139629985189345,200
XGBoost_Target_Only,0.1021029284483803,300
KRR_Target_Only,14.38686349138732,300
NN_Target_Only,6.248954666139534,300
XGBoost_Pool,0.098496672055371,300
KRR_Pool,1.5591469939492553,300
NN_Pool,3.45057097588411,300
XGBoost_TLCQM,0.1048277902751442,300
KRR_TLCQM,1.7358659889064227,300
NN_TLCQM,0.1421153045339633,300
XGBoost_Target_Only,0.1231628295046396,100
KRR_Target_Only,30.768032645751266,100
NN_Target_Only,24.115873098199263,100
XGBoost_Pool,0.1013355530957485,100
KRR_Pool,1.583219420345921,100
NN_Pool,5.804348455489692,100
XGBoost_TLCQM,0.1066587199943508,100
KRR_TLCQM,1.8001585599139276,100
NN_TLCQM,0.1225927144806773,100
XGBoost_Target_Only,0.1044115484613822,200
KRR_Target_Only,21.666375137085637,200
NN_Target_Only,22.658549225374287,200
XGBoost_Pool,0.0997195343532736,200
KRR_Pool,1.5583757117663768,200
NN_Pool,4.308508716177393,200
XGBoost_TLCQM,0.1034162229638555,200
KRR_TLCQM,1.757895847338949,200
NN_TLCQM,0.1085008966901316,200
XGBoost_Target_Only,0.0995590627031163,300
KRR_Target_Only,15.184808775894489,300
NN_Target_Only,6.767109582100639,300
XGBoost_Pool,0.0973292644634218,300
KRR_Pool,1.5235060541722891,300
NN_Pool,4.3249036617815335,300
XGBoost_TLCQM,0.1015115869971654,300
KRR_TLCQM,1.7252266490626276,300
NN_TLCQM,0.1200726323984704,300
XGBoost_Target_Only,0.0965692264876021,500
KRR_Target_Only,9.581822831215376,500
NN_Target_Only,6.746935057047133,500
XGBoost_Pool,0.0957544935813842,500
KRR_Pool,1.5183823355543646,500
NN_Pool,3.407239771696387,500
XGBoost_TLCQM,0.0955798081378815,500
KRR_TLCQM,1.7021448978624678,500
NN_TLCQM,0.117560355607098,500
XGBoost_Target_Only,0.1029879960828854,100
KRR_Target_Only,31.006827850893615,100
NN_Target_Only,38.52257061721217,100
XGBoost_Pool,0.1002741285934559,100
KRR_Pool,1.5524061246550585,100
NN_Pool,5.7798324795450124,100
XGBoost_TLCQM,0.110054709520635,100
KRR_TLCQM,1.7499639940898577,100
NN_TLCQM,0.1971585085788474,100
XGBoost_Target_Only,0.1017472428782454,200
KRR_Target_Only,20.28557732190784,200
NN_Target_Only,31.06618349672049,200
XGBoost_Pool,0.0990739625255813,200
KRR_Pool,1.5620003444412034,200
NN_Pool,2.959990942196536,200
XGBoost_TLCQM,0.1037810090799557,200
KRR_TLCQM,1.739819736000011,200
NN_TLCQM,0.1295004586218161,200
XGBoost_Target_Only,0.0965044409431918,300
KRR_Target_Only,14.388245428574368,300
NN_Target_Only,7.327575484053299,300
XGBoost_Pool,0.0977710650673026,300
KRR_Pool,1.5811878425925991,300
NN_Pool,2.7258610613284477,300
XGBoost_TLCQM,0.0986279551025592,300
KRR_TLCQM,1.750564501181893,300
NN_TLCQM,0.1166040028222334,300
XGBoost_Target_Only,0.0922338768315114,500
KRR_Target_Only,9.357812960874163,500
NN_Target_Only,1.679736323819023,500
XGBoost_Pool,0.0960807718149306,500
KRR_Pool,1.5583811647445445,500
NN_Pool,4.40910036607758,500
XGBoost_TLCQM,0.0977635428585808,500
KRR_TLCQM,1.7221767754835131,500
NN_TLCQM,0.1142949822436737,500
XGBoost_Target_Only,0.1038658812007974,100
KRR_Target_Only,28.843731494381093,100
NN_Target_Only,31.70503327948485,100
XGBoost_Pool,0.1010141081275179,100
KRR_Pool,1.5937480278451943,100
NN_Pool,5.107616372908891,100
XGBoost_TLCQM,0.0990478163013387,100
KRR_TLCQM,1.7663661735958804,100
NN_TLCQM,0.0992067080188718,100
XGBoost_Target_Only,0.1011830808783504,200
KRR_Target_Only,19.0143903100211,200
NN_Target_Only,25.739885700940448,200
XGBoost_Pool,0.0991086048409294,200
KRR_Pool,1.5744799856483032,200
NN_Pool,3.711848074047448,200
XGBoost_TLCQM,0.0996969913146246,200
KRR_TLCQM,1.7412275227108245,200
NN_TLCQM,0.1054829919110154,200
XGBoost_Target_Only,0.0984745702911577,300
KRR_Target_Only,13.51504500355698,300
NN_Target_Only,10.92323999820821,300
XGBoost_Pool,0.0976581957294044,300
KRR_Pool,1.547887626206651,300
NN_Pool,2.7522065005821887,300
XGBoost_TLCQM,0.0983134629546442,300
KRR_TLCQM,1.7145324700106592,300
NN_TLCQM,0.1241064701834938,300
XGBoost_Target_Only,0.1260905527136099,100
KRR_Target_Only,29.357207377957195,100
NN_Target_Only,16.67611155213822,100
XGBoost_Pool,0.0993959813827985,100
KRR_Pool,1.6646767164317988,100
NN_Pool,5.405544592073146,100
XGBoost_TLCQM,0.1010005093945121,100
KRR_TLCQM,1.8591736850585776,100
NN_TLCQM,0.1216421650187305,100
XGBoost_Target_Only,0.1157223641976954,200
KRR_Target_Only,20.49798647737937,200
NN_Target_Only,16.81007889663926,200
XGBoost_Pool,0.1007432744684967,200
KRR_Pool,1.6784298691159072,200
NN_Pool,3.260666568717816,200
XGBoost_TLCQM,0.1008939897006083,200
KRR_TLCQM,1.8649033831743675,200
NN_TLCQM,0.1044822369723966,200
XGBoost_Target_Only,0.102902782035644,300
KRR_Target_Only,15.37002182412181,300
NN_Target_Only,2.049438278009831,300
XGBoost_Pool,0.099240466228506,300
KRR_Pool,1.6747531483812588,300
NN_Pool,5.431229777861401,300
XGBoost_TLCQM,0.0989084703535575,300
KRR_TLCQM,1.866924705784231,300
NN_TLCQM,0.1401141976769362,300
XGBoost_Target_Only,0.0953200377465561,500
KRR_Target_Only,10.196133555457427,500
NN_Target_Only,0.1792519581753802,500
XGBoost_Pool,0.0946621210907557,500
KRR_Pool,1.6680825734401734,500
NN_Pool,3.5883780671272203,500
XGBoost_TLCQM,0.0968031104198782,500
KRR_TLCQM,1.856550517610216,500
NN_TLCQM,0.1158173777937007,500
XGBoost_Target_Only,0.1231161084219615,100
KRR_Target_Only,29.87708893244255,100
NN_Target_Only,35.01436998397105,100
XGBoost_Pool,0.1051784452827814,100
KRR_Pool,1.582468647065009,100
NN_Pool,5.6142425549266495,100
XGBoost_TLCQM,0.1028836856415798,100
KRR_TLCQM,1.7661811090713648,100
NN_TLCQM,0.4359881643057427,100
XGBoost_Target_Only,0.1128692940030743,200
KRR_Target_Only,18.57055508527932,200
NN_Target_Only,31.73189963508897,200
XGBoost_Pool,0.0998365661150123,200
KRR_Pool,1.530518843578002,200
NN_Pool,3.248546096367435,200
XGBoost_TLCQM,0.0971338744182414,200
KRR_TLCQM,1.713804727177256,200
NN_TLCQM,0.1474684441660279,200
XGBoost_Target_Only,0.102088553741447,300
KRR_Target_Only,13.218624816844564,300
NN_Target_Only,7.032267376778051,300
XGBoost_Pool,0.098102411190814,300
KRR_Pool,1.512951060446318,300
NN_Pool,3.063348146888329,300
XGBoost_TLCQM,0.0983465133914153,300
KRR_TLCQM,1.6746506839501718,300
NN_TLCQM,0.1743251755838499,300
XGBoost_Target_Only,0.0937873765041125,500
KRR_Target_Only,8.150676040074863,500
NN_Target_Only,0.1987398127305939,500
XGBoost_Pool,0.0955068351521662,500
KRR_Pool,1.472260105148155,500
NN_Pool,3.343010198964065,500
XGBoost_TLCQM,0.0962469069284639,500
KRR_TLCQM,1.6355209457306072,500
NN_TLCQM,0.111599079521818,500
XGBoost_Target_Only,0.1402347606531202,100
KRR_Target_Only,30.96035896937425,100
NN_Target_Only,21.599377331472315,100
XGBoost_Pool,0.1006558497466543,100
KRR_Pool,1.651048579040194,100
NN_Pool,5.425140046781889,100
XGBoost_TLCQM,0.1067353776823139,100
KRR_TLCQM,1.8280776423713168,100
NN_TLCQM,0.1298818217901818,100
XGBoost_Target_Only,0.1031160870631928,200
KRR_Target_Only,20.800208394290728,200
NN_Target_Only,24.400026629215542,200
XGBoost_Pool,0.0998439166348764,200
KRR_Pool,1.5776502704422812,200
NN_Pool,7.599669779858908,200
XGBoost_TLCQM,0.1016549572696336,200
KRR_TLCQM,1.7605452497813532,200
NN_TLCQM,0.1012314306455037,200
XGBoost_Target_Only,0.1019131777498647,300
KRR_Target_Only,14.662040076913687,300
NN_Target_Only,0.4434948847891058,300
XGBoost_Pool,0.0982894460872509,300
KRR_Pool,1.5033935026264214,300
NN_Pool,3.430768849366431,300
XGBoost_TLCQM,0.1020537878871052,300
KRR_TLCQM,1.6519773171207284,300
NN_TLCQM,0.11117889698735,300
XGBoost_Target_Only,0.0985831924547793,500
KRR_Target_Only,9.301261423410224,500
NN_Target_Only,0.1923745821996519,500
XGBoost_Pool,0.0977050882538628,500
KRR_Pool,1.4170895183870444,500
NN_Pool,3.391740497094597,500
XGBoost_TLCQM,0.0960900582630243,500
KRR_TLCQM,1.5761007767885338,500
NN_TLCQM,0.1064347590967288,500
XGBoost_Target_Only,0.1122929311119979,100
KRR_Target_Only,29.35456939241137,100
NN_Target_Only,20.18723565046582,100
XGBoost_Pool,0.1021984779923861,100
KRR_Pool,1.6277282383328724,100
NN_Pool,6.30882011380568,100
XGBoost_TLCQM,0.0995001519959477,100
KRR_TLCQM,1.8075129771293907,100
NN_TLCQM,0.1053511930538536,100
XGBoost_Target_Only,0.1127850192252185,200
KRR_Target_Only,18.940011084559583,200
NN_Target_Only,20.112778744529088,200
XGBoost_Pool,0.1004476922770114,200
KRR_Pool,1.6010480877197013,200
NN_Pool,3.3275215181529263,200
XGBoost_TLCQM,0.097064729612623,200
KRR_TLCQM,1.7805527205413174,200
NN_TLCQM,0.1092095092658631,200
XGBoost_Target_Only,0.1115566613519443,300
KRR_Target_Only,14.341272969493865,300
NN_Target_Only,7.484343670219483,300
XGBoost_Pool,0.0997210750510619,300
KRR_Pool,1.6141178311434805,300
NN_Pool,6.008608456579022,300
XGBoost_TLCQM,0.1000016055094024,300
KRR_TLCQM,1.7891834631028751,300
NN_TLCQM,0.1190310809800133,300
XGBoost_Target_Only,0.0961373754915275,500
KRR_Target_Only,9.507139467456376,500
NN_Target_Only,0.2806802305527887,500
XGBoost_Pool,0.0978413735926761,500
KRR_Pool,1.5459806713760058,500
NN_Pool,2.7919619738720725,500
XGBoost_TLCQM,0.0964392286264472,500
KRR_TLCQM,1.7086820174676884,500
NN_TLCQM,0.0978721012214604,500
XGBoost_Target_Only,0.1115431409573249,100
KRR_Target_Only,29.557260360923845,100
NN_Target_Only,20.56613554349201,100
XGBoost_Pool,0.1003689089496394,100
KRR_Pool,1.613914833881947,100
NN_Pool,3.892273968379013,100
XGBoost_TLCQM,0.1027795740350699,100
KRR_TLCQM,1.8019502692035685,100
NN_TLCQM,0.104212286045835,100
XGBoost_Target_Only,0.1053110218920282,200
KRR_Target_Only,18.784236027046813,200
NN_Target_Only,21.92744218671556,200
XGBoost_Pool,0.0997393061496558,200
KRR_Pool,1.5462938839384146,200
NN_Pool,3.183071776021784,200
XGBoost_TLCQM,0.1014624677724806,200
KRR_TLCQM,1.741783149878769,200
NN_TLCQM,0.1295211624791077,200
XGBoost_Target_Only,0.1005810921569407,300
KRR_Target_Only,13.66449818205302,300
NN_Target_Only,7.393558364195424,300
XGBoost_Pool,0.0978021374587711,300
KRR_Pool,1.535165643308775,300
NN_Pool,5.948153607726872,300
XGBoost_TLCQM,0.0972850746127102,300
KRR_TLCQM,1.7244952979465862,300
NN_TLCQM,0.1177972498179234,300
XGBoost_Target_Only,0.0955328218805572,500
KRR_Target_Only,8.725226800519378,500
NN_Target_Only,0.3493627638906678,500
XGBoost_Pool,0.0938925936065656,500
KRR_Pool,1.5079268318889054,500
NN_Pool,4.14322708957274,500
XGBoost_TLCQM,0.0982415105533352,500
KRR_TLCQM,1.69788948729498,500
NN_TLCQM,0.1212675747858532,500
XGBoost_Target_Only,0.113473024125393,100
KRR_Target_Only,28.518435082525247,100
NN_Target_Only,16.850552097223677,100
XGBoost_Pool,0.0994898941470596,100
KRR_Pool,1.6567972825515964,100
NN_Pool,5.618990633846017,100
XGBoost_TLCQM,0.0992261211670372,100
KRR_TLCQM,1.8464389468495588,100
NN_TLCQM,0.1227829745111802,100
XGBoost_Target_Only,0.1109520115860844,200
KRR_Target_Only,19.61085578128241,200
NN_Target_Only,19.578181463252413,200
XGBoost_Pool,0.0971630338651392,200
KRR_Pool,1.569288517709409,200
NN_Pool,4.92317304121624,200
XGBoost_TLCQM,0.1001639848239313,200
KRR_TLCQM,1.7643599705994766,200
NN_TLCQM,0.1266167494074937,200
XGBoost_Target_Only,0.1024992081592617,300
KRR_Target_Only,15.05333060775136,300
NN_Target_Only,7.576014583514921,300
XGBoost_Pool,0.0971574856005964,300
KRR_Pool,1.518694564949383,300
NN_Pool,3.357095955298934,300
XGBoost_TLCQM,0.0970428630112199,300
KRR_TLCQM,1.6884112602637609,300
NN_TLCQM,0.3898213873166609,300
XGBoost_Target_Only,0.0967316006708455,500
KRR_Target_Only,8.872787116169665,500
NN_Target_Only,0.2348679190510056,500
XGBoost_Pool,0.0965011798008721,500
KRR_Pool,1.5077555527267668,500
NN_Pool,4.690544857370247,500
XGBoost_TLCQM,0.0948980397141305,500
KRR_TLCQM,1.6598200688728435,500
NN_TLCQM,0.1181857691586328,500
XGBoost_Target_Only,0.1120975835121455,100
KRR_Target_Only,29.475046139791143,100
NN_Target_Only,19.66560629298211,100
XGBoost_Pool,0.1017023327737459,100
KRR_Pool,1.635640618476523,100
NN_Pool,5.353106322333199,100
XGBoost_TLCQM,0.1008074275197475,100
KRR_TLCQM,1.8100462441835987,100
NN_TLCQM,0.1444685410569545,100
XGBoost_Target_Only,0.1065128953648408,200
KRR_Target_Only,19.10339799659666,200
NN_Target_Only,19.92995626776928,200
XGBoost_Pool,0.1012286776413903,200
KRR_Pool,1.6376437340985517,200
NN_Pool,7.21028924556376,200
XGBoost_TLCQM,0.1001551032497088,200
KRR_TLCQM,1.8216081684074497,200
NN_TLCQM,0.1126951503116102,200
XGBoost_Target_Only,0.0990198353264628,300
KRR_Target_Only,14.363181404558564,300
NN_Target_Only,0.5149848281896662,300
XGBoost_Pool,0.098526886929315,300
KRR_Pool,1.6526958520734436,300
NN_Pool,2.7652646231676417,300
XGBoost_TLCQM,0.0957201574795644,300
KRR_TLCQM,1.8304565483900304,300
NN_TLCQM,0.1012900197263532,300
XGBoost_Target_Only,0.0988526644170549,500
KRR_Target_Only,9.422162946030303,500
NN_Target_Only,0.1868712525432035,500
XGBoost_Pool,0.0966664293317965,500
KRR_Pool,1.6137609792241938,500
NN_Pool,3.639938859183111,500
XGBoost_TLCQM,0.0984559622625925,500
KRR_TLCQM,1.7760540071743254,500
NN_TLCQM,0.1231260193219394,500
XGBoost_Target_Only,0.1220377253855632,100
KRR_Target_Only,30.116931628318223,100
NN_Target_Only,19.87798400041611,100
XGBoost_Pool,0.0990919790051336,100
KRR_Pool,1.650696172997179,100
NN_Pool,5.331425631144056,100
XGBoost_TLCQM,0.1186784933099357,100
KRR_TLCQM,1.872018998177967,100
NN_TLCQM,0.1044029714615561,100
XGBoost_Target_Only,0.1081265575528496,200
KRR_Target_Only,19.15716960783757,200
NN_Target_Only,19.95554763995051,200
XGBoost_Pool,0.0969643556274512,200
KRR_Pool,1.6196882283093983,200
NN_Pool,3.1691545535972043,200
XGBoost_TLCQM,0.1091294117983705,200
KRR_TLCQM,1.8105519231362024,200
NN_TLCQM,0.1360934387062929,200
XGBoost_Target_Only,0.1000136086598361,300
KRR_Target_Only,13.376881021633473,300
NN_Target_Only,6.833313136638866,300
XGBoost_Pool,0.0947411607151537,300
KRR_Pool,1.5499361451359015,300
NN_Pool,3.004227336518136,300
XGBoost_TLCQM,0.0995826747684382,300
KRR_TLCQM,1.7290694995175613,300
NN_TLCQM,0.1055392730737878,300
XGBoost_Target_Only,0.0955770089321972,500
KRR_Target_Only,8.691152177309379,500
NN_Target_Only,0.5530650371679349,500
XGBoost_Pool,0.0941870117278742,500
KRR_Pool,1.5554499656274683,500
NN_Pool,3.516496709126044,500
XGBoost_TLCQM,0.0968186961210702,500
KRR_TLCQM,1.7141066124134374,500
NN_TLCQM,0.1013393937324689,500
XGBoost_Target_Only,0.1085879787369395,100
KRR_Target_Only,30.34786817742929,100
NN_Target_Only,28.05575889191216,100
XGBoost_Pool,0.0994661153904838,100
KRR_Pool,1.5986448921894254,100
NN_Pool,3.0910710410788087,100
XGBoost_TLCQM,0.1019305253117698,100
KRR_TLCQM,1.811410976636431,100
NN_TLCQM,0.1046526003366686,100
XGBoost_Target_Only,0.0984717240608508,200
KRR_Target_Only,18.341587593121574,200
NN_Target_Only,24.07076121817322,200
XGBoost_Pool,0.0989889265082626,200
KRR_Pool,1.590724586365437,200
NN_Pool,3.4250825867087147,200
XGBoost_TLCQM,0.1086595847984515,200
KRR_TLCQM,1.7999472536826406,200
NN_TLCQM,0.1271094713471399,200
XGBoost_Target_Only,0.0975898254897939,300
KRR_Target_Only,13.926296838200749,300
NN_Target_Only,13.240542184022535,300
XGBoost_Pool,0.0988626912183555,300
KRR_Pool,1.5424182867037968,300
NN_Pool,3.365554521558659,300
XGBoost_TLCQM,0.106526868147476,300
KRR_TLCQM,1.7320916206539212,300
NN_TLCQM,0.1066704327370828,300
XGBoost_Target_Only,0.0969550819432634,500
KRR_Target_Only,9.45985601570119,500
NN_Target_Only,2.8770426713612256,500
XGBoost_Pool,0.0948694840618811,500
KRR_Pool,1.539120364571453,500
NN_Pool,3.214032596471597,500
XGBoost_TLCQM,0.1019682740419846,500
KRR_TLCQM,1.7420493733482183,500
NN_TLCQM,0.1345703457794352,500
XGBoost_Target_Only,0.1241184426028653,100
KRR_Target_Only,31.86881106244214,100
NN_Target_Only,22.90447465374056,100
XGBoost_Pool,0.1008572345415026,100
KRR_Pool,1.5477267756931612,100
NN_Pool,5.391465408930886,100
XGBoost_TLCQM,0.1036208959570625,100
KRR_TLCQM,1.7218219347878378,100
NN_TLCQM,0.1957518385605472,100
XGBoost_Target_Only,0.1117291919168106,200
KRR_Target_Only,20.77389268626805,200
NN_Target_Only,23.50668703709026,200
XGBoost_Pool,0.0996826346639844,200
KRR_Pool,1.5007092536014244,200
NN_Pool,3.5079622461576245,200
XGBoost_TLCQM,0.0976636331479893,200
KRR_TLCQM,1.6701683115023864,200
NN_TLCQM,0.10197424779994,200
XGBoost_Target_Only,0.0991756419933878,300
KRR_Target_Only,14.226651735820434,300
NN_Target_Only,0.2916536128666187,300
XGBoost_Pool,0.0970966748359259,300
KRR_Pool,1.4764441019009569,300
NN_Pool,3.404809982217113,300
XGBoost_TLCQM,0.0985059760579934,300
KRR_TLCQM,1.679181605397542,300
NN_TLCQM,0.1089800119050843,300
XGBoost_Target_Only,0.0949856509558759,500
KRR_Target_Only,8.387875188534933,500
NN_Target_Only,0.2819113660802832,500
XGBoost_Pool,0.095091332060544,500
KRR_Pool,1.4283222215251896,500
NN_Pool,3.4164624108625965,500
XGBoost_TLCQM,0.0951598649153895,500
KRR_TLCQM,1.5948222604295552,500
NN_TLCQM,0.0985626540594101,500
XGBoost_Target_Only,0.1212879551528333,100
KRR_Target_Only,29.75068200986579,100
NN_Target_Only,22.149498716893856,100
XGBoost_Pool,0.1000146786402666,100
KRR_Pool,1.6263126370161394,100
NN_Pool,5.4024881487939584,100
XGBoost_TLCQM,0.1041804550943227,100
KRR_TLCQM,1.83344108486598,100
NN_TLCQM,0.1282746472475028,100
XGBoost_Target_Only,0.1057528607479751,200
KRR_Target_Only,20.360867375155927,200
NN_Target_Only,19.73549935916692,200
XGBoost_Pool,0.0980453703113456,200
KRR_Pool,1.6115505320793078,200
NN_Pool,3.271109000827241,200
XGBoost_TLCQM,0.1063026730261903,200
KRR_TLCQM,1.7884452384397476,200
NN_TLCQM,0.1501413387678476,200
XGBoost_Target_Only,0.0977834868192447,300
KRR_Target_Only,14.819765789775484,300
NN_Target_Only,1.5710703098583438,300
XGBoost_Pool,0.0959714438192575,300
KRR_Pool,1.549182912997409,300
NN_Pool,2.8553185085352,300
XGBoost_TLCQM,0.0994045149002228,300
KRR_TLCQM,1.7031625999900406,300
NN_TLCQM,0.1499987599434955,300
XGBoost_Target_Only,0.0969611762702315,500
KRR_Target_Only,8.71350115873165,500
NN_Target_Only,6.715897977436841,500
XGBoost_Pool,0.093955313862634,500
KRR_Pool,1.4563823501899418,500
NN_Pool,3.0373758094219405,500
XGBoost_TLCQM,0.0987858972767625,500
KRR_TLCQM,1.6094265410641742,500
NN_TLCQM,0.1238454650134541,500
XGBoost_Target_Only,0.1203967804471074,100
KRR_Target_Only,30.444714203867573,100
NN_Target_Only,20.50516344657735,100
XGBoost_Pool,0.0996751934647506,100
KRR_Pool,1.6438422557126338,100
NN_Pool,5.1746910000289885,100
XGBoost_TLCQM,0.1013838633060234,100
KRR_TLCQM,1.8061396958079723,100
NN_TLCQM,0.1150234167144426,100
XGBoost_Target_Only,0.1041565121525726,200
KRR_Target_Only,19.30834640731457,200
NN_Target_Only,21.495163235967468,200
XGBoost_Pool,0.1017790952692332,200
KRR_Pool,1.6498851332237492,200
NN_Pool,3.1154253339985303,200
XGBoost_TLCQM,0.0987393677402115,200
KRR_TLCQM,1.820882985257059,200
NN_TLCQM,0.1446996224449748,200
XGBoost_Target_Only,0.096222411972449,300
KRR_Target_Only,13.74008514647772,300
NN_Target_Only,6.823152241235468,300
XGBoost_Pool,0.0994764652284062,300
KRR_Pool,1.6071511276960764,300
NN_Pool,6.161985533896826,300
XGBoost_TLCQM,0.0965752839965077,300
KRR_TLCQM,1.76987102139219,300
NN_TLCQM,0.0997024422764601,300
XGBoost_Target_Only,0.1044642202919837,500
KRR_Target_Only,8.279069400026124,500
NN_Target_Only,0.6445676688104044,500
XGBoost_Pool,0.0954570959392989,500
KRR_Pool,1.5533696033730569,500
NN_Pool,3.986834311236485,500
XGBoost_TLCQM,0.0952840883812841,500
KRR_TLCQM,1.7109062262768635,500
NN_TLCQM,0.3070404617936507,500
XGBoost_Target_Only,0.1195808153330844,100
KRR_Target_Only,29.8297332162684,100
NN_Target_Only,20.632567515667592,100
XGBoost_Pool,0.1018202272032468,100
KRR_Pool,1.6154449965761006,100
NN_Pool,5.438358606831935,100
XGBoost_TLCQM,0.1045077722067731,100
KRR_TLCQM,1.8212336150803097,100
NN_TLCQM,0.1458521072764726,100
XGBoost_Target_Only,0.1155163635610697,200
KRR_Target_Only,19.752334870204777,200
NN_Target_Only,22.16175822253713,200
XGBoost_Pool,0.0970662717914095,200
KRR_Pool,1.6128483281270805,200
NN_Pool,3.3643047835720945,200
XGBoost_TLCQM,0.1045121188895578,200
KRR_TLCQM,1.80377229079486,200
NN_TLCQM,0.2316598798289575,200
XGBoost_Target_Only,0.1026235359038385,300
KRR_Target_Only,14.936009286311036,300
NN_Target_Only,6.883921580964261,300
XGBoost_Pool,0.0980745876870114,300
KRR_Pool,1.6169043361484725,300
NN_Pool,3.298433400012131,300
XGBoost_TLCQM,0.1012540181734305,300
KRR_TLCQM,1.8183346653054864,300
NN_TLCQM,0.1915988457920856,300
XGBoost_Target_Only,0.0947614643211186,500
KRR_Target_Only,8.833301473239418,500
NN_Target_Only,0.3802378797015707,500
XGBoost_Pool,0.0945792402286314,500
KRR_Pool,1.5304736024594667,500
NN_Pool,3.313109079382758,500
XGBoost_TLCQM,0.0987322722501859,500
KRR_TLCQM,1.6957162989452683,500
NN_TLCQM,0.0969068413080512,500
XGBoost_Target_Only,0.1271207366829956,100
KRR_Target_Only,31.03004068595394,100
NN_Target_Only,24.05212379989804,100
XGBoost_Pool,0.1030855744330547,100
KRR_Pool,1.6064606979076952,100
NN_Pool,3.350882630727229,100
XGBoost_TLCQM,0.1066025218581241,100
KRR_TLCQM,1.784945709181413,100
NN_TLCQM,0.1786928202204249,100
XGBoost_Target_Only,0.1030329368665269,200
KRR_Target_Only,19.84672425937619,200
NN_Target_Only,27.457826189780626,200
XGBoost_Pool,0.0995172840107944,200
KRR_Pool,1.535121380485878,200
NN_Pool,2.972050003373023,200
XGBoost_TLCQM,0.0999465316960003,200
KRR_TLCQM,1.7190107931021426,200
NN_TLCQM,0.107573645780582,200
XGBoost_Target_Only,0.0967358821423232,300
KRR_Target_Only,15.302646364538765,300
NN_Target_Only,0.1967926358835803,300
XGBoost_Pool,0.0966776356082818,300
KRR_Pool,1.5212267232341523,300
NN_Pool,6.421956550868173,300
XGBoost_TLCQM,0.0987256716487797,300
KRR_TLCQM,1.7012281520783994,300
NN_TLCQM,0.1193593950497215,300
XGBoost_Target_Only,0.0914853021874748,500
KRR_Target_Only,9.282448594270448,500
NN_Target_Only,0.2401091999114806,500
XGBoost_Pool,0.0982199551644651,500
KRR_Pool,1.397744559186464,500
NN_Pool,3.191890272099764,500
XGBoost_TLCQM,0.0971064434269103,500
KRR_TLCQM,1.5454253039963866,500
NN_TLCQM,0.1223183518306701,500
XGBoost_Target_Only,0.1102528945367473,100
KRR_Target_Only,31.742664356774032,100
NN_Target_Only,23.15768857136284,100
XGBoost_Pool,0.0987954496978335,100
KRR_Pool,1.561955903403863,100
NN_Pool,5.656576150409579,100
XGBoost_TLCQM,0.0984819332937482,100
KRR_TLCQM,1.738451028500524,100
NN_TLCQM,0.1059009903542143,100
XGBoost_Target_Only,0.104489796225681,200
KRR_Target_Only,19.94133825326973,200
NN_Target_Only,22.1692241726214,200
XGBoost_Pool,0.097550819345295,200
KRR_Pool,1.5414189192787355,200
NN_Pool,3.61179661089847,200
XGBoost_TLCQM,0.0967214763372685,200
KRR_TLCQM,1.7100392496320471,200
NN_TLCQM,0.1256754821047233,200
XGBoost_Target_Only,0.1008955203335109,300
KRR_Target_Only,14.336177611123942,300
NN_Target_Only,6.798964126352579,300
XGBoost_Pool,0.097162836209408,300
KRR_Pool,1.5289727976552778,300
NN_Pool,4.691676900784519,300
XGBoost_TLCQM,0.0976650771858063,300
KRR_TLCQM,1.7048068509658856,300
NN_TLCQM,0.1593514511525837,300
XGBoost_Target_Only,0.0933087231548077,500
KRR_Target_Only,9.031188550898198,500
NN_Target_Only,0.4920719637057768,500
XGBoost_Pool,0.092843985254056,500
KRR_Pool,1.5044291965549024,500
NN_Pool,3.2453471919179333,500
XGBoost_TLCQM,0.0942891818437433,500
KRR_TLCQM,1.660497416392989,500
NN_TLCQM,0.2400448175037558,500
XGBoost_Target_Only,0.1145606279181415,100
KRR_Target_Only,30.86174481249843,100
NN_Target_Only,20.86440608819091,100
XGBoost_Pool,0.1010799806187446,100
KRR_Pool,1.5638818584518244,100
NN_Pool,3.512836686042002,100
XGBoost_TLCQM,0.1021368118246294,100
KRR_TLCQM,1.7415818298274226,100
NN_TLCQM,0.1015160554590328,100
XGBoost_Target_Only,0.1042221059884176,200
KRR_Target_Only,20.01670020220635,200
NN_Target_Only,20.750814880084324,200
XGBoost_Pool,0.0999280242582126,200
KRR_Pool,1.5824811268768562,200
NN_Pool,3.476673732936828,200
XGBoost_TLCQM,0.1008477533434451,200
KRR_TLCQM,1.7630652273094878,200
NN_TLCQM,0.1098566015241143,200
XGBoost_Target_Only,0.0993935368258668,300
KRR_Target_Only,14.84415010379296,300
NN_Target_Only,0.3997669446096225,300
XGBoost_Pool,0.1008816619936389,300
KRR_Pool,1.5336134877123713,300
NN_Pool,2.8900053874935794,300
XGBoost_TLCQM,0.1011875431981756,300
KRR_TLCQM,1.7036874823400028,300
NN_TLCQM,0.1177001306159364,300
XGBoost_Target_Only,0.096046056868055,500
KRR_Target_Only,9.221083406318863,500
NN_Target_Only,1.419890745234528,500
XGBoost_Pool,0.0968321652509365,500
KRR_Pool,1.475886859085831,500
NN_Pool,2.73237128899958,500
XGBoost_TLCQM,0.0966465851437216,500
KRR_TLCQM,1.6472291771988767,500
NN_TLCQM,0.140092261598749,500
XGBoost_Target_Only,0.1105550423778287,100
KRR_Target_Only,30.056182615952284,100
NN_Target_Only,22.28893321472861,100
XGBoost_Pool,0.0995131030080457,100
KRR_Pool,1.618428028813122,100
NN_Pool,6.286483395671098,100
XGBoost_TLCQM,0.1012080210611742,100
KRR_TLCQM,1.794460186713328,100
NN_TLCQM,0.2055332918309581,100
XGBoost_Target_Only,0.1171754718552095,200
KRR_Target_Only,19.96847217594272,200
NN_Target_Only,20.219899573948823,200
XGBoost_Pool,0.1015734313808126,200
KRR_Pool,1.6194211540773722,200
NN_Pool,3.554070002194744,200
XGBoost_TLCQM,0.0977478803299542,200
KRR_TLCQM,1.7876487398906635,200
NN_TLCQM,0.1021930195225374,200
XGBoost_Target_Only,0.0967439310930513,300
KRR_Target_Only,15.577602545299971,300
NN_Target_Only,7.944915850179575,300
XGBoost_Pool,0.0980125035532113,300
KRR_Pool,1.5576997107728936,300
NN_Pool,3.259319385112217,300
XGBoost_TLCQM,0.0990648936815371,300
KRR_TLCQM,1.71352682655644,300
NN_TLCQM,0.1016959023801021,300
XGBoost_Target_Only,0.0937639481018803,500
KRR_Target_Only,9.71621842234886,500
NN_Target_Only,0.1595314031856096,500
XGBoost_Pool,0.0966109114438126,500
KRR_Pool,1.5251396132040969,500
NN_Pool,3.8361278983986673,500
XGBoost_TLCQM,0.0977033038256441,500
KRR_TLCQM,1.6819997717081585,500
NN_TLCQM,0.1008540553431432,500
XGBoost_Target_Only,0.1172472296333765,100
KRR_Target_Only,29.29629788993553,100
NN_Target_Only,17.9141592326503,100
XGBoost_Pool,0.1029780837947937,100
KRR_Pool,1.634487219784258,100
NN_Pool,5.818138732792618,100
XGBoost_TLCQM,0.1006537713199968,100
KRR_TLCQM,1.808494863455322,100
NN_TLCQM,0.1944776371223776,100
XGBoost_Target_Only,0.0998137221926908,200
KRR_Target_Only,21.44588611608953,200
NN_Target_Only,24.495246666847557,200
XGBoost_Pool,0.1002521592553628,200
KRR_Pool,1.529213485300304,200
NN_Pool,3.788857606979918,200
XGBoost_TLCQM,0.0988182223775776,200
KRR_TLCQM,1.6921109260666432,200
NN_TLCQM,0.1172785470667712,200
XGBoost_Target_Only,0.0959695098598273,300
KRR_Target_Only,14.7127897619593,300
NN_Target_Only,6.8799057625843645,300
XGBoost_Pool,0.0970180742850839,300
KRR_Pool,1.4935232799029898,300
NN_Pool,3.150831385313683,300
XGBoost_TLCQM,0.0958089210739447,300
KRR_TLCQM,1.639140684874724,300
NN_TLCQM,0.1001640848302681,300
XGBoost_Target_Only,0.1205142773912578,100
KRR_Target_Only,29.864974784242847,100
NN_Target_Only,23.567986183161427,100
XGBoost_Pool,0.0994249235936828,100
KRR_Pool,1.6047758760850956,100
NN_Pool,3.3897169077237885,100
XGBoost_TLCQM,0.1004903195592314,100
KRR_TLCQM,1.7807448662382643,100
NN_TLCQM,0.1337340924772723,100
XGBoost_Target_Only,0.1105821437415701,200
KRR_Target_Only,18.698899502879662,200
NN_Target_Only,21.322677045508936,200
XGBoost_Pool,0.0978192012274493,200
KRR_Pool,1.5779506139406465,200
NN_Pool,3.1797763314374485,200
XGBoost_TLCQM,0.1030168424226968,200
KRR_TLCQM,1.7727614729017362,200
NN_TLCQM,0.1043121577691574,200
XGBoost_Target_Only,0.1034981454281249,300
KRR_Target_Only,13.760016147961831,300
NN_Target_Only,6.218836638015393,300
XGBoost_Pool,0.0980154756606154,300
KRR_Pool,1.4904571962792044,300
NN_Pool,3.3905512327620824,300
XGBoost_TLCQM,0.0997460079664094,300
KRR_TLCQM,1.681733554017282,300
NN_TLCQM,0.1081790586972051,300
XGBoost_Target_Only,0.0980646203523751,500
KRR_Target_Only,8.139433630531652,500
NN_Target_Only,0.287487634527972,500
XGBoost_Pool,0.093220988127884,500
KRR_Pool,1.4330671469325458,500
NN_Pool,2.970758339283013,500
XGBoost_TLCQM,0.0990732646079328,500
KRR_TLCQM,1.5959203030784292,500
NN_TLCQM,0.1062683395038995,500
XGBoost_Target_Only,0.12410524534104,100
KRR_Target_Only,28.711389973883406,100
NN_Target_Only,18.010725182045082,100
XGBoost_Pool,0.1018955840300672,100
KRR_Pool,1.6537054026004347,100
NN_Pool,5.409956252851855,100
XGBoost_TLCQM,0.1000315263708245,100
KRR_TLCQM,1.86105691071439,100
NN_TLCQM,0.1054766559010753,100
XGBoost_Target_Only,0.1248541926398986,200
KRR_Target_Only,18.43109166868975,200
NN_Target_Only,25.88021557115874,200
XGBoost_Pool,0.0998337710287545,200
KRR_Pool,1.578109404246976,200
NN_Pool,6.7993635406589545,200
XGBoost_TLCQM,0.0982887378103482,200
KRR_TLCQM,1.7635452894197643,200
NN_TLCQM,0.097852942857075,200
XGBoost_Target_Only,0.0971744150088954,300
KRR_Target_Only,13.990398099556176,300
NN_Target_Only,0.2655913896031058,300
XGBoost_Pool,0.0963108802912608,300
KRR_Pool,1.5740594186795414,300
NN_Pool,2.9002417048224776,300
XGBoost_TLCQM,0.0970412522935786,300
KRR_TLCQM,1.7639615758239056,300
NN_TLCQM,0.1021742919767347,300
XGBoost_Target_Only,0.0932360580612912,500
KRR_Target_Only,8.937777843131348,500
NN_Target_Only,0.2975477850275339,500
XGBoost_Pool,0.0949404276948443,500
KRR_Pool,1.4834087574413417,500
NN_Pool,3.3225473483670545,500
XGBoost_TLCQM,0.0962266422051893,500
KRR_TLCQM,1.6620172215212303,500
NN_TLCQM,0.3601776567080083,500
XGBoost_Target_Only,0.1202047590984025,100
KRR_Target_Only,30.357445893028643,100
NN_Target_Only,18.833978697451712,100
XGBoost_Pool,0.099913319692279,100
KRR_Pool,1.624869421819503,100
NN_Pool,5.306222598121693,100
XGBoost_TLCQM,0.1071541647124453,100
KRR_TLCQM,1.838615480160232,100
NN_TLCQM,0.13730856457096,100
XGBoost_Target_Only,0.1090124804706732,200
KRR_Target_Only,21.095738879124,200
NN_Target_Only,22.956255328729068,200
XGBoost_Pool,0.0977400363665755,200
KRR_Pool,1.5469287818185269,200
NN_Pool,3.3321377650064337,200
XGBoost_TLCQM,0.0949969443094829,200
KRR_TLCQM,1.7073209534373108,200
NN_TLCQM,0.1117340555245271,200
XGBoost_Target_Only,0.0979061610837502,300
KRR_Target_Only,14.05614352839777,300
NN_Target_Only,1.3049033923972166,300
XGBoost_Pool,0.0958928408265837,300
KRR_Pool,1.4441112485335807,300
NN_Pool,3.28947034022412,300
XGBoost_TLCQM,0.0962731562553114,300
KRR_TLCQM,1.5904888260791228,300
NN_TLCQM,0.0979574873062195,300
XGBoost_Target_Only,0.0932269094240442,500
KRR_Target_Only,9.311389618649246,500
NN_Target_Only,0.6994820222245509,500
XGBoost_Pool,0.0947928627066256,500
KRR_Pool,1.409458709864635,500
NN_Pool,3.1129903100816865,500
XGBoost_TLCQM,0.0991555874429749,500
KRR_TLCQM,1.5305203595856576,500
NN_TLCQM,0.1166394796799697,500
XGBoost_Target_Only,0.1136286486106757,100
KRR_Target_Only,30.684876322559063,100
NN_Target_Only,20.54557432661338,100
XGBoost_Pool,0.0993095481268065,100
KRR_Pool,1.6194370211609137,100
NN_Pool,5.464140318440051,100
XGBoost_TLCQM,0.10455064193594,100
KRR_TLCQM,1.7792937825804056,100
NN_TLCQM,0.197711540432619,100
XGBoost_Target_Only,0.1051652497860941,200
KRR_Target_Only,21.25755304111381,200
NN_Target_Only,21.34689430150439,200
XGBoost_Pool,0.0998859846563151,200
KRR_Pool,1.5684086272983335,200
NN_Pool,3.4254743503055027,200
XGBoost_TLCQM,0.1063659701942263,200
KRR_TLCQM,1.747311737084097,200
NN_TLCQM,0.1041939771710199,200
XGBoost_Target_Only,0.1073703572923309,300
KRR_Target_Only,15.687425364608412,300
NN_Target_Only,1.6717368839882092,300
XGBoost_Pool,0.0957184312914434,300
KRR_Pool,1.5816489646550678,300
NN_Pool,2.542323825248859,300
XGBoost_TLCQM,0.0969376820411194,300
KRR_TLCQM,1.7504462052139604,300
NN_TLCQM,0.1083352572462632,300
XGBoost_Target_Only,0.0974450336256951,500
KRR_Target_Only,10.137182628938634,500
NN_Target_Only,0.7729119563750123,500
XGBoost_Pool,0.0937094429872699,500
KRR_Pool,1.591632663389586,500
NN_Pool,3.4639609056555973,500
XGBoost_TLCQM,0.0957989892245809,500
KRR_TLCQM,1.7532230411614915,500
NN_TLCQM,0.1577435409583146,500
XGBoost_Target_Only,0.1105174843525975,100
KRR_Target_Only,30.54177204276576,100
NN_Target_Only,22.97929424353922,100
XGBoost_Pool,0.0979922282405285,100
KRR_Pool,1.6151128322419503,100
NN_Pool,3.905614411338772,100
XGBoost_TLCQM,0.0987172112239438,100
KRR_TLCQM,1.778535432024914,100
NN_TLCQM,0.1076220741588976,100
XGBoost_Target_Only,0.1044757092900915,200
KRR_Target_Only,19.2521407267534,200
NN_Target_Only,24.473421950689172,200
XGBoost_Pool,0.098059812754786,200
KRR_Pool,1.53451008855877,200
NN_Pool,3.394348881066723,200
XGBoost_TLCQM,0.0981142068662975,200
KRR_TLCQM,1.7206982674591635,200
NN_TLCQM,0.1373657500362428,200
XGBoost_Target_Only,0.1044052952690705,300
KRR_Target_Only,13.513511595711252,300
NN_Target_Only,6.768606626391208,300
XGBoost_Pool,0.0965356739952928,300
KRR_Pool,1.5450984230190623,300
NN_Pool,3.6022158784810143,300
XGBoost_TLCQM,0.0983899111988061,300
KRR_TLCQM,1.709704568038598,300
NN_TLCQM,0.16147904988929,300
XGBoost_Target_Only,0.0998138755426915,500
KRR_Target_Only,9.40426952384415,500
NN_Target_Only,0.444497483010738,500
XGBoost_Pool,0.0963796146345787,500
KRR_Pool,1.533530586874526,500
NN_Pool,4.07883125867289,500
XGBoost_TLCQM,0.0999918808496837,500
KRR_TLCQM,1.698289682679046,500
NN_TLCQM,0.0975092013581991,500
XGBoost_Target_Only,0.1130869359143531,100
KRR_Target_Only,33.28228467968743,100
NN_Target_Only,24.1052475038886,100
XGBoost_Pool,0.097168752953077,100
KRR_Pool,1.5993581987479193,100
NN_Pool,3.26366431812841,100
XGBoost_TLCQM,0.106309027764735,100
KRR_TLCQM,1.8088294796575768,100
NN_TLCQM,0.1245848514852555,100
XGBoost_Target_Only,0.101730575191148,200
KRR_Target_Only,22.34826226350848,200
NN_Target_Only,23.22825038829229,200
XGBoost_Pool,0.0950811444379048,200
KRR_Pool,1.5709633735660424,200
NN_Pool,3.471218819795894,200
XGBoost_TLCQM,0.1009049017474666,200
KRR_TLCQM,1.7856371018483854,200
NN_TLCQM,0.1035488594744161,200
XGBoost_Target_Only,0.1034322337499948,300
KRR_Target_Only,15.730189661943678,300
NN_Target_Only,0.2323656127022261,300
XGBoost_Pool,0.095372273879975,300
KRR_Pool,1.5890214418574848,300
NN_Pool,3.391573320148365,300
XGBoost_TLCQM,0.100852088847721,300
KRR_TLCQM,1.776532357301477,300
NN_TLCQM,0.1064786925615379,300
XGBoost_Target_Only,0.0963937893245497,500
KRR_Target_Only,10.491842348431232,500
NN_Target_Only,0.2357177303591822,500
XGBoost_Pool,0.0944141104987118,500
KRR_Pool,1.5817157792125138,500
NN_Pool,3.1453401712778475,500
XGBoost_TLCQM,0.0977300133751654,500
KRR_TLCQM,1.748946703145539,500
NN_TLCQM,0.1964919459199506,500
XGBoost_Target_Only,0.1084322472722309,100
KRR_Target_Only,28.570276437561287,100
NN_Target_Only,22.58216858343496,100
XGBoost_Pool,0.1024105341008135,100
KRR_Pool,1.6234519783831551,100
NN_Pool,3.420307628469245,100
XGBoost_TLCQM,0.1056726876432482,100
KRR_TLCQM,1.7949829627009997,100
NN_TLCQM,0.1179043685576929,100
XGBoost_Target_Only,0.1114173426719775,200
KRR_Target_Only,20.09667897337689,200
NN_Target_Only,20.807608639734443,200
XGBoost_Pool,0.1006606214091671,200
KRR_Pool,1.6304374105255093,200
NN_Pool,3.656249854134958,200
XGBoost_TLCQM,0.1051005950204662,200
KRR_TLCQM,1.790103066626532,200
NN_TLCQM,0.1270743121646018,200
XGBoost_Target_Only,0.1025521239645581,300
KRR_Target_Only,13.93618815701654,300
NN_Target_Only,0.3148735974140423,300
XGBoost_Pool,0.097201280500601,300
KRR_Pool,1.6081862203631798,300
NN_Pool,3.198243295142156,300
XGBoost_TLCQM,0.0992448543032331,300
KRR_TLCQM,1.7776112501179535,300
NN_TLCQM,0.1433161582821308,300
XGBoost_Target_Only,0.0963371879273903,500
KRR_Target_Only,9.084144546678708,500
NN_Target_Only,6.805559871547396,500
XGBoost_Pool,0.0942240026214398,500
KRR_Pool,1.5355365267185366,500
NN_Pool,3.3010327428726,500
XGBoost_TLCQM,0.0951223224861711,500
KRR_TLCQM,1.6862812045522335,500
NN_TLCQM,0.1656383279087686,500
XGBoost_Target_Only,0.105579618234405,100
KRR_Target_Only,30.161149610559427,100
NN_Target_Only,21.344616936214354,100
XGBoost_Pool,0.0978020901771316,100
KRR_Pool,1.6106817655326102,100
NN_Pool,5.21149864283414,100
XGBoost_TLCQM,0.1000937449591926,100
KRR_TLCQM,1.7995348685137489,100
NN_TLCQM,0.1005235229224753,100
XGBoost_Target_Only,0.0990057593219186,200
KRR_Target_Only,20.32968647557224,200
NN_Target_Only,26.7351020512619,200
XGBoost_Pool,0.0973312052347365,200
KRR_Pool,1.5618649537734808,200
NN_Pool,4.673302909191259,200
XGBoost_TLCQM,0.1021178470065372,200
KRR_TLCQM,1.7343134484822536,200
NN_TLCQM,0.2187840069345286,200
XGBoost_Target_Only,0.1021951076721837,300
KRR_Target_Only,14.932843407848605,300
NN_Target_Only,0.7725810646327526,300
XGBoost_Pool,0.0945498404983513,300
KRR_Pool,1.5240486328214975,300
NN_Pool,3.3520376263604934,300
XGBoost_TLCQM,0.0956194822463883,300
KRR_TLCQM,1.7086655130980195,300
NN_TLCQM,0.1054254093414492,300
XGBoost_Target_Only,0.092955050676561,500
KRR_Target_Only,10.091601367192428,500
NN_Target_Only,0.3137033805390286,500
XGBoost_Pool,0.0947799460728858,500
KRR_Pool,1.3802511065246963,500
NN_Pool,3.186987214686161,500
XGBoost_TLCQM,0.0952176645864627,500
KRR_TLCQM,1.5466415069520358,500
NN_TLCQM,0.1279442384905016,500
XGBoost_Target_Only,0.119024950117431,100
KRR_Target_Only,28.27281764129971,100
NN_Target_Only,19.91943993105381,100
XGBoost_Pool,0.1011683855121477,100
KRR_Pool,1.615090647330541,100
NN_Pool,6.279545343495779,100
XGBoost_TLCQM,0.1034265397769869,100
KRR_TLCQM,1.8178263130393413,100
NN_TLCQM,0.1088817780299856,100
XGBoost_Target_Only,0.1156883346137904,200
KRR_Target_Only,17.954843915385947,200
NN_Target_Only,19.87643910932866,200
XGBoost_Pool,0.1006041506676439,200
KRR_Pool,1.6038197252658923,200
NN_Pool,3.685725204970701,200
XGBoost_TLCQM,0.1062177801660052,200
KRR_TLCQM,1.802386954945539,200
NN_TLCQM,0.1119864011408279,200
XGBoost_Target_Only,0.1047997904957825,300
KRR_Target_Only,12.881938539636636,300
NN_Target_Only,15.681654092372714,300
XGBoost_Pool,0.1002031584590854,300
KRR_Pool,1.598494212252678,300
NN_Pool,6.512526057711185,300
XGBoost_TLCQM,0.1070091501229975,300
KRR_TLCQM,1.771226735157177,300
NN_TLCQM,0.1069286063423707,300
XGBoost_Target_Only,0.0990973201837854,500
KRR_Target_Only,8.5562465837729,500
NN_Target_Only,0.5468810407490396,500
XGBoost_Pool,0.0999857228082667,500
KRR_Pool,1.573770075345567,500
NN_Pool,3.545953017797524,500
XGBoost_TLCQM,0.1003776008420617,500
KRR_TLCQM,1.7325592287900655,500
NN_TLCQM,0.1634903330832917,500
XGBoost_Target_Only,0.1326291179497363,100
KRR_Target_Only,29.281965667915877,100
NN_Target_Only,18.954054280486837,100
XGBoost_Pool,0.1012915488872246,100
KRR_Pool,1.6334592217449,100
NN_Pool,3.273503480631733,100
XGBoost_TLCQM,0.1051565396599232,100
KRR_TLCQM,1.8231385055495128,100
NN_TLCQM,0.1294281360922468,100
XGBoost_Target_Only,0.1057233862041327,200
KRR_Target_Only,18.40963439838708,200
NN_Target_Only,23.175488253769057,200
XGBoost_Pool,0.1006761000105694,200
KRR_Pool,1.597081174056043,200
NN_Pool,3.537915346318938,200
XGBoost_TLCQM,0.1044702667961566,200
KRR_TLCQM,1.795217774846505,200
NN_TLCQM,0.1015479772372457,200
XGBoost_Target_Only,0.0951888487651227,300
KRR_Target_Only,13.47295791752633,300
NN_Target_Only,6.70035425894005,300
XGBoost_Pool,0.0964088701265158,300
KRR_Pool,1.4965675780608434,300
NN_Pool,3.1375820670397587,300
XGBoost_TLCQM,0.0975033040811478,300
KRR_TLCQM,1.647405146823966,300
NN_TLCQM,0.1020777593692894,300
XGBoost_Target_Only,0.0949012272488339,500
KRR_Target_Only,8.270764461932453,500
NN_Target_Only,0.2031514810683424,500
XGBoost_Pool,0.0969879781521733,500
KRR_Pool,1.4452476061762771,500
NN_Pool,3.5031704033082147,500
XGBoost_TLCQM,0.0980935095863681,500
KRR_TLCQM,1.6013263755717428,500
NN_TLCQM,0.1254376229256348,500
XGBoost_Target_Only,0.1145204022835131,100
KRR_Target_Only,28.560549975264607,100
NN_Target_Only,18.5408302931688,100
XGBoost_Pool,0.1076264581432918,100
KRR_Pool,1.6529468093182504,100
NN_Pool,5.567120604496255,100
XGBoost_TLCQM,0.1038606238552496,100
KRR_TLCQM,1.836282618322426,100
NN_TLCQM,0.1149263246517822,100
XGBoost_Target_Only,0.1087179835503187,200
KRR_Target_Only,18.53921850801572,200
NN_Target_Only,21.421172493104404,200
XGBoost_Pool,0.1000559632610759,200
KRR_Pool,1.6463768236970453,200
NN_Pool,3.468765492499944,200
XGBoost_TLCQM,0.0986986556161137,200
KRR_TLCQM,1.8170485446774447,200
NN_TLCQM,0.1502575017104992,200
XGBoost_Target_Only,0.1047862318741663,300
KRR_Target_Only,14.040556200236177,300
NN_Target_Only,7.160712537751786,300
XGBoost_Pool,0.0998791807934602,300
KRR_Pool,1.6221495825059755,300
NN_Pool,3.632217397738658,300
XGBoost_TLCQM,0.1001297989136417,300
KRR_TLCQM,1.8008918338514712,300
NN_TLCQM,0.1145567389646279,300
XGBoost_Target_Only,0.0963321045231419,500
KRR_Target_Only,9.521549861251982,500
NN_Target_Only,0.2181574793553574,500
XGBoost_Pool,0.0962031492672779,500
KRR_Pool,1.5580210054794743,500
NN_Pool,3.011121958449294,500
XGBoost_TLCQM,0.0975569471439669,500
KRR_TLCQM,1.7380091039592809,500
NN_TLCQM,0.1585312960364107,500
XGBoost_Target_Only,0.1077804171913306,100
KRR_Target_Only,29.93319649242895,100
NN_Target_Only,20.75443131038579,100
XGBoost_Pool,0.0974869976725465,100
KRR_Pool,1.5881643809711172,100
NN_Pool,3.396308202365328,100
XGBoost_TLCQM,0.1042709760032925,100
KRR_TLCQM,1.7603224181421886,100
NN_TLCQM,0.1235950048629519,100
XGBoost_Target_Only,0.0979108253003132,200
KRR_Target_Only,19.63347015732072,200
NN_Target_Only,19.000935444418047,200
XGBoost_Pool,0.0982392703470617,200
KRR_Pool,1.5632951592334827,200
NN_Pool,3.710993054137653,200
XGBoost_TLCQM,0.0992790578960543,200
KRR_TLCQM,1.714056230190049,200
NN_TLCQM,0.1010497230513133,200
XGBoost_Target_Only,0.0956003586629817,300
KRR_Target_Only,13.460958910650788,300
NN_Target_Only,7.897314180789542,300
XGBoost_Pool,0.0971978301707811,300
KRR_Pool,1.5692426243916069,300
NN_Pool,2.4792167980056483,300
XGBoost_TLCQM,0.0976904525219054,300
KRR_TLCQM,1.719613742345384,300
NN_TLCQM,0.3543686589176186,300
XGBoost_Target_Only,0.0967344930677462,500
KRR_Target_Only,9.0270019836059,500
NN_Target_Only,0.2103810248016434,500
XGBoost_Pool,0.095967583515964,500
KRR_Pool,1.5619131757658955,500
NN_Pool,3.536662575373183,500
XGBoost_TLCQM,0.0965399330883865,500
KRR_TLCQM,1.7144693376539035,500
NN_TLCQM,0.1407165842854035,500
XGBoost_Target_Only,0.1108330721086491,100
KRR_Target_Only,31.445174297625933,100
NN_Target_Only,23.626177275072717,100
XGBoost_Pool,0.0968875368496858,100
KRR_Pool,1.582600018223239,100
NN_Pool,5.471451458909679,100
XGBoost_TLCQM,0.1043810687667763,100
KRR_TLCQM,1.769187003694543,100
NN_TLCQM,0.1356625473386438,100
XGBoost_Target_Only,0.1023953320407179,200
KRR_Target_Only,20.4799910184245,200
NN_Target_Only,21.36715139538807,200
XGBoost_Pool,0.1002160855228526,200
KRR_Pool,1.5689378938593097,200
NN_Pool,3.692316091888845,200
XGBoost_TLCQM,0.0997724243216497,200
KRR_TLCQM,1.7413495456469743,200
NN_TLCQM,0.1004219535356757,200
XGBoost_Target_Only,0.0949157529887775,300
KRR_Target_Only,16.5932406421439,300
NN_Target_Only,10.325721837707302,300
XGBoost_Pool,0.0975689664205846,300
KRR_Pool,1.523782186831043,300
NN_Pool,3.05722187318706,300
XGBoost_TLCQM,0.0991485574346515,300
KRR_TLCQM,1.6979643645636304,300
NN_TLCQM,0.1437036130609531,300
XGBoost_Target_Only,0.0925447937122326,500
KRR_Target_Only,9.203458583423789,500
NN_Target_Only,0.1747429371728475,500
XGBoost_Pool,0.0962445762009871,500
KRR_Pool,1.4427922557177684,500
NN_Pool,3.147892341340691,500
XGBoost_TLCQM,0.0969073852247557,500
KRR_TLCQM,1.5924171583777698,500
NN_TLCQM,0.1000711007119601,500
XGBoost_Target_Only,0.1127562853431241,100
KRR_Target_Only,28.50020708621972,100
NN_Target_Only,21.274337681035476,100
XGBoost_Pool,0.0997067293085068,100
KRR_Pool,1.5619542107990787,100
NN_Pool,3.4225556779136377,100
XGBoost_TLCQM,0.1068318309609271,100
KRR_TLCQM,1.726477655717268,100
NN_TLCQM,0.1146524481294843,100
XGBoost_Target_Only,0.1052557641675947,200
KRR_Target_Only,18.540976388758992,200
NN_Target_Only,19.817328579047256,200
XGBoost_Pool,0.0977512388029116,200
KRR_Pool,1.5700936028273504,200
NN_Pool,3.352373401449704,200
XGBoost_TLCQM,0.0995162278571571,200
KRR_TLCQM,1.7349486341046558,200
NN_TLCQM,0.1042312904101787,200
XGBoost_Target_Only,0.1036208771251239,300
KRR_Target_Only,13.301592981008175,300
NN_Target_Only,2.9342104870607155,300
XGBoost_Pool,0.0960832388378587,300
KRR_Pool,1.5236881607025443,300
NN_Pool,3.3167171101883866,300
XGBoost_TLCQM,0.0987881341656206,300
KRR_TLCQM,1.688659393364553,300
NN_TLCQM,0.1179314100246482,300
XGBoost_Target_Only,0.097322737065201,500
KRR_Target_Only,8.812053835552385,500
NN_Target_Only,0.196000894636321,500
XGBoost_Pool,0.095216806095878,500
KRR_Pool,1.4360935955499334,500
NN_Pool,3.4999619765597885,500
XGBoost_TLCQM,0.0975703735178683,500
KRR_TLCQM,1.5879511815070673,500
NN_TLCQM,0.1028971350652315,500
XGBoost_Target_Only,0.114622674273382,100
KRR_Target_Only,29.948345894557367,100
NN_Target_Only,26.06573627719858,100
XGBoost_Pool,0.101607351119781,100
KRR_Pool,1.5744746345400096,100
NN_Pool,5.369463876804469,100
XGBoost_TLCQM,0.1063534943613021,100
KRR_TLCQM,1.7267785084964598,100
NN_TLCQM,0.1308183222813921,100
XGBoost_Target_Only,0.1021757189303148,200
KRR_Target_Only,18.97493847584044,200
NN_Target_Only,22.473254090120317,200
XGBoost_Pool,0.0998271433735227,200
KRR_Pool,1.5326309832336067,200
NN_Pool,3.261270113256503,200
XGBoost_TLCQM,0.1045619385755418,200
KRR_TLCQM,1.7019232063013656,200
NN_TLCQM,0.1194666944566109,200
XGBoost_Target_Only,0.0959410126776201,300
KRR_Target_Only,13.57806572597538,300
NN_Target_Only,1.954372756727221,300
XGBoost_Pool,0.0969677673018194,300
KRR_Pool,1.4875505484730742,300
NN_Pool,6.044985235829766,300
XGBoost_TLCQM,0.0973135562606501,300
KRR_TLCQM,1.615304500218103,300
NN_TLCQM,0.1013967286561845,300
XGBoost_Target_Only,0.0944889983143194,500
KRR_Target_Only,8.539790788788041,500
NN_Target_Only,3.095759464058337,500
XGBoost_Pool,0.097766330407964,500
KRR_Pool,1.4416584655849036,500
NN_Pool,3.456684920066066,500
XGBoost_TLCQM,0.0954317334682987,500
KRR_TLCQM,1.5802505589448776,500
NN_TLCQM,0.1013361175869882,500
XGBoost_Target_Only,0.1082853343509511,100
KRR_Target_Only,28.59753218438328,100
NN_Target_Only,22.871586567506256,100
XGBoost_Pool,0.1035741004180529,100
KRR_Pool,1.6079334791805877,100
NN_Pool,5.401933623219551,100
XGBoost_TLCQM,0.1001485592474148,100
KRR_TLCQM,1.7818286182217775,100
NN_TLCQM,0.1123565868919984,100
XGBoost_Target_Only,0.102913251148999,200
KRR_Target_Only,19.59323705216618,200
NN_Target_Only,22.579703370234075,200
XGBoost_Pool,0.1006965534797631,200
KRR_Pool,1.5554133535120942,200
NN_Pool,3.528135467618602,200
XGBoost_TLCQM,0.0972932435324911,200
KRR_TLCQM,1.6986189967487575,200
NN_TLCQM,0.099484959446838,200
XGBoost_Target_Only,0.0982595892747003,300
KRR_Target_Only,14.505422161488037,300
NN_Target_Only,8.262690755464748,300
XGBoost_Pool,0.0967422991842392,300
KRR_Pool,1.499695515786029,300
NN_Pool,3.2388036038347763,300
XGBoost_TLCQM,0.0959687490235038,300
KRR_TLCQM,1.654364914975315,300
NN_TLCQM,0.1013768614324438,300
XGBoost_Target_Only,0.0946666805930198,500
KRR_Target_Only,8.466386423346417,500
NN_Target_Only,1.3775421013047136,500
XGBoost_Pool,0.0960070659976613,500
KRR_Pool,1.4694537522497604,500
NN_Pool,4.435375805721494,500
XGBoost_TLCQM,0.0938521124937187,500
KRR_TLCQM,1.6249633029784771,500
NN_TLCQM,0.1028845946786007,500
XGBoost_Target_Only,0.1192239572348991,100
KRR_Target_Only,29.93807465045788,100
NN_Target_Only,20.083609107253054,100
XGBoost_Pool,0.1007203868637398,100
KRR_Pool,1.6486447774401376,100
NN_Pool,5.232023460127809,100
XGBoost_TLCQM,0.0981034007858656,100
KRR_TLCQM,1.8149930226770927,100
NN_TLCQM,0.102778254757648,100
XGBoost_Target_Only,0.1013400785854633,200
KRR_Target_Only,19.22261421883059,200
NN_Target_Only,21.987281628212173,200
XGBoost_Pool,0.1014047866517717,200
KRR_Pool,1.591377337560422,200
NN_Pool,3.3898924540082787,200
XGBoost_TLCQM,0.1019685139539792,200
KRR_TLCQM,1.7644621366361075,200
NN_TLCQM,0.1001288636981768,200
XGBoost_Target_Only,0.10192856103641,300
KRR_Target_Only,14.819355950439826,300
NN_Target_Only,0.2247299489131717,300
XGBoost_Pool,0.0993977432674454,300
KRR_Pool,1.5908702886747503,300
NN_Pool,2.910865714905055,300
XGBoost_TLCQM,0.1019166891831448,300
KRR_TLCQM,1.777944739664974,300
NN_TLCQM,0.0993385319502675,300
XGBoost_Target_Only,0.0978302129672374,500
KRR_Target_Only,9.087688322971031,500
NN_Target_Only,0.1943940604611035,500
XGBoost_Pool,0.0979517750844553,500
KRR_Pool,1.5182619544493468,500
NN_Pool,2.911126400473949,500
XGBoost_TLCQM,0.0989795063730071,500
KRR_TLCQM,1.696978843852732,500
NN_TLCQM,0.1170944339173842,500
XGBoost_Target_Only,0.1125713940352513,100
KRR_Target_Only,29.767851692133377,100
NN_Target_Only,27.1588867159008,100
XGBoost_Pool,0.1014452126432687,100
KRR_Pool,1.5830931899801324,100
NN_Pool,5.003456696883907,100
XGBoost_TLCQM,0.1035112125933638,100
KRR_TLCQM,1.7788993863057734,100
NN_TLCQM,0.145160751593209,100
XGBoost_Target_Only,0.1147615758598236,200
KRR_Target_Only,18.8656028425758,200
NN_Target_Only,23.763694166213305,200
XGBoost_Pool,0.0990893599053242,200
KRR_Pool,1.5665939186961422,200
NN_Pool,3.478883571629733,200
XGBoost_TLCQM,0.1028987079604669,200
KRR_TLCQM,1.7499097690017231,200
NN_TLCQM,0.1191840131975657,200
XGBoost_Target_Only,0.1052632763155753,300
KRR_Target_Only,14.34941216782748,300
NN_Target_Only,0.6903415918667385,300
XGBoost_Pool,0.0999636111573417,300
KRR_Pool,1.5154268438621077,300
NN_Pool,2.3126206800909954,300
XGBoost_TLCQM,0.1009946554842893,300
KRR_TLCQM,1.6864013668073143,300
NN_TLCQM,0.1540700450236089,300
XGBoost_Target_Only,0.1066123301901735,500
KRR_Target_Only,9.505544560175723,500
NN_Target_Only,6.816941484926671,500
XGBoost_Pool,0.0948338924119078,500
KRR_Pool,1.4815026317703766,500
NN_Pool,2.552934696130566,500
XGBoost_TLCQM,0.0991985505831644,500
KRR_TLCQM,1.63589642328325,500
NN_TLCQM,0.1282588027397077,500
XGBoost_Target_Only,0.1151866825774114,100
KRR_Target_Only,29.46250184620295,100
NN_Target_Only,23.92508065981032,100
XGBoost_Pool,0.0986193126474081,100
KRR_Pool,1.634864927955354,100
NN_Pool,6.00287611147021,100
XGBoost_TLCQM,0.1080572535742662,100
KRR_TLCQM,1.8282913185341363,100
NN_TLCQM,0.1140847638558311,100
XGBoost_Target_Only,0.1184507213822174,200
KRR_Target_Only,20.53681859734495,200
NN_Target_Only,23.756093918342405,200
XGBoost_Pool,0.0951354105134146,200
KRR_Pool,1.5916149893804123,200
NN_Pool,4.020248958583064,200
XGBoost_TLCQM,0.1030656066506745,200
KRR_TLCQM,1.7514605010033375,200
NN_TLCQM,0.1073706557692665,200
XGBoost_Target_Only,0.1039523692963452,300
KRR_Target_Only,13.53799445518,300
NN_Target_Only,10.599845936055283,300
XGBoost_Pool,0.0945797726452803,300
KRR_Pool,1.611688976639857,300
NN_Pool,3.312590297107536,300
XGBoost_TLCQM,0.0963563747514668,300
KRR_TLCQM,1.762541246295428,300
NN_TLCQM,0.139665504978921,300
XGBoost_Target_Only,0.0971779474595978,500
KRR_Target_Only,9.280168583877922,500
NN_Target_Only,0.1543030817661086,500
XGBoost_Pool,0.0939640693391816,500
KRR_Pool,1.5748254242546655,500
NN_Pool,3.2590571107697994,500
XGBoost_TLCQM,0.0928879323936279,500
KRR_TLCQM,1.728942806046582,500
NN_TLCQM,0.1011066967790626,500
XGBoost_Target_Only,0.1105011243686605,100
KRR_Target_Only,30.018629366260026,100
NN_Target_Only,20.89277409024522,100
XGBoost_Pool,0.103243466237727,100
KRR_Pool,1.5918700194538262,100
NN_Pool,5.4121826249313125,100
XGBoost_TLCQM,0.1002654164246893,100
KRR_TLCQM,1.774179355433556,100
NN_TLCQM,0.1125212581138894,100
XGBoost_Target_Only,0.1078617689013196,200
KRR_Target_Only,20.372007781369835,200
NN_Target_Only,20.816200149524008,200
XGBoost_Pool,0.0995547923460502,200
KRR_Pool,1.5363832110519977,200
NN_Pool,4.80207532748888,200
XGBoost_TLCQM,0.095339586117334,200
KRR_TLCQM,1.700217440193828,200
NN_TLCQM,0.1190704981239536,200
XGBoost_Target_Only,0.1089419632840151,300
KRR_Target_Only,14.738088950666771,300
NN_Target_Only,0.3511929577942071,300
XGBoost_Pool,0.096021346082263,300
KRR_Pool,1.4664796930862103,300
NN_Pool,5.718670251909605,300
XGBoost_TLCQM,0.0952106972715298,300
KRR_TLCQM,1.6323565078030773,300
NN_TLCQM,0.1056561737276729,300
XGBoost_Target_Only,0.0998054009812134,500
KRR_Target_Only,9.27221671577421,500
NN_Target_Only,0.285357913482976,500
XGBoost_Pool,0.0941950845414965,500
KRR_Pool,1.4286658465369595,500
NN_Pool,2.817950140831535,500
XGBoost_TLCQM,0.0947218682147156,500
KRR_TLCQM,1.5884520519224516,500
NN_TLCQM,0.1364804391932071,500
XGBoost_Target_Only,0.1173575149303695,100
KRR_Target_Only,30.82287901616149,100
NN_Target_Only,20.876764619420697,100
XGBoost_Pool,0.1004660364662669,100
KRR_Pool,1.6322281290852536,100
NN_Pool,5.80583557430603,100
XGBoost_TLCQM,0.1026186024893981,100
KRR_TLCQM,1.845125176214616,100
NN_TLCQM,0.1033014497678073,100
XGBoost_Target_Only,0.0990524254167308,200
KRR_Target_Only,19.44533985125169,200
NN_Target_Only,19.75520992076423,200
XGBoost_Pool,0.0981108329184336,200
KRR_Pool,1.618432778542866,200
NN_Pool,3.4381185620425776,200
XGBoost_TLCQM,0.0982446995466577,200
KRR_TLCQM,1.7941685977525246,200
NN_TLCQM,0.114407071285878,200
XGBoost_Target_Only,0.098993854522669,300
KRR_Target_Only,14.502717551037508,300
NN_Target_Only,1.0339315166616905,300
XGBoost_Pool,0.0985119658968118,300
KRR_Pool,1.5689140736353082,300
NN_Pool,6.061484875177345,300
XGBoost_TLCQM,0.1019793834792543,300
KRR_TLCQM,1.7364320626233036,300
NN_TLCQM,0.1522137499385721,300
XGBoost_Target_Only,0.0958514497701831,500
KRR_Target_Only,8.373448063856198,500
NN_Target_Only,0.2640794714716647,500
XGBoost_Pool,0.0954457593222623,500
KRR_Pool,1.522255854142896,500
NN_Pool,3.8528459720408974,500
XGBoost_TLCQM,0.0951334222133197,500
KRR_TLCQM,1.6668791830386331,500
NN_TLCQM,0.1177539467652543,500
XGBoost_Target_Only,0.1290651174941451,100
KRR_Target_Only,29.83512463751015,100
NN_Target_Only,21.699858031085565,100
XGBoost_Pool,0.1020746142650335,100
KRR_Pool,1.6188712452995162,100
NN_Pool,4.1770221753528585,100
XGBoost_TLCQM,0.1025150999956486,100
KRR_TLCQM,1.793976473172144,100
NN_TLCQM,0.1211568784156051,100
XGBoost_Target_Only,0.1034314921017641,200
KRR_Target_Only,21.20966673581172,200
NN_Target_Only,25.5359281108091,200
XGBoost_Pool,0.0986717603107289,200
KRR_Pool,1.4949599338693924,200
NN_Pool,3.58981792118345,200
XGBoost_TLCQM,0.104957247416771,200
KRR_TLCQM,1.660045890727139,200
NN_TLCQM,0.1194873175873803,200
XGBoost_Target_Only,0.0965304902849672,300
KRR_Target_Only,14.505658206584172,300
NN_Target_Only,8.504523947887103,300
XGBoost_Pool,0.100511996737371,300
KRR_Pool,1.4565901415097915,300
NN_Pool,3.6989344987734345,300
XGBoost_TLCQM,0.0983357794748258,300
KRR_TLCQM,1.600309718643432,300
NN_TLCQM,0.1050739880117668,300
XGBoost_Target_Only,0.0926401899542869,500
KRR_Target_Only,9.410008911504384,500
NN_Target_Only,0.1667335583505667,500
XGBoost_Pool,0.0950636898381627,500
KRR_Pool,1.4169194134912748,500
NN_Pool,5.036648599503695,500
XGBoost_TLCQM,0.0988425663603732,500
KRR_TLCQM,1.5471121042466387,500
NN_TLCQM,0.103439349440105,500
XGBoost_Target_Only,0.1103480642363203,100
KRR_Target_Only,28.32369451459777,100
NN_Target_Only,18.863285112286505,100
XGBoost_Pool,0.0993458068859874,100
KRR_Pool,1.618821538690446,100
NN_Pool,5.333631517336509,100
XGBoost_TLCQM,0.110271546843457,100
KRR_TLCQM,1.7992084313856629,100
NN_TLCQM,0.1136775076288116,100
XGBoost_Target_Only,0.1108376712574183,200
KRR_Target_Only,19.778428378986256,200
NN_Target_Only,18.917983478725645,200
XGBoost_Pool,0.0980334712088938,200
KRR_Pool,1.6088448475077044,200
NN_Pool,3.188352351698309,200
XGBoost_TLCQM,0.1071991758636659,200
KRR_TLCQM,1.7696260591231063,200
NN_TLCQM,0.1182123303288594,200
XGBoost_Target_Only,0.0980303149782494,300
KRR_Target_Only,15.422079773159531,300
NN_Target_Only,7.351711766211096,300
XGBoost_Pool,0.0976825470308955,300
KRR_Pool,1.612931422552541,300
NN_Pool,3.448444725771183,300
XGBoost_TLCQM,0.1048698105751739,300
KRR_TLCQM,1.7904689878970868,300
NN_TLCQM,0.116568912713692,300
XGBoost_Target_Only,0.0978688443649793,500
KRR_Target_Only,9.21519379490596,500
NN_Target_Only,0.5291113869551207,500
XGBoost_Pool,0.0979063657322143,500
KRR_Pool,1.5600040207165466,500
NN_Pool,2.9315365292650397,500
XGBoost_TLCQM,0.0992379278113925,500
KRR_TLCQM,1.7131642749781335,500
NN_TLCQM,0.1475826016607554,500
XGBoost_Target_Only,0.1137956947638818,100
KRR_Target_Only,30.629331904928183,100
NN_Target_Only,19.593279348424417,100
XGBoost_Pool,0.101875015085849,100
KRR_Pool,1.6011999938544237,100
NN_Pool,5.358908369386979,100
XGBoost_TLCQM,0.1011771428360052,100
KRR_TLCQM,1.785565263572874,100
NN_TLCQM,0.1475469707148892,100
XGBoost_Target_Only,0.1033990654497485,200
KRR_Target_Only,20.786908530593696,200
NN_Target_Only,21.122730002677788,200
XGBoost_Pool,0.0965071834726705,200
KRR_Pool,1.5972995881802874,200
NN_Pool,3.467874319478556,200
XGBoost_TLCQM,0.0995954154687301,200
KRR_TLCQM,1.7697665688520878,200
NN_TLCQM,0.1058575071338778,200
XGBoost_Target_Only,0.0997308052207378,300
KRR_Target_Only,13.879583187344297,300
NN_Target_Only,7.809133066627721,300
XGBoost_Pool,0.0977998076749858,300
KRR_Pool,1.5664424892711808,300
NN_Pool,5.849768824627823,300
XGBoost_TLCQM,0.0962462591246881,300
KRR_TLCQM,1.7370929239960609,300
NN_TLCQM,0.1001198609282483,300
XGBoost_Target_Only,0.0924396341847707,500
KRR_Target_Only,9.034711973530142,500
NN_Target_Only,0.2812909376673531,500
XGBoost_Pool,0.0945119030041176,500
KRR_Pool,1.4486756566402916,500
NN_Pool,4.3809191360681,500
XGBoost_TLCQM,0.0962575416957811,500
KRR_TLCQM,1.6289201873978238,500
NN_TLCQM,0.0976264916339092,500
XGBoost_Target_Only,0.1185075504376228,100
KRR_Target_Only,29.84374925414775,100
NN_Target_Only,22.86176661484172,100
XGBoost_Pool,0.1005544004988907,100
KRR_Pool,1.6009119383691464,100
NN_Pool,3.3429274973951264,100
XGBoost_TLCQM,0.1017599120949232,100
KRR_TLCQM,1.782025848055731,100
NN_TLCQM,0.1470496019333581,100
XGBoost_Target_Only,0.1093225001050944,200
KRR_Target_Only,20.59883524109916,200
NN_Target_Only,22.940060354601883,200
XGBoost_Pool,0.1010511502399459,200
KRR_Pool,1.60072162177816,200
NN_Pool,3.225963766561701,200
XGBoost_TLCQM,0.1030045605047525,200
KRR_TLCQM,1.7640618778866628,200
NN_TLCQM,0.313202072089989,200
XGBoost_Target_Only,0.1068951441188425,300
KRR_Target_Only,15.449575178770544,300
NN_Target_Only,6.662830270010494,300
XGBoost_Pool,0.0981634239802721,300
KRR_Pool,1.5708873119033362,300
NN_Pool,3.0226900862540664,300
XGBoost_TLCQM,0.096011203561982,300
KRR_TLCQM,1.7176535035135134,300
NN_TLCQM,0.1440767052224738,300
XGBoost_Target_Only,0.0969690079700016,500
KRR_Target_Only,8.700474881672333,500
NN_Target_Only,6.733056994330415,500
XGBoost_Pool,0.0975373025111819,500
KRR_Pool,1.5116732279922471,500
NN_Pool,4.584907591796666,500
XGBoost_TLCQM,0.0965813882309123,500
KRR_TLCQM,1.651103808724789,500
NN_TLCQM,0.1179633021841532,500
XGBoost_Target_Only,0.1028825537669127,100
KRR_Target_Only,30.686759842271687,100
NN_Target_Only,25.176866229791365,100
XGBoost_Pool,0.0995994166217412,100
KRR_Pool,1.6026610482314751,100
NN_Pool,5.015326523489478,100
XGBoost_TLCQM,0.1037764056850827,100
KRR_TLCQM,1.7981319504722966,100
NN_TLCQM,0.1181235486996639,100
XGBoost_Target_Only,0.1095195050680674,200
KRR_Target_Only,19.078552596724226,200
NN_Target_Only,21.337923331837192,200
XGBoost_Pool,0.0988506584837664,200
KRR_Pool,1.603065246286256,200
NN_Pool,3.2680740708941607,200
XGBoost_TLCQM,0.1053681887377579,200
KRR_TLCQM,1.8024192052048773,200
NN_TLCQM,0.1058797007050546,200
XGBoost_Target_Only,0.0940213281741853,300
KRR_Target_Only,14.405499992782955,300
NN_Target_Only,6.135596551031005,300
XGBoost_Pool,0.0974878441670612,300
KRR_Pool,1.5961717463664271,300
NN_Pool,3.498261785820561,300
XGBoost_TLCQM,0.097082141670283,300
KRR_TLCQM,1.766558264753763,300
NN_TLCQM,0.0993334604509116,300
XGBoost_Target_Only,0.0970825017769337,500
KRR_Target_Only,9.39905068604214,500
NN_Target_Only,0.1206555289638533,500
XGBoost_Pool,0.0941403914429377,500
KRR_Pool,1.5062328004340595,500
NN_Pool,3.732106168098511,500
XGBoost_TLCQM,0.0951242131624389,500
KRR_TLCQM,1.6591845045386815,500
NN_TLCQM,0.1367178499111803,500
XGBoost_Target_Only,0.1076783016836732,100
KRR_Target_Only,28.435764970752786,100
NN_Target_Only,19.86205665208265,100
XGBoost_Pool,0.0998298761268014,100
KRR_Pool,1.6517665507403791,100
NN_Pool,5.786476693785396,100
XGBoost_TLCQM,0.098551495340324,100
KRR_TLCQM,1.80512427880182,100
NN_TLCQM,0.108109668677986,100
XGBoost_Target_Only,0.1083990788978522,200
KRR_Target_Only,19.97593597741531,200
NN_Target_Only,20.52736271197756,200
XGBoost_Pool,0.1001382362320362,200
KRR_Pool,1.6293402903812289,200
NN_Pool,3.6011925982756217,200
XGBoost_TLCQM,0.0971712232195131,200
KRR_TLCQM,1.7794893038067623,200
NN_TLCQM,0.1171615592491168,200
XGBoost_Target_Only,0.1046044830350741,300
KRR_Target_Only,14.40091810550106,300
NN_Target_Only,6.735943269653918,300
XGBoost_Pool,0.0979929795474316,300
KRR_Pool,1.6212984965792732,300
NN_Pool,5.991539759668787,300
XGBoost_TLCQM,0.0980119251104916,300
KRR_TLCQM,1.7982628951287387,300
NN_TLCQM,0.0980436745029983,300
XGBoost_Target_Only,0.0953857189266463,500
KRR_Target_Only,10.057771753303395,500
NN_Target_Only,0.6076044169924072,500
XGBoost_Pool,0.0967345490332241,500
KRR_Pool,1.538539706615507,500
NN_Pool,2.9619021980963582,500
XGBoost_TLCQM,0.0982156284639421,500
KRR_TLCQM,1.700690033180198,500
NN_TLCQM,0.0980429309119124,500
XGBoost_Target_Only,0.1079953556237147,100
KRR_Target_Only,31.986735476996977,100
NN_Target_Only,20.20841472570721,100
XGBoost_Pool,0.1012487311853402,100
KRR_Pool,1.5979510823819256,100
NN_Pool,3.4786448840133803,100
XGBoost_TLCQM,0.0990844851437142,100
KRR_TLCQM,1.7670326486401355,100
NN_TLCQM,0.0972725989196925,100
XGBoost_Target_Only,0.1155516756866975,200
KRR_Target_Only,20.29608198295413,200
NN_Target_Only,20.319105327689915,200
XGBoost_Pool,0.099035224810304,200
KRR_Pool,1.5531493585617366,200
NN_Pool,3.636168421202316,200
XGBoost_TLCQM,0.0994937391683802,200
KRR_TLCQM,1.7459462486120476,200
NN_TLCQM,0.116220916721601,200
XGBoost_Target_Only,0.1046018869547636,300
KRR_Target_Only,13.81371067521444,300
NN_Target_Only,6.493121420505477,300
XGBoost_Pool,0.0982837676524075,300
KRR_Pool,1.504104081045352,300
NN_Pool,3.199075342002934,300
XGBoost_TLCQM,0.0965328108546019,300
KRR_TLCQM,1.6697981765956282,300
NN_TLCQM,0.1061584256844148,300
XGBoost_Target_Only,0.1024341047734131,500
KRR_Target_Only,8.996614560376667,500
NN_Target_Only,0.5734098086896392,500
XGBoost_Pool,0.0956243279098441,500
KRR_Pool,1.4847037459471404,500
NN_Pool,3.3717378214444698,500
XGBoost_TLCQM,0.095030492040212,500
KRR_TLCQM,1.6470380464671903,500
NN_TLCQM,3.2190754441452687,500
XGBoost_Target_Only,0.1218762857131719,100
KRR_Target_Only,29.224330017204945,100
NN_Target_Only,28.66396430985792,100
XGBoost_Pool,0.1005026562150397,100
KRR_Pool,1.6153409699187802,100
NN_Pool,3.333037319259519,100
XGBoost_TLCQM,0.0999071848305803,100
KRR_TLCQM,1.79375311071141,100
NN_TLCQM,0.1086576711326956,100
XGBoost_Target_Only,0.1054663222606456,200
KRR_Target_Only,19.08187385627768,200
NN_Target_Only,24.62175790822957,200
XGBoost_Pool,0.1003567595952084,200
KRR_Pool,1.628969053150641,200
NN_Pool,2.9855551541722067,200
XGBoost_TLCQM,0.1015519935217332,200
KRR_TLCQM,1.8202134551887343,200
NN_TLCQM,0.1173869846102616,200
XGBoost_Target_Only,0.1025014194256247,300
KRR_Target_Only,13.046391572739983,300
NN_Target_Only,1.5408912631739526,300
XGBoost_Pool,0.0978682840794212,300
KRR_Pool,1.622033039121734,300
NN_Pool,6.068409598970332,300
XGBoost_TLCQM,0.0997813470515856,300
KRR_TLCQM,1.7991146901019417,300
NN_TLCQM,0.1099647055574968,300
XGBoost_Target_Only,0.0984515123891112,500
KRR_Target_Only,8.79277201549115,500
NN_Target_Only,0.2513602108119664,500
XGBoost_Pool,0.0956245436090131,500
KRR_Pool,1.6103340077037518,500
NN_Pool,3.773844324616209,500
XGBoost_TLCQM,0.0962383686752124,500
KRR_TLCQM,1.7834392685494265,500
NN_TLCQM,0.0976826194785102,500
XGBoost_Target_Only,0.1186009884241178,100
KRR_Target_Only,28.467931279248106,100
NN_Target_Only,15.97047313453468,100
XGBoost_Pool,0.1014924553116517,100
KRR_Pool,1.6576267382956278,100
NN_Pool,5.403937312753955,100
XGBoost_TLCQM,0.0985907198747725,100
KRR_TLCQM,1.8488759356731024,100
NN_TLCQM,0.1122602507105289,100
XGBoost_Target_Only,0.1045403871702434,200
KRR_Target_Only,18.96675023422977,200
NN_Target_Only,18.65646045450172,200
XGBoost_Pool,0.1006605472949091,200
KRR_Pool,1.6102542806632445,200
NN_Pool,3.42222650715759,200
XGBoost_TLCQM,0.1000155395581131,200
KRR_TLCQM,1.8055298869614609,200
NN_TLCQM,0.1281396256309949,200
XGBoost_Target_Only,0.107566728263849,300
KRR_Target_Only,13.519526968887892,300
NN_Target_Only,0.286689045652319,300
XGBoost_Pool,0.0956941831533181,300
KRR_Pool,1.4908627263927807,300
NN_Pool,4.061514477913731,300
XGBoost_TLCQM,0.0956581412440556,300
KRR_TLCQM,1.6732653672541695,300
NN_TLCQM,0.1071085736677303,300
XGBoost_Target_Only,0.0920383000558176,500
KRR_Target_Only,8.744056215373881,500
NN_Target_Only,0.2064319910831262,500
XGBoost_Pool,0.0938175862333326,500
KRR_Pool,1.4602274036211316,500
NN_Pool,3.1196058474462283,500
XGBoost_TLCQM,0.0942535168671987,500
KRR_TLCQM,1.6315063776812184,500
NN_TLCQM,0.1118320542732483,500
XGBoost_Target_Only,0.1034783408792418,100
KRR_Target_Only,28.924909310889145,100
NN_Target_Only,24.373853140692997,100
XGBoost_Pool,0.0990925965541794,100
KRR_Pool,1.59000514930268,100
NN_Pool,3.4119248138908302,100
XGBoost_TLCQM,0.1034826909522301,100
KRR_TLCQM,1.8018757418844105,100
NN_TLCQM,0.1203108521664124,100
XGBoost_Target_Only,0.1006516133404052,200
KRR_Target_Only,21.028276127634623,200
NN_Target_Only,24.48655691971814,200
XGBoost_Pool,0.0969614493961276,200
KRR_Pool,1.501504514527154,200
NN_Pool,3.4141672531105933,200
XGBoost_TLCQM,0.0964741318646386,200
KRR_TLCQM,1.6808685577376383,200
NN_TLCQM,0.1305108523096052,200
XGBoost_Target_Only,0.0995952693164038,300
KRR_Target_Only,14.92330153875442,300
NN_Target_Only,0.276796560418493,300
XGBoost_Pool,0.0964551012122959,300
KRR_Pool,1.4479151038872249,300
NN_Pool,2.9153851975880354,300
XGBoost_TLCQM,0.0957400058079783,300
KRR_TLCQM,1.610285792966859,300
NN_TLCQM,0.1154871001206785,300
XGBoost_Target_Only,0.0979386941950571,500
KRR_Target_Only,9.192394737586577,500
NN_Target_Only,0.3491333603940204,500
XGBoost_Pool,0.0932953102077431,500
KRR_Pool,1.3482878430806975,500
NN_Pool,3.052359818656305,500
XGBoost_TLCQM,0.0968675131538793,500
KRR_TLCQM,1.5170079023774126,500
NN_TLCQM,0.1483267822471092,500
XGBoost_Target_Only,0.1131814931958167,100
KRR_Target_Only,30.286795786823003,100
NN_Target_Only,18.762339935262,100
XGBoost_Pool,0.1010608704862112,100
KRR_Pool,1.5393436565488638,100
NN_Pool,5.549410325133369,100
XGBoost_TLCQM,0.0998117998052556,100
KRR_TLCQM,1.6875948463690456,100
NN_TLCQM,0.1022115050915052,100
XGBoost_Target_Only,0.1051571236148115,200
KRR_Target_Only,21.53066334894228,200
NN_Target_Only,20.52918968941537,200
XGBoost_Pool,0.0987059490615446,200
KRR_Pool,1.547123427305278,200
NN_Pool,3.267817583927114,200
XGBoost_TLCQM,0.0998571506848517,200
KRR_TLCQM,1.7102555775717114,200
NN_TLCQM,0.1062872128744241,200
XGBoost_Target_Only,0.0984321707299592,300
KRR_Target_Only,15.10293572026912,300
NN_Target_Only,7.489749988605971,300
XGBoost_Pool,0.097609083352349,300
KRR_Pool,1.5161810891160368,300
NN_Pool,3.020474490966782,300
XGBoost_TLCQM,0.0995594167666782,300
KRR_TLCQM,1.677229333563642,300
NN_TLCQM,0.1035562724348734,300
XGBoost_Target_Only,0.0927341923016846,500
KRR_Target_Only,9.912305307936863,500
NN_Target_Only,0.7758074676537179,500
XGBoost_Pool,0.0948612811208054,500
KRR_Pool,1.498488495153666,500
NN_Pool,3.71634083676347,500
XGBoost_TLCQM,0.0951223805513489,500
KRR_TLCQM,1.654795579849544,500
NN_TLCQM,0.0991932071110134,500
XGBoost_Target_Only,0.1088786406047947,100
KRR_Target_Only,28.473322561793832,100
NN_Target_Only,20.834834586258523,100
XGBoost_Pool,0.1019811307415334,100
KRR_Pool,1.6417968124943128,100
NN_Pool,5.27500348203588,100
XGBoost_TLCQM,0.1019605880146745,100
KRR_TLCQM,1.843327003134968,100
NN_TLCQM,0.1040990614147491,100
XGBoost_Target_Only,0.1013496211874876,200
KRR_Target_Only,17.998906786583273,200
NN_Target_Only,21.73229406548615,200
XGBoost_Pool,0.0954277908128263,200
KRR_Pool,1.5859209157991156,200
NN_Pool,3.2876936259317704,200
XGBoost_TLCQM,0.0979869067266712,200
KRR_TLCQM,1.7687209136755686,200
NN_TLCQM,0.1065230130915481,200
XGBoost_Target_Only,0.0982587392124955,300
KRR_Target_Only,13.453502098859731,300
NN_Target_Only,0.6561950345051926,300
XGBoost_Pool,0.0955656695624511,300
KRR_Pool,1.5597247093962514,300
NN_Pool,3.192301429608398,300
XGBoost_TLCQM,0.0964946176732823,300
KRR_TLCQM,1.7392192920981275,300
NN_TLCQM,0.1115397172776991,300
XGBoost_Target_Only,0.0893805413958959,500
KRR_Target_Only,8.624757775868128,500
NN_Target_Only,0.4322286370062806,500
XGBoost_Pool,0.0929970682573173,500
KRR_Pool,1.4171108712863438,500
NN_Pool,2.8178205107912158,500
XGBoost_TLCQM,0.0926080847460908,500
KRR_TLCQM,1.587957926257366,500
NN_TLCQM,0.0948087144949622,500
XGBoost_Target_Only,0.1119689877430862,100
KRR_Target_Only,28.293997671542247,100
NN_Target_Only,22.901277516758498,100
XGBoost_Pool,0.1004120374156232,100
KRR_Pool,1.6354496079472742,100
NN_Pool,5.586720046341772,100
XGBoost_TLCQM,0.098937880743191,100
KRR_TLCQM,1.8014423851003811,100
NN_TLCQM,0.1025516713310401,100
XGBoost_Target_Only,0.0994377950103411,200
KRR_Target_Only,18.64068893375639,200
NN_Target_Only,22.173279237594887,200
XGBoost_Pool,0.0996650806869808,200
KRR_Pool,1.6034715413955438,200
NN_Pool,3.5444291464480986,200
XGBoost_TLCQM,0.0975610702123253,200
KRR_TLCQM,1.7716337879223245,200
NN_TLCQM,0.1019555332527662,200
XGBoost_Target_Only,0.0935137567241601,300
KRR_Target_Only,13.463051729715538,300
NN_Target_Only,0.1488419945876634,300
XGBoost_Pool,0.0987214918309127,300
KRR_Pool,1.5710062954881252,300
NN_Pool,3.351354640819304,300
XGBoost_TLCQM,0.0975089462507849,300
KRR_TLCQM,1.7394189337125936,300
NN_TLCQM,0.2060203239512297,300
XGBoost_Target_Only,0.0935989573282382,500
KRR_Target_Only,8.737513458559645,500
NN_Target_Only,0.3073605096508332,500
XGBoost_Pool,0.0969646723410447,500
KRR_Pool,1.538561695214994,500
NN_Pool,3.211485449124506,500
XGBoost_TLCQM,0.0971619154645737,500
KRR_TLCQM,1.701074488220635,500
NN_TLCQM,0.1028589555050343,500
XGBoost_Target_Only,0.1162169013489748,100
KRR_Target_Only,29.862517420576715,100
NN_Target_Only,20.818281326684343,100
XGBoost_Pool,0.0981472719788373,100
KRR_Pool,1.5670024392547166,100
NN_Pool,5.6652876037750834,100
XGBoost_TLCQM,0.1160144099092932,100
KRR_TLCQM,1.7404132991886,100
NN_TLCQM,0.1947549718586154,100
XGBoost_Target_Only,0.1003152393034745,200
KRR_Target_Only,19.59152238115024,200
NN_Target_Only,21.144180895872783,200
XGBoost_Pool,0.0976855630192423,200
KRR_Pool,1.5278369549608657,200
NN_Pool,3.400570619732556,200
XGBoost_TLCQM,0.1082884536489588,200
KRR_TLCQM,1.681845706765213,200
NN_TLCQM,0.1440422345403351,200
XGBoost_Target_Only,0.0986291773267443,300
KRR_Target_Only,13.301790709344182,300
NN_Target_Only,6.333658917710716,300
XGBoost_Pool,0.0970715099414506,300
KRR_Pool,1.4869022390905116,300
NN_Pool,3.404632298365113,300
XGBoost_TLCQM,0.0966613429491205,300
KRR_TLCQM,1.6345848506891854,300
NN_TLCQM,0.1674744343543439,300
XGBoost_Target_Only,0.0932943466945637,500
KRR_Target_Only,9.276628244003437,500
NN_Target_Only,0.7105563442952231,500
XGBoost_Pool,0.0948303837092508,500
KRR_Pool,1.4265923731321914,500
NN_Pool,3.416872310959512,500
XGBoost_TLCQM,0.0974311813971498,500
KRR_TLCQM,1.5921014529920872,500
NN_TLCQM,0.1041811209024611,500
XGBoost_Target_Only,0.1323922687448817,100
KRR_Target_Only,27.805460251868773,100
NN_Target_Only,21.227624322494723,100
XGBoost_Pool,0.10024769490673,100
KRR_Pool,1.6016125068864526,100
NN_Pool,5.802041335954232,100
XGBoost_TLCQM,0.1039697526338257,100
KRR_TLCQM,1.7702429911941482,100
NN_TLCQM,0.104167085832669,100
XGBoost_Target_Only,0.1175786666338738,200
KRR_Target_Only,19.11374047237419,200
NN_Target_Only,22.84647448755574,200
XGBoost_Pool,0.1011729621646415,200
KRR_Pool,1.596446628637258,200
NN_Pool,3.5484238278493296,200
XGBoost_TLCQM,0.1029566637277828,200
KRR_TLCQM,1.7709763005258647,200
NN_TLCQM,0.119280126060788,200
XGBoost_Target_Only,0.1128014275006883,300
KRR_Target_Only,14.483516519917664,300
NN_Target_Only,0.6642312377280145,300
XGBoost_Pool,0.0961838440753057,300
KRR_Pool,1.5624457606813122,300
NN_Pool,2.503509557914782,300
XGBoost_TLCQM,0.0986289835480224,300
KRR_TLCQM,1.720598518226678,300
NN_TLCQM,0.1341013341725237,300
XGBoost_Target_Only,0.0975497717341027,500
KRR_Target_Only,8.859173004152913,500
NN_Target_Only,1.0652824727694628,500
XGBoost_Pool,0.0958345201817147,500
KRR_Pool,1.473248831988405,500
NN_Pool,4.3622495998121975,500
XGBoost_TLCQM,0.09448358346264,500
KRR_TLCQM,1.6229381304000994,500
NN_TLCQM,0.1001739483078983,500
XGBoost_Target_Only,0.1175284770426649,100
KRR_Target_Only,28.81297601210285,100
NN_Target_Only,18.576018994173328,100
XGBoost_Pool,0.0997439661852415,100
KRR_Pool,1.6524881577017505,100
NN_Pool,5.622083335501353,100
XGBoost_TLCQM,0.1072172735208264,100
KRR_TLCQM,1.858590193485652,100
NN_TLCQM,0.1076991661191622,100
XGBoost_Target_Only,0.1050443775301161,200
KRR_Target_Only,19.55899287115528,200
NN_Target_Only,21.05430973502362,200
XGBoost_Pool,0.0976760956523364,200
KRR_Pool,1.6287182476275197,200
NN_Pool,4.68303519718576,200
XGBoost_TLCQM,0.1053432546344599,200
KRR_TLCQM,1.8214936677086395,200
NN_TLCQM,0.1102770082351997,200
XGBoost_Target_Only,0.1026799112040013,300
KRR_Target_Only,14.349873272295396,300
NN_Target_Only,6.4890799977306735,300
XGBoost_Pool,0.097671321832167,300
KRR_Pool,1.650332186320953,300
NN_Pool,6.087237182832256,300
XGBoost_TLCQM,0.1029621565126401,300
KRR_TLCQM,1.852356909309732,300
NN_TLCQM,0.2073140448064376,300
XGBoost_Target_Only,0.0946268554889279,500
KRR_Target_Only,9.787631127020836,500
NN_Target_Only,0.1983035320518524,500
XGBoost_Pool,0.0960956393541919,500
KRR_Pool,1.5323410165603435,500
NN_Pool,2.8265895057407877,500
XGBoost_TLCQM,0.0991933345629321,500
KRR_TLCQM,1.6986287920809398,500
NN_TLCQM,0.1031141662255813,500
XGBoost_Target_Only,0.1080771633128579,100
KRR_Target_Only,30.282342703283486,100
NN_Target_Only,22.76516554916053,100
XGBoost_Pool,0.1003896915262307,100
KRR_Pool,1.6417199780277705,100
NN_Pool,5.379972602962449,100
XGBoost_TLCQM,0.0987285705040465,100
KRR_TLCQM,1.7907920300299334,100
NN_TLCQM,0.0990727611702212,100
XGBoost_Target_Only,0.0978113440979056,200
KRR_Target_Only,18.65293073521673,200
NN_Target_Only,22.119292391367395,200
XGBoost_Pool,0.0991131782309591,200
KRR_Pool,1.6074310307244095,200
NN_Pool,3.2891273727849684,200
XGBoost_TLCQM,0.1007708038563807,200
KRR_TLCQM,1.7631383594044725,200
NN_TLCQM,0.1028514041219822,200
XGBoost_Target_Only,0.0975449406793855,300
KRR_Target_Only,13.102194251246532,300
NN_Target_Only,6.777377885808988,300
XGBoost_Pool,0.0957440005793499,300
KRR_Pool,1.5938421479580631,300
NN_Pool,2.35243039152144,300
XGBoost_TLCQM,0.1005186445365858,300
KRR_TLCQM,1.7524921654882115,300
NN_TLCQM,0.1107396095772849,300
XGBoost_Target_Only,0.0957673493508297,500
KRR_Target_Only,9.436509521201632,500
NN_Target_Only,6.1943265478085525,500
XGBoost_Pool,0.0946373987678283,500
KRR_Pool,1.5146716371773334,500
NN_Pool,4.132758187267065,500
XGBoost_TLCQM,0.0952650720395128,500
KRR_TLCQM,1.6572528499709025,500
NN_TLCQM,0.1002619930676966,500
XGBoost_Target_Only,0.1119495852349904,100
KRR_Target_Only,29.684108089737663,100
NN_Target_Only,33.13371197404488,100
XGBoost_Pool,0.1008310141271337,100
KRR_Pool,1.605909070096815,100
NN_Pool,5.491787065049103,100
XGBoost_TLCQM,0.09933202008887,100
KRR_TLCQM,1.8009335801517068,100
NN_TLCQM,0.1014044656250967,100
XGBoost_Target_Only,0.1058511158335444,200
KRR_Target_Only,18.431721174621654,200
NN_Target_Only,27.003152206090927,200
XGBoost_Pool,0.1010795931086323,200
KRR_Pool,1.5713988363844746,200
NN_Pool,3.039401635437065,200
XGBoost_TLCQM,0.0978640385132279,200
KRR_TLCQM,1.727169600158423,200
NN_TLCQM,0.1695664742695375,200
XGBoost_Target_Only,0.1018649945226286,300
KRR_Target_Only,14.308719347753334,300
NN_Target_Only,6.150098953811868,300
XGBoost_Pool,0.0976830121407953,300
KRR_Pool,1.5591309962933213,300
NN_Pool,3.610969627227415,300
XGBoost_TLCQM,0.1015935766701505,300
KRR_TLCQM,1.7320832923931218,300
NN_TLCQM,0.2972352803334646,300
XGBoost_Target_Only,0.0938487058887533,500
KRR_Target_Only,8.893413571401277,500
NN_Target_Only,0.279191192105099,500
XGBoost_Pool,0.0958679957549726,500
KRR_Pool,1.5348653648104096,500
NN_Pool,4.155572253698836,500
XGBoost_TLCQM,0.096043636985843,500
KRR_TLCQM,1.7040727117481496,500
NN_TLCQM,0.1120312404477765,500
XGBoost_Target_Only,0.1180748226722566,100
KRR_Target_Only,28.554869961359323,100
NN_Target_Only,21.606052382628924,100
XGBoost_Pool,0.0996534085684869,100
KRR_Pool,1.6114588008958706,100
NN_Pool,5.901897786636183,100
XGBoost_TLCQM,0.1008507466649965,100
KRR_TLCQM,1.770734299183677,100
NN_TLCQM,0.1161623449035866,100
XGBoost_Target_Only,0.1047936534367855,200
KRR_Target_Only,18.715058511408746,200
NN_Target_Only,21.586913347247883,200
XGBoost_Pool,0.0988655628350396,200
KRR_Pool,1.5569011318401966,200
NN_Pool,3.525516068126909,200
XGBoost_TLCQM,0.0993707234783256,200
KRR_TLCQM,1.7157871901560473,200
NN_TLCQM,0.1395887005806487,200
XGBoost_Target_Only,0.1043083241502052,300
KRR_Target_Only,14.438906583725169,300
NN_Target_Only,0.3556148489784705,300
XGBoost_Pool,0.0984193678462472,300
KRR_Pool,1.4857711789947192,300
NN_Pool,2.9526545362873096,300
XGBoost_TLCQM,0.0958989437636286,300
KRR_TLCQM,1.6488532905087474,300
NN_TLCQM,0.1418502967473864,300
XGBoost_Target_Only,0.0985088276401747,500
KRR_Target_Only,9.074720703794096,500
NN_Target_Only,0.836045593025861,500
XGBoost_Pool,0.0968999364908411,500
KRR_Pool,1.4622195095870585,500
NN_Pool,3.700275333347006,500
XGBoost_TLCQM,0.096503800844454,500
KRR_TLCQM,1.5942559251703758,500
NN_TLCQM,0.1022802826714706,500
XGBoost_Target_Only,0.1123949339653252,100
KRR_Target_Only,29.128350688796484,100
NN_Target_Only,20.31826296241056,100
XGBoost_Pool,0.1013807604776382,100
KRR_Pool,1.5692922561293423,100
NN_Pool,5.449401814563089,100
XGBoost_TLCQM,0.1102807275860048,100
KRR_TLCQM,1.7565049143344793,100
NN_TLCQM,0.1034032718101048,100
XGBoost_Target_Only,0.1085621408933925,200
KRR_Target_Only,19.82910391504057,200
NN_Target_Only,22.91346286586208,200
XGBoost_Pool,0.0999720352672532,200
KRR_Pool,1.5052903599469714,200
NN_Pool,3.7447296213272905,200
XGBoost_TLCQM,0.0974282551924104,200
KRR_TLCQM,1.670032462482654,200
NN_TLCQM,0.1153431889235624,200
XGBoost_Target_Only,0.1038515527755549,300
KRR_Target_Only,15.41349512054643,300
NN_Target_Only,6.778345662313412,300
XGBoost_Pool,0.0970023767148353,300
KRR_Pool,1.481977738828654,300
NN_Pool,4.714435501765416,300
XGBoost_TLCQM,0.0995311095734423,300
KRR_TLCQM,1.6613955232836215,300
NN_TLCQM,0.1724875110869818,300
XGBoost_Target_Only,0.0972153273826782,500
KRR_Target_Only,9.345480977604607,500
NN_Target_Only,0.2570353565527197,500
XGBoost_Pool,0.093191168536496,500
KRR_Pool,1.364513838685421,500
NN_Pool,3.148230903928262,500
XGBoost_TLCQM,0.0973885016644801,500
KRR_TLCQM,1.4993430802687635,500
NN_TLCQM,0.1055325045618839,500
XGBoost_Target_Only,0.120312942305299,100
KRR_Target_Only,27.66171950751564,100
NN_Target_Only,24.48535616595792,100
XGBoost_Pool,0.0988283044264045,100
KRR_Pool,1.6399707450569605,100
NN_Pool,5.4620473867713,100
XGBoost_TLCQM,0.10463353362131,100
KRR_TLCQM,1.83197614297938,100
NN_TLCQM,0.1523230619168348,100
XGBoost_Target_Only,0.1140724581599422,200
KRR_Target_Only,21.21759617279084,200
NN_Target_Only,22.733591719127663,200
XGBoost_Pool,0.1001396316630292,200
KRR_Pool,1.625414205479093,200
NN_Pool,3.5629783449488985,200
XGBoost_TLCQM,0.1024739018793391,200
KRR_TLCQM,1.798392057255133,200
NN_TLCQM,0.1048363589838031,200
XGBoost_Target_Only,0.0982925840466875,300
KRR_Target_Only,15.154446920388558,300
NN_Target_Only,0.2173428836807044,300
XGBoost_Pool,0.0968008094383618,300
KRR_Pool,1.5661174609150377,300
NN_Pool,6.197899885931992,300
XGBoost_TLCQM,0.0973057882896138,300
KRR_TLCQM,1.745732346124479,300
NN_TLCQM,0.098573686575192,300
XGBoost_Target_Only,0.0961774596920402,500
KRR_Target_Only,9.23135305902019,500
NN_Target_Only,0.2103487704559345,500
XGBoost_Pool,0.0959872160761481,500
KRR_Pool,1.4676604550862238,500
NN_Pool,3.945826689414373,500
XGBoost_TLCQM,0.0964478658292109,500
KRR_TLCQM,1.6200436995349954,500
NN_TLCQM,0.1196361346490403,500
XGBoost_Target_Only,0.1093087867632566,100
KRR_Target_Only,30.017229982638984,100
NN_Target_Only,21.90002885421216,100
XGBoost_Pool,0.1000350787460929,100
KRR_Pool,1.613796838582728,100
NN_Pool,5.759437219038468,100
XGBoost_TLCQM,0.0989543921518408,100
KRR_TLCQM,1.800639586167982,100
NN_TLCQM,0.1372179825300348,100
XGBoost_Target_Only,0.1011895250707384,200
KRR_Target_Only,19.86194247752344,200
NN_Target_Only,24.722767924701103,200
XGBoost_Pool,0.1000494495238029,200
KRR_Pool,1.5465680874139596,200
NN_Pool,7.1528611186572695,200
XGBoost_TLCQM,0.1013361528953002,200
KRR_TLCQM,1.7042548072721515,200
NN_TLCQM,0.1636666759604697,200
XGBoost_Target_Only,0.1046232089732777,300
KRR_Target_Only,13.809176205938073,300
NN_Target_Only,0.4001422940719178,300
XGBoost_Pool,0.1000449589735921,300
KRR_Pool,1.511554552976218,300
NN_Pool,4.505666864243236,300
XGBoost_TLCQM,0.1000451842481711,300
KRR_TLCQM,1.6716530239481118,300
NN_TLCQM,0.1280755573894873,300
XGBoost_Target_Only,0.0957380824335574,500
KRR_Target_Only,9.542729954577036,500
NN_Target_Only,6.230349598692129,500
XGBoost_Pool,0.0966604622560677,500
KRR_Pool,1.3306658804572074,500
NN_Pool,3.4635835447582,500
XGBoost_TLCQM,0.0975699558584355,500
KRR_TLCQM,1.47674511590094,500
NN_TLCQM,0.1135683496112031,500
XGBoost_Target_Only,0.1201290206265979,100
KRR_Target_Only,29.98465094536537,100
NN_Target_Only,16.594402224584467,100
XGBoost_Pool,0.1042114814185024,100
KRR_Pool,1.6695503343982054,100
NN_Pool,3.4475691678261,100
XGBoost_TLCQM,0.1041308390614586,100
KRR_TLCQM,1.849330736966284,100
NN_TLCQM,0.1266461283275806,100
XGBoost_Target_Only,0.1022204390966081,200
KRR_Target_Only,20.56123839543008,200
NN_Target_Only,20.89024348372601,200
XGBoost_Pool,0.0996353622011235,200
KRR_Pool,1.6312838066076567,200
NN_Pool,3.2651575092171807,200
XGBoost_TLCQM,0.1022085222800959,200
KRR_TLCQM,1.822358587967776,200
NN_TLCQM,0.1358122519256493,200
XGBoost_Target_Only,0.0999757968770456,300
KRR_Target_Only,16.190123675480404,300
NN_Target_Only,6.693504325502364,300
XGBoost_Pool,0.0944279315772406,300
KRR_Pool,1.6150851809831988,300
NN_Pool,3.240003003336817,300
XGBoost_TLCQM,0.0989033002196397,300
KRR_TLCQM,1.8266828421267916,300
NN_TLCQM,0.1342520354705544,300
XGBoost_Target_Only,0.0950768671010583,500
KRR_Target_Only,10.13669673079755,500
NN_Target_Only,0.1705208228444202,500
XGBoost_Pool,0.0953707117610241,500
KRR_Pool,1.49501593538072,500
NN_Pool,3.2647847367977474,500
XGBoost_TLCQM,0.0946782181820145,500
KRR_TLCQM,1.6855752162113953,500
NN_TLCQM,0.0980264378113859,500
XGBoost_Target_Only,0.1283473828449148,100
KRR_Target_Only,29.675009913263096,100
NN_Target_Only,17.54212597854152,100
XGBoost_Pool,0.0993488885540361,100
KRR_Pool,1.5991613221597256,100
NN_Pool,5.535460111026163,100
XGBoost_TLCQM,0.1146228959274089,100
KRR_TLCQM,1.807462463671818,100
NN_TLCQM,0.2023871749370773,100
XGBoost_Target_Only,0.1057494097639256,200
KRR_Target_Only,19.88385320986413,200
NN_Target_Only,17.40794138993469,200
XGBoost_Pool,0.0987651419721949,200
KRR_Pool,1.6134790733483764,200
NN_Pool,7.169815340033192,200
XGBoost_TLCQM,0.1014434485067497,200
KRR_TLCQM,1.7957378102568962,200
NN_TLCQM,0.1283664192721741,200
XGBoost_Target_Only,0.1011792523160921,300
KRR_Target_Only,13.433872854102514,300
NN_Target_Only,7.928921737782073,300
XGBoost_Pool,0.0962144230929143,300
KRR_Pool,1.571042276996773,300
NN_Pool,3.393853997694429,300
XGBoost_TLCQM,0.0981635757178321,300
KRR_TLCQM,1.7410659978606768,300
NN_TLCQM,0.0970861039052159,300
XGBoost_Target_Only,0.0951507126342333,500
KRR_Target_Only,9.05157406085094,500
NN_Target_Only,0.7056289368710246,500
XGBoost_Pool,0.0961783216263938,500
KRR_Pool,1.5385425787806668,500
NN_Pool,3.4464916362673192,500
XGBoost_TLCQM,0.0985844069292406,500
KRR_TLCQM,1.6978352384900646,500
NN_TLCQM,0.0992761052354351,500
XGBoost_Target_Only,0.1131144087157379,100
KRR_Target_Only,29.640241261128462,100
NN_Target_Only,21.40443827756073,100
XGBoost_Pool,0.1030715047146432,100
KRR_Pool,1.5868203913029282,100
NN_Pool,5.811515134521422,100
XGBoost_TLCQM,0.1083497236207351,100
KRR_TLCQM,1.7566119544121597,100
NN_TLCQM,0.1287929753647261,100
XGBoost_Target_Only,0.1092824219769328,200
KRR_Target_Only,18.67200614306273,200
NN_Target_Only,20.52749505629256,200
XGBoost_Pool,0.0988654615747061,200
KRR_Pool,1.5977993449909194,200
NN_Pool,3.2765002186496903,200
XGBoost_TLCQM,0.09804241840273,200
KRR_TLCQM,1.7595292693107354,200
NN_TLCQM,0.1245749550741938,200
XGBoost_Target_Only,0.1012413657781944,300
KRR_Target_Only,14.224983915168536,300
NN_Target_Only,0.2912442870712753,300
XGBoost_Pool,0.0999474320897493,300
KRR_Pool,1.5637725574379622,300
NN_Pool,5.54212976885821,300
XGBoost_TLCQM,0.1015465593004151,300
KRR_TLCQM,1.7017459252264602,300
NN_TLCQM,0.1083639164039112,300
XGBoost_Target_Only,0.0944318609554142,500
KRR_Target_Only,8.60679968868823,500
NN_Target_Only,0.4617261929495138,500
XGBoost_Pool,0.096866691045866,500
KRR_Pool,1.5738149996970514,500
NN_Pool,3.239133417368048,500
XGBoost_TLCQM,0.0996550578945338,500
KRR_TLCQM,1.7125503163905091,500
NN_TLCQM,0.1201893876089451,500
XGBoost_Target_Only,0.1184523776579418,100
KRR_Target_Only,29.38266915973427,100
NN_Target_Only,19.987984274869877,100
XGBoost_Pool,0.1051414097205059,100
KRR_Pool,1.6195396691787975,100
NN_Pool,5.967193158429559,100
XGBoost_TLCQM,0.1041276863692709,100
KRR_TLCQM,1.805901421702248,100
NN_TLCQM,0.2047558554958057,100
XGBoost_Target_Only,0.1089181479629371,200
KRR_Target_Only,20.67472228245214,200
NN_Target_Only,20.412207581588422,200
XGBoost_Pool,0.1000604154106336,200
KRR_Pool,1.5826571149200748,200
NN_Pool,3.578125877544018,200
XGBoost_TLCQM,0.0996871304155945,200
KRR_TLCQM,1.7530036896548404,200
NN_TLCQM,0.1315467505128877,200
XGBoost_Target_Only,0.1001004369921742,300
KRR_Target_Only,13.663760741968764,300
NN_Target_Only,6.736923187736676,300
XGBoost_Pool,0.0972941569574415,300
KRR_Pool,1.5726528172356196,300
NN_Pool,3.244767252302153,300
XGBoost_TLCQM,0.0980778406770983,300
KRR_TLCQM,1.7399928186340023,300
NN_TLCQM,0.1841037091162857,300
XGBoost_Target_Only,0.0939308496084935,500
KRR_Target_Only,9.46682208402713,500
NN_Target_Only,0.16742404229451,500
XGBoost_Pool,0.0960130955577621,500
KRR_Pool,1.5389792606071486,500
NN_Pool,3.146280976203965,500
XGBoost_TLCQM,0.0968282566405473,500
KRR_TLCQM,1.7058810869051215,500
NN_TLCQM,0.1010034197397776,500
XGBoost_Target_Only,0.1252133686782515,100
KRR_Target_Only,27.59977277932588,100
NN_Target_Only,21.296767486553694,100
XGBoost_Pool,0.1046166195602763,100
KRR_Pool,1.5968777915851424,100
NN_Pool,3.356890500926639,100
XGBoost_TLCQM,0.1171253827851338,100
KRR_TLCQM,1.7917656921240834,100
NN_TLCQM,0.1450829096163503,100
XGBoost_Target_Only,0.1247408796713536,200
KRR_Target_Only,18.94117855753192,200
NN_Target_Only,18.409694001180775,200
XGBoost_Pool,0.1027725963809628,200
KRR_Pool,1.6126402288816866,200
NN_Pool,7.180241912148655,200
XGBoost_TLCQM,0.1015369787030504,200
KRR_TLCQM,1.7813269121914397,200
NN_TLCQM,0.1017068695431523,200
XGBoost_Target_Only,0.1111095452773826,300
KRR_Target_Only,14.405155252368832,300
NN_Target_Only,0.5764951674511479,300
XGBoost_Pool,0.1005302734126497,300
KRR_Pool,1.6171291068214686,300
NN_Pool,6.359962436300544,300
XGBoost_TLCQM,0.1020226140753281,300
KRR_TLCQM,1.7687668545848358,300
NN_TLCQM,0.100549307151912,300
XGBoost_Target_Only,0.0997009693382914,500
KRR_Target_Only,9.069456820210531,500
NN_Target_Only,0.1820498410681472,500
XGBoost_Pool,0.0991173920965334,500
KRR_Pool,1.5933701320242242,500
NN_Pool,3.363040060525233,500
XGBoost_TLCQM,0.0983554376046148,500
KRR_TLCQM,1.7411466624423997,500
NN_TLCQM,0.0991384799860264,500
XGBoost_Target_Only,0.1150376349182036,100
KRR_Target_Only,30.500422065128795,100
NN_Target_Only,22.12079646600177,100
XGBoost_Pool,0.0972854068274232,100
KRR_Pool,1.5908783709524332,100
NN_Pool,5.67164376323986,100
XGBoost_TLCQM,0.10088887410511,100
KRR_TLCQM,1.778246148042158,100
NN_TLCQM,0.1013054637001293,100
XGBoost_Target_Only,0.101563837400445,200
KRR_Target_Only,18.889984181253244,200
NN_Target_Only,19.75786166051956,200
XGBoost_Pool,0.0972995809235171,200
KRR_Pool,1.6189945663110072,200
NN_Pool,3.4044171026868164,200
XGBoost_TLCQM,0.0985509069812154,200
KRR_TLCQM,1.7988866657985978,200
NN_TLCQM,0.098766124179678,200
XGBoost_Target_Only,0.1036945590927912,300
KRR_Target_Only,13.802566299978333,300
NN_Target_Only,0.6991979917135044,300
XGBoost_Pool,0.0979420285911984,300
KRR_Pool,1.595246473616647,300
NN_Pool,6.064324026252452,300
XGBoost_TLCQM,0.1031082871429195,300
KRR_TLCQM,1.7698146043485024,300
NN_TLCQM,0.1598392467816065,300
XGBoost_Target_Only,0.100881908983104,500
KRR_Target_Only,8.918869351865265,500
NN_Target_Only,0.715057836814877,500
XGBoost_Pool,0.0976912564391724,500
KRR_Pool,1.541955158688025,500
NN_Pool,4.4621483616618765,500
XGBoost_TLCQM,0.1001418210599847,500
KRR_TLCQM,1.704182457518543,500
NN_TLCQM,0.1245322296852436,500
XGBoost_Target_Only,0.1169738303408034,100
KRR_Target_Only,30.139834730042686,100
NN_Target_Only,18.079122607732614,100
XGBoost_Pool,0.1016099197247843,100
KRR_Pool,1.6206957956655992,100
NN_Pool,5.438846461593808,100
XGBoost_TLCQM,0.0989160576835704,100
KRR_TLCQM,1.7672301872305782,100
NN_TLCQM,0.1076410436527478,100
XGBoost_Target_Only,0.1168991613691975,200
KRR_Target_Only,18.10408441056635,200
NN_Target_Only,18.291705940071758,200
XGBoost_Pool,0.1013253739338568,200
KRR_Pool,1.6166154414024196,200
NN_Pool,3.1874851515521483,200
XGBoost_TLCQM,0.102886586547187,200
KRR_TLCQM,1.7791564548650942,200
NN_TLCQM,0.3649670581493341,200
XGBoost_Target_Only,0.097239248106058,300
KRR_Target_Only,14.207122147743949,300
NN_Target_Only,1.851159782450748,300
XGBoost_Pool,0.0989456426886691,300
KRR_Pool,1.5830388115339542,300
NN_Pool,6.123594831485688,300
XGBoost_TLCQM,0.0997004909868973,300
KRR_TLCQM,1.7398984175982593,300
NN_TLCQM,0.1375662276670433,300
XGBoost_Target_Only,0.0948547760147072,500
KRR_Target_Only,8.845290448606237,500
NN_Target_Only,0.1246070303844117,500
XGBoost_Pool,0.0979983215750329,500
KRR_Pool,1.5515835742295236,500
NN_Pool,3.137748750990411,500
XGBoost_TLCQM,0.0971765156727793,500
KRR_TLCQM,1.6986866122360775,500
NN_TLCQM,0.2501880679812894,500
XGBoost_Target_Only,0.1178450069295359,100
KRR_Target_Only,30.44084917866271,100
NN_Target_Only,17.965977545575807,100
XGBoost_Pool,0.1030755563506134,100
KRR_Pool,1.637552158940226,100
NN_Pool,5.686922341184802,100
XGBoost_TLCQM,0.1055661047926433,100
KRR_TLCQM,1.844394155977509,100
NN_TLCQM,0.1118380963617829,100
XGBoost_Target_Only,0.1208703372415603,200
KRR_Target_Only,21.16411028622744,200
NN_Target_Only,21.334867624229613,200
XGBoost_Pool,0.1015092164206194,200
KRR_Pool,1.6468144837702856,200
NN_Pool,3.794043764651198,200
XGBoost_TLCQM,0.1045006303497149,200
KRR_TLCQM,1.815814702205736,200
NN_TLCQM,0.1624695378298128,200
XGBoost_Target_Only,0.1095115896487753,300
KRR_Target_Only,14.637884580554283,300
NN_Target_Only,7.116490967295567,300
XGBoost_Pool,0.099758624061448,300
KRR_Pool,1.664300913226041,300
NN_Pool,6.298863451899134,300
XGBoost_TLCQM,0.1038659409413849,300
KRR_TLCQM,1.850811929967258,300
NN_TLCQM,0.1130137247542131,300
XGBoost_Target_Only,0.0955308877477058,500
KRR_Target_Only,9.05404955525098,500
NN_Target_Only,0.6113838217204908,500
XGBoost_Pool,0.0964464835578321,500
KRR_Pool,1.614259545570028,500
NN_Pool,3.633280567343717,500
XGBoost_TLCQM,0.1022916003418309,500
KRR_TLCQM,1.7810956111927403,500
NN_TLCQM,0.1098515203452585,500
XGBoost_Target_Only,0.1169840112359406,100
KRR_Target_Only,30.200130168537896,100
NN_Target_Only,20.00579760599836,100
XGBoost_Pool,0.0994077511814617,100
KRR_Pool,1.6256282599252236,100
NN_Pool,6.386064902890331,100
XGBoost_TLCQM,0.1013106786664823,100
KRR_TLCQM,1.8080653739533892,100
NN_TLCQM,0.1059777604681338,100
XGBoost_Target_Only,0.107217254212747,200
KRR_Target_Only,17.76977439624075,200
NN_Target_Only,22.627994360694945,200
XGBoost_Pool,0.0958648981090346,200
KRR_Pool,1.536681621328998,200
NN_Pool,3.1151546116923603,200
XGBoost_TLCQM,0.1063110974632947,200
KRR_TLCQM,1.7264346296040771,200
NN_TLCQM,0.1044460260559778,200
XGBoost_Target_Only,0.1098025783551221,300
KRR_Target_Only,13.404817548307763,300
NN_Target_Only,7.132028364463366,300
XGBoost_Pool,0.0964225200935895,300
KRR_Pool,1.525229853633246,300
NN_Pool,4.925902218880809,300
XGBoost_TLCQM,0.0966538922434225,300
KRR_TLCQM,1.6991802597663233,300
NN_TLCQM,0.0960219092245967,300
XGBoost_Target_Only,0.099849435844764,500
KRR_Target_Only,8.589722371390279,500
NN_Target_Only,0.6519553593335993,500
XGBoost_Pool,0.0912897913451375,500
KRR_Pool,1.4454126695267553,500
NN_Pool,3.3500779514610355,500
XGBoost_TLCQM,0.0941297752028663,500
KRR_TLCQM,1.5911140751472057,500
NN_TLCQM,0.1206957813698738,500
XGBoost_Target_Only,0.114127113527888,100
KRR_Target_Only,31.20998703540913,100
NN_Target_Only,26.74707741794964,100
XGBoost_Pool,0.0995789566780736,100
KRR_Pool,1.596362040298803,100
NN_Pool,5.465963529058009,100
XGBoost_TLCQM,0.1069243950790427,100
KRR_TLCQM,1.8019904670410112,100
NN_TLCQM,0.0989469553867196,100
XGBoost_Target_Only,0.1014105122872251,200
KRR_Target_Only,21.128559530985893,200
NN_Target_Only,25.59540178273612,200
XGBoost_Pool,0.0995586278867967,200
KRR_Pool,1.565910239469043,200
NN_Pool,3.586106706534577,200
XGBoost_TLCQM,0.0998399664529558,200
KRR_TLCQM,1.738927583323363,200
NN_TLCQM,0.1130628720845853,200
XGBoost_Target_Only,0.0981464632848213,300
KRR_Target_Only,15.7661521372111,300
NN_Target_Only,0.305493510143268,300
XGBoost_Pool,0.0974540284753776,300
KRR_Pool,1.5560861870295637,300
NN_Pool,5.7576903132827,300
XGBoost_TLCQM,0.0987916420782301,300
KRR_TLCQM,1.7489502859454555,300
NN_TLCQM,0.1014238748486271,300
XGBoost_Target_Only,0.0951197845619138,500
KRR_Target_Only,9.289237513265988,500
NN_Target_Only,0.398300182296588,500
XGBoost_Pool,0.0974897495668075,500
KRR_Pool,1.4311167888001075,500
NN_Pool,3.587994571331399,500
XGBoost_TLCQM,0.0973959595242759,500
KRR_TLCQM,1.5932263569942398,500
NN_TLCQM,0.1637945733789085,500
XGBoost_Target_Only,0.1142886272147217,100
KRR_Target_Only,28.96661417471938,100
NN_Target_Only,17.365845148677916,100
XGBoost_Pool,0.1011154875645302,100
KRR_Pool,1.6454180989580205,100
NN_Pool,3.414645308068672,100
XGBoost_TLCQM,0.1058770433847072,100
KRR_TLCQM,1.8592980827759211,100
NN_TLCQM,0.3410663969646754,100
XGBoost_Target_Only,0.117290821087788,200
KRR_Target_Only,19.44486973972213,200
NN_Target_Only,20.26089441614503,200
XGBoost_Pool,0.0989824073731229,200
KRR_Pool,1.6322869672964442,200
NN_Pool,4.089699783433554,200
XGBoost_TLCQM,0.1058425279734867,200
KRR_TLCQM,1.8443333165698892,200
NN_TLCQM,0.1097333493040376,200
XGBoost_Target_Only,0.1017113688376317,300
KRR_Target_Only,13.73641251095096,300
NN_Target_Only,15.775595123340752,300
XGBoost_Pool,0.1001945956001705,300
KRR_Pool,1.5482982722449563,300
NN_Pool,5.980372831923645,300
XGBoost_TLCQM,0.0974602625560167,300
KRR_TLCQM,1.6986826847852838,300
NN_TLCQM,0.0989124505585036,300
XGBoost_Target_Only,0.1142981878478256,100
KRR_Target_Only,28.066198922915973,100
NN_Target_Only,20.59372896279627,100
XGBoost_Pool,0.0987940251761356,100
KRR_Pool,1.5921970142457669,100
NN_Pool,3.37046465121948,100
XGBoost_TLCQM,0.0978945330412477,100
KRR_TLCQM,1.7653600984058675,100
NN_TLCQM,0.2464317781833227,100
XGBoost_Target_Only,0.107502815225201,200
KRR_Target_Only,18.012492990699744,200
NN_Target_Only,18.6689431162346,200
XGBoost_Pool,0.0998739141412577,200
KRR_Pool,1.5812007460266748,200
NN_Pool,3.462431879160968,200
XGBoost_TLCQM,0.0962011157752564,200
KRR_TLCQM,1.7391360411990051,200
NN_TLCQM,0.1867764750343012,200
XGBoost_Target_Only,0.1030008967495307,300
KRR_Target_Only,13.75958073282962,300
NN_Target_Only,0.4313290563631716,300
XGBoost_Pool,0.099010210381551,300
KRR_Pool,1.5449017116368804,300
NN_Pool,3.2625023278242264,300
XGBoost_TLCQM,0.0960689498434393,300
KRR_TLCQM,1.6924584266093856,300
NN_TLCQM,0.1062334885988302,300
XGBoost_Target_Only,0.0980087950894366,500
KRR_Target_Only,9.1872861182052,500
NN_Target_Only,0.3923609022166344,500
XGBoost_Pool,0.0987666459587349,500
KRR_Pool,1.4721014291516494,500
NN_Pool,3.5722987999707656,500
XGBoost_TLCQM,0.0984674391305936,500
KRR_TLCQM,1.6338867388307534,500
NN_TLCQM,0.1058545689620279,500
XGBoost_Target_Only,0.1070623962096551,100
KRR_Target_Only,32.093434431807445,100
NN_Target_Only,26.51889654085237,100
XGBoost_Pool,0.1005820807239921,100
KRR_Pool,1.5466504731171316,100
NN_Pool,5.258913861576414,100
XGBoost_TLCQM,0.1047904478856577,100
KRR_TLCQM,1.7170872197278004,100
NN_TLCQM,0.2809445448777779,100
XGBoost_Target_Only,0.1059771678672145,200
KRR_Target_Only,20.36485578644597,200
NN_Target_Only,24.424156882295755,200
XGBoost_Pool,0.0970057015644149,200
KRR_Pool,1.4945407558038932,200
NN_Pool,6.309654241022733,200
XGBoost_TLCQM,0.0959492983575824,200
KRR_TLCQM,1.652461559156342,200
NN_TLCQM,0.1677068767897438,200
XGBoost_Target_Only,0.1021883806135602,300
KRR_Target_Only,14.073961126053971,300
NN_Target_Only,9.017448043238357,300
XGBoost_Pool,0.0968279849843237,300
KRR_Pool,1.4583475890469673,300
NN_Pool,5.7305836275393975,300
XGBoost_TLCQM,0.0953183231469644,300
KRR_TLCQM,1.615352952722478,300
NN_TLCQM,0.0981970935621539,300
XGBoost_Target_Only,0.093148409302671,500
KRR_Target_Only,8.735585387871481,500
NN_Target_Only,0.3160358350765684,500
XGBoost_Pool,0.0958146901468599,500
KRR_Pool,1.3935524524151537,500
NN_Pool,3.3746444817386583,500
XGBoost_TLCQM,0.0999310232755866,500
KRR_TLCQM,1.5279930383371754,500
NN_TLCQM,0.1059912238373951,500
XGBoost_Target_Only,0.1179288378165573,100
KRR_Target_Only,29.54697490144469,100
NN_Target_Only,21.41853378451069,100
XGBoost_Pool,0.1003604620387495,100
KRR_Pool,1.6347159962642317,100
NN_Pool,3.388308347840284,100
XGBoost_TLCQM,0.1025944468505136,100
KRR_TLCQM,1.806761438288345,100
NN_TLCQM,0.0995830187728478,100
XGBoost_Target_Only,0.1086820985773578,200
KRR_Target_Only,18.565582556108897,200
NN_Target_Only,20.31192500090249,200
XGBoost_Pool,0.0979768387691943,200
KRR_Pool,1.642355098548829,200
NN_Pool,5.13934298491522,200
XGBoost_TLCQM,0.099237073123345,200
KRR_TLCQM,1.7964486982029255,200
NN_TLCQM,0.1092601036058335,200
XGBoost_Target_Only,0.0985798758506432,300
KRR_Target_Only,14.496958277826677,300
NN_Target_Only,6.327128923946497,300
XGBoost_Pool,0.097073582002861,300
KRR_Pool,1.629168998403693,300
NN_Pool,5.208036160079484,300
XGBoost_TLCQM,0.1069363918875253,300
KRR_TLCQM,1.8116837437674655,300
NN_TLCQM,0.1099637747037589,300
XGBoost_Target_Only,0.0981857520653211,500
KRR_Target_Only,8.828851557529026,500
NN_Target_Only,0.2087236235568161,500
XGBoost_Pool,0.0954794271127022,500
KRR_Pool,1.6102660046517046,500
NN_Pool,2.848316346726886,500
XGBoost_TLCQM,0.1005436929121368,500
KRR_TLCQM,1.7740350732027754,500
NN_TLCQM,0.1101331563702094,500
XGBoost_Target_Only,0.1086362443388991,100
KRR_Target_Only,29.861708757079292,100
NN_Target_Only,24.93590748844667,100
XGBoost_Pool,0.102319034201007,100
KRR_Pool,1.6292472905735995,100
NN_Pool,6.3454502666558215,100
XGBoost_TLCQM,0.1018416365630698,100
KRR_TLCQM,1.8173268829342664,100
NN_TLCQM,0.2186551267778322,100
XGBoost_Target_Only,0.1061716659520167,200
KRR_Target_Only,19.515100004779505,200
NN_Target_Only,24.233543193473093,200
XGBoost_Pool,0.1002844415930395,200
KRR_Pool,1.6208698504772308,200
NN_Pool,4.852467410311973,200
XGBoost_TLCQM,0.1008734721011106,200
KRR_TLCQM,1.7825681414197097,200
NN_TLCQM,0.1181205602089017,200
XGBoost_Target_Only,0.0984432821096315,300
KRR_Target_Only,14.03530114630073,300
NN_Target_Only,0.3218764303536177,300
XGBoost_Pool,0.0993512546432792,300
KRR_Pool,1.5669152365490815,300
NN_Pool,3.3860189021323297,300
XGBoost_TLCQM,0.0989481372213723,300
KRR_TLCQM,1.7263702528566678,300
NN_TLCQM,0.1009906079750937,300
XGBoost_Target_Only,0.0972174460576239,500
KRR_Target_Only,8.56599405248976,500
NN_Target_Only,0.5871745618649094,500
XGBoost_Pool,0.0961322338162434,500
KRR_Pool,1.5236933630852747,500
NN_Pool,4.378867272937273,500
XGBoost_TLCQM,0.0965716414592381,500
KRR_TLCQM,1.6758377691949888,500
NN_TLCQM,0.1984840508312843,500
XGBoost_Target_Only,0.1294888475282937,100
KRR_Target_Only,30.195809492959462,100
NN_Target_Only,23.98376078208525,100
XGBoost_Pool,0.1045492138112335,100
KRR_Pool,1.534878016892291,100
NN_Pool,5.692740057498227,100
XGBoost_TLCQM,0.1059543044396662,100
KRR_TLCQM,1.70658030651421,100
NN_TLCQM,0.1127409497564285,100
XGBoost_Target_Only,0.1089124908869534,200
KRR_Target_Only,19.97384152530084,200
NN_Target_Only,22.02436786830289,200
XGBoost_Pool,0.1005095007688483,200
KRR_Pool,1.54286734997632,200
NN_Pool,3.360470552350653,200
XGBoost_TLCQM,0.1021197280219567,200
KRR_TLCQM,1.7117713953111933,200
NN_TLCQM,0.1062487974346999,200
XGBoost_Target_Only,0.1091027149593479,300
KRR_Target_Only,13.32033562793736,300
NN_Target_Only,0.3680638371178089,300
XGBoost_Pool,0.0983087722780557,300
KRR_Pool,1.486503332128982,300
NN_Pool,3.357720707042585,300
XGBoost_TLCQM,0.0965370056159705,300
KRR_TLCQM,1.6507826791830618,300
NN_TLCQM,0.1135784762473346,300
XGBoost_Target_Only,0.0962623765537796,500
KRR_Target_Only,9.449874383012414,500
NN_Target_Only,0.1394558112260376,500
XGBoost_Pool,0.0957177237980734,500
KRR_Pool,1.461795338156494,500
NN_Pool,3.50762448018326,500
XGBoost_TLCQM,0.0946995096073053,500
KRR_TLCQM,1.639301383707965,500
NN_TLCQM,0.1310117492787288,500
XGBoost_Target_Only,0.1227941366060086,100
KRR_Target_Only,28.72775895483979,100
NN_Target_Only,20.336548883507483,100
XGBoost_Pool,0.1014932833542605,100
KRR_Pool,1.6303264607990129,100
NN_Pool,3.460988812793842,100
XGBoost_TLCQM,0.0982269455627859,100
KRR_TLCQM,1.816417537360536,100
NN_TLCQM,0.1032815073614321,100
XGBoost_Target_Only,0.1047781758251243,200
KRR_Target_Only,20.670148380836103,200
NN_Target_Only,20.466313294823603,200
XGBoost_Pool,0.0983028070641567,200
KRR_Pool,1.6001716917822972,200
NN_Pool,3.3208437522162826,200
XGBoost_TLCQM,0.0967967784230408,200
KRR_TLCQM,1.7845299965504666,200
NN_TLCQM,0.1063381686725776,200
XGBoost_Target_Only,0.0939662703118061,300
KRR_Target_Only,14.804197027109169,300
NN_Target_Only,0.8047424550773438,300
XGBoost_Pool,0.0981837553601824,300
KRR_Pool,1.5634181384869832,300
NN_Pool,4.030497333668879,300
XGBoost_TLCQM,0.101054719282573,300
KRR_TLCQM,1.741292154993917,300
NN_TLCQM,0.1048026422806026,300
XGBoost_Target_Only,0.0920994541731752,500
KRR_Target_Only,8.678856704905693,500
NN_Target_Only,0.2311186128252295,500
XGBoost_Pool,0.0939479633586865,500
KRR_Pool,1.4998241405519062,500
NN_Pool,3.972147187383011,500
XGBoost_TLCQM,0.0934736211179119,500
KRR_TLCQM,1.668606843729388,500
NN_TLCQM,0.0985589382378616,500
XGBoost_Target_Only,0.1103786099731396,100
KRR_Target_Only,32.70913325577585,100
NN_Target_Only,23.029509853523084,100
XGBoost_Pool,0.0993241068985188,100
KRR_Pool,1.6044127979513931,100
NN_Pool,5.590407978510179,100
XGBoost_TLCQM,0.1015883659655915,100
KRR_TLCQM,1.7992475116366595,100
NN_TLCQM,0.1777079548063201,100
XGBoost_Target_Only,0.1059097051396687,200
KRR_Target_Only,21.158648112540067,200
NN_Target_Only,21.627120926850527,200
XGBoost_Pool,0.0990504380833431,200
KRR_Pool,1.5321925124139375,200
NN_Pool,3.2331177107397817,200
XGBoost_TLCQM,0.0963871374930106,200
KRR_TLCQM,1.708791995438907,200
NN_TLCQM,0.1251672983421585,200
XGBoost_Target_Only,0.1063431127842436,300
KRR_Target_Only,14.350492762124947,300
NN_Target_Only,6.680713731353875,300
XGBoost_Pool,0.097179069453425,300
KRR_Pool,1.526687541339855,300
NN_Pool,3.2256562129986937,300
XGBoost_TLCQM,0.0977224023466968,300
KRR_TLCQM,1.7018623224467662,300
NN_TLCQM,0.1168475870627643,300
XGBoost_Target_Only,0.0988863053059973,500
KRR_Target_Only,8.604910974379264,500
NN_Target_Only,0.4067806661802462,500
XGBoost_Pool,0.0961602755525393,500
KRR_Pool,1.4921961754261497,500
NN_Pool,3.3691732984072083,500
XGBoost_TLCQM,0.0949316756008071,500
KRR_TLCQM,1.6684742712220983,500
NN_TLCQM,0.1138775741784333,500
XGBoost_Target_Only,0.1328720234348697,100
KRR_Target_Only,29.258736140838643,100
NN_Target_Only,25.25966947668606,100
XGBoost_Pool,0.1021601492088139,100
KRR_Pool,1.6158247708705915,100
NN_Pool,4.0484659796783165,100
XGBoost_TLCQM,0.1023848135499569,100
KRR_TLCQM,1.8073160241355088,100
NN_TLCQM,0.1005322049126348,100
XGBoost_Target_Only,0.1064933947331231,200
KRR_Target_Only,18.05205658426417,200
NN_Target_Only,24.247126938309897,200
XGBoost_Pool,0.0988083559002123,200
KRR_Pool,1.5913924054289643,200
NN_Pool,3.3353847946883923,200
XGBoost_TLCQM,0.1013735274045951,200
KRR_TLCQM,1.777365562866991,200
NN_TLCQM,0.1884822577798253,200
XGBoost_Target_Only,0.099296882557741,300
KRR_Target_Only,13.15598705666666,300
NN_Target_Only,0.350575441356265,300
XGBoost_Pool,0.0979272057036534,300
KRR_Pool,1.561493875324188,300
NN_Pool,6.282048642413847,300
XGBoost_TLCQM,0.0970562191136072,300
KRR_TLCQM,1.7374349109227427,300
NN_TLCQM,0.1083581503306974,300
XGBoost_Target_Only,0.0927023005144119,500
KRR_Target_Only,8.350166751684418,500
NN_Target_Only,0.2060524990585274,500
XGBoost_Pool,0.094706048744249,500
KRR_Pool,1.4331026378833511,500
NN_Pool,4.614532205714333,500
XGBoost_TLCQM,0.0951697059061636,500
KRR_TLCQM,1.5812128912421473,500
NN_TLCQM,0.1004748750766556,500
XGBoost_Target_Only,0.1127172978134331,100
KRR_Target_Only,29.2307782693008,100
NN_Target_Only,22.925672507461307,100
XGBoost_Pool,0.0991439611951712,100
KRR_Pool,1.6117753572498286,100
NN_Pool,3.968416614037116,100
XGBoost_TLCQM,0.1016713064701476,100
KRR_TLCQM,1.828281259247993,100
NN_TLCQM,0.099106961718497,100
XGBoost_Target_Only,0.1091705719600612,200
KRR_Target_Only,17.96325483208014,200
NN_Target_Only,20.387578764546827,200
XGBoost_Pool,0.0968751621699569,200
KRR_Pool,1.6074248453490363,200
NN_Pool,3.878199313842241,200
XGBoost_TLCQM,0.1029354760822596,200
KRR_TLCQM,1.8021316843299813,200
NN_TLCQM,0.3069650990792151,200
XGBoost_Target_Only,0.119654377961593,100
KRR_Target_Only,28.32506519929017,100
NN_Target_Only,27.33791256084645,100
XGBoost_Pool,0.1025463850163594,100
KRR_Pool,1.6084117083885472,100
NN_Pool,5.594290638821654,100
XGBoost_TLCQM,0.0987497519512477,100
KRR_TLCQM,1.7966897605688352,100
NN_TLCQM,0.0990666236884918,100
XGBoost_Target_Only,0.1042157201719128,200
KRR_Target_Only,17.11135609571117,200
NN_Target_Only,24.17961791030805,200
XGBoost_Pool,0.09984682170167,200
KRR_Pool,1.599849871767547,200
NN_Pool,3.6585282333859857,200
XGBoost_TLCQM,0.0979118614687646,200
KRR_TLCQM,1.76874478019944,200
NN_TLCQM,0.1001973842727256,200
XGBoost_Target_Only,0.0975870431161152,300
KRR_Target_Only,13.061528699317604,300
NN_Target_Only,0.1574958814174705,300
XGBoost_Pool,0.0982023831506545,300
KRR_Pool,1.5410583251776682,300
NN_Pool,4.579035208049501,300
XGBoost_TLCQM,0.0955690531956451,300
KRR_TLCQM,1.7311372039924389,300
NN_TLCQM,0.1145797840109088,300
XGBoost_Target_Only,0.0930590975135111,500
KRR_Target_Only,8.441619436036808,500
NN_Target_Only,6.209893782699863,500
XGBoost_Pool,0.0965713879582788,500
KRR_Pool,1.4444704314087102,500
NN_Pool,3.0368080966049864,500
XGBoost_TLCQM,0.0973229537197823,500
KRR_TLCQM,1.61288847466694,500
NN_TLCQM,0.139337991235582,500
XGBoost_Target_Only,0.1076030538305015,100
KRR_Target_Only,29.709855251044825,100
NN_Target_Only,22.52210668748569,100
XGBoost_Pool,0.1012405674172699,100
KRR_Pool,1.632510792348861,100
NN_Pool,5.2834810901626215,100
XGBoost_TLCQM,0.1025080572238152,100
KRR_TLCQM,1.8087925593888337,100
NN_TLCQM,0.1141580890797758,100
XGBoost_Target_Only,0.1084872427858213,200
KRR_Target_Only,20.508943403395826,200
NN_Target_Only,26.339533739508223,200
XGBoost_Pool,0.0993540415852619,200
KRR_Pool,1.5217856111210093,200
NN_Pool,4.083005112788014,200
XGBoost_TLCQM,0.102521714283981,200
KRR_TLCQM,1.6797517502455062,200
NN_TLCQM,0.1104431390373002,200
XGBoost_Target_Only,0.0979307476606851,300
KRR_Target_Only,13.678930560976372,300
NN_Target_Only,7.843218545079886,300
XGBoost_Pool,0.0998369789073611,300
KRR_Pool,1.4427547377823868,300
NN_Pool,4.323903160281415,300
XGBoost_TLCQM,0.0981109553164071,300
KRR_TLCQM,1.6188051659310707,300
NN_TLCQM,0.1282558351762808,300
XGBoost_Target_Only,0.0991299460305151,500
KRR_Target_Only,8.959594631534095,500
NN_Target_Only,0.2484473871396449,500
XGBoost_Pool,0.0961219766607521,500
KRR_Pool,1.4380010931638003,500
NN_Pool,3.376541101997175,500
XGBoost_TLCQM,0.0964532812366622,500
KRR_TLCQM,1.6177060454952168,500
NN_TLCQM,0.1104069918586223,500
XGBoost_Target_Only,0.10955858479062,100
KRR_Target_Only,30.419549828950583,100
NN_Target_Only,22.39333964152286,100
XGBoost_Pool,0.1008047745759092,100
KRR_Pool,1.5937670607600969,100
NN_Pool,5.611812985048985,100
XGBoost_TLCQM,0.1004997506934,100
KRR_TLCQM,1.7505946421130458,100
NN_TLCQM,0.1523099326123991,100
XGBoost_Target_Only,0.1058394902395281,200
KRR_Target_Only,20.18090426788277,200
NN_Target_Only,24.187380616576952,200
XGBoost_Pool,0.0993205111373742,200
KRR_Pool,1.591830021807629,200
NN_Pool,3.648315710295699,200
XGBoost_TLCQM,0.0987563448390646,200
KRR_TLCQM,1.7564439770660427,200
NN_TLCQM,0.1312061412430216,200
XGBoost_Target_Only,0.1048479977107408,300
KRR_Target_Only,15.306738713977046,300
NN_Target_Only,7.090796642165641,300
XGBoost_Pool,0.0999609849419948,300
KRR_Pool,1.598825807939971,300
NN_Pool,5.802727553796811,300
XGBoost_TLCQM,0.0985917032418608,300
KRR_TLCQM,1.7718939906846105,300
NN_TLCQM,0.102845913556789,300
XGBoost_Target_Only,0.0908549343956912,500
KRR_Target_Only,9.82290360296118,500
NN_Target_Only,0.2780701943995886,500
XGBoost_Pool,0.0964703462779437,500
KRR_Pool,1.4554126673086996,500
NN_Pool,3.353296387098454,500
XGBoost_TLCQM,0.0965061572412848,500
KRR_TLCQM,1.6327990578744769,500
NN_TLCQM,0.1160009589321167,500
XGBoost_Target_Only,0.1096324000211745,100
KRR_Target_Only,30.05777205999476,100
NN_Target_Only,21.6104517303458,100
XGBoost_Pool,0.101121661078505,100
KRR_Pool,1.5965974919212602,100
NN_Pool,5.423797964093404,100
XGBoost_TLCQM,0.1064512169736734,100
KRR_TLCQM,1.7669531999808443,100
NN_TLCQM,0.1249800942355486,100
XGBoost_Target_Only,0.1002438965994191,200
KRR_Target_Only,19.75201402416289,200
NN_Target_Only,21.943526611658147,200
XGBoost_Pool,0.099540667687893,200
KRR_Pool,1.5829628537441176,200
NN_Pool,3.2032197845754067,200
XGBoost_TLCQM,0.1006965093800666,200
KRR_TLCQM,1.72489027723106,200
NN_TLCQM,0.1172629998277662,200
XGBoost_Target_Only,0.1017504293932806,300
KRR_Target_Only,14.843885310631084,300
NN_Target_Only,0.3321273605971048,300
XGBoost_Pool,0.0995490500489927,300
KRR_Pool,1.5437395925598856,300
NN_Pool,5.870015753134447,300
XGBoost_TLCQM,0.0991289915350322,300
KRR_TLCQM,1.680012810089021,300
NN_TLCQM,0.1149089804661674,300
XGBoost_Target_Only,0.0996247097161474,500
KRR_Target_Only,9.678836771895226,500
NN_Target_Only,0.3229163925981213,500
XGBoost_Pool,0.0956821756371699,500
KRR_Pool,1.5607009322236034,500
NN_Pool,3.104246386331539,500
XGBoost_TLCQM,0.0964861704794004,500
KRR_TLCQM,1.6975938935956203,500
NN_TLCQM,0.1744319892503765,500
XGBoost_Target_Only,0.1142611974556226,100
KRR_Target_Only,29.51348502380623,100
NN_Target_Only,24.20257635920528,100
XGBoost_Pool,0.0992998521523453,100
KRR_Pool,1.4918674764084217,100
NN_Pool,3.408917653272653,100
XGBoost_TLCQM,0.1027534764548932,100
KRR_TLCQM,1.6583184813118068,100
NN_TLCQM,0.2349180057647935,100
XGBoost_Target_Only,0.1149986047257354,200
KRR_Target_Only,18.03131063770177,200
NN_Target_Only,21.364735594392425,200
XGBoost_Pool,0.1002121022342573,200
KRR_Pool,1.4853278233293512,200
NN_Pool,3.361936830984814,200
XGBoost_TLCQM,0.103428868876611,200
KRR_TLCQM,1.6570268253212392,200
NN_TLCQM,0.1024581646332728,200
XGBoost_Target_Only,0.1058856932367945,300
KRR_Target_Only,13.650969673354506,300
NN_Target_Only,6.895353691607642,300
XGBoost_Pool,0.0995681138207861,300
KRR_Pool,1.4772320076281875,300
NN_Pool,5.601551259288934,300
XGBoost_TLCQM,0.0996755814146524,300
KRR_TLCQM,1.6323681788591238,300
NN_TLCQM,0.2350293136083487,300
XGBoost_Target_Only,0.1025490420411571,500
KRR_Target_Only,9.054216266021529,500
NN_Target_Only,0.2430964358591859,500
XGBoost_Pool,0.0977553922698351,500
KRR_Pool,1.4012424896830409,500
NN_Pool,3.509803308756024,500
XGBoost_TLCQM,0.0982561936849833,500
KRR_TLCQM,1.5305035608624016,500
NN_TLCQM,0.1106203941240857,500
XGBoost_Target_Only,0.1187162720217824,100
KRR_Target_Only,28.610090438221444,100
NN_Target_Only,20.013935966777552,100
XGBoost_Pool,0.102747051587846,100
KRR_Pool,1.6553619801539212,100
NN_Pool,5.743416794208491,100
XGBoost_TLCQM,0.1003255247958806,100
KRR_TLCQM,1.841329724527274,100
NN_TLCQM,0.1232699925834092,100
XGBoost_Target_Only,0.102366634692492,200
KRR_Target_Only,18.607296509402484,200
NN_Target_Only,21.53108465233803,200
XGBoost_Pool,0.0991002621513771,200
KRR_Pool,1.6058495374017747,200
NN_Pool,3.6734168758685617,200
XGBoost_TLCQM,0.0997888209036438,200
KRR_TLCQM,1.7726941948479744,200
NN_TLCQM,0.1106470659754051,200
XGBoost_Target_Only,0.0989509751670205,300
KRR_Target_Only,13.938484456559378,300
NN_Target_Only,7.123407835942339,300
XGBoost_Pool,0.0985100728786555,300
KRR_Pool,1.6059344591714724,300
NN_Pool,2.681621680148779,300
XGBoost_TLCQM,0.0995851715169542,300
KRR_TLCQM,1.759383312933809,300
NN_TLCQM,0.1094920462557977,300
XGBoost_Target_Only,0.0992072472610646,500
KRR_Target_Only,8.73644135299019,500
NN_Target_Only,0.5341587803321965,500
XGBoost_Pool,0.0974021590360317,500
KRR_Pool,1.5448241989148797,500
NN_Pool,3.3980774836317558,500
XGBoost_TLCQM,0.099430174205414,500
KRR_TLCQM,1.7097688127996922,500
NN_TLCQM,0.1181350453743375,500
XGBoost_Target_Only,0.1215856895788592,100
KRR_Target_Only,29.78129009964385,100
NN_Target_Only,17.75274325957497,100
XGBoost_Pool,0.1038266178629134,100
KRR_Pool,1.6246947501908051,100
NN_Pool,3.2444891433038303,100
XGBoost_TLCQM,0.1033013016464874,100
KRR_TLCQM,1.7952172066638226,100
NN_TLCQM,0.1178606505405388,100
XGBoost_Target_Only,0.1038315474456301,200
KRR_Target_Only,19.88861203080584,200
NN_Target_Only,21.758497233394277,200
XGBoost_Pool,0.1026886890446217,200
KRR_Pool,1.569949171587938,200
NN_Pool,3.386281633320324,200
XGBoost_TLCQM,0.0980758662228881,200
KRR_TLCQM,1.73997961127713,200
NN_TLCQM,0.1116196544220421,200
XGBoost_Target_Only,0.102955602953475,300
KRR_Target_Only,14.61622194793783,300
NN_Target_Only,2.440833288707261,300
XGBoost_Pool,0.1017465517114473,300
KRR_Pool,1.5906436130101995,300
NN_Pool,2.638904996665991,300
XGBoost_TLCQM,0.0999278919325097,300
KRR_TLCQM,1.7557874296826368,300
NN_TLCQM,0.1353583481976394,300
XGBoost_Target_Only,0.0998608925542778,500
KRR_Target_Only,8.727679006761624,500
NN_Target_Only,0.1973977081296745,500
XGBoost_Pool,0.0989282300598516,500
KRR_Pool,1.557171237586536,500
NN_Pool,4.457430662037429,500
XGBoost_TLCQM,0.0999767904084055,500
KRR_TLCQM,1.7326632436839846,500
NN_TLCQM,0.1115448200984795,500
XGBoost_Target_Only,0.1091571187829909,100
KRR_Target_Only,30.96704123392775,100
NN_Target_Only,25.748105331657637,100
XGBoost_Pool,0.1010217862773388,100
KRR_Pool,1.5402984351107158,100
NN_Pool,5.653101439105306,100
XGBoost_TLCQM,0.0973768305466705,100
KRR_TLCQM,1.7285160221293348,100
NN_TLCQM,0.0975276208636477,100
XGBoost_Target_Only,0.109722859314882,200
KRR_Target_Only,19.192656492878417,200
NN_Target_Only,22.42723917226026,200
XGBoost_Pool,0.0994904650275017,200
KRR_Pool,1.5336173389394747,200
NN_Pool,3.3503614001471984,200
XGBoost_TLCQM,0.0991010383015534,200
KRR_TLCQM,1.70307242214071,200
NN_TLCQM,0.0985678391842469,200
XGBoost_Target_Only,0.0989949621234077,300
KRR_Target_Only,14.67042177805281,300
NN_Target_Only,6.2475324501672524,300
XGBoost_Pool,0.0979158518390464,300
KRR_Pool,1.4702706079752417,300
NN_Pool,6.219893233228701,300
XGBoost_TLCQM,0.0984657555705301,300
KRR_TLCQM,1.60112433912384,300
NN_TLCQM,0.1048439290943356,300
XGBoost_Target_Only,0.0990151985026575,500
KRR_Target_Only,9.40658916257753,500
NN_Target_Only,0.2479805272799271,500
XGBoost_Pool,0.0963731529530442,500
KRR_Pool,1.4768569772292497,500
NN_Pool,2.8549553385888142,500
XGBoost_TLCQM,0.0985467162077126,500
KRR_TLCQM,1.6144204989548356,500
NN_TLCQM,0.1219385374519762,500
XGBoost_Target_Only,0.1160478686423469,100
KRR_Target_Only,30.404746566258822,100
NN_Target_Only,28.482112393550093,100
XGBoost_Pool,0.0991858601048314,100
KRR_Pool,1.6135032580527755,100
NN_Pool,5.356595246759862,100
XGBoost_TLCQM,0.1109934225066757,100
KRR_TLCQM,1.7919532206973188,100
NN_TLCQM,0.1327540476666218,100
XGBoost_Target_Only,0.1077857265545861,200
KRR_Target_Only,19.00220781962889,200
NN_Target_Only,24.520465254701943,200
XGBoost_Pool,0.0979746557805737,200
KRR_Pool,1.585176484011375,200
NN_Pool,4.878314746962749,200
XGBoost_TLCQM,0.103602922197073,200
KRR_TLCQM,1.750305411945868,200
NN_TLCQM,0.1120756261528176,200
XGBoost_Target_Only,0.1031439990056849,300
KRR_Target_Only,13.686778301780828,300
NN_Target_Only,6.707902331514523,300
XGBoost_Pool,0.0954150639124492,300
KRR_Pool,1.595373583860608,300
NN_Pool,5.456526885194839,300
XGBoost_TLCQM,0.0978247327550689,300
KRR_TLCQM,1.754230794072104,300
NN_TLCQM,0.1133061273993335,300
XGBoost_Target_Only,0.091370209473235,500
KRR_Target_Only,8.981541076018168,500
NN_Target_Only,0.3631982674035793,500
XGBoost_Pool,0.0969126253714989,500
KRR_Pool,1.464191523971007,500
NN_Pool,4.056719220164301,500
XGBoost_TLCQM,0.0975726968219802,500
KRR_TLCQM,1.6159208891142782,500
NN_TLCQM,0.1041567947121708,500
XGBoost_Target_Only,0.1146282764747326,100
KRR_Target_Only,29.047680653890414,100
NN_Target_Only,22.74234975481856,100
XGBoost_Pool,0.1001329951560175,100
KRR_Pool,1.6240836732606738,100
NN_Pool,3.08697587139681,100
XGBoost_TLCQM,0.1039409337486711,100
KRR_TLCQM,1.8185403221146077,100
NN_TLCQM,0.1337899128971916,100
XGBoost_Target_Only,0.1106020483087246,200
KRR_Target_Only,18.175331361510707,200
NN_Target_Only,23.066932126243216,200
XGBoost_Pool,0.1000986855543685,200
KRR_Pool,1.6045455264912545,200
NN_Pool,3.6745988279769897,200
XGBoost_TLCQM,0.1036890777652723,200
KRR_TLCQM,1.7694070616264213,200
NN_TLCQM,0.1588100530751688,200
XGBoost_Target_Only,0.1074815721501374,300
KRR_Target_Only,13.327164348668566,300
NN_Target_Only,0.3610418374808883,300
XGBoost_Pool,0.099452394335751,300
KRR_Pool,1.6218707950171545,300
NN_Pool,6.329660801493588,300
XGBoost_TLCQM,0.1036446220038969,300
KRR_TLCQM,1.785912683742767,300
NN_TLCQM,0.1128876163744209,300
XGBoost_Target_Only,0.0966425127997064,500
KRR_Target_Only,8.28714729098897,500
NN_Target_Only,0.2979103744732486,500
XGBoost_Pool,0.097179382314639,500
KRR_Pool,1.636017573107594,500
NN_Pool,3.2817463311595656,500
XGBoost_TLCQM,0.0956001818261483,500
KRR_TLCQM,1.8073626462026384,500
NN_TLCQM,0.0971397987662642,500
XGBoost_Target_Only,0.1208948200114342,100
KRR_Target_Only,28.12481242055193,100
NN_Target_Only,18.920680304179594,100
XGBoost_Pool,0.1020855927221251,100
KRR_Pool,1.6415965991856465,100
NN_Pool,5.699791567681439,100
XGBoost_TLCQM,0.1008823993308751,100
KRR_TLCQM,1.803258267916347,100
NN_TLCQM,0.1012913211089566,100
XGBoost_Target_Only,0.1097818764118213,200
KRR_Target_Only,18.19765628404004,200
NN_Target_Only,21.98322721696897,200
XGBoost_Pool,0.0983567725281209,200
KRR_Pool,1.573831234733868,200
NN_Pool,7.199049525793015,200
XGBoost_TLCQM,0.0972925096007469,200
KRR_TLCQM,1.7448057765243163,200
NN_TLCQM,0.1448906679956479,200
XGBoost_Target_Only,0.1071114283673932,300
KRR_Target_Only,13.233549186652866,300
NN_Target_Only,7.051070406087185,300
XGBoost_Pool,0.0981854810422299,300
KRR_Pool,1.5909553088985644,300
NN_Pool,6.031815838138425,300
XGBoost_TLCQM,0.0995596764536262,300
KRR_TLCQM,1.755771796658652,300
NN_TLCQM,0.2795192350518886,300
XGBoost_Target_Only,0.0952564750491743,500
KRR_Target_Only,8.709660590801064,500
NN_Target_Only,0.2769365927960058,500
XGBoost_Pool,0.0953020311018166,500
KRR_Pool,1.5202431182071874,500
NN_Pool,3.216360446101725,500
XGBoost_TLCQM,0.0963508605647629,500
KRR_TLCQM,1.6725606881759407,500
NN_TLCQM,0.1066543430190741,500
XGBoost_Target_Only,0.1207229920730665,100
KRR_Target_Only,28.67992592886328,100
NN_Target_Only,22.940664813561003,100
XGBoost_Pool,0.0991995577583624,100
KRR_Pool,1.566413368411531,100
NN_Pool,5.6716301605095465,100
XGBoost_TLCQM,0.1055757775210693,100
KRR_TLCQM,1.741000864370572,100
NN_TLCQM,0.1343500540336242,100
XGBoost_Target_Only,0.1047576220240564,200
KRR_Target_Only,18.795209336805154,200
NN_Target_Only,25.901179281931597,200
XGBoost_Pool,0.0999872525890074,200
KRR_Pool,1.4957611892498548,200
NN_Pool,3.2124928323549966,200
XGBoost_TLCQM,0.1078688490393463,200
KRR_TLCQM,1.6756964579892963,200
NN_TLCQM,0.2987216248477431,200
XGBoost_Target_Only,0.1406029308816406,100
KRR_Target_Only,28.490619029189773,100
NN_Target_Only,21.37267724092787,100
XGBoost_Pool,0.1018841020934429,100
KRR_Pool,1.6094589157198689,100
NN_Pool,5.485320706305986,100
XGBoost_TLCQM,0.1048741293985451,100
KRR_TLCQM,1.799378916859527,100
NN_TLCQM,0.2020824623733166,100
XGBoost_Target_Only,0.1131227574550924,200
KRR_Target_Only,20.29220121677033,200
NN_Target_Only,20.71997600267561,200
XGBoost_Pool,0.099012828150652,200
KRR_Pool,1.5870539116044282,200
NN_Pool,3.992306749058308,200
XGBoost_TLCQM,0.0983727954698829,200
KRR_TLCQM,1.7763274429379852,200
NN_TLCQM,0.1055218892451174,200
XGBoost_Target_Only,0.104923636461831,300
KRR_Target_Only,14.736288955424056,300
NN_Target_Only,8.303152021918972,300
XGBoost_Pool,0.0970868688788656,300
KRR_Pool,1.5021416998617052,300
NN_Pool,5.685793129877728,300
XGBoost_TLCQM,0.0964682092497705,300
KRR_TLCQM,1.6816025402752244,300
NN_TLCQM,0.1895212818116218,300
XGBoost_Target_Only,0.0945509209508932,500
KRR_Target_Only,9.47619037271788,500
NN_Target_Only,0.1912307609648514,500
XGBoost_Pool,0.0974233369312193,500
KRR_Pool,1.4033430773903848,500
NN_Pool,3.508881359335428,500
XGBoost_TLCQM,0.0966558493999102,500
KRR_TLCQM,1.559552327909188,500
NN_TLCQM,0.1041789958904198,500
XGBoost_Target_Only,0.1146756927278534,100
KRR_Target_Only,31.233387767967415,100
NN_Target_Only,18.363948171046214,100
XGBoost_Pool,0.0991273394745169,100
KRR_Pool,1.6413311247140108,100
NN_Pool,5.708943724396258,100
XGBoost_TLCQM,0.1102375702307231,100
KRR_TLCQM,1.8354716282664527,100
NN_TLCQM,0.2905077962471518,100
XGBoost_Target_Only,0.1031738321949335,200
KRR_Target_Only,20.640825884561195,200
NN_Target_Only,24.49672972443008,200
XGBoost_Pool,0.097247391212541,200
KRR_Pool,1.5764142131604892,200
NN_Pool,3.683751794306213,200
XGBoost_TLCQM,0.103683850603411,200
KRR_TLCQM,1.7795487172022053,200
NN_TLCQM,0.1038585803403513,200
XGBoost_Target_Only,0.0946199549913214,300
KRR_Target_Only,14.43352057297885,300
NN_Target_Only,0.3000500421691085,300
XGBoost_Pool,0.0969912903664065,300
KRR_Pool,1.5559778033072535,300
NN_Pool,4.032290402042082,300
XGBoost_TLCQM,0.0985504241781484,300
KRR_TLCQM,1.7356688732576953,300
NN_TLCQM,0.1124164464132544,300
XGBoost_Target_Only,0.09307581534216,500
KRR_Target_Only,9.541432554468727,500
NN_Target_Only,2.383911263881201,500
XGBoost_Pool,0.0965682634087099,500
KRR_Pool,1.46520715167305,500
NN_Pool,3.625793700178689,500
XGBoost_TLCQM,0.0957161761388585,500
KRR_TLCQM,1.640562471843445,500
NN_TLCQM,0.0979694341041932,500
XGBoost_Target_Only,0.1082895521040887,100
KRR_Target_Only,28.77058217586824,100
NN_Target_Only,22.160676484722533,100
XGBoost_Pool,0.1020459852101309,100
KRR_Pool,1.6039425468224338,100
NN_Pool,5.657836957813618,100
XGBoost_TLCQM,0.1050215747301343,100
KRR_TLCQM,1.755591006912141,100
NN_TLCQM,0.1251673829618725,100
XGBoost_Target_Only,0.1172475223193623,200
KRR_Target_Only,18.82599896158017,200
NN_Target_Only,22.680334982708477,200
XGBoost_Pool,0.1004220287354025,200
KRR_Pool,1.5715659911203923,200
NN_Pool,3.3130237510388403,200
XGBoost_TLCQM,0.1043500420190302,200
KRR_TLCQM,1.7278143012775091,200
NN_TLCQM,0.1030746965790588,200
XGBoost_Target_Only,0.1038726565915625,300
KRR_Target_Only,13.57437109144264,300
NN_Target_Only,8.207437669608765,300
XGBoost_Pool,0.0996863718378489,300
KRR_Pool,1.5557373711261258,300
NN_Pool,3.411091482104078,300
XGBoost_TLCQM,0.0987436066109055,300
KRR_TLCQM,1.7004029984318494,300
NN_TLCQM,0.1073972888836361,300
XGBoost_Target_Only,0.0959940820537348,500
KRR_Target_Only,9.36846831427324,500
NN_Target_Only,6.83763883023634,500
XGBoost_Pool,0.0944573608217207,500
KRR_Pool,1.51197168250264,500
NN_Pool,3.4773826227683857,500
XGBoost_TLCQM,0.0960464840953425,500
KRR_TLCQM,1.6569665213447624,500
NN_TLCQM,0.1101198792325866,500
XGBoost_Target_Only,0.1223674609134466,100
KRR_Target_Only,29.598319338150205,100
NN_Target_Only,18.460360571209545,100
XGBoost_Pool,0.1029639356651752,100
KRR_Pool,1.630970994546813,100
NN_Pool,5.4764457618447455,100
XGBoost_TLCQM,0.1003048141580283,100
KRR_TLCQM,1.8203608022431863,100
NN_TLCQM,0.1080603926583918,100
XGBoost_Target_Only,0.1132545870224861,200
KRR_Target_Only,17.37594931203181,200
NN_Target_Only,18.56847607347809,200
XGBoost_Pool,0.1001443668722457,200
KRR_Pool,1.6148501357557197,200
NN_Pool,3.654787508834539,200
XGBoost_TLCQM,0.0978706568837855,200
KRR_TLCQM,1.795741584306017,200
NN_TLCQM,0.1184326575680334,200
XGBoost_Target_Only,0.1004949266126047,300
KRR_Target_Only,13.20236649001514,300
NN_Target_Only,17.3541572176651,300
XGBoost_Pool,0.098801545491549,300
KRR_Pool,1.558362731658458,300
NN_Pool,3.2523365810196467,300
XGBoost_TLCQM,0.0967153607715587,300
KRR_TLCQM,1.729133811876359,300
NN_TLCQM,0.1495385968285979,300
XGBoost_Target_Only,0.0984320304188088,500
KRR_Target_Only,9.007497786617778,500
NN_Target_Only,0.2545639119301496,500
XGBoost_Pool,0.0970139385919443,500
KRR_Pool,1.5117284761908818,500
NN_Pool,3.4571617224933595,500
XGBoost_TLCQM,0.0953369548016288,500
KRR_TLCQM,1.6804284100597475,500
NN_TLCQM,0.142528646153636,500
XGBoost_Target_Only,0.1156097515675041,100
KRR_Target_Only,28.783319935640147,100
NN_Target_Only,26.92684407071153,100
XGBoost_Pool,0.099284701252306,100
KRR_Pool,1.6093055442326087,100
NN_Pool,5.396420844845398,100
XGBoost_TLCQM,0.1035203480503458,100
KRR_TLCQM,1.7969706167096664,100
NN_TLCQM,0.104896761734719,100
XGBoost_Target_Only,0.1062010295077675,200
KRR_Target_Only,19.54285779022974,200
NN_Target_Only,22.332700334363302,200
XGBoost_Pool,0.0981112745612419,200
KRR_Pool,1.62408005604671,200
NN_Pool,3.7127259583838494,200
XGBoost_TLCQM,0.1040358621684684,200
KRR_TLCQM,1.81196150980447,200
NN_TLCQM,0.103241226094704,200
XGBoost_Target_Only,0.107468420644728,300
KRR_Target_Only,14.24765822072235,300
NN_Target_Only,7.11073525852793,300
XGBoost_Pool,0.0971848143865992,300
KRR_Pool,1.5970645118709774,300
NN_Pool,3.960223644800447,300
XGBoost_TLCQM,0.0982144945942647,300
KRR_TLCQM,1.7615452894752055,300
NN_TLCQM,0.112798392390424,300
XGBoost_Target_Only,0.0947858723268038,500
KRR_Target_Only,9.080488746291584,500
NN_Target_Only,6.049663881102108,500
XGBoost_Pool,0.0939206050511574,500
KRR_Pool,1.5758153582387369,500
NN_Pool,2.902893435351709,500
XGBoost_TLCQM,0.0971452527855557,500
KRR_TLCQM,1.7287357494121125,500
NN_TLCQM,0.1101815460442629,500
XGBoost_Target_Only,0.1140098534900191,100
KRR_Target_Only,28.614371314271374,100
NN_Target_Only,19.69118337023516,100
XGBoost_Pool,0.1010212550081614,100
KRR_Pool,1.547849528699767,100
NN_Pool,6.342147628583242,100
XGBoost_TLCQM,0.0965505598306084,100
KRR_TLCQM,1.7102540112874174,100
NN_TLCQM,0.1212096601461137,100
XGBoost_Target_Only,0.1033545676435337,200
KRR_Target_Only,18.641910147501804,200
NN_Target_Only,19.70609882342155,200
XGBoost_Pool,0.100496175867781,200
KRR_Pool,1.5488870727982151,200
NN_Pool,3.542636007549089,200
XGBoost_TLCQM,0.0999979787360809,200
KRR_TLCQM,1.7052133863512569,200
NN_TLCQM,0.3851219131416349,200
XGBoost_Target_Only,0.1021577518578738,300
KRR_Target_Only,13.99726121596508,300
NN_Target_Only,6.457577874949108,300
XGBoost_Pool,0.0982153731257665,300
KRR_Pool,1.5659173141281812,300
NN_Pool,2.582551165614144,300
XGBoost_TLCQM,0.0972992408123362,300
KRR_TLCQM,1.7164945983370845,300
NN_TLCQM,0.1226262430503595,300
XGBoost_Target_Only,0.1183219377423502,100
KRR_Target_Only,27.766163222860584,100
NN_Target_Only,16.960034582159047,100
XGBoost_Pool,0.1003074953265182,100
KRR_Pool,1.6145408161788364,100
NN_Pool,4.802670106218553,100
XGBoost_TLCQM,0.1042235372585133,100
KRR_TLCQM,1.786005832724605,100
NN_TLCQM,0.2153362039797218,100
XGBoost_Target_Only,0.1092542682390229,200
KRR_Target_Only,19.00683265082462,200
NN_Target_Only,19.9994164993244,200
XGBoost_Pool,0.0973816684306263,200
KRR_Pool,1.5303967329560393,200
NN_Pool,3.259591863107412,200
XGBoost_TLCQM,0.0998952006420269,200
KRR_TLCQM,1.708965132296557,200
NN_TLCQM,0.143842850236822,200
XGBoost_Target_Only,0.0987885142527835,300
KRR_Target_Only,13.496775041250077,300
NN_Target_Only,6.857791337258266,300
XGBoost_Pool,0.0991154409702157,300
KRR_Pool,1.5206057013289591,300
NN_Pool,6.186172252177317,300
XGBoost_TLCQM,0.0944089150321215,300
KRR_TLCQM,1.6975806004049183,300
NN_TLCQM,0.1428063948405968,300
XGBoost_Target_Only,0.1016622793101097,500
KRR_Target_Only,8.819473718673494,500
NN_Target_Only,0.2729980614858545,500
XGBoost_Pool,0.0958346098399835,500
KRR_Pool,1.4628032423622588,500
NN_Pool,3.054415604951948,500
XGBoost_TLCQM,0.0969205831848556,500
KRR_TLCQM,1.601898125198227,500
NN_TLCQM,0.1481931703433592,500
XGBoost_Target_Only,0.1263019476261896,100
KRR_Target_Only,29.64353788021942,100
NN_Target_Only,21.07028978873156,100
XGBoost_Pool,0.1048805779161257,100
KRR_Pool,1.5743824636920951,100
NN_Pool,3.2704054313480757,100
XGBoost_TLCQM,0.1035238581301968,100
KRR_TLCQM,1.7254869979486605,100
NN_TLCQM,0.1419631974763749,100
XGBoost_Target_Only,0.1061992737428709,200
KRR_Target_Only,19.157125313976078,200
NN_Target_Only,20.63471552513855,200
XGBoost_Pool,0.0968486992583038,200
KRR_Pool,1.5418954121359678,200
NN_Pool,3.3606974938765046,200
XGBoost_TLCQM,0.0998387331821061,200
KRR_TLCQM,1.6976349368841814,200
NN_TLCQM,0.1013199706596137,200
XGBoost_Target_Only,0.1203759220274232,300
KRR_Target_Only,14.945100962396737,300
NN_Target_Only,0.3070200477400515,300
XGBoost_Pool,0.0947854670700137,300
KRR_Pool,1.493749964497625,300
NN_Pool,4.196951520554421,300
XGBoost_TLCQM,0.0963827802570481,300
KRR_TLCQM,1.62734762098593,300
NN_TLCQM,0.1127732327390226,300
XGBoost_Target_Only,0.1014443876500375,500
KRR_Target_Only,9.93557322005547,500
NN_Target_Only,6.282965263051603,500
XGBoost_Pool,0.0931842266986007,500
KRR_Pool,1.4506009951965526,500
NN_Pool,3.289304764663894,500
XGBoost_TLCQM,0.0945356120618244,500
KRR_TLCQM,1.606357312261756,500
NN_TLCQM,0.1010193513963467,500
XGBoost_Target_Only,0.1059918183452839,100
KRR_Target_Only,29.920994180071176,100
NN_Target_Only,22.94072031953326,100
XGBoost_Pool,0.100853212577848,100
KRR_Pool,1.50450158286367,100
NN_Pool,5.444042136728809,100
XGBoost_TLCQM,0.1005061114161139,100
KRR_TLCQM,1.6520648279139054,100
NN_TLCQM,0.1014820191029167,100
XGBoost_Target_Only,0.0979255276082571,200
KRR_Target_Only,19.28790159204487,200
NN_Target_Only,21.111758507199845,200
XGBoost_Pool,0.0982492764433563,200
KRR_Pool,1.474178274483877,200
NN_Pool,3.203565740438686,200
XGBoost_TLCQM,0.098920271041423,200
KRR_TLCQM,1.637921176376502,200
NN_TLCQM,0.3113702944733375,200
XGBoost_Target_Only,0.1004594138027384,300
KRR_Target_Only,14.186256986857686,300
NN_Target_Only,6.820035869174019,300
XGBoost_Pool,0.0985054131994452,300
KRR_Pool,1.453128579410983,300
NN_Pool,3.2664143621829647,300
XGBoost_TLCQM,0.0980863415935144,300
KRR_TLCQM,1.62612957422299,300
NN_TLCQM,0.205023857105473,300
XGBoost_Target_Only,0.0959198781942781,500
KRR_Target_Only,8.885754482838866,500
NN_Target_Only,0.2205425124022557,500
XGBoost_Pool,0.0954428571590521,500
KRR_Pool,1.409106697558453,500
NN_Pool,2.496342910700368,500
XGBoost_TLCQM,0.0984557205607185,500
KRR_TLCQM,1.549631950100106,500
NN_TLCQM,0.0979707827570361,500
XGBoost_Target_Only,0.1134408522377442,100
KRR_Target_Only,28.54665257144189,100
NN_Target_Only,20.72501939440387,100
XGBoost_Pool,0.100814366421216,100
KRR_Pool,1.6134862930920038,100
NN_Pool,5.456039243647053,100
XGBoost_TLCQM,0.1038901069136893,100
KRR_TLCQM,1.7912521909886672,100
NN_TLCQM,0.1053244857920471,100
XGBoost_Target_Only,0.1052401356718946,200
KRR_Target_Only,18.345427096339137,200
NN_Target_Only,20.97851410433068,200
XGBoost_Pool,0.09925851099937,200
KRR_Pool,1.5958895022090531,200
NN_Pool,3.2240941825672422,200
XGBoost_TLCQM,0.0989834265362804,200
KRR_TLCQM,1.7661732317356116,200
NN_TLCQM,0.1010452939698513,200
XGBoost_Target_Only,0.111723746964509,300
KRR_Target_Only,14.59847825859223,300
NN_Target_Only,6.231955508467059,300
XGBoost_Pool,0.0989654883237178,300
KRR_Pool,1.5277188883071893,300
NN_Pool,5.712933341132295,300
XGBoost_TLCQM,0.098687910605542,300
KRR_TLCQM,1.6836612581502943,300
NN_TLCQM,0.0985144348043421,300
XGBoost_Target_Only,0.0935284454471301,500
KRR_Target_Only,8.679719619327326,500
NN_Target_Only,0.3942461058629771,500
XGBoost_Pool,0.0959732020004318,500
KRR_Pool,1.474049487200649,500
NN_Pool,3.678345871083696,500
XGBoost_TLCQM,0.0973639216936867,500
KRR_TLCQM,1.6174218174849186,500
NN_TLCQM,0.1075545473231172,500
XGBoost_Target_Only,0.1059340782756712,100
KRR_Target_Only,29.66200123457476,100
NN_Target_Only,26.307304329480328,100
XGBoost_Pool,0.0999084588198619,100
KRR_Pool,1.607283956749979,100
NN_Pool,5.64477343874667,100
XGBoost_TLCQM,0.1024705890700914,100
KRR_TLCQM,1.7899407619501368,100
NN_TLCQM,0.1252867114999274,100
XGBoost_Target_Only,0.1024060196261136,200
KRR_Target_Only,19.22402926569333,200
NN_Target_Only,25.289161660553557,200
XGBoost_Pool,0.0990006368953696,200
KRR_Pool,1.554511239863168,200
NN_Pool,3.267833657631,200
XGBoost_TLCQM,0.0997531226624289,200
KRR_TLCQM,1.719188823961184,200
NN_TLCQM,0.1019508847184595,200
XGBoost_Target_Only,0.0980316158741975,300
KRR_Target_Only,14.421307988060926,300
NN_Target_Only,6.171383914482988,300
XGBoost_Pool,0.0976695165421463,300
KRR_Pool,1.5055927395008193,300
NN_Pool,3.25595751411333,300
XGBoost_TLCQM,0.0976644926499275,300
KRR_TLCQM,1.6771465302996484,300
NN_TLCQM,0.1050350583670437,300
XGBoost_Target_Only,0.1009442714868188,500
KRR_Target_Only,8.864916689765442,500
NN_Target_Only,6.916522752620868,500
XGBoost_Pool,0.0950214146519127,500
KRR_Pool,1.4393505389001675,500
NN_Pool,3.537978810485396,500
XGBoost_TLCQM,0.093198479633906,500
KRR_TLCQM,1.5902085570850455,500
NN_TLCQM,0.0960214934244503,500
XGBoost_Target_Only,0.1277904697518565,100
KRR_Target_Only,29.7524916897268,100
NN_Target_Only,22.26984399884997,100
XGBoost_Pool,0.1026645958118673,100
KRR_Pool,1.554852222606418,100
NN_Pool,3.213173967404744,100
XGBoost_TLCQM,0.1030303164258273,100
KRR_TLCQM,1.7262488181379203,100
NN_TLCQM,0.1183764771687212,100
XGBoost_Target_Only,0.1067745574910061,200
KRR_Target_Only,19.764903026490487,200
NN_Target_Only,22.73294017428102,200
XGBoost_Pool,0.0992080779321501,200
KRR_Pool,1.5163910590491874,200
NN_Pool,3.4356278906680773,200
XGBoost_TLCQM,0.0957819543816192,200
KRR_TLCQM,1.6793497513213498,200
NN_TLCQM,0.1920857879469051,200
XGBoost_Target_Only,0.0993859166004473,300
KRR_Target_Only,13.33767929943178,300
NN_Target_Only,6.308557254466831,300
XGBoost_Pool,0.0956916324531194,300
KRR_Pool,1.5192091555315432,300
NN_Pool,5.981857872569787,300
XGBoost_TLCQM,0.0953261115651996,300
KRR_TLCQM,1.678384642543027,300
NN_TLCQM,0.149508697260792,300
XGBoost_Target_Only,0.1134814706817162,100
KRR_Target_Only,29.1395191637967,100
NN_Target_Only,20.863936928480197,100
XGBoost_Pool,0.1006669333374664,100
KRR_Pool,1.6503154283426409,100
NN_Pool,5.416010251631247,100
XGBoost_TLCQM,0.1039357539558138,100
KRR_TLCQM,1.812254313365804,100
NN_TLCQM,0.1479136234381799,100
XGBoost_Target_Only,0.1037491763351699,200
KRR_Target_Only,18.08245410840195,200
NN_Target_Only,22.903728185067298,200
XGBoost_Pool,0.0985203172956354,200
KRR_Pool,1.5545538265894072,200
NN_Pool,3.3552034064759138,200
XGBoost_TLCQM,0.0993361732967097,200
KRR_TLCQM,1.7321334269972526,200
NN_TLCQM,0.1420118798899247,200
XGBoost_Target_Only,0.0945087548406334,300
KRR_Target_Only,14.471958221218747,300
NN_Target_Only,6.275110746671336,300
XGBoost_Pool,0.0975430920653601,300
KRR_Pool,1.513096431008525,300
NN_Pool,6.132349503020414,300
XGBoost_TLCQM,0.1005663044927951,300
KRR_TLCQM,1.6821655961862747,300
NN_TLCQM,0.099964249019121,300
XGBoost_Target_Only,0.0918516334402316,500
KRR_Target_Only,9.040456181920106,500
NN_Target_Only,0.387719360472131,500
XGBoost_Pool,0.0968219512435373,500
KRR_Pool,1.5443796839807546,500
NN_Pool,3.834115411505428,500
XGBoost_TLCQM,0.099372509625234,500
KRR_TLCQM,1.716569780845847,500
NN_TLCQM,0.1124478699499786,500
XGBoost_Target_Only,0.1285625863422765,100
KRR_Target_Only,30.731761757045277,100
NN_Target_Only,25.09959059816093,100
XGBoost_Pool,0.1019714117595818,100
KRR_Pool,1.606996869903166,100
NN_Pool,5.922650443907794,100
XGBoost_TLCQM,0.1099007158681988,100
KRR_TLCQM,1.8143106962438769,100
NN_TLCQM,0.1019152157628888,100
XGBoost_Target_Only,0.1211237836062657,200
KRR_Target_Only,20.10950605651601,200
NN_Target_Only,24.179927011930893,200
XGBoost_Pool,0.101053795885253,200
KRR_Pool,1.5703783490372063,200
NN_Pool,3.4196027942802965,200
XGBoost_TLCQM,0.1047159235932999,200
KRR_TLCQM,1.773091853213875,200
NN_TLCQM,0.115507927703683,200
XGBoost_Target_Only,0.1126757035549253,300
KRR_Target_Only,15.096981497676046,300
NN_Target_Only,1.1803376302145154,300
XGBoost_Pool,0.0983320842662872,300
KRR_Pool,1.553483228539159,300
NN_Pool,3.380743160744168,300
XGBoost_TLCQM,0.1074771236797119,300
KRR_TLCQM,1.7458258609181994,300
NN_TLCQM,0.1231699976088701,300
XGBoost_Target_Only,0.1019728479663639,500
KRR_Target_Only,9.296960954472809,500
NN_Target_Only,0.4053653225855503,500
XGBoost_Pool,0.0964413091770167,500
KRR_Pool,1.582409119133877,500
NN_Pool,3.674983402744486,500
XGBoost_TLCQM,0.1068796016742121,500
KRR_TLCQM,1.7786466843776385,500
NN_TLCQM,0.1293596861136698,500
XGBoost_Target_Only,0.1091688647501406,100
KRR_Target_Only,29.93050623886569,100
NN_Target_Only,21.599721054232223,100
XGBoost_Pool,0.0993533834985217,100
KRR_Pool,1.5901856774300012,100
NN_Pool,5.629079873487382,100
XGBoost_TLCQM,0.1031821414460173,100
KRR_TLCQM,1.749757652955241,100
NN_TLCQM,0.1595840531048834,100
XGBoost_Target_Only,0.101003810980675,200
KRR_Target_Only,19.299646237503016,200
NN_Target_Only,20.85123788779902,200
XGBoost_Pool,0.0977903116323986,200
KRR_Pool,1.572326338445663,200
NN_Pool,3.5216933420308565,200
XGBoost_TLCQM,0.1023381234257953,200
KRR_TLCQM,1.7476214963798693,200
NN_TLCQM,0.10910391251768,200
XGBoost_Target_Only,0.0961854979571407,300
KRR_Target_Only,14.14491552070998,300
NN_Target_Only,6.6910746658708256,300
XGBoost_Pool,0.0975394362509,300
KRR_Pool,1.53789264871073,300
NN_Pool,5.5371069484430775,300
XGBoost_TLCQM,0.1045853516365833,300
KRR_TLCQM,1.7157165093616356,300
NN_TLCQM,0.1303421742345489,300
XGBoost_Target_Only,0.0978663898040669,500
KRR_Target_Only,8.830865316878985,500
NN_Target_Only,1.053865650453106,500
XGBoost_Pool,0.0970132298082449,500
KRR_Pool,1.4727558658979525,500
NN_Pool,3.4918001358699597,500
XGBoost_TLCQM,0.1022037643585624,500
KRR_TLCQM,1.6381916928799696,500
NN_TLCQM,0.1128875106867263,500
XGBoost_Target_Only,0.1534055848897839,100
KRR_Target_Only,29.810419964975097,100
NN_Target_Only,21.57257158583792,100
XGBoost_Pool,0.1011583413803167,100
KRR_Pool,1.5854282098158885,100
NN_Pool,5.714216920674459,100
XGBoost_TLCQM,0.1094212421463803,100
KRR_TLCQM,1.7478485896394778,100
NN_TLCQM,0.1428912136928782,100
XGBoost_Target_Only,0.1104259136289398,200
KRR_Target_Only,19.580113205130885,200
NN_Target_Only,22.589055326869897,200
XGBoost_Pool,0.1014377723321539,200
KRR_Pool,1.5686679188335402,200
NN_Pool,3.6764346076625625,200
XGBoost_TLCQM,0.0985986755491534,200
KRR_TLCQM,1.7337033095212946,200
NN_TLCQM,0.114138145587418,200
XGBoost_Target_Only,0.1028358757555779,300
KRR_Target_Only,15.69570985404594,300
NN_Target_Only,6.30005112494342,300
XGBoost_Pool,0.0964658127669376,300
KRR_Pool,1.543983490679944,300
NN_Pool,3.3306034987427693,300
XGBoost_TLCQM,0.0972131716052459,300
KRR_TLCQM,1.6938501933000816,300
NN_TLCQM,0.1033034346277263,300
XGBoost_Target_Only,0.0944070576618807,500
KRR_Target_Only,10.08515471166064,500
NN_Target_Only,0.2091016955339636,500
XGBoost_Pool,0.0955448612910287,500
KRR_Pool,1.4934238330752878,500
NN_Pool,3.7336374644288695,500
XGBoost_TLCQM,0.0959897028934844,500
KRR_TLCQM,1.6518994005061387,500
NN_TLCQM,0.1799901893776633,500
XGBoost_Target_Only,0.1226778407666449,100
KRR_Target_Only,29.894859782641696,100
NN_Target_Only,23.64007118825509,100
XGBoost_Pool,0.0999096636336818,100
KRR_Pool,1.61294203555608,100
NN_Pool,3.4488939485082786,100
XGBoost_TLCQM,0.1009106992832784,100
KRR_TLCQM,1.7865593663807429,100
NN_TLCQM,0.1020501749337403,100
XGBoost_Target_Only,0.1062858504040135,200
KRR_Target_Only,20.078183573581743,200
NN_Target_Only,22.59959787225341,200
XGBoost_Pool,0.0987596418836614,200
KRR_Pool,1.535447400068595,200
NN_Pool,3.96490603532808,200
XGBoost_TLCQM,0.1024050932220673,200
KRR_TLCQM,1.6900760916257027,200
NN_TLCQM,0.1882242841926167,200
XGBoost_Target_Only,0.1029322850360807,300
KRR_Target_Only,14.531086396134128,300
NN_Target_Only,0.3329314929825596,300
XGBoost_Pool,0.0992419446444914,300
KRR_Pool,1.5486673594016116,300
NN_Pool,3.48305015377803,300
XGBoost_TLCQM,0.0990487528553757,300
KRR_TLCQM,1.7083593691435044,300
NN_TLCQM,0.1479660214275228,300
XGBoost_Target_Only,0.0955131821260509,500
KRR_Target_Only,9.574969839544714,500
NN_Target_Only,0.6377661234972513,500
XGBoost_Pool,0.0968067381637007,500
KRR_Pool,1.4652039819377427,500
NN_Pool,4.660833707449607,500
XGBoost_TLCQM,0.0976724619290176,500
KRR_TLCQM,1.6347065007209889,500
NN_TLCQM,0.1020634080836262,500
XGBoost_Target_Only,0.1241561114023427,100
KRR_Target_Only,32.71836576344022,100
NN_Target_Only,27.35136107524603,100
XGBoost_Pool,0.100224887239599,100
KRR_Pool,1.5983797929369217,100
NN_Pool,5.622922389806529,100
XGBoost_TLCQM,0.0982495734317303,100
KRR_TLCQM,1.77059233174378,100
NN_TLCQM,0.1247103440334226,100
XGBoost_Target_Only,0.1193483481801898,100
KRR_Target_Only,29.344534464913377,100
NN_Target_Only,20.482621663467423,100
XGBoost_Pool,0.1009345580633458,100
KRR_Pool,1.6316360477944734,100
NN_Pool,5.343762962066155,100
XGBoost_TLCQM,0.0982843488265682,100
KRR_TLCQM,1.8102998655675355,100
NN_TLCQM,0.0999795304014877,100
XGBoost_Target_Only,0.1189837233696025,200
KRR_Target_Only,19.101478411449506,200
NN_Target_Only,20.0518312484861,200
XGBoost_Pool,0.0992897656070487,200
KRR_Pool,1.6195511431323626,200
NN_Pool,3.329541482952601,200
XGBoost_TLCQM,0.1063289728289641,200
KRR_TLCQM,1.804392610737972,200
NN_TLCQM,0.136422377456814,200
XGBoost_Target_Only,0.1173830186564623,300
KRR_Target_Only,13.462834975413768,300
NN_Target_Only,6.608102114278664,300
XGBoost_Pool,0.0976258242041009,300
KRR_Pool,1.6115649686040954,300
NN_Pool,3.3051129088483213,300
XGBoost_TLCQM,0.1069119781720367,300
KRR_TLCQM,1.8048319688451115,300
NN_TLCQM,0.1103130442741009,300
XGBoost_Target_Only,0.0996455544640638,500
KRR_Target_Only,9.036315658271224,500
NN_Target_Only,0.2150942309145037,500
XGBoost_Pool,0.097683407095765,500
KRR_Pool,1.471349594742024,500
NN_Pool,3.6154084464108793,500
XGBoost_TLCQM,0.1004607606578451,500
KRR_TLCQM,1.6381571001643984,500
NN_TLCQM,0.3500292941223055,500
XGBoost_Target_Only,0.1175855857932235,100
KRR_Target_Only,28.98916410191157,100
NN_Target_Only,22.62140374034685,100
XGBoost_Pool,0.1014190317309693,100
KRR_Pool,1.5445123794953688,100
NN_Pool,5.206709823859126,100
XGBoost_TLCQM,0.1008543277306924,100
KRR_TLCQM,1.7215918416638918,100
NN_TLCQM,0.1879530689064015,100
XGBoost_Target_Only,0.1131296244490913,200
KRR_Target_Only,19.937895243408438,200
NN_Target_Only,24.965859405274024,200
XGBoost_Pool,0.100830766240785,200
KRR_Pool,1.4724782003538812,200
NN_Pool,3.492547041808716,200
XGBoost_TLCQM,0.1024253059698095,200
KRR_TLCQM,1.6370012858210494,200
NN_TLCQM,0.1543331087192771,200
XGBoost_Target_Only,0.1034613499930617,300
KRR_Target_Only,14.429358005712515,300
NN_Target_Only,1.3238887324994535,300
XGBoost_Pool,0.1003175011623799,300
KRR_Pool,1.4851152995732606,300
NN_Pool,3.879892480082385,300
XGBoost_TLCQM,0.0988041516367237,300
KRR_TLCQM,1.6310394183199477,300
NN_TLCQM,0.1745248686103082,300
XGBoost_Target_Only,0.1141962885667721,100
KRR_Target_Only,28.773864187459505,100
NN_Target_Only,19.97795878699639,100
XGBoost_Pool,0.0990830985220954,100
KRR_Pool,1.6364703728968164,100
NN_Pool,3.5462208872629684,100
XGBoost_TLCQM,0.0995799942093108,100
KRR_TLCQM,1.8126197133931463,100
NN_TLCQM,0.1184306027071738,100
XGBoost_Target_Only,0.1039234465585427,200
KRR_Target_Only,19.41911440450742,200
NN_Target_Only,21.259291876061123,200
XGBoost_Pool,0.0978796842844955,200
KRR_Pool,1.6370932857264318,200
NN_Pool,3.441696306191826,200
XGBoost_TLCQM,0.1006727266660157,200
KRR_TLCQM,1.834467195788681,200
NN_TLCQM,0.1554544955864187,200
XGBoost_Target_Only,0.1004280373224572,300
KRR_Target_Only,14.661239924062585,300
NN_Target_Only,0.2792165993655328,300
XGBoost_Pool,0.0974870089932864,300
KRR_Pool,1.6478482165994388,300
NN_Pool,6.117834331946457,300
XGBoost_TLCQM,0.0990956481061347,300
KRR_TLCQM,1.835612164860568,300
NN_TLCQM,0.099923199420755,300
XGBoost_Target_Only,0.0936348116233611,500
KRR_Target_Only,8.452413897678511,500
NN_Target_Only,0.2728401607757075,500
XGBoost_Pool,0.0938168308952271,500
KRR_Pool,1.429911752189915,500
NN_Pool,3.1124722933212823,500
XGBoost_TLCQM,0.0941607178589363,500
KRR_TLCQM,1.5906888237325465,500
NN_TLCQM,0.0954041013275545,500
XGBoost_Target_Only,0.1216520295542789,100
KRR_Target_Only,28.79410001413265,100
NN_Target_Only,26.66962949632644,100
XGBoost_Pool,0.1017650532469027,100
KRR_Pool,1.5786350058063356,100
NN_Pool,5.5567242507605785,100
XGBoost_TLCQM,0.1155097290712318,100
KRR_TLCQM,1.7889157879392634,100
NN_TLCQM,0.1056979691722373,100
XGBoost_Target_Only,0.1089503546884173,200
KRR_Target_Only,17.810523560743626,200
NN_Target_Only,26.77389625773405,200
XGBoost_Pool,0.1010726643006953,200
KRR_Pool,1.5253028172107823,200
NN_Pool,3.372657399014404,200
XGBoost_TLCQM,0.1110744850682191,200
KRR_TLCQM,1.7220806342488273,200
NN_TLCQM,0.3772403921031239,200
XGBoost_Target_Only,0.1046140577315087,300
KRR_Target_Only,13.806974474159007,300
NN_Target_Only,1.4721632915272986,300
XGBoost_Pool,0.0980897222080606,300
KRR_Pool,1.5268180974368577,300
NN_Pool,2.7793074857128586,300
XGBoost_TLCQM,0.109160077950113,300
KRR_TLCQM,1.7312094772662228,300
NN_TLCQM,0.1085130369471334,300
XGBoost_Target_Only,0.0952009650412586,500
KRR_Target_Only,8.987434982436627,500
NN_Target_Only,0.3185400803392922,500
XGBoost_Pool,0.0972539378487447,500
KRR_Pool,1.3669672185113553,500
NN_Pool,2.8015008328317337,500
XGBoost_TLCQM,0.1052530431045273,500
KRR_TLCQM,1.5263564569288213,500
NN_TLCQM,0.157002605541711,500
XGBoost_Target_Only,0.1126407663623774,100
KRR_Target_Only,29.48815806873389,100
NN_Target_Only,24.05377971010331,100
XGBoost_Pool,0.1021984300109206,100
KRR_Pool,1.6517214712394213,100
NN_Pool,3.384813800939627,100
XGBoost_TLCQM,0.1004597945883241,100
KRR_TLCQM,1.8286768348332156,100
NN_TLCQM,0.1145887258963109,100
XGBoost_Target_Only,0.1030075900941262,200
KRR_Target_Only,19.877104945202888,200
NN_Target_Only,22.191426930112996,200
XGBoost_Pool,0.0996683096376079,200
KRR_Pool,1.629769905616376,200
NN_Pool,3.3913810389986265,200
XGBoost_TLCQM,0.1032751908978575,200
KRR_TLCQM,1.8034108709371823,200
NN_TLCQM,0.1658099071506901,200
XGBoost_Target_Only,0.0962604559047781,300
KRR_Target_Only,15.097542714965636,300
NN_Target_Only,8.13572742200459,300
XGBoost_Pool,0.0987728851055217,300
KRR_Pool,1.6286683982326742,300
NN_Pool,5.943227774054529,300
XGBoost_TLCQM,0.1046274307844181,300
KRR_TLCQM,1.8098081732901237,300
NN_TLCQM,0.1042106659035812,300
XGBoost_Target_Only,0.0968486595258481,500
KRR_Target_Only,9.105022163891649,500
NN_Target_Only,0.1991483128746151,500
XGBoost_Pool,0.0987562767930128,500
KRR_Pool,1.633032604946987,500
NN_Pool,3.600418803638674,500
XGBoost_TLCQM,0.1047723239452915,500
KRR_TLCQM,1.8191818734909189,500
NN_TLCQM,0.10688112226686,500
XGBoost_Target_Only,0.1166006665191464,100
KRR_Target_Only,29.52459167028737,100
NN_Target_Only,20.548499141401876,100
XGBoost_Pool,0.100561659731001,100
KRR_Pool,1.59955203134252,100
NN_Pool,5.7392576068707495,100
XGBoost_TLCQM,0.1008063518047586,100
KRR_TLCQM,1.80060097434123,100
NN_TLCQM,0.1077041383859982,100
XGBoost_Target_Only,0.0991834193672328,200
KRR_Target_Only,20.205144164780968,200
NN_Target_Only,20.59476548372608,200
XGBoost_Pool,0.09992666800876,200
KRR_Pool,1.584252647298534,200
NN_Pool,3.1863354004517865,200
XGBoost_TLCQM,0.096759073939585,200
KRR_TLCQM,1.764746472071466,200
NN_TLCQM,0.1092845969419739,200
XGBoost_Target_Only,0.094584673867177,300
KRR_Target_Only,13.945510296652916,300
NN_Target_Only,6.762070049821326,300
XGBoost_Pool,0.0974492744446808,300
KRR_Pool,1.533427513561355,300
NN_Pool,3.2970402809119235,300
XGBoost_TLCQM,0.0986848852493524,300
KRR_TLCQM,1.7035080143532564,300
NN_TLCQM,0.1014546613614541,300
XGBoost_Target_Only,0.0983157449764929,500
KRR_Target_Only,8.696568247990884,500
NN_Target_Only,0.228122825614985,500
XGBoost_Pool,0.0966573794082722,500
KRR_Pool,1.4007470890895335,500
NN_Pool,3.556234617486309,500
XGBoost_TLCQM,0.097399483078706,500
KRR_TLCQM,1.5598465792393077,500
NN_TLCQM,0.1703687213068073,500
XGBoost_Target_Only,0.1426152406863855,100
KRR_Target_Only,29.42453209323679,100
NN_Target_Only,22.95918579041943,100
XGBoost_Pool,0.1003253154619691,100
KRR_Pool,1.6143676113070295,100
NN_Pool,5.421575598799252,100
XGBoost_TLCQM,0.1068616228600962,100
KRR_TLCQM,1.805926871896863,100
NN_TLCQM,0.1107745820484834,100
XGBoost_Target_Only,0.1078461680168579,200
KRR_Target_Only,19.90132761851397,200
NN_Target_Only,21.879370254803828,200
XGBoost_Pool,0.1011794359675326,200
KRR_Pool,1.5508407645370623,200
NN_Pool,4.956684941480969,200
XGBoost_TLCQM,0.1021821585928848,200
KRR_TLCQM,1.7075372582993258,200
NN_TLCQM,0.1181615995176716,200
XGBoost_Target_Only,0.101703931216668,300
KRR_Target_Only,14.40190274849988,300
NN_Target_Only,1.2751086795490807,300
XGBoost_Pool,0.0997510906396205,300
KRR_Pool,1.4988332191293072,300
NN_Pool,3.2374065023750624,300
XGBoost_TLCQM,0.1028391548591342,300
KRR_TLCQM,1.6587780705761817,300
NN_TLCQM,0.1111351202585047,300
XGBoost_Target_Only,0.0957743113747309,500
KRR_Target_Only,8.40877151655658,500
NN_Target_Only,0.3386669996041186,500
XGBoost_Pool,0.0974211327347517,500
KRR_Pool,1.4182235758727118,500
NN_Pool,3.295009643928446,500
XGBoost_TLCQM,0.0976751432397799,500
KRR_TLCQM,1.561040623093895,500
NN_TLCQM,0.1219214372022557,500
XGBoost_Target_Only,0.1234671243407328,100
KRR_Target_Only,32.48386065806108,100
NN_Target_Only,23.906217233154617,100
XGBoost_Pool,0.1019776364670222,100
KRR_Pool,1.54408678408118,100
NN_Pool,5.273944670903327,100
XGBoost_TLCQM,0.1059648984896046,100
KRR_TLCQM,1.7272841077717005,100
NN_TLCQM,0.0994033861129525,100
XGBoost_Target_Only,0.1103922916373211,200
KRR_Target_Only,20.123363034967124,200
NN_Target_Only,22.771115240323837,200
XGBoost_Pool,0.0995927133490778,200
KRR_Pool,1.5262718593589473,200
NN_Pool,3.1719689686482297,200
XGBoost_TLCQM,0.0971516891030944,200
KRR_TLCQM,1.694447110353951,200
NN_TLCQM,0.0980986104745311,200
XGBoost_Target_Only,0.093299154774932,300
KRR_Target_Only,13.938396125208897,300
NN_Target_Only,6.277722016611293,300
XGBoost_Pool,0.0979084544970708,300
KRR_Pool,1.5366903576188886,300
NN_Pool,3.2108173559576176,300
XGBoost_TLCQM,0.0959301386861176,300
KRR_TLCQM,1.6974935801172466,300
NN_TLCQM,0.1328148787656025,300
XGBoost_Target_Only,0.0930032894301641,500
KRR_Target_Only,8.524072029287323,500
NN_Target_Only,0.2037560030651346,500
XGBoost_Pool,0.0954070198311819,500
KRR_Pool,1.4290151084759446,500
NN_Pool,4.417866822743331,500
XGBoost_TLCQM,0.0976469130533847,500
KRR_TLCQM,1.5857919485392935,500
NN_TLCQM,0.1122592833817042,500
XGBoost_Target_Only,0.1099442581207016,100
KRR_Target_Only,28.69152753485927,100
NN_Target_Only,18.68803237389249,100
XGBoost_Pool,0.0980487695833853,100
KRR_Pool,1.5990554903092953,100
NN_Pool,3.38665570656379,100
XGBoost_TLCQM,0.0991946012062337,100
KRR_TLCQM,1.7793056895479569,100
NN_TLCQM,0.1449564327665766,100
XGBoost_Target_Only,0.0979792622038977,200
KRR_Target_Only,18.72689890768452,200
NN_Target_Only,20.10673171176995,200
XGBoost_Pool,0.098386662419953,200
KRR_Pool,1.5300761391444602,200
NN_Pool,3.430826008881247,200
XGBoost_TLCQM,0.0971614733481781,200
KRR_TLCQM,1.67784239704273,200
NN_TLCQM,0.1744940167475199,200
XGBoost_Target_Only,0.0944908379119145,300
KRR_Target_Only,13.58312828721341,300
NN_Target_Only,6.794321351784543,300
XGBoost_Pool,0.0989618897883682,300
KRR_Pool,1.5294079268316758,300
NN_Pool,3.032299838114477,300
XGBoost_TLCQM,0.0996985716264563,300
KRR_TLCQM,1.6774878197882512,300
NN_TLCQM,0.1233294647009622,300
XGBoost_Target_Only,0.0936632954544871,500
KRR_Target_Only,9.191640390945205,500
NN_Target_Only,0.3189070807534647,500
XGBoost_Pool,0.0963443240036554,500
KRR_Pool,1.498013385432381,500
NN_Pool,3.0399346744527493,500
XGBoost_TLCQM,0.0981462372736266,500
KRR_TLCQM,1.6533914650719697,500
NN_TLCQM,0.1679700866398653,500
XGBoost_Target_Only,0.1109644493446317,100
KRR_Target_Only,30.74836040149468,100
NN_Target_Only,25.059615131973622,100
XGBoost_Pool,0.1033764852614229,100
KRR_Pool,1.5587748667789254,100
NN_Pool,5.097376958572898,100
XGBoost_TLCQM,0.1026179830511292,100
KRR_TLCQM,1.747348110623991,100
NN_TLCQM,0.5365915945379759,100
XGBoost_Target_Only,0.1002580968952167,200
KRR_Target_Only,20.85254207514767,200
NN_Target_Only,22.12347220537093,200
XGBoost_Pool,0.1025585854394706,200
KRR_Pool,1.553044561854568,200
NN_Pool,3.617563199588737,200
XGBoost_TLCQM,0.0977628733610275,200
KRR_TLCQM,1.742111012496723,200
NN_TLCQM,0.1070352642303487,200
XGBoost_Target_Only,0.1011805285652677,300
KRR_Target_Only,15.099289876992366,300
NN_Target_Only,6.291444706129859,300
XGBoost_Pool,0.100425479225119,300
KRR_Pool,1.5525413024800525,300
NN_Pool,3.872068332990143,300
XGBoost_TLCQM,0.0980104937569412,300
KRR_TLCQM,1.7114088723880638,300
NN_TLCQM,0.1069109944608141,300
XGBoost_Target_Only,0.0942059122996116,500
KRR_Target_Only,8.825278703564658,500
NN_Target_Only,0.317988083918114,500
XGBoost_Pool,0.0979454455834158,500
KRR_Pool,1.5434060078338545,500
NN_Pool,3.7499786540956346,500
XGBoost_TLCQM,0.0951599263905028,500
KRR_TLCQM,1.7165080694381152,500
NN_TLCQM,0.1011288692271942,500
XGBoost_Target_Only,0.1157180481940461,100
KRR_Target_Only,30.282875937675115,100
NN_Target_Only,23.281502395506543,100
XGBoost_Pool,0.1044339428075322,100
KRR_Pool,1.6385021568297709,100
NN_Pool,5.440698637006619,100
XGBoost_TLCQM,0.0992159461007941,100
KRR_TLCQM,1.814963603948977,100
NN_TLCQM,0.1959373892348101,100
XGBoost_Target_Only,0.120299414987413,200
KRR_Target_Only,20.504476874371957,200
NN_Target_Only,24.11798466148573,200
XGBoost_Pool,0.0998775959749097,200
KRR_Pool,1.617908813765597,200
NN_Pool,3.554015007456828,200
XGBoost_TLCQM,0.0978837519502097,200
KRR_TLCQM,1.796625330970172,200
NN_TLCQM,0.1590733437545844,200
XGBoost_Target_Only,0.1039506053882475,300
KRR_Target_Only,14.763124485877714,300
NN_Target_Only,0.485764654183515,300
XGBoost_Pool,0.097264425820057,300
KRR_Pool,1.5821772877991878,300
NN_Pool,6.081445912218896,300
XGBoost_TLCQM,0.0965728015353764,300
KRR_TLCQM,1.7787789554647075,300
NN_TLCQM,0.1369304875351424,300
XGBoost_Target_Only,0.0923851170841173,500
KRR_Target_Only,9.708994952246249,500
NN_Target_Only,1.954785577466794,500
XGBoost_Pool,0.0935900311613845,500
KRR_Pool,1.427972720884855,500
NN_Pool,3.68132577646038,500
XGBoost_TLCQM,0.0955442260659597,500
KRR_TLCQM,1.5904867675679708,500
NN_TLCQM,0.1082636460136615,500
XGBoost_Target_Only,0.1066508406728091,100
KRR_Target_Only,29.269232980504064,100
NN_Target_Only,27.95324841066128,100
XGBoost_Pool,0.1018862527125484,100
KRR_Pool,1.590138944984428,100
NN_Pool,5.502643840099721,100
XGBoost_TLCQM,0.0992166108837796,100
KRR_TLCQM,1.7527900383651591,100
NN_TLCQM,0.1143648632845711,100
XGBoost_Target_Only,0.1114870984691873,200
KRR_Target_Only,19.15089403291591,200
NN_Target_Only,23.713362758505653,200
XGBoost_Pool,0.1000179991097629,200
KRR_Pool,1.579391848379852,200
NN_Pool,3.297995451227223,200
XGBoost_TLCQM,0.0988924126566562,200
KRR_TLCQM,1.7384525210443664,200
NN_TLCQM,0.1054572163655866,200
XGBoost_Target_Only,0.1087895528030158,300
KRR_Target_Only,14.732235530693076,300
NN_Target_Only,6.252379270314487,300
XGBoost_Pool,0.0994501526834154,300
KRR_Pool,1.5306396055020275,300
NN_Pool,3.280708467948991,300
XGBoost_TLCQM,0.0980749512073933,300
KRR_TLCQM,1.6925338952019686,300
NN_TLCQM,0.1000514449321071,300
XGBoost_Target_Only,0.0924542820918958,500
KRR_Target_Only,8.618477536889515,500
NN_Target_Only,0.2268125908131609,500
XGBoost_Pool,0.0967332984055683,500
KRR_Pool,1.5435311064149255,500
NN_Pool,3.4966088426262902,500
XGBoost_TLCQM,0.0975721049217914,500
KRR_TLCQM,1.71683857250839,500
NN_TLCQM,0.1241099041321958,500
XGBoost_Target_Only,0.1123343334591379,100
KRR_Target_Only,29.603482034407133,100
NN_Target_Only,22.954226637800343,100
XGBoost_Pool,0.1003328004780053,100
KRR_Pool,1.5991547976889882,100
NN_Pool,3.1920958275243256,100
XGBoost_TLCQM,0.0995022069586536,100
KRR_TLCQM,1.7598406516243543,100
NN_TLCQM,0.102240724365071,100
XGBoost_Target_Only,0.1005143688884766,200
KRR_Target_Only,19.704048510469573,200
NN_Target_Only,20.722363354889048,200
XGBoost_Pool,0.0993381003304447,200
KRR_Pool,1.5856894573411675,200
NN_Pool,3.223487843097716,200
XGBoost_TLCQM,0.0990296174595686,200
KRR_TLCQM,1.7631275280760037,200
NN_TLCQM,0.1104228299320522,200
XGBoost_Target_Only,0.1003617210561453,300
KRR_Target_Only,14.370445498420686,300
NN_Target_Only,6.710662121342419,300
XGBoost_Pool,0.0980542065774159,300
KRR_Pool,1.542122056618109,300
NN_Pool,4.033396453488622,300
XGBoost_TLCQM,0.0989523368150459,300
KRR_TLCQM,1.7204813458459087,300
NN_TLCQM,0.2871476844285063,300
XGBoost_Target_Only,0.0958753214425728,500
KRR_Target_Only,9.577660741786651,500
NN_Target_Only,0.2916739021376887,500
XGBoost_Pool,0.0956709419888613,500
KRR_Pool,1.5329500588576483,500
NN_Pool,4.163262311124016,500
XGBoost_TLCQM,0.0978206639445851,500
KRR_TLCQM,1.70051508013958,500
NN_TLCQM,0.1099081175043306,500
XGBoost_Target_Only,0.12831365333286,100
KRR_Target_Only,28.63044219381357,100
NN_Target_Only,20.62229560143825,100
XGBoost_Pool,0.1067066581762927,100
KRR_Pool,1.6338103820097414,100
NN_Pool,6.333376117169068,100
XGBoost_TLCQM,0.1100685832126207,100
KRR_TLCQM,1.8160916229304191,100
NN_TLCQM,0.1105214878617351,100
XGBoost_Target_Only,0.1161646011425067,200
KRR_Target_Only,19.61510851085765,200
NN_Target_Only,21.764363257022644,200
XGBoost_Pool,0.0997029805498527,200
KRR_Pool,1.5189977525353149,200
NN_Pool,3.34701639898478,200
XGBoost_TLCQM,0.1047059758317011,200
KRR_TLCQM,1.6914040840276718,200
NN_TLCQM,0.1051807229939784,200
XGBoost_Target_Only,0.1019318014555071,300
KRR_Target_Only,13.836702534811272,300
NN_Target_Only,0.7416605705642813,300
XGBoost_Pool,0.0997172829489245,300
KRR_Pool,1.5263900859196358,300
NN_Pool,6.084216819599136,300
XGBoost_TLCQM,0.1036064039281797,300
KRR_TLCQM,1.692662505221396,300
NN_TLCQM,0.1034006392837488,300
XGBoost_Target_Only,0.0982700314212272,500
KRR_Target_Only,8.475828002786567,500
NN_Target_Only,0.2074509477413508,500
XGBoost_Pool,0.096885645730578,500
KRR_Pool,1.553582217350976,500
NN_Pool,3.4377133938332896,500
XGBoost_TLCQM,0.1045077567812173,500
KRR_TLCQM,1.73588420162111,500
NN_TLCQM,0.1704792004124253,500
XGBoost_Target_Only,0.1134759144877369,100
KRR_Target_Only,28.84180788148078,100
NN_Target_Only,17.381633850393623,100
XGBoost_Pool,0.1006692662541557,100
KRR_Pool,1.6676913551547548,100
NN_Pool,5.784671272084063,100
XGBoost_TLCQM,0.1017103382119746,100
KRR_TLCQM,1.8853317970796928,100
NN_TLCQM,0.1061614412393252,100
XGBoost_Target_Only,0.1087599883420418,200
KRR_Target_Only,20.036688220820416,200
NN_Target_Only,20.957174308328245,200
XGBoost_Pool,0.0993416755719918,200
KRR_Pool,1.6381716594537694,200
NN_Pool,3.667934929981049,200
XGBoost_TLCQM,0.1014272925226312,200
KRR_TLCQM,1.839943702754044,200
NN_TLCQM,0.3048849406331132,200
XGBoost_Target_Only,0.1121604056938386,300
KRR_Target_Only,13.566784401514592,300
NN_Target_Only,0.1962698471893613,300
XGBoost_Pool,0.0990629065159537,300
KRR_Pool,1.6193480437358552,300
NN_Pool,2.875584709288665,300
XGBoost_TLCQM,0.0995280473742727,300
KRR_TLCQM,1.804783108523544,300
NN_TLCQM,0.1193421736870662,300
XGBoost_Target_Only,0.0922593518248796,500
KRR_Target_Only,8.614902507724466,500
NN_Target_Only,0.3424884834532728,500
XGBoost_Pool,0.0949166116055382,500
KRR_Pool,1.5382397758149156,500
NN_Pool,3.4384831413647534,500
XGBoost_TLCQM,0.0954753312994892,500
KRR_TLCQM,1.681145699357025,500
NN_TLCQM,0.1203239717989444,500
XGBoost_Target_Only,0.1242871010129018,100
KRR_Target_Only,28.890588187154403,100
NN_Target_Only,22.4526922618786,100
XGBoost_Pool,0.1009795590084086,100
KRR_Pool,1.6488482686657024,100
NN_Pool,5.497739101102183,100
XGBoost_TLCQM,0.1028908108248766,100
KRR_TLCQM,1.83677517095492,100
NN_TLCQM,0.1364940203780327,100
XGBoost_Target_Only,0.1126213199964189,200
KRR_Target_Only,20.14004981576409,200
NN_Target_Only,22.54605826953687,200
XGBoost_Pool,0.1009822395106283,200
KRR_Pool,1.6114838089116843,200
NN_Pool,3.3826983353771563,200
XGBoost_TLCQM,0.1027229955434327,200
KRR_TLCQM,1.7888644606241202,200
NN_TLCQM,0.0999298842933069,200
XGBoost_Target_Only,0.1053722422924158,300
KRR_Target_Only,14.411940273121417,300
NN_Target_Only,0.3113156169398655,300
XGBoost_Pool,0.0988016270183497,300
KRR_Pool,1.5557926396457458,300
NN_Pool,3.3450608276035023,300
XGBoost_TLCQM,0.1015608766907264,300
KRR_TLCQM,1.7435523612944404,300
NN_TLCQM,0.1154758769310386,300
XGBoost_Target_Only,0.1042379937959331,500
KRR_Target_Only,8.211696856480765,500
NN_Target_Only,0.2421104027587508,500
XGBoost_Pool,0.0964919686057158,500
KRR_Pool,1.485215228970425,500
NN_Pool,3.0523048193893425,500
XGBoost_TLCQM,0.1024858364102387,500
KRR_TLCQM,1.6475492767465376,500
NN_TLCQM,0.1021957337308048,500
XGBoost_Target_Only,0.1333189858497227,100
KRR_Target_Only,28.70868922868697,100
NN_Target_Only,19.58777800832609,100
XGBoost_Pool,0.1005641439715704,100
KRR_Pool,1.657434207979823,100
NN_Pool,5.635245056860375,100
XGBoost_TLCQM,0.1143350512502671,100
KRR_TLCQM,1.857246848339299,100
NN_TLCQM,0.2071072847882165,100
XGBoost_Target_Only,0.103846874497455,200
KRR_Target_Only,18.18076806888449,200
NN_Target_Only,22.65443552464272,200
XGBoost_Pool,0.0980701474000141,200
KRR_Pool,1.525246723064161,200
NN_Pool,3.2669453318393216,200
XGBoost_TLCQM,0.1067357006346404,200
KRR_TLCQM,1.717125366943985,200
NN_TLCQM,0.1119920173222839,200
XGBoost_Target_Only,0.1011586398030372,300
KRR_Target_Only,14.153361838651902,300
NN_Target_Only,0.4658236164384136,300
XGBoost_Pool,0.0996272574851402,300
KRR_Pool,1.4505373141352422,300
NN_Pool,5.141962521817926,300
XGBoost_TLCQM,0.101734323978451,300
KRR_TLCQM,1.5931190129465442,300
NN_TLCQM,0.1462534459394238,300
XGBoost_Target_Only,0.1520268856192877,100
KRR_Target_Only,29.39308355177061,100
NN_Target_Only,18.469554312476653,100
XGBoost_Pool,0.1056796684147191,100
KRR_Pool,1.6525344673553906,100
NN_Pool,3.3741174346207803,100
XGBoost_TLCQM,0.110650484718738,100
KRR_TLCQM,1.8274418307539528,100
NN_TLCQM,0.1101875384670055,100
XGBoost_Target_Only,0.1078550548499068,200
KRR_Target_Only,18.292559865093097,200
NN_Target_Only,24.90514251886821,200
XGBoost_Pool,0.098935361324946,200
KRR_Pool,1.6220832863167514,200
NN_Pool,3.448091019945229,200
XGBoost_TLCQM,0.1038852235568078,200
KRR_TLCQM,1.8123888711954708,200
NN_TLCQM,0.1122541001569264,200
XGBoost_Target_Only,0.1119127769047349,300
KRR_Target_Only,12.770740332433066,300
NN_Target_Only,6.69127022802451,300
XGBoost_Pool,0.0996595149797924,300
KRR_Pool,1.576846479085235,300
NN_Pool,3.5298596847939723,300
XGBoost_TLCQM,0.1103043247936407,300
KRR_TLCQM,1.7909030409886186,300
NN_TLCQM,0.1075393062279379,300
XGBoost_Target_Only,0.0925330993140781,500
KRR_Target_Only,8.508877307039182,500
NN_Target_Only,0.1423520908194286,500
XGBoost_Pool,0.0969569849760616,500
KRR_Pool,1.43974453608882,500
NN_Pool,2.8624383913046536,500
XGBoost_TLCQM,0.1022556691380607,500
KRR_TLCQM,1.6155757665805586,500
NN_TLCQM,0.1162123212434442,500
XGBoost_Target_Only,0.109765567308188,100
KRR_Target_Only,29.18086876845885,100
NN_Target_Only,21.25159570049477,100
XGBoost_Pool,0.1028039438937761,100
KRR_Pool,1.6326573072482324,100
NN_Pool,5.783551420754908,100
XGBoost_TLCQM,0.1049594173770539,100
KRR_TLCQM,1.8479773110792868,100
NN_TLCQM,0.113295471887423,100
XGBoost_Target_Only,0.1018534232250965,200
KRR_Target_Only,20.4286333039885,200
NN_Target_Only,22.92382929628588,200
XGBoost_Pool,0.0982736471902692,200
KRR_Pool,1.5704765289608706,200
NN_Pool,5.54289431496508,200
XGBoost_TLCQM,0.0962698936953682,200
KRR_TLCQM,1.7418373977840862,200
NN_TLCQM,0.1124556882165414,200
XGBoost_Target_Only,0.1061358346442659,300
KRR_Target_Only,14.45980899886962,300
NN_Target_Only,0.6341246207549956,300
XGBoost_Pool,0.0969401293002538,300
KRR_Pool,1.553483445713251,300
NN_Pool,3.448837989326844,300
XGBoost_TLCQM,0.0975812293834751,300
KRR_TLCQM,1.7232496405581588,300
NN_TLCQM,0.1431375721356327,300
XGBoost_Target_Only,0.0947055946078517,500
KRR_Target_Only,10.305378002289675,500
NN_Target_Only,0.4296450396537917,500
XGBoost_Pool,0.0974352914681637,500
KRR_Pool,1.4845230368639588,500
NN_Pool,2.9854685172075364,500
XGBoost_TLCQM,0.096257758983217,500
KRR_TLCQM,1.6604620646818469,500
NN_TLCQM,0.1230868978588215,500
XGBoost_Target_Only,0.1096776547791303,100
KRR_Target_Only,29.90633307463916,100
NN_Target_Only,22.39521059395845,100
XGBoost_Pool,0.1018776496987046,100
KRR_Pool,1.602559232010491,100
NN_Pool,5.733995839925824,100
XGBoost_TLCQM,0.0999457493454189,100
KRR_TLCQM,1.7798932644670535,100
NN_TLCQM,0.1357627513345376,100
XGBoost_Target_Only,0.1041421578608477,200
KRR_Target_Only,19.522623981497933,200
NN_Target_Only,21.196609768806116,200
XGBoost_Pool,0.0983166614731746,200
KRR_Pool,1.5562531794912708,200
NN_Pool,5.607054429062858,200
XGBoost_TLCQM,0.1027368157764973,200
KRR_TLCQM,1.7165946192185149,200
NN_TLCQM,0.1073001735953135,200
XGBoost_Target_Only,0.0990944903678864,300
KRR_Target_Only,14.059497657689668,300
NN_Target_Only,6.299176633583857,300
XGBoost_Pool,0.0980983053517668,300
KRR_Pool,1.5651324809482523,300
NN_Pool,2.8749472731325216,300
XGBoost_TLCQM,0.0974756988027512,300
KRR_TLCQM,1.7239180307785558,300
NN_TLCQM,0.10462826258334,300
XGBoost_Target_Only,0.0982617009194453,500
KRR_Target_Only,9.04848879730926,500
NN_Target_Only,0.1411750271731523,500
XGBoost_Pool,0.0955829053312533,500
KRR_Pool,1.4733407680535633,500
NN_Pool,3.592409701956964,500
XGBoost_TLCQM,0.0962874385534438,500
KRR_TLCQM,1.6397833589803976,500
NN_TLCQM,0.0990832205369044,500
XGBoost_Target_Only,0.1185934205846987,100
KRR_Target_Only,29.45350383034473,100
NN_Target_Only,20.848209350513358,100
XGBoost_Pool,0.1019128165784786,100
KRR_Pool,1.623080373558957,100
NN_Pool,6.154766393574044,100
XGBoost_TLCQM,0.1009446627605257,100
KRR_TLCQM,1.8182870319008568,100
NN_TLCQM,0.1028188906476617,100
XGBoost_Target_Only,0.1152430527502163,200
KRR_Target_Only,18.162928206565944,200
NN_Target_Only,21.757552035692253,200
XGBoost_Pool,0.0967129247525398,200
KRR_Pool,1.5764677872607082,200
NN_Pool,3.270229016162544,200
XGBoost_TLCQM,0.1005781572761518,200
KRR_TLCQM,1.7646112067550142,200
NN_TLCQM,0.8505242852423538,200
XGBoost_Target_Only,0.0961283546358198,300
KRR_Target_Only,14.783596250190731,300
NN_Target_Only,0.6512363967436521,300
XGBoost_Pool,0.0962220942686135,300
KRR_Pool,1.5289758698273597,300
NN_Pool,3.4451873153443118,300
XGBoost_TLCQM,0.0978002272069706,300
KRR_TLCQM,1.6980644979889818,300
NN_TLCQM,0.1213911437427957,300
XGBoost_Target_Only,0.091586132947686,500
KRR_Target_Only,9.88026934789799,500
NN_Target_Only,0.1729917096578178,500
XGBoost_Pool,0.0962602231413856,500
KRR_Pool,1.4985760516258655,500
NN_Pool,3.4573469348296846,500
XGBoost_TLCQM,0.0950082136993875,500
KRR_TLCQM,1.6654334723789948,500
NN_TLCQM,0.1262818196949388,500
XGBoost_Target_Only,0.1182379775170239,100
KRR_Target_Only,28.14287634883224,100
NN_Target_Only,18.26796831147553,100
XGBoost_Pool,0.102027036975519,100
KRR_Pool,1.6257335743949617,100
NN_Pool,5.711508592368732,100
XGBoost_TLCQM,0.0992989392758517,100
KRR_TLCQM,1.7843596753670936,100
NN_TLCQM,0.1061989156165085,100
XGBoost_Target_Only,0.1054611296457569,200
KRR_Target_Only,17.356372521977082,200
NN_Target_Only,18.36406162940559,200
XGBoost_Pool,0.0981876424602338,200
KRR_Pool,1.644830228607512,200
NN_Pool,4.868405502024346,200
XGBoost_TLCQM,0.1016151648429777,200
KRR_TLCQM,1.8237062362304104,200
NN_TLCQM,0.1847407074402642,200
XGBoost_Target_Only,0.1018487664626145,300
KRR_Target_Only,13.795899815075646,300
NN_Target_Only,7.113201501488964,300
XGBoost_Pool,0.0973303628299349,300
KRR_Pool,1.6660031129077617,300
NN_Pool,3.4090222865124256,300
XGBoost_TLCQM,0.0975411296146328,300
KRR_TLCQM,1.83569725309632,300
NN_TLCQM,0.1084324835718288,300
XGBoost_Target_Only,0.093908134848025,500
KRR_Target_Only,8.021327203946523,500
NN_Target_Only,0.2067781342643416,500
XGBoost_Pool,0.0955524133064955,500
KRR_Pool,1.5410429000490928,500
NN_Pool,3.252277458737984,500
XGBoost_TLCQM,0.0959924814576733,500
KRR_TLCQM,1.686693445178458,500
NN_TLCQM,0.1531778706705407,500
XGBoost_Target_Only,0.1094035393281192,100
KRR_Target_Only,30.387682668559957,100
NN_Target_Only,22.25770920086716,100
XGBoost_Pool,0.0993062685785605,100
KRR_Pool,1.6354834124783766,100
NN_Pool,5.442655241127225,100
XGBoost_TLCQM,0.1066256481353919,100
KRR_TLCQM,1.8292732353148704,100
NN_TLCQM,0.1433309145331767,100
XGBoost_Target_Only,0.1073979265578316,200
KRR_Target_Only,21.37035919168612,200
NN_Target_Only,21.145225169423373,200
XGBoost_Pool,0.099765279709791,200
KRR_Pool,1.6475521491564056,200
NN_Pool,5.054226369725101,200
XGBoost_TLCQM,0.1038137241730127,200
KRR_TLCQM,1.8384872986641356,200
NN_TLCQM,0.1816832089344965,200
XGBoost_Target_Only,0.099165135366296,300
KRR_Target_Only,15.771858583999627,300
NN_Target_Only,0.3813673290759841,300
XGBoost_Pool,0.0991897307666466,300
KRR_Pool,1.6181286572996998,300
NN_Pool,3.3098814317722614,300
XGBoost_TLCQM,0.1008761071513007,300
KRR_TLCQM,1.7888544331558718,300
NN_TLCQM,0.1311122412276497,300
XGBoost_Target_Only,0.0953416442344921,500
KRR_Target_Only,9.953184658123291,500
NN_Target_Only,6.121255938494803,500
XGBoost_Pool,0.0967297403595751,500
KRR_Pool,1.5919598031149382,500
NN_Pool,3.3952081273527406,500
XGBoost_TLCQM,0.0970803186723801,500
KRR_TLCQM,1.7460202340487887,500
NN_TLCQM,0.1013973528554458,500
XGBoost_Target_Only,0.1239985692390499,100
KRR_Target_Only,29.56443867528913,100
NN_Target_Only,20.38829717983954,100
XGBoost_Pool,0.1041660093443521,100
KRR_Pool,1.605367903916323,100
NN_Pool,5.091675745337326,100
XGBoost_TLCQM,0.106308488846264,100
KRR_TLCQM,1.7604836984629204,100
NN_TLCQM,0.1753539292088457,100
XGBoost_Target_Only,0.1013733263014746,200
KRR_Target_Only,19.922504125423757,200
NN_Target_Only,20.16058585646517,200
XGBoost_Pool,0.1001475659103702,200
KRR_Pool,1.6088795010682857,200
NN_Pool,3.2821697254843696,200
XGBoost_TLCQM,0.0993168435876982,200
KRR_TLCQM,1.745179531918352,200
NN_TLCQM,0.1043271733355604,200
XGBoost_Target_Only,0.1053228850182767,300
KRR_Target_Only,15.636203540780365,300
NN_Target_Only,7.79611438296319,300
XGBoost_Pool,0.0981657011290671,300
KRR_Pool,1.5985466574931133,300
NN_Pool,3.3319820652424674,300
XGBoost_TLCQM,0.0985180728137508,300
KRR_TLCQM,1.7334636247029986,300
NN_TLCQM,0.1048009710244625,300
XGBoost_Target_Only,0.0952221006587736,500
KRR_Target_Only,9.213597244226545,500
NN_Target_Only,0.206630509913859,500
XGBoost_Pool,0.0963399434894542,500
KRR_Pool,1.5748663924927313,500
NN_Pool,3.3710712228986157,500
XGBoost_TLCQM,0.0975636682522665,500
KRR_TLCQM,1.7342258307678893,500
NN_TLCQM,0.1246870161213889,500
XGBoost_Target_Only,0.1142462603977018,100
KRR_Target_Only,31.30042984443385,100
NN_Target_Only,21.822148062883613,100
XGBoost_Pool,0.1018848078759382,100
KRR_Pool,1.6108419625079915,100
NN_Pool,5.7445370181845,100
XGBoost_TLCQM,0.1069693458640678,100
KRR_TLCQM,1.7918871711480229,100
NN_TLCQM,0.1055038978031436,100
XGBoost_Target_Only,0.1159696314023732,200
KRR_Target_Only,18.753740020343383,200
NN_Target_Only,22.387804069284897,200
XGBoost_Pool,0.1006495516256392,200
KRR_Pool,1.592376690477144,200
NN_Pool,3.4956865287940597,200
XGBoost_TLCQM,0.1103731975153782,200
KRR_TLCQM,1.785508076522046,200
NN_TLCQM,0.1460527274628095,200
XGBoost_Target_Only,0.1033335455840439,300
KRR_Target_Only,13.551243383018509,300
NN_Target_Only,6.66485463344248,300
XGBoost_Pool,0.0971503781649868,300
KRR_Pool,1.5607991059946558,300
NN_Pool,3.2275761840421846,300
XGBoost_TLCQM,0.1055538306658499,300
KRR_TLCQM,1.7378801916050834,300
NN_TLCQM,0.1882889936410572,300
XGBoost_Target_Only,0.0955290273626083,500
KRR_Target_Only,8.493986328372289,500
NN_Target_Only,0.1523427014543032,500
XGBoost_Pool,0.0932332570320779,500
KRR_Pool,1.5129368108650534,500
NN_Pool,4.418061238621133,500
XGBoost_TLCQM,0.1029848568023637,500
KRR_TLCQM,1.6537471204380738,500
NN_TLCQM,0.2900847547834094,500
XGBoost_Target_Only,0.1086964941183955,100
KRR_Target_Only,29.646856952482405,100
NN_Target_Only,22.946705134666704,100
XGBoost_Pool,0.1012745291191671,100
KRR_Pool,1.5637511698986144,100
NN_Pool,5.409865259527193,100
XGBoost_TLCQM,0.1019159186294189,100
KRR_TLCQM,1.7612389357470333,100
NN_TLCQM,0.1528150701680701,100
XGBoost_Target_Only,0.1028579742495238,200
KRR_Target_Only,19.81867581448955,200
NN_Target_Only,21.313142994456705,200
XGBoost_Pool,0.1029432196247059,200
KRR_Pool,1.5695837622129265,200
NN_Pool,3.616350189006495,200
XGBoost_TLCQM,0.1005893358818191,200
KRR_TLCQM,1.7345983868817425,200
NN_TLCQM,0.1337660520670818,200
XGBoost_Target_Only,0.098537124626907,300
KRR_Target_Only,12.975644783171628,300
NN_Target_Only,6.707135682694942,300
XGBoost_Pool,0.098628247356649,300
KRR_Pool,1.490477009273719,300
NN_Pool,3.279284836137062,300
XGBoost_TLCQM,0.098602218019356,300
KRR_TLCQM,1.6551007246622371,300
NN_TLCQM,0.2524094436696139,300
XGBoost_Target_Only,0.1087854953320824,500
KRR_Target_Only,9.163338279554004,500
NN_Target_Only,0.3004029437916616,500
XGBoost_Pool,0.0954511680759585,500
KRR_Pool,1.4062392884051786,500
NN_Pool,3.2323213232550394,500
XGBoost_TLCQM,0.1024713279717996,500
KRR_TLCQM,1.545377923312515,500
NN_TLCQM,0.1271077327273119,500
XGBoost_Target_Only,0.1134227941848368,100
KRR_Target_Only,30.97645881173036,100
NN_Target_Only,18.711419045431413,100
XGBoost_Pool,0.0977943707180089,100
KRR_Pool,1.6539830957083144,100
NN_Pool,5.765194144511942,100
XGBoost_TLCQM,0.1049158989062127,100
KRR_TLCQM,1.8335010298840573,100
NN_TLCQM,0.1215886635319549,100
XGBoost_Target_Only,0.1023382384366396,200
KRR_Target_Only,20.757682394155548,200
NN_Target_Only,22.234280230663927,200
XGBoost_Pool,0.098061582260382,200
KRR_Pool,1.611100942619227,200
NN_Pool,3.93428773891229,200
XGBoost_TLCQM,0.1013340280681166,200
KRR_TLCQM,1.808426940175586,200
NN_TLCQM,0.2044295921065932,200
XGBoost_Target_Only,0.096408572193688,300
KRR_Target_Only,14.202665678487447,300
NN_Target_Only,6.576981808249744,300
XGBoost_Pool,0.0986823305137045,300
KRR_Pool,1.5733294854111484,300
NN_Pool,3.6852966925327735,300
XGBoost_TLCQM,0.1001568212069785,300
KRR_TLCQM,1.7643283504095988,300
NN_TLCQM,0.1143999751345127,300
XGBoost_Target_Only,0.0967550936332079,500
KRR_Target_Only,8.966738536671164,500
NN_Target_Only,0.1718375183328564,500
XGBoost_Pool,0.0954663183351718,500
KRR_Pool,1.4378673362792602,500
NN_Pool,5.346632476223796,500
XGBoost_TLCQM,0.0976907706483083,500
KRR_TLCQM,1.6069035581437987,500
NN_TLCQM,0.1637858120960801,500
XGBoost_Target_Only,0.1202179287895683,100
KRR_Target_Only,30.60619551563553,100
NN_Target_Only,22.05154054871508,100
XGBoost_Pool,0.1022490581672874,100
KRR_Pool,1.605869835549447,100
NN_Pool,5.914559798642014,100
XGBoost_TLCQM,0.1023107951574593,100
KRR_TLCQM,1.7857783960150062,100
NN_TLCQM,0.1147825250727632,100
XGBoost_Target_Only,0.1060182543128289,200
KRR_Target_Only,19.48599833897261,200
NN_Target_Only,24.930413990960258,200
XGBoost_Pool,0.1003746889227293,200
KRR_Pool,1.5610003864635889,200
NN_Pool,3.6088430450775792,200
XGBoost_TLCQM,0.1008673749234194,200
KRR_TLCQM,1.7318318083082982,200
NN_TLCQM,0.1086104153299216,200
XGBoost_Target_Only,0.1012492288570807,300
KRR_Target_Only,13.843660707213784,300
NN_Target_Only,0.2442954435121075,300
XGBoost_Pool,0.0976630618687304,300
KRR_Pool,1.5652404531841737,300
NN_Pool,3.1645378007416745,300
XGBoost_TLCQM,0.1051700298530196,300
KRR_TLCQM,1.7474408374923307,300
NN_TLCQM,0.1103819986156589,300
XGBoost_Target_Only,0.0980636179966343,500
KRR_Target_Only,9.563619934466388,500
NN_Target_Only,6.133529169809379,500
XGBoost_Pool,0.0942359329351144,500
KRR_Pool,1.5579156872765612,500
NN_Pool,3.4985725445380877,500
XGBoost_TLCQM,0.0989910140719096,500
KRR_TLCQM,1.7114516665790402,500
NN_TLCQM,0.0987622129312427,500
XGBoost_Target_Only,0.1114492051258816,100
KRR_Target_Only,30.280738796555077,100
NN_Target_Only,18.961013318386687,100
XGBoost_Pool,0.1006795152593178,100
KRR_Pool,1.615478970399765,100
NN_Pool,5.83201998875532,100
XGBoost_TLCQM,0.1013224054692235,100
KRR_TLCQM,1.8037894195153756,100
NN_TLCQM,0.1343934253542347,100
XGBoost_Target_Only,0.110446745974614,200
KRR_Target_Only,20.627987726423992,200
NN_Target_Only,21.06743325128589,200
XGBoost_Pool,0.0996806377466452,200
KRR_Pool,1.5201005732822677,200
NN_Pool,3.4407428693396023,200
XGBoost_TLCQM,0.1047772703361769,200
KRR_TLCQM,1.699041141570745,200
NN_TLCQM,0.1031863463986745,200
XGBoost_Target_Only,0.1077802624563985,300
KRR_Target_Only,15.131780618153856,300
NN_Target_Only,7.827435701795562,300
XGBoost_Pool,0.0973810886718787,300
KRR_Pool,1.5004243113517033,300
NN_Pool,4.106563874866622,300
XGBoost_TLCQM,0.1009899485710914,300
KRR_TLCQM,1.6776613646042782,300
NN_TLCQM,0.1042886119037114,300
XGBoost_Target_Only,0.0944618008745385,500
KRR_Target_Only,9.771569720534083,500
NN_Target_Only,6.437885070557079,500
XGBoost_Pool,0.0953766492902554,500
KRR_Pool,1.5044218772688691,500
NN_Pool,4.084605978399578,500
XGBoost_TLCQM,0.0991987782400978,500
KRR_TLCQM,1.6742486474557108,500
NN_TLCQM,0.1320009100222798,500
XGBoost_Target_Only,0.1182118352254914,100
KRR_Target_Only,30.211857790196703,100
NN_Target_Only,23.571474568855667,100
XGBoost_Pool,0.1011033368411179,100
KRR_Pool,1.6480600688305274,100
NN_Pool,5.547636414268319,100
XGBoost_TLCQM,0.0992400095875942,100
KRR_TLCQM,1.8541378047737236,100
NN_TLCQM,0.1777554072555062,100
XGBoost_Target_Only,0.1135824024293831,200
KRR_Target_Only,19.536115722634943,200
NN_Target_Only,22.30471452040789,200
XGBoost_Pool,0.0994702997111308,200
KRR_Pool,1.6365195269328954,200
NN_Pool,3.2460994821199463,200
XGBoost_TLCQM,0.0987868113924327,200
KRR_TLCQM,1.81303548602888,200
NN_TLCQM,0.1077283377717947,200
XGBoost_Target_Only,0.0989575778234954,300
KRR_Target_Only,14.233641343736448,300
NN_Target_Only,8.204333168595207,300
XGBoost_Pool,0.0989293965612761,300
KRR_Pool,1.5528071580512912,300
NN_Pool,3.0563282194140573,300
XGBoost_TLCQM,0.0979936563782836,300
KRR_TLCQM,1.7140917135872429,300
NN_TLCQM,0.0980915880143238,300
XGBoost_Target_Only,0.0927126075092805,500
KRR_Target_Only,9.0697908361554,500
NN_Target_Only,0.2896580672551314,500
XGBoost_Pool,0.0961457079202539,500
KRR_Pool,1.4977724120904,500
NN_Pool,3.262813027343259,500
XGBoost_TLCQM,0.0979200158046222,500
KRR_TLCQM,1.667629561927918,500
NN_TLCQM,0.097904673334428,500
XGBoost_Target_Only,0.1098809029032347,100
KRR_Target_Only,31.020432760699965,100
NN_Target_Only,23.127360169612,100
XGBoost_Pool,0.1005803399623945,100
KRR_Pool,1.6156671185008462,100
NN_Pool,3.214262247187832,100
XGBoost_TLCQM,0.1040085133017861,100
KRR_TLCQM,1.7957710827779048,100
NN_TLCQM,0.1270827659692566,100
XGBoost_Target_Only,0.1110053943059416,200
KRR_Target_Only,20.635166007121768,200
NN_Target_Only,24.085337273082075,200
XGBoost_Pool,0.0998934342549484,200
KRR_Pool,1.504327476945596,200
NN_Pool,4.088810932556172,200
XGBoost_TLCQM,0.1040506153810347,200
KRR_TLCQM,1.6505655310401566,200
NN_TLCQM,0.1042847488817471,200
XGBoost_Target_Only,0.1015859439511085,300
KRR_Target_Only,14.378896865172694,300
NN_Target_Only,10.130684113668714,300
XGBoost_Pool,0.0974816821271537,300
KRR_Pool,1.4689558301889734,300
NN_Pool,6.116744189943542,300
XGBoost_TLCQM,0.0971828686835334,300
KRR_TLCQM,1.6024437409630117,300
NN_TLCQM,0.1655856846631693,300
XGBoost_Target_Only,0.0938796402953143,500
KRR_Target_Only,8.527461196357141,500
NN_Target_Only,1.2313318299539853,500
XGBoost_Pool,0.0949344334460017,500
KRR_Pool,1.4271274894115349,500
NN_Pool,4.07603115415387,500
XGBoost_TLCQM,0.0939595551577054,500
KRR_TLCQM,1.5459371249238971,500
NN_TLCQM,0.1190133294805312,500
XGBoost_Target_Only,0.1422767385437931,100
KRR_Target_Only,29.278726708697175,100
NN_Target_Only,16.743146415830736,100
XGBoost_Pool,0.1018618717946718,100
KRR_Pool,1.6363392103254222,100
NN_Pool,5.834511314439852,100
XGBoost_TLCQM,0.1031535719085397,100
KRR_TLCQM,1.807475476789204,100
NN_TLCQM,0.1040137373631771,100
XGBoost_Target_Only,0.1096606447584361,200
KRR_Target_Only,19.43482165703616,200
NN_Target_Only,17.543608048238553,200
XGBoost_Pool,0.1002246167842531,200
KRR_Pool,1.5958195257273775,200
NN_Pool,3.361736954358276,200
XGBoost_TLCQM,0.0962999096518351,200
KRR_TLCQM,1.7513446771073624,200
NN_TLCQM,0.1064179358094905,200
XGBoost_Target_Only,0.103470880917264,300
KRR_Target_Only,14.682519469481996,300
NN_Target_Only,0.3498798255658683,300
XGBoost_Pool,0.0969040339432665,300
KRR_Pool,1.577102551439658,300
NN_Pool,4.164929600530087,300
XGBoost_TLCQM,0.1035478449005231,300
KRR_TLCQM,1.7541924992779343,300
NN_TLCQM,0.1558148890798608,300
XGBoost_Target_Only,0.0939088480377694,500
KRR_Target_Only,9.220491107270764,500
NN_Target_Only,0.2659230560478629,500
XGBoost_Pool,0.0941691444355676,500
KRR_Pool,1.4190322132576112,500
NN_Pool,3.2054133405127256,500
XGBoost_TLCQM,0.1011633389024899,500
KRR_TLCQM,1.5799270346174386,500
NN_TLCQM,0.1242597977543708,500
XGBoost_Target_Only,0.1349402030296562,100
KRR_Target_Only,31.376947669841574,100
NN_Target_Only,21.701965836996223,100
XGBoost_Pool,0.1000527471509973,100
KRR_Pool,1.6427341381435092,100
NN_Pool,5.257486318593492,100
XGBoost_TLCQM,0.1007969613786341,100
KRR_TLCQM,1.8770580881762904,100
NN_TLCQM,0.1005020233109909,100
XGBoost_Target_Only,0.1056121742749756,200
KRR_Target_Only,19.5416097604104,200
NN_Target_Only,20.31115234455224,200
XGBoost_Pool,0.0976904153727444,200
KRR_Pool,1.584409830026743,200
NN_Pool,3.653042905234967,200
XGBoost_TLCQM,0.1006517186554281,200
KRR_TLCQM,1.7717130694295058,200
NN_TLCQM,0.0998418182994086,200
XGBoost_Target_Only,0.1022709349299157,300
KRR_Target_Only,14.266469611287564,300
NN_Target_Only,6.218151857364686,300
XGBoost_Pool,0.0990283000374782,300
KRR_Pool,1.5664195554345008,300
NN_Pool,4.69338785513305,300
XGBoost_TLCQM,0.0985943503382407,300
KRR_TLCQM,1.7363507225720995,300
NN_TLCQM,0.1080233184979084,300
XGBoost_Target_Only,0.0957002984847371,500
KRR_Target_Only,9.145355823485817,500
NN_Target_Only,0.3172069775421327,500
XGBoost_Pool,0.0962132243417573,500
KRR_Pool,1.5258913964685636,500
NN_Pool,3.44764649840979,500
XGBoost_TLCQM,0.0962882071953471,500
KRR_TLCQM,1.7088441669016885,500
NN_TLCQM,0.0971356358063481,500
XGBoost_Target_Only,0.1039692483138553,100
KRR_Target_Only,29.688655917003107,100
NN_Target_Only,23.2177524305862,100
XGBoost_Pool,0.0993287940491065,100
KRR_Pool,1.6218998711857722,100
NN_Pool,5.966357681983016,100
XGBoost_TLCQM,0.1003163011365292,100
KRR_TLCQM,1.8317108008113887,100
NN_TLCQM,0.1424073968853867,100
XGBoost_Target_Only,0.0992262096882429,200
KRR_Target_Only,20.194863753114912,200
NN_Target_Only,23.69929210085494,200
XGBoost_Pool,0.096146559612766,200
KRR_Pool,1.601817579444952,200
NN_Pool,3.204451295526848,200
XGBoost_TLCQM,0.0984390378992074,200
KRR_TLCQM,1.7661320948563564,200
NN_TLCQM,0.1059333202457522,200
XGBoost_Target_Only,0.0984304535975067,300
KRR_Target_Only,14.477029937861593,300
NN_Target_Only,5.631048276251857,300
XGBoost_Pool,0.0960122313395673,300
KRR_Pool,1.5880144019509352,300
NN_Pool,6.255360442051867,300
XGBoost_TLCQM,0.0983549379571841,300
KRR_TLCQM,1.7544030800901786,300
NN_TLCQM,0.1037106263203375,300
XGBoost_Target_Only,0.129514507420443,100
KRR_Target_Only,29.516667438809858,100
NN_Target_Only,18.994618806369584,100
XGBoost_Pool,0.1008345473256246,100
KRR_Pool,1.63364969815455,100
NN_Pool,5.598466755064023,100
XGBoost_TLCQM,0.1009429289972345,100
KRR_TLCQM,1.8264374692263456,100
NN_TLCQM,0.1016968857150387,100
XGBoost_Target_Only,0.1127381359693071,200
KRR_Target_Only,19.28261623548121,200
NN_Target_Only,20.84650784899819,200
XGBoost_Pool,0.0999964434647761,200
KRR_Pool,1.6174763201931546,200
NN_Pool,5.082254825517338,200
XGBoost_TLCQM,0.0982549467623616,200
KRR_TLCQM,1.8043345903686248,200
NN_TLCQM,0.1054038637133444,200
XGBoost_Target_Only,0.1029506247856742,300
KRR_Target_Only,13.917928961989288,300
NN_Target_Only,0.3044159036495872,300
XGBoost_Pool,0.0988588686375452,300
KRR_Pool,1.5689506904269337,300
NN_Pool,3.3071224316756247,300
XGBoost_TLCQM,0.0981419703529385,300
KRR_TLCQM,1.733745815967893,300
NN_TLCQM,0.1227387372510569,300
XGBoost_Target_Only,0.0944045921146325,500
KRR_Target_Only,8.599306522991643,500
NN_Target_Only,0.6135900376277379,500
XGBoost_Pool,0.096086036421623,500
KRR_Pool,1.542299563782521,500
NN_Pool,4.216816005525284,500
XGBoost_TLCQM,0.0958847141399191,500
KRR_TLCQM,1.7013341676157745,500
NN_TLCQM,0.0981107360916097,500
XGBoost_Target_Only,0.1124492597818725,100
KRR_Target_Only,29.8691329100262,100
NN_Target_Only,20.04933174185388,100
XGBoost_Pool,0.1030133771671,100
KRR_Pool,1.6431412006516888,100
NN_Pool,5.867835062301807,100
XGBoost_TLCQM,0.1091395585980592,100
KRR_TLCQM,1.830199249968728,100
NN_TLCQM,0.1092430306113223,100
XGBoost_Target_Only,0.1029761601858147,200
KRR_Target_Only,18.838135370300403,200
NN_Target_Only,21.493112889141862,200
XGBoost_Pool,0.1003340215248534,200
KRR_Pool,1.6044565414872642,200
NN_Pool,3.524688146167329,200
XGBoost_TLCQM,0.0988765382637053,200
KRR_TLCQM,1.754434335047044,200
NN_TLCQM,0.1076191444927326,200
XGBoost_Target_Only,0.0979463045749951,300
KRR_Target_Only,13.226444125245656,300
NN_Target_Only,7.584949118141048,300
XGBoost_Pool,0.0993140537149087,300
KRR_Pool,1.562885831016054,300
NN_Pool,4.209920398505126,300
XGBoost_TLCQM,0.0961581015940036,300
KRR_TLCQM,1.7111160344254857,300
NN_TLCQM,0.1005623092113816,300
XGBoost_Target_Only,0.0934633773500458,500
KRR_Target_Only,8.623387642487296,500
NN_Target_Only,4.706828778740284,500
XGBoost_Pool,0.0960164143531527,500
KRR_Pool,1.5240686840867996,500
NN_Pool,3.4253844042197925,500
XGBoost_TLCQM,0.0960796775376199,500
KRR_TLCQM,1.6707426151611109,500
NN_TLCQM,0.0991735454880165,500
XGBoost_Target_Only,0.1191816959339926,100
KRR_Target_Only,28.576271489113168,100
NN_Target_Only,21.304365725932165,100
XGBoost_Pool,0.1026707734622443,100
KRR_Pool,1.6395387024061432,100
NN_Pool,5.7896330520751045,100
XGBoost_TLCQM,0.0998928155241743,100
KRR_TLCQM,1.8309830236146127,100
NN_TLCQM,0.098391294601146,100
XGBoost_Target_Only,0.1116152552587525,200
KRR_Target_Only,19.630941921832257,200
NN_Target_Only,19.541264087097797,200
XGBoost_Pool,0.1016665644113928,200
KRR_Pool,1.6456593662931482,200
NN_Pool,3.1759994192870926,200
XGBoost_TLCQM,0.1025444825607072,200
KRR_TLCQM,1.8287000780466065,200
NN_TLCQM,0.0993746825963303,200
XGBoost_Target_Only,0.103348652833957,300
KRR_Target_Only,14.654541213961076,300
NN_Target_Only,6.498758112209763,300
XGBoost_Pool,0.0988718149030741,300
KRR_Pool,1.608400517640472,300
NN_Pool,2.6789384737111472,300
XGBoost_TLCQM,0.1017460360487046,300
KRR_TLCQM,1.8007613937836524,300
NN_TLCQM,0.099266094478167,300
XGBoost_Target_Only,0.0933300429770538,500
KRR_Target_Only,9.375356588138064,500
NN_Target_Only,0.3100247799313291,500
XGBoost_Pool,0.0953801486967071,500
KRR_Pool,1.5321258820704875,500
NN_Pool,4.183516481453286,500
XGBoost_TLCQM,0.0983432662942624,500
KRR_TLCQM,1.704029404943414,500
NN_TLCQM,0.1066708229744575,500
XGBoost_Target_Only,0.1070392080960408,100
KRR_Target_Only,28.758523171291177,100
NN_Target_Only,21.214514195698545,100
XGBoost_Pool,0.1011599622902333,100
KRR_Pool,1.583795732441045,100
NN_Pool,5.41193654418004,100
XGBoost_TLCQM,0.0986603827144087,100
KRR_TLCQM,1.7438974118314394,100
NN_TLCQM,0.1050162783355637,100
XGBoost_Target_Only,0.1049287431268592,200
KRR_Target_Only,19.04846633603105,200
NN_Target_Only,20.22339168568271,200
XGBoost_Pool,0.1005442405707561,200
KRR_Pool,1.5895888403439302,200
NN_Pool,3.4901362215063703,200
XGBoost_TLCQM,0.101620473562344,200
KRR_TLCQM,1.75563986140616,200
NN_TLCQM,0.1020797403248006,200
XGBoost_Target_Only,0.1129204052483174,300
KRR_Target_Only,14.636533946663754,300
NN_Target_Only,0.2939056101659539,300
XGBoost_Pool,0.0992452879693348,300
KRR_Pool,1.607585358088744,300
NN_Pool,3.4368808553323915,300
XGBoost_TLCQM,0.0984493318313684,300
KRR_TLCQM,1.7806977270731856,300
NN_TLCQM,0.1003816952483825,300
XGBoost_Target_Only,0.0969720888320194,500
KRR_Target_Only,8.916273093580987,500
NN_Target_Only,0.2082558791419255,500
XGBoost_Pool,0.0970684833045637,500
KRR_Pool,1.6426280278831078,500
NN_Pool,3.67003712791353,500
XGBoost_TLCQM,0.1003104633956754,500
KRR_TLCQM,1.8227515832293253,500
NN_TLCQM,0.14670763529064,500
XGBoost_Target_Only,0.1276931326251522,100
KRR_Target_Only,30.23987506441337,100
NN_Target_Only,18.451211905129696,100
XGBoost_Pool,0.1016603703882816,100
KRR_Pool,1.5966515897975522,100
NN_Pool,5.771897838175033,100
XGBoost_TLCQM,0.1047812110513512,100
KRR_TLCQM,1.78077319267583,100
NN_TLCQM,0.0986637604542493,100
XGBoost_Target_Only,0.1094201682043486,200
KRR_Target_Only,17.906658461146435,200
NN_Target_Only,22.996994341772456,200
XGBoost_Pool,0.1005934620280427,200
KRR_Pool,1.542647706150617,200
NN_Pool,3.30389084856042,200
XGBoost_TLCQM,0.0978734860415945,200
KRR_TLCQM,1.7126777340771733,200
NN_TLCQM,0.109305189900012,200
XGBoost_Target_Only,0.1065600549548603,300
KRR_Target_Only,13.462389556577143,300
NN_Target_Only,7.42579163554865,300
XGBoost_Pool,0.1004752813582861,300
KRR_Pool,1.5501131514182491,300
NN_Pool,2.5226998139328827,300
XGBoost_TLCQM,0.098085722976192,300
KRR_TLCQM,1.7074514923445223,300
NN_TLCQM,0.1035585862650831,300
XGBoost_Target_Only,0.0966235915634814,500
KRR_Target_Only,9.224128504170364,500
NN_Target_Only,0.4973353489207183,500
XGBoost_Pool,0.0964375414635527,500
KRR_Pool,1.4952275681781464,500
NN_Pool,3.4897167205343957,500
XGBoost_TLCQM,0.0968416973752156,500
KRR_TLCQM,1.6313897973392857,500
NN_TLCQM,0.0989962922461995,500
XGBoost_Target_Only,0.1172570935246534,100
KRR_Target_Only,30.27603084188092,100
NN_Target_Only,22.182373504281536,100
XGBoost_Pool,0.099020288295705,100
KRR_Pool,1.5477734916283885,100
NN_Pool,5.660926157262785,100
XGBoost_TLCQM,0.108277702319755,100
KRR_TLCQM,1.7499174380720262,100
NN_TLCQM,0.1142948024607742,100
XGBoost_Target_Only,0.102268368863845,200
KRR_Target_Only,18.79684621105197,200
NN_Target_Only,18.87239083920085,200
XGBoost_Pool,0.0987257161437285,200
KRR_Pool,1.565130154732275,200
NN_Pool,3.4299789557864675,200
XGBoost_TLCQM,0.1045868454210773,200
KRR_TLCQM,1.7420860508238578,200
NN_TLCQM,0.105162864304329,200
XGBoost_Target_Only,0.098534163107082,300
KRR_Target_Only,13.85561378121933,300
NN_Target_Only,1.3898559359060303,300
XGBoost_Pool,0.0971243420507293,300
KRR_Pool,1.4946906896471204,300
NN_Pool,3.212486001679012,300
XGBoost_TLCQM,0.0996292005791542,300
KRR_TLCQM,1.6555552558827364,300
NN_TLCQM,0.1063992933405455,300
XGBoost_Target_Only,0.0981245315422523,500
KRR_Target_Only,8.696392351490966,500
NN_Target_Only,0.6082400162043784,500
XGBoost_Pool,0.0962742413579209,500
KRR_Pool,1.431023100063904,500
NN_Pool,2.8868053941273417,500
XGBoost_TLCQM,0.0941440667283639,500
KRR_TLCQM,1.5765368473290176,500
NN_TLCQM,0.0977776778824161,500
XGBoost_Target_Only,0.1036557333529949,100
KRR_Target_Only,28.809281152334236,100
NN_Target_Only,21.765767324846085,100
XGBoost_Pool,0.1017012239726959,100
KRR_Pool,1.6274753079902158,100
NN_Pool,6.193423326913613,100
XGBoost_TLCQM,0.0986069140384303,100
KRR_TLCQM,1.8120253252307976,100
NN_TLCQM,0.2668165341420848,100
XGBoost_Target_Only,0.1095943001725131,200
KRR_Target_Only,19.068225871571247,200
NN_Target_Only,21.54050157829391,200
XGBoost_Pool,0.0996070264351338,200
KRR_Pool,1.6039479970061683,200
NN_Pool,3.187522362225236,200
XGBoost_TLCQM,0.0973653229181095,200
KRR_TLCQM,1.793991560357562,200
NN_TLCQM,0.0965049445207993,200
XGBoost_Target_Only,0.0958935493566503,300
KRR_Target_Only,13.692365931125522,300
NN_Target_Only,6.248657547059342,300
XGBoost_Pool,0.0988844700499165,300
KRR_Pool,1.6006800045431446,300
NN_Pool,3.1983523388393245,300
XGBoost_TLCQM,0.0979463555514164,300
KRR_TLCQM,1.7808664174900293,300
NN_TLCQM,0.1502808790053993,300
XGBoost_Target_Only,0.0925888270299722,500
KRR_Target_Only,9.1761238611045,500
NN_Target_Only,0.7911198851521865,500
XGBoost_Pool,0.0932418636440009,500
KRR_Pool,1.4901101441981728,500
NN_Pool,3.2180917666657662,500
XGBoost_TLCQM,0.0977270463239708,500
KRR_TLCQM,1.6760409282119113,500
NN_TLCQM,0.1166018604873027,500
XGBoost_Target_Only,0.1103733354839819,100
KRR_Target_Only,30.468150789774104,100
NN_Target_Only,17.36828483881318,100
XGBoost_Pool,0.099475527129748,100
KRR_Pool,1.6618875387097345,100
NN_Pool,5.650049889519531,100
XGBoost_TLCQM,0.1014199676825444,100
KRR_TLCQM,1.8474290190416431,100
NN_TLCQM,0.1132860952051579,100
XGBoost_Target_Only,0.109255434782448,200
KRR_Target_Only,20.583845640765784,200
NN_Target_Only,17.80615876233745,200
XGBoost_Pool,0.0986054678193447,200
KRR_Pool,1.653030602590993,200
NN_Pool,3.2182667567684264,200
XGBoost_TLCQM,0.1038006903243118,200
KRR_TLCQM,1.846698582358845,200
NN_TLCQM,0.115043746977016,200
XGBoost_Target_Only,0.1225632482651873,100
KRR_Target_Only,28.05309762988038,100
NN_Target_Only,22.208237886809695,100
XGBoost_Pool,0.1019843734112904,100
KRR_Pool,1.6330476175650517,100
NN_Pool,5.535148635453117,100
XGBoost_TLCQM,0.1040137372067914,100
KRR_TLCQM,1.8380120221383796,100
NN_TLCQM,0.1087630825328342,100
XGBoost_Target_Only,0.1011217828209318,200
KRR_Target_Only,18.8371988920437,200
NN_Target_Only,23.585273010924887,200
XGBoost_Pool,0.1018146816780845,200
KRR_Pool,1.5880480719715748,200
NN_Pool,3.6104643100707015,200
XGBoost_TLCQM,0.1009730581817178,200
KRR_TLCQM,1.7652141142758926,200
NN_TLCQM,0.0988595467472695,200
XGBoost_Target_Only,0.1014318287973977,300
KRR_Target_Only,13.446463826170406,300
NN_Target_Only,0.2934266475434985,300
XGBoost_Pool,0.0990100429385559,300
KRR_Pool,1.574976598072658,300
NN_Pool,5.483512102757301,300
XGBoost_TLCQM,0.0990345111665517,300
KRR_TLCQM,1.737795643493851,300
NN_TLCQM,0.143390440938788,300
XGBoost_Target_Only,0.0936497138935189,500
KRR_Target_Only,9.193971682135937,500
NN_Target_Only,0.4153490177516792,500
XGBoost_Pool,0.0971051824003935,500
KRR_Pool,1.5173542322969893,500
NN_Pool,3.2032999205741817,500
XGBoost_TLCQM,0.0963200926675822,500
KRR_TLCQM,1.6755924543218277,500
NN_TLCQM,0.1195302440111164,500
XGBoost_Target_Only,0.1148491515864788,100
KRR_Target_Only,30.653928561935817,100
NN_Target_Only,22.31910524455112,100
XGBoost_Pool,0.1007109674549963,100
KRR_Pool,1.6214680765936131,100
NN_Pool,3.382892951185677,100
XGBoost_TLCQM,0.1003140822718857,100
KRR_TLCQM,1.7694259689199376,100
NN_TLCQM,0.1062987069836379,100
XGBoost_Target_Only,0.1155804298964066,200
KRR_Target_Only,17.46570549296797,200
NN_Target_Only,22.357386251443,200
XGBoost_Pool,0.099326970908203,200
KRR_Pool,1.6005764200139927,200
NN_Pool,3.345396636216743,200
XGBoost_TLCQM,0.1074079635526152,200
KRR_TLCQM,1.8042469032288109,200
NN_TLCQM,0.1088455113053496,200
XGBoost_Target_Only,0.1091648304114723,300
KRR_Target_Only,13.894897778693656,300
NN_Target_Only,0.3184735015214406,300
XGBoost_Pool,0.0989876064189611,300
KRR_Pool,1.5404147612022296,300
NN_Pool,5.569655198163122,300
XGBoost_TLCQM,0.1040365049201389,300
KRR_TLCQM,1.7228406091292148,300
NN_TLCQM,0.1713556392391172,300
XGBoost_Target_Only,0.099163958117289,500
KRR_Target_Only,9.235767590886043,500
NN_Target_Only,0.1824435565868293,500
XGBoost_Pool,0.0989623243971801,500
KRR_Pool,1.4653582640670122,500
NN_Pool,3.270831156930399,500
XGBoost_TLCQM,0.0967166919536154,500
KRR_TLCQM,1.6301915587995068,500
NN_TLCQM,0.3428932583931104,500
XGBoost_Target_Only,0.1156854826854382,100
KRR_Target_Only,28.96420605158737,100
NN_Target_Only,21.203670817214856,100
XGBoost_Pool,0.0992831476999241,100
KRR_Pool,1.6458345925380875,100
NN_Pool,3.415751678392523,100
XGBoost_TLCQM,0.1002360809858231,100
KRR_TLCQM,1.8277568396918569,100
NN_TLCQM,0.1228606723975163,100
XGBoost_Target_Only,0.1111605649747473,200
KRR_Target_Only,19.219398828874752,200
NN_Target_Only,21.9397586169423,200
XGBoost_Pool,0.099411306806308,200
KRR_Pool,1.6406666972421156,200
NN_Pool,3.4407767020439097,200
XGBoost_TLCQM,0.1014662226438973,200
KRR_TLCQM,1.847427689081583,200
NN_TLCQM,0.102310905300079,200
XGBoost_Target_Only,0.1003411711195331,300
KRR_Target_Only,14.64723972138454,300
NN_Target_Only,0.3220999713005537,300
XGBoost_Pool,0.0967943313163652,300
KRR_Pool,1.626489799070474,300
NN_Pool,5.099968138738059,300
XGBoost_TLCQM,0.0981700900445406,300
KRR_TLCQM,1.81619741970653,300
NN_TLCQM,0.1130360856433845,300
XGBoost_Target_Only,0.0968233214035086,500
KRR_Target_Only,8.763603872349941,500
NN_Target_Only,0.2733914511316589,500
XGBoost_Pool,0.0950129747594399,500
KRR_Pool,1.533911608933519,500
NN_Pool,5.105490885634412,500
XGBoost_TLCQM,0.0943578875280532,500
KRR_TLCQM,1.6837030355433589,500
NN_TLCQM,0.1020165204030227,500
XGBoost_Target_Only,0.1225567316655452,100
KRR_Target_Only,28.555544116931014,100
NN_Target_Only,22.367864845139465,100
XGBoost_Pool,0.1035003447711055,100
KRR_Pool,1.6306185314124488,100
NN_Pool,5.712326925176587,100
XGBoost_TLCQM,0.1025480829048035,100
KRR_TLCQM,1.8294030733762043,100
NN_TLCQM,0.0991311985129045,100
XGBoost_Target_Only,0.1018184495972441,200
KRR_Target_Only,18.161771422796736,200
NN_Target_Only,23.81524371909907,200
XGBoost_Pool,0.1007771734320672,200
KRR_Pool,1.5463831612929233,200
NN_Pool,3.534946680905072,200
XGBoost_TLCQM,0.0981386624276724,200
KRR_TLCQM,1.7099097910986625,200
NN_TLCQM,0.1970151916849262,200
XGBoost_Target_Only,0.0965002583265066,300
KRR_Target_Only,12.730604054687731,300
NN_Target_Only,6.689552469773045,300
XGBoost_Pool,0.0992926624746125,300
KRR_Pool,1.5385009016281097,300
NN_Pool,3.3189681810360807,300
XGBoost_TLCQM,0.0994176143000937,300
KRR_TLCQM,1.706269574077177,300
NN_TLCQM,0.1234286112535203,300
XGBoost_Target_Only,0.0995929373782529,500
KRR_Target_Only,8.225710267758986,500
NN_Target_Only,0.3473355362125425,500
XGBoost_Pool,0.0994277244102535,500
KRR_Pool,1.458856557492875,500
NN_Pool,3.3036072665326603,500
XGBoost_TLCQM,0.1027552940066363,500
KRR_TLCQM,1.6199069904012426,500
NN_TLCQM,0.1435922731206284,500
XGBoost_Target_Only,0.125185832817795,100
KRR_Target_Only,30.997461889522675,100
NN_Target_Only,25.3418154553176,100
XGBoost_Pool,0.1013064516918853,100
KRR_Pool,1.6224674356981188,100
NN_Pool,5.757944868116561,100
XGBoost_TLCQM,0.1080839141025812,100
KRR_TLCQM,1.8318939817264224,100
NN_TLCQM,0.109973728547917,100
XGBoost_Target_Only,0.1112179806890095,200
KRR_Target_Only,18.66893580348196,200
NN_Target_Only,22.044361793502222,200
XGBoost_Pool,0.1005151074504987,200
KRR_Pool,1.591911812189072,200
NN_Pool,3.216628791306806,200
XGBoost_TLCQM,0.0998002577631787,200
KRR_TLCQM,1.7564540343772927,200
NN_TLCQM,0.1008386066600537,200
XGBoost_Target_Only,0.1071909639491648,300
KRR_Target_Only,13.017911958442845,300
NN_Target_Only,6.26482854036927,300
XGBoost_Pool,0.0994464782569697,300
KRR_Pool,1.589374223862542,300
NN_Pool,3.367633367997386,300
XGBoost_TLCQM,0.1000313981451982,300
KRR_TLCQM,1.7439247434508576,300
NN_TLCQM,0.1009229225037369,300
XGBoost_Target_Only,0.1002663535211703,500
KRR_Target_Only,8.671968417059505,500
NN_Target_Only,0.1479586304375102,500
XGBoost_Pool,0.0994367302617595,500
KRR_Pool,1.5190200808567509,500
NN_Pool,3.7803647861288807,500
XGBoost_TLCQM,0.1000117036698579,500
KRR_TLCQM,1.6650237297215296,500
NN_TLCQM,0.1018966646272103,500
XGBoost_Target_Only,0.1226626951584905,100
KRR_Target_Only,27.3347299932814,100
NN_Target_Only,20.026673047182896,100
XGBoost_Pool,0.1010614400075509,100
KRR_Pool,1.6418665144867377,100
NN_Pool,5.495367745368803,100
XGBoost_TLCQM,0.1122849857306829,100
KRR_TLCQM,1.8643395611078464,100
NN_TLCQM,0.1068361397531102,100
XGBoost_Target_Only,0.1072534784346433,200
KRR_Target_Only,18.86330361381413,200
NN_Target_Only,24.84290047904221,200
XGBoost_Pool,0.0995298351478824,200
KRR_Pool,1.5599434408660475,200
NN_Pool,4.022416464891215,200
XGBoost_TLCQM,0.1007358748288274,200
KRR_TLCQM,1.7406630679258364,200
NN_TLCQM,0.1049355724894423,200
XGBoost_Target_Only,0.098492748849205,300
KRR_Target_Only,14.311485609529695,300
NN_Target_Only,0.6064204243028093,300
XGBoost_Pool,0.0984635283884835,300
KRR_Pool,1.5071464225029765,300
NN_Pool,5.339798349440871,300
XGBoost_TLCQM,0.1004586655296329,300
KRR_TLCQM,1.6772808256620029,300
NN_TLCQM,0.1095347434224092,300
XGBoost_Target_Only,0.0953531792032759,500
KRR_Target_Only,8.909593444929591,500
NN_Target_Only,0.3927380601514419,500
XGBoost_Pool,0.0969353263221834,500
KRR_Pool,1.419409442719955,500
NN_Pool,3.2932509164274584,500
XGBoost_TLCQM,0.1015743378366498,500
KRR_TLCQM,1.586381619475308,500
NN_TLCQM,0.1018654442413751,500
XGBoost_Target_Only,0.1372577554319608,100
KRR_Target_Only,31.290869888319243,100
NN_Target_Only,22.445353305511805,100
XGBoost_Pool,0.0981066240552089,100
KRR_Pool,1.5914504284698856,100
NN_Pool,6.227239860955465,100
XGBoost_TLCQM,0.1011153951794483,100
KRR_TLCQM,1.7696879979502569,100
NN_TLCQM,0.135066136868658,100
XGBoost_Target_Only,0.1176520278378069,200
KRR_Target_Only,18.42155017448407,200
NN_Target_Only,20.447212014819662,200
XGBoost_Pool,0.096918658353801,200
KRR_Pool,1.5886065892150003,200
NN_Pool,3.6954977604523616,200
XGBoost_TLCQM,0.0985965004455258,200
KRR_TLCQM,1.752095417818124,200
NN_TLCQM,0.1399461414404,200
XGBoost_Target_Only,0.0979853804298114,300
KRR_Target_Only,13.01956233269091,300
NN_Target_Only,6.5594548771428975,300
XGBoost_Pool,0.0959380922535111,300
KRR_Pool,1.529894514328594,300
NN_Pool,4.115754827000842,300
XGBoost_TLCQM,0.0994902387450907,300
KRR_TLCQM,1.6754410652614695,300
NN_TLCQM,0.1215114693073519,300
XGBoost_Target_Only,0.0976489964062989,500
KRR_Target_Only,8.634164441595718,500
NN_Target_Only,0.3247417189062329,500
XGBoost_Pool,0.0975500415020537,500
KRR_Pool,1.492186520132682,500
NN_Pool,3.363073532108538,500
XGBoost_TLCQM,0.0996214920663057,500
KRR_TLCQM,1.6468089277063174,500
NN_TLCQM,0.105726937065953,500
XGBoost_Target_Only,0.1119951054840619,100
KRR_Target_Only,29.64639089677149,100
NN_Target_Only,20.97049673402214,100
XGBoost_Pool,0.0993143885231668,100
KRR_Pool,1.6258815531691877,100
NN_Pool,5.616834840829273,100
XGBoost_TLCQM,0.0980307391904765,100
KRR_TLCQM,1.7992807653634122,100
NN_TLCQM,0.1009889923850728,100
XGBoost_Target_Only,0.110079788419623,200
KRR_Target_Only,20.45231555349054,200
NN_Target_Only,21.18923761506601,200
XGBoost_Pool,0.0972643515808134,200
KRR_Pool,1.6001737668319107,200
NN_Pool,3.346205233545492,200
XGBoost_TLCQM,0.0985910047453519,200
KRR_TLCQM,1.7874872582298036,200
NN_TLCQM,0.1275414894737965,200
XGBoost_Target_Only,0.1004842685112502,300
KRR_Target_Only,15.18617635976446,300
NN_Target_Only,0.325970740554613,300
XGBoost_Pool,0.0981320356925806,300
KRR_Pool,1.547716152861004,300
NN_Pool,5.549041794461394,300
XGBoost_TLCQM,0.099245353221795,300
KRR_TLCQM,1.7416274834922658,300
NN_TLCQM,0.106496652354433,300
XGBoost_Target_Only,0.0959028871907169,500
KRR_Target_Only,9.40542602881177,500
NN_Target_Only,0.1970041334905808,500
XGBoost_Pool,0.0970917186513537,500
KRR_Pool,1.4590396827745404,500
NN_Pool,2.930389242977991,500
XGBoost_TLCQM,0.1002486950219911,500
KRR_TLCQM,1.6379564707352008,500
NN_TLCQM,0.107583227983469,500
XGBoost_Target_Only,0.1180172191330708,100
KRR_Target_Only,28.037082934159923,100
NN_Target_Only,19.89281285470775,100
XGBoost_Pool,0.0988389523123409,100
KRR_Pool,1.6354832951778029,100
NN_Pool,5.7214725226357,100
XGBoost_TLCQM,0.1004735894724148,100
KRR_TLCQM,1.8196316615243024,100
NN_TLCQM,0.1084465441452911,100
XGBoost_Target_Only,0.1012722247153565,200
KRR_Target_Only,18.511136932108368,200
NN_Target_Only,22.57627586472957,200
XGBoost_Pool,0.1007204668120992,200
KRR_Pool,1.6105727778156531,200
NN_Pool,3.404566525261337,200
XGBoost_TLCQM,0.0996902260746646,200
KRR_TLCQM,1.7873420627031604,200
NN_TLCQM,0.1170890577845857,200
XGBoost_Target_Only,0.0987252860336991,300
KRR_Target_Only,14.01667963047637,300
NN_Target_Only,6.754728860116116,300
XGBoost_Pool,0.0975704993212861,300
KRR_Pool,1.5640490939294247,300
NN_Pool,3.45567782931358,300
XGBoost_TLCQM,0.1019909856953034,300
KRR_TLCQM,1.7431603005405116,300
NN_TLCQM,0.137365457043741,300
XGBoost_Target_Only,0.0959363491885123,500
KRR_Target_Only,8.811483150175897,500
NN_Target_Only,0.1847577854581361,500
XGBoost_Pool,0.0970612507433093,500
KRR_Pool,1.5331702652327237,500
NN_Pool,3.413133635861059,500
XGBoost_TLCQM,0.0985011977330666,500
KRR_TLCQM,1.7023677157087085,500
NN_TLCQM,0.0991898776445086,500
XGBoost_Target_Only,0.1281860813601479,100
KRR_Target_Only,28.233620329047795,100
NN_Target_Only,20.77117132145213,100
XGBoost_Pool,0.1002529133316362,100
KRR_Pool,1.63450648288482,100
NN_Pool,5.279122054828417,100
XGBoost_TLCQM,0.1042793613554072,100
KRR_TLCQM,1.823926284185344,100
NN_TLCQM,0.1052875226425323,100
XGBoost_Target_Only,0.1181302498171526,200
KRR_Target_Only,18.75391865982525,200
NN_Target_Only,19.87867720346465,200
XGBoost_Pool,0.1000161185243627,200
KRR_Pool,1.637434021553631,200
NN_Pool,3.686848259996637,200
XGBoost_TLCQM,0.1030048366358045,200
KRR_TLCQM,1.847248786702846,200
NN_TLCQM,0.1379723081124662,200
XGBoost_Target_Only,0.0992415004236231,300
KRR_Target_Only,13.45919494836573,300
NN_Target_Only,0.2484755946360536,300
XGBoost_Pool,0.0995000745747411,300
KRR_Pool,1.5263856039305677,300
NN_Pool,5.30380841288674,300
XGBoost_TLCQM,0.0961243658082748,300
KRR_TLCQM,1.6972247117023835,300
NN_TLCQM,0.1650483192846952,300
XGBoost_Target_Only,0.0932292030790282,500
KRR_Target_Only,8.567944219793338,500
NN_Target_Only,0.1469385086028657,500
XGBoost_Pool,0.0947894677372207,500
KRR_Pool,1.5022837842080352,500
NN_Pool,5.362945137906368,500
XGBoost_TLCQM,0.0948172882873351,500
KRR_TLCQM,1.6774012309500828,500
NN_TLCQM,0.1593526692295939,500
XGBoost_Target_Only,0.1034547819708688,100
KRR_Target_Only,29.263015510593625,100
NN_Target_Only,17.82155540945756,100
XGBoost_Pool,0.1016955770957317,100
KRR_Pool,1.6268625199997084,100
NN_Pool,3.246066370531368,100
XGBoost_TLCQM,0.1016193747771125,100
KRR_TLCQM,1.8116805122523367,100
NN_TLCQM,0.1311436117014695,100
XGBoost_Target_Only,0.1015152591292125,200
KRR_Target_Only,20.66252995225957,200
NN_Target_Only,20.256769392411204,200
XGBoost_Pool,0.0997227605836005,200
KRR_Pool,1.587082217696207,200
NN_Pool,3.347431055076515,200
XGBoost_TLCQM,0.0980130508442356,200
KRR_TLCQM,1.7656883946576838,200
NN_TLCQM,0.1116330696829076,200
XGBoost_Target_Only,0.1030292829716328,300
KRR_Target_Only,13.90447578500298,300
NN_Target_Only,0.2914227271418198,300
XGBoost_Pool,0.0988661884872584,300
KRR_Pool,1.5645650586297848,300
NN_Pool,3.270322478400084,300
XGBoost_TLCQM,0.0949499375507574,300
KRR_TLCQM,1.7331415263250003,300
NN_TLCQM,0.1913199838702587,300
XGBoost_Target_Only,0.0956518295085181,500
KRR_Target_Only,9.005296989656244,500
NN_Target_Only,0.2681991728231595,500
XGBoost_Pool,0.0940655273215835,500
KRR_Pool,1.5657453108068506,500
NN_Pool,3.128059504436714,500
XGBoost_TLCQM,0.0943622830461157,500
KRR_TLCQM,1.718032631572211,500
NN_TLCQM,0.1098144535507495,500
XGBoost_Target_Only,0.1075751508900485,100
KRR_Target_Only,28.706743200463134,100
NN_Target_Only,21.178878273835693,100
XGBoost_Pool,0.1009827701074965,100
KRR_Pool,1.6356039354781382,100
NN_Pool,3.927400298051292,100
XGBoost_TLCQM,0.0988988899146144,100
KRR_TLCQM,1.8280243434031944,100
NN_TLCQM,0.1020519370810852,100
XGBoost_Target_Only,0.0980372402029666,200
KRR_Target_Only,20.52468060065406,200
NN_Target_Only,21.417761753862443,200
XGBoost_Pool,0.0993210636479157,200
KRR_Pool,1.615046429676514,200
NN_Pool,3.747275197820707,200
XGBoost_TLCQM,0.0961856012441977,200
KRR_TLCQM,1.823236495624152,200
NN_TLCQM,0.1400221354382408,200
XGBoost_Target_Only,0.0975558790395467,300
KRR_Target_Only,15.038864532976085,300
NN_Target_Only,0.4497807015575843,300
XGBoost_Pool,0.0989290477264821,300
KRR_Pool,1.6022779536044514,300
NN_Pool,3.347780810498348,300
XGBoost_TLCQM,0.098952810700477,300
KRR_TLCQM,1.7907450996123788,300
NN_TLCQM,0.0993234570961605,300
XGBoost_Target_Only,0.0948839527488544,500
KRR_Target_Only,9.343741851485596,500
NN_Target_Only,1.333488136576147,500
XGBoost_Pool,0.0976309075696965,500
KRR_Pool,1.53410834779204,500
NN_Pool,3.3440146354057485,500
XGBoost_TLCQM,0.0990600402703448,500
KRR_TLCQM,1.7301506346310271,500
NN_TLCQM,0.1406489572095455,500
XGBoost_Target_Only,0.1041717172079877,100
KRR_Target_Only,28.8783520938632,100
NN_Target_Only,22.903389853110795,100
XGBoost_Pool,0.1001867954371524,100
KRR_Pool,1.6220055675620084,100
NN_Pool,5.402483234845359,100
XGBoost_TLCQM,0.1065092979879374,100
KRR_TLCQM,1.831030943858954,100
NN_TLCQM,0.1203401614820531,100
XGBoost_Target_Only,0.1008399310277942,200
KRR_Target_Only,19.04514099055622,200
NN_Target_Only,25.843915854414917,200
XGBoost_Pool,0.096585222317385,200
KRR_Pool,1.573941377130185,200
NN_Pool,3.396077265322102,200
XGBoost_TLCQM,0.0978144986021528,200
KRR_TLCQM,1.8103974552213649,200
NN_TLCQM,0.1228028601723643,200
XGBoost_Target_Only,0.0954562662602091,300
KRR_Target_Only,13.98399874762382,300
NN_Target_Only,0.7024138037563679,300
XGBoost_Pool,0.0939391150064736,300
KRR_Pool,1.5427533818996424,300
NN_Pool,4.055432794925036,300
XGBoost_TLCQM,0.0981481395824903,300
KRR_TLCQM,1.7605452237698975,300
NN_TLCQM,0.1120293055479063,300
XGBoost_Target_Only,0.0942285243190657,500
KRR_Target_Only,8.95723176212338,500
NN_Target_Only,0.4458028745645987,500
XGBoost_Pool,0.0933220296134395,500
KRR_Pool,1.5102751767002367,500
NN_Pool,4.920150170342503,500
XGBoost_TLCQM,0.0960508815026909,500
KRR_TLCQM,1.7088029008242536,500
NN_TLCQM,0.1305806264492548,500
XGBoost_Target_Only,0.1158176182279437,100
KRR_Target_Only,29.95854375474012,100
NN_Target_Only,18.90028365816749,100
XGBoost_Pool,0.1005312329639782,100
KRR_Pool,1.62773768539754,100
NN_Pool,5.7396116690891,100
XGBoost_TLCQM,0.1019950679979142,100
KRR_TLCQM,1.813883123982512,100
NN_TLCQM,0.1016756706160181,100
XGBoost_Target_Only,0.1101822881458566,200
KRR_Target_Only,18.588956131528157,200
NN_Target_Only,20.35895968481106,200
XGBoost_Pool,0.0992789227057355,200
KRR_Pool,1.582598299224019,200
NN_Pool,3.690942771168732,200
XGBoost_TLCQM,0.0966102230950921,200
KRR_TLCQM,1.7692066726205964,200
NN_TLCQM,0.1022613534794041,200
XGBoost_Target_Only,0.0945962732599007,300
KRR_Target_Only,12.688272105893308,300
NN_Target_Only,6.168060344389165,300
XGBoost_Pool,0.097270274743962,300
KRR_Pool,1.5479768722597482,300
NN_Pool,3.3267322073543704,300
XGBoost_TLCQM,0.0970156085157503,300
KRR_TLCQM,1.7311758402133108,300
NN_TLCQM,0.4519066751654446,300
XGBoost_Target_Only,0.0910164613617208,500
KRR_Target_Only,9.49172472325245,500
NN_Target_Only,0.3254085935100331,500
XGBoost_Pool,0.095787552253061,500
KRR_Pool,1.3931229717049074,500
NN_Pool,3.5030605435547506,500
XGBoost_TLCQM,0.0940775331209039,500
KRR_TLCQM,1.551974589892904,500
NN_TLCQM,0.107932700930684,500
XGBoost_Target_Only,0.1108041231724767,100
KRR_Target_Only,29.192381060970835,100
NN_Target_Only,22.526435006261767,100
XGBoost_Pool,0.1013104750566847,100
KRR_Pool,1.5456721930880415,100
NN_Pool,5.694914093093245,100
XGBoost_TLCQM,0.0975892837965509,100
KRR_TLCQM,1.7204288194771589,100
NN_TLCQM,0.136270615692945,100
XGBoost_Target_Only,0.1024272287048804,200
KRR_Target_Only,20.19553905171516,200
NN_Target_Only,27.485083559781312,200
XGBoost_Pool,0.1008974451071268,200
KRR_Pool,1.5174068939037588,200
NN_Pool,3.4871035577721545,200
XGBoost_TLCQM,0.0965311271103616,200
KRR_TLCQM,1.6775341758391784,200
NN_TLCQM,0.1204512825096142,200
XGBoost_Target_Only,0.1012167161117796,300
KRR_Target_Only,14.909282920238642,300
NN_Target_Only,0.360317382927863,300
XGBoost_Pool,0.0994702027355752,300
KRR_Pool,1.5337489626357763,300
NN_Pool,3.4052355733209247,300
XGBoost_TLCQM,0.0988774888038172,300
KRR_TLCQM,1.7032706012437977,300
NN_TLCQM,0.142449356859457,300
XGBoost_Target_Only,0.0911143969059506,500
KRR_Target_Only,9.293938874690305,500
NN_Target_Only,0.2382021589848364,500
XGBoost_Pool,0.0952112795577937,500
KRR_Pool,1.4634573435425229,500
NN_Pool,3.121740412017091,500
XGBoost_TLCQM,0.093950244391798,500
KRR_TLCQM,1.6116098230757434,500
NN_TLCQM,0.0975754831334077,500
XGBoost_Target_Only,0.1110372768037429,100
KRR_Target_Only,30.137336399277807,100
NN_Target_Only,25.12295211402165,100
XGBoost_Pool,0.1011270647710065,100
KRR_Pool,1.5979022922424833,100
NN_Pool,5.531761634387912,100
XGBoost_TLCQM,0.1021376955715358,100
KRR_TLCQM,1.8162412067068885,100
NN_TLCQM,0.1085311804855032,100
XGBoost_Target_Only,0.1028495073722222,200
KRR_Target_Only,20.5846531006474,200
NN_Target_Only,25.874291241352868,200
XGBoost_Pool,0.1005647036951965,200
KRR_Pool,1.5215223490263787,200
NN_Pool,3.5772267035821588,200
XGBoost_TLCQM,0.1050145147621367,200
KRR_TLCQM,1.7240716316981015,200
NN_TLCQM,0.1680220608147808,200
XGBoost_Target_Only,0.1010058841452172,300
KRR_Target_Only,15.33518161703146,300
NN_Target_Only,0.2147123131919601,300
XGBoost_Pool,0.0996241918308089,300
KRR_Pool,1.4629518971378628,300
NN_Pool,3.8517407656837066,300
XGBoost_TLCQM,0.1010457271163449,300
KRR_TLCQM,1.650745157836229,300
NN_TLCQM,0.0975924652009087,300
XGBoost_Target_Only,0.0981566182641553,500
KRR_Target_Only,8.651356503033398,500
NN_Target_Only,0.2842682789417259,500
XGBoost_Pool,0.0970752658381107,500
KRR_Pool,1.3817616329693645,500
NN_Pool,3.34928628743072,500
XGBoost_TLCQM,0.0970341710974255,500
KRR_TLCQM,1.5239333114909916,500
NN_TLCQM,0.1129652312189803,500
XGBoost_Target_Only,0.1167999420982243,100
KRR_Target_Only,28.33366930324219,100
NN_Target_Only,16.881107120584883,100
XGBoost_Pool,0.0994768068372277,100
KRR_Pool,1.6618493093348714,100
NN_Pool,5.706769100307824,100
XGBoost_TLCQM,0.1012519273386303,100
KRR_TLCQM,1.8570980665595411,100
NN_TLCQM,0.1003882933227182,100
XGBoost_Target_Only,0.1062860727272119,200
KRR_Target_Only,19.451661389636413,200
NN_Target_Only,21.72619332615056,200
XGBoost_Pool,0.0989585969548178,200
KRR_Pool,1.5685551041293246,200
NN_Pool,3.2100674805987937,200
XGBoost_TLCQM,0.100819366097078,200
KRR_TLCQM,1.7346208120864617,200
NN_TLCQM,0.1025964353846288,200
XGBoost_Target_Only,0.0983819969689765,300
KRR_Target_Only,14.091501492905335,300
NN_Target_Only,7.069422659433768,300
XGBoost_Pool,0.0969987343274188,300
KRR_Pool,1.565811867421991,300
NN_Pool,3.393127165425969,300
XGBoost_TLCQM,0.0984978800889372,300
KRR_TLCQM,1.726811955495081,300
NN_TLCQM,0.1415145363514272,300
XGBoost_Target_Only,0.0937960772104668,500
KRR_Target_Only,8.712029110284037,500
NN_Target_Only,1.0936056128160283,500
XGBoost_Pool,0.0945166722665932,500
KRR_Pool,1.452228233306463,500
NN_Pool,3.3474071784861303,500
XGBoost_TLCQM,0.0937635160470492,500
KRR_TLCQM,1.5878199892877345,500
NN_TLCQM,0.1115466044155123,500
XGBoost_Target_Only,0.1171482735983175,100
KRR_Target_Only,27.665299441089697,100
NN_Target_Only,15.925296495211368,100
XGBoost_Pool,0.1025459985488466,100
KRR_Pool,1.6542094195299726,100
NN_Pool,5.6792395180244695,100
XGBoost_TLCQM,0.1099533769745461,100
KRR_TLCQM,1.8543378785415203,100
NN_TLCQM,0.117412543271369,100
XGBoost_Target_Only,0.1156150297191433,200
KRR_Target_Only,17.709721983101286,200
NN_Target_Only,17.373935597428215,200
XGBoost_Pool,0.0999869216429009,200
KRR_Pool,1.630423906928779,200
NN_Pool,4.92651357706337,200
XGBoost_TLCQM,0.1026801787522049,200
KRR_TLCQM,1.824165774623956,200
NN_TLCQM,0.104268898132276,200
XGBoost_Target_Only,0.105747959521641,300
KRR_Target_Only,13.894369031257558,300
NN_Target_Only,0.4277422152371583,300
XGBoost_Pool,0.0989959262187135,300
KRR_Pool,1.6224610735312144,300
NN_Pool,2.985282802375417,300
XGBoost_TLCQM,0.100245157422828,300
KRR_TLCQM,1.8172689523583816,300
NN_TLCQM,0.1579681656085002,300
XGBoost_Target_Only,0.1022775139257988,500
KRR_Target_Only,9.597182901889491,500
NN_Target_Only,0.2590417772773976,500
XGBoost_Pool,0.0976731057111237,500
KRR_Pool,1.630595991785303,500
NN_Pool,4.547504036366879,500
XGBoost_TLCQM,0.0990279080873084,500
KRR_TLCQM,1.80583305456029,500
NN_TLCQM,0.1035769028777551,500
XGBoost_Target_Only,0.1203792602019608,100
KRR_Target_Only,29.98694347899307,100
NN_Target_Only,21.7575432226378,100
XGBoost_Pool,0.1041906407721182,100
KRR_Pool,1.647025900759158,100
NN_Pool,5.623745935463983,100
XGBoost_TLCQM,0.1022803220751334,100
KRR_TLCQM,1.837090317268188,100
NN_TLCQM,0.1460556646692561,100
XGBoost_Target_Only,0.1202662010334919,200
KRR_Target_Only,19.497875760784623,200
NN_Target_Only,20.76260159923897,200
XGBoost_Pool,0.1022731776085787,200
KRR_Pool,1.586428271609858,200
NN_Pool,3.586004311346194,200
XGBoost_TLCQM,0.1043540207093677,200
KRR_TLCQM,1.734645359715716,200
NN_TLCQM,0.0997369312991247,200
XGBoost_Target_Only,0.1032586631079237,300
KRR_Target_Only,14.294869555645205,300
NN_Target_Only,1.4357429293313275,300
XGBoost_Pool,0.1018221677006666,300
KRR_Pool,1.568184542979323,300
NN_Pool,4.079760114619908,300
XGBoost_TLCQM,0.0974197748896098,300
KRR_TLCQM,1.713312590695806,300
NN_TLCQM,0.1224412889606787,300
XGBoost_Target_Only,0.1000739953252002,500
KRR_Target_Only,8.599625780407992,500
NN_Target_Only,0.2065443770764966,500
XGBoost_Pool,0.0962670468114537,500
KRR_Pool,1.5643715676629533,500
NN_Pool,3.383432617135737,500
XGBoost_TLCQM,0.0998088421154896,500
KRR_TLCQM,1.7025846903983006,500
NN_TLCQM,0.1512373614125414,500
XGBoost_Target_Only,0.1086195416425259,100
KRR_Target_Only,30.469989979813057,100
NN_Target_Only,23.11318263289984,100
XGBoost_Pool,0.1009349114204325,100
KRR_Pool,1.6275955686089003,100
NN_Pool,5.518906265958292,100
XGBoost_TLCQM,0.1017230271790001,100
KRR_TLCQM,1.7992298388827197,100
NN_TLCQM,0.1444931076581315,100
XGBoost_Target_Only,0.1035385697908984,200
KRR_Target_Only,22.214929528054363,200
NN_Target_Only,22.287905771873483,200
XGBoost_Pool,0.1013073317058857,200
KRR_Pool,1.6202342169874386,200
NN_Pool,3.657028934107149,200
XGBoost_TLCQM,0.1011197436754205,200
KRR_TLCQM,1.811211652602522,200
NN_TLCQM,0.1048722298865071,200
XGBoost_Target_Only,0.0986609650015898,300
KRR_Target_Only,15.13864198784722,300
NN_Target_Only,6.184916296431286,300
XGBoost_Pool,0.0982896243269279,300
KRR_Pool,1.5780693629394118,300
NN_Pool,3.3323544578270714,300
XGBoost_TLCQM,0.1007769560315775,300
KRR_TLCQM,1.7676016620141892,300
NN_TLCQM,0.2048681812475184,300
XGBoost_Target_Only,0.0998877081719753,500
KRR_Target_Only,8.694121680347873,500
NN_Target_Only,6.750855136356678,500
XGBoost_Pool,0.0974859316675815,500
KRR_Pool,1.5644926635805405,500
NN_Pool,3.3402192143916607,500
XGBoost_TLCQM,0.0973657669823113,500
KRR_TLCQM,1.734117325772952,500
NN_TLCQM,0.1242502105366095,500
XGBoost_Target_Only,0.1143813636312236,100
KRR_Target_Only,27.927593380013597,100
NN_Target_Only,17.645871711655207,100
XGBoost_Pool,0.1018477816063583,100
KRR_Pool,1.61566132656453,100
NN_Pool,5.694349533623768,100
XGBoost_TLCQM,0.1020919553153982,100
KRR_TLCQM,1.7943720748045515,100
NN_TLCQM,0.1012749881546717,100
XGBoost_Target_Only,0.1197290335617351,200
KRR_Target_Only,20.103824607862588,200
NN_Target_Only,17.72682730351181,200
XGBoost_Pool,0.1019228373692359,200
KRR_Pool,1.6162769676181246,200
NN_Pool,3.4187796053440698,200
XGBoost_TLCQM,0.1058594833812542,200
KRR_TLCQM,1.7898694600487508,200
NN_TLCQM,0.111387291901223,200
XGBoost_Target_Only,0.1121300100405997,300
KRR_Target_Only,15.260718857195185,300
NN_Target_Only,1.711730705136375,300
XGBoost_Pool,0.1003070855630827,300
KRR_Pool,1.4561125809453823,300
NN_Pool,2.9540054120179158,300
XGBoost_TLCQM,0.1013730084628138,300
KRR_TLCQM,1.61973742459183,300
NN_TLCQM,0.1103975098247461,300
XGBoost_Target_Only,0.0971991144720377,500
KRR_Target_Only,9.260114539804103,500
NN_Target_Only,0.2121087908634801,500
XGBoost_Pool,0.0952430408907578,500
KRR_Pool,1.4622935485726565,500
NN_Pool,4.585678498119857,500
XGBoost_TLCQM,0.0965575682336267,500
KRR_TLCQM,1.6224171144428747,500
NN_TLCQM,0.1458931081646083,500
XGBoost_Target_Only,0.1148376334644585,100
KRR_Target_Only,29.54471957483757,100
NN_Target_Only,20.791625972078048,100
XGBoost_Pool,0.0999709650690129,100
KRR_Pool,1.6473268075420189,100
NN_Pool,5.511687142399686,100
XGBoost_TLCQM,0.102765924573255,100
KRR_TLCQM,1.8387744754113664,100
NN_TLCQM,0.1522667884699772,100
XGBoost_Target_Only,0.1142910367630704,200
KRR_Target_Only,17.844470499135937,200
NN_Target_Only,20.561030878454822,200
XGBoost_Pool,0.0988172980838416,200
KRR_Pool,1.646757786104114,200
NN_Pool,3.695016277245531,200
XGBoost_TLCQM,0.101166862297401,200
KRR_TLCQM,1.8341263287803184,200
NN_TLCQM,0.1138984005998877,200
XGBoost_Target_Only,0.1002279481349317,300
KRR_Target_Only,12.825502769562208,300
NN_Target_Only,13.377556858191053,300
XGBoost_Pool,0.0965100832330937,300
KRR_Pool,1.5526250563673516,300
NN_Pool,4.084457635519652,300
XGBoost_TLCQM,0.1003276474467752,300
KRR_TLCQM,1.7474776641100112,300
NN_TLCQM,0.097371053060063,300
XGBoost_Target_Only,0.0983406535567696,500
KRR_Target_Only,8.354765275821556,500
NN_Target_Only,0.377760109816153,500
XGBoost_Pool,0.0957304855698512,500
KRR_Pool,1.4613916585532172,500
NN_Pool,3.468674613015586,500
XGBoost_TLCQM,0.0973727534153562,500
KRR_TLCQM,1.6163080283746043,500
NN_TLCQM,0.1247235370951924,500
XGBoost_Target_Only,0.1179514901094498,100
KRR_Target_Only,30.915502357191023,100
NN_Target_Only,22.694110468660345,100
XGBoost_Pool,0.1004809138454892,100
KRR_Pool,1.6063809536211238,100
NN_Pool,5.503749612818336,100
XGBoost_TLCQM,0.1000745713916103,100
KRR_TLCQM,1.8154013290652544,100
NN_TLCQM,0.1025057410468025,100
XGBoost_Target_Only,0.1045680228839715,200
KRR_Target_Only,19.687441121624992,200
NN_Target_Only,22.61975214266675,200
XGBoost_Pool,0.0994936309325839,200
KRR_Pool,1.6001244690781369,200
NN_Pool,3.971234121271112,200
XGBoost_TLCQM,0.0999248451497327,200
KRR_TLCQM,1.7885975155158005,200
NN_TLCQM,0.1167877411414274,200
XGBoost_Target_Only,0.1043038116900101,300
KRR_Target_Only,14.17684406768961,300
NN_Target_Only,8.15456750758046,300
XGBoost_Pool,0.0967003543141718,300
KRR_Pool,1.5931345505981975,300
NN_Pool,3.496062798950643,300
XGBoost_TLCQM,0.0965416154103295,300
KRR_TLCQM,1.7914346241371584,300
NN_TLCQM,0.2179675511402385,300
XGBoost_Target_Only,0.0961194915553926,500
KRR_Target_Only,9.324566427296745,500
NN_Target_Only,0.3459675894226763,500
XGBoost_Pool,0.094816842047226,500
KRR_Pool,1.4546353937767371,500
NN_Pool,2.938533715406584,500
XGBoost_TLCQM,0.0950439576441255,500
KRR_TLCQM,1.6274875481017312,500
NN_TLCQM,0.1040029555880437,500
XGBoost_Target_Only,0.1185565792968432,100
KRR_Target_Only,29.77134403366978,100
NN_Target_Only,22.16611029639329,100
XGBoost_Pool,0.1034130324885435,100
KRR_Pool,1.621574912663749,100
NN_Pool,5.448945317714744,100
XGBoost_TLCQM,0.1031004124611925,100
KRR_TLCQM,1.7983572342223455,100
NN_TLCQM,0.117621459547417,100
XGBoost_Target_Only,0.1088035345064236,200
KRR_Target_Only,19.614081436582964,200
NN_Target_Only,24.99544887818861,200
XGBoost_Pool,0.0974646080688352,200
KRR_Pool,1.5653540401847863,200
NN_Pool,3.6595718987117656,200
XGBoost_TLCQM,0.1039195403535633,200
KRR_TLCQM,1.74051703284831,200
NN_TLCQM,0.1055819511919251,200
XGBoost_Target_Only,0.1012393449323881,300
KRR_Target_Only,13.93880461378474,300
NN_Target_Only,2.9474319168825045,300
XGBoost_Pool,0.0980379732852696,300
KRR_Pool,1.4691386210634505,300
NN_Pool,3.296485226427877,300
XGBoost_TLCQM,0.1025123344558203,300
KRR_TLCQM,1.6401391249036783,300
NN_TLCQM,0.1157225118963147,300
XGBoost_Target_Only,0.1008250677550648,500
KRR_Target_Only,8.986927848682377,500
NN_Target_Only,0.8309798740219244,500
XGBoost_Pool,0.096041607896844,500
KRR_Pool,1.4738320012418311,500
NN_Pool,2.9775558823315222,500
XGBoost_TLCQM,0.0965553687937921,500
KRR_TLCQM,1.630653431148302,500
NN_TLCQM,0.1000157899182292,500
XGBoost_Target_Only,0.1259051625360913,100
KRR_Target_Only,29.704725147480715,100
NN_Target_Only,18.95602841825761,100
XGBoost_Pool,0.1000409859575239,100
KRR_Pool,1.579696201051157,100
NN_Pool,5.589814292950487,100
XGBoost_TLCQM,0.1073046925045062,100
KRR_TLCQM,1.772965033717368,100
NN_TLCQM,0.1000184069755585,100
XGBoost_Target_Only,0.1020750126223132,200
KRR_Target_Only,20.531278592465164,200
NN_Target_Only,21.324825186818423,200
XGBoost_Pool,0.0969083271829887,200
KRR_Pool,1.5529644871003148,200
NN_Pool,3.531557709011255,200
XGBoost_TLCQM,0.1017848263793166,200
KRR_TLCQM,1.752346427836273,200
NN_TLCQM,0.1022999829980056,200
XGBoost_Target_Only,0.0992467121194722,300
KRR_Target_Only,13.6767743400659,300
NN_Target_Only,0.2466228719352068,300
XGBoost_Pool,0.0981682985795535,300
KRR_Pool,1.485033698294792,300
NN_Pool,4.424156760258969,300
XGBoost_TLCQM,0.0965679715902123,300
KRR_TLCQM,1.6409320444449842,300
NN_TLCQM,0.1002578746724066,300
XGBoost_Target_Only,0.1000877247898897,500
KRR_Target_Only,9.13270182071343,500
NN_Target_Only,0.711577001402449,500
XGBoost_Pool,0.0966414888244535,500
KRR_Pool,1.4825402246132275,500
NN_Pool,3.377911960136581,500
XGBoost_TLCQM,0.0970900829228934,500
KRR_TLCQM,1.6579623286836669,500
NN_TLCQM,0.2447892044565308,500
XGBoost_Target_Only,0.1180239003813631,100
KRR_Target_Only,32.18812091119397,100
NN_Target_Only,25.946216778659995,100
XGBoost_Pool,0.1030181126587299,100
KRR_Pool,1.591573644991167,100
NN_Pool,3.259681974596203,100
XGBoost_TLCQM,0.1057689381221492,100
KRR_TLCQM,1.7980565007957947,100
NN_TLCQM,0.0977761305694447,100
XGBoost_Target_Only,0.1118343421463763,200
KRR_Target_Only,20.54538023109635,200
NN_Target_Only,26.376746947798043,200
XGBoost_Pool,0.1002944850764216,200
KRR_Pool,1.486228539724178,200
NN_Pool,3.2507612893898115,200
XGBoost_TLCQM,0.1025892012906911,200
KRR_TLCQM,1.661520794586475,200
NN_TLCQM,0.1178743312290564,200
XGBoost_Target_Only,0.1044508370908983,300
KRR_Target_Only,13.955392210905108,300
NN_Target_Only,7.249465341306168,300
XGBoost_Pool,0.0999155608943892,300
KRR_Pool,1.507971104065515,300
NN_Pool,3.2537719613160245,300
XGBoost_TLCQM,0.1032858104039875,300
KRR_TLCQM,1.6907151460013676,300
NN_TLCQM,0.1356991353307752,300
XGBoost_Target_Only,0.1078214487988353,500
KRR_Target_Only,8.429859393958754,500
NN_Target_Only,0.5121455498638284,500
XGBoost_Pool,0.101084316668227,500
KRR_Pool,1.4665836046013982,500
NN_Pool,3.5806115718385296,500
XGBoost_TLCQM,0.1000425463957665,500
KRR_TLCQM,1.6280470404189746,500
NN_TLCQM,0.1011079486304288,500
XGBoost_Target_Only,0.1178125752636914,100
KRR_Target_Only,28.685892661150422,100
NN_Target_Only,18.955191277158157,100
XGBoost_Pool,0.1015277098802411,100
KRR_Pool,1.6185602412235434,100
NN_Pool,5.572522220926833,100
XGBoost_TLCQM,0.1002437669635165,100
KRR_TLCQM,1.8135037340875275,100
NN_TLCQM,0.2366903934240525,100
XGBoost_Target_Only,0.119129591136262,200
KRR_Target_Only,19.835095096913108,200
NN_Target_Only,18.717794572883125,200
XGBoost_Pool,0.0991095155181801,200
KRR_Pool,1.5380107607864444,200
NN_Pool,3.409461070982036,200
XGBoost_TLCQM,0.104034343140037,200
KRR_TLCQM,1.718042920084566,200
NN_TLCQM,0.1377996155816684,200
XGBoost_Target_Only,0.1108880163143229,300
KRR_Target_Only,14.13996670816897,300
NN_Target_Only,7.792377576550993,300
XGBoost_Pool,0.094493214654045,300
KRR_Pool,1.5021654284129078,300
NN_Pool,5.63478680514956,300
XGBoost_TLCQM,0.1005397784998905,300
KRR_TLCQM,1.6885060360306818,300
NN_TLCQM,0.0990332883448629,300
XGBoost_Target_Only,0.0976233181679158,500
KRR_Target_Only,9.113805048248954,500
NN_Target_Only,0.2411029281935022,500
XGBoost_Pool,0.092344019368512,500
KRR_Pool,1.349111658828155,500
NN_Pool,3.57214685039678,500
XGBoost_TLCQM,0.0978211627804607,500
KRR_TLCQM,1.5090184623999578,500
NN_TLCQM,0.1100948888288694,500
XGBoost_Target_Only,0.1246288931158704,100
KRR_Target_Only,31.61315164862142,100
NN_Target_Only,15.844187543551044,100
XGBoost_Pool,0.1004551578389494,100
KRR_Pool,1.6533950993442068,100
NN_Pool,3.430257528381972,100
XGBoost_TLCQM,0.1034238269327972,100
KRR_TLCQM,1.8140584009102556,100
NN_TLCQM,0.108328137644745,100
XGBoost_Target_Only,0.1090284107509266,200
KRR_Target_Only,20.36566518429569,200
NN_Target_Only,21.778257916881092,200
XGBoost_Pool,0.0994798598199194,200
KRR_Pool,1.640643842755669,200
NN_Pool,3.8144268316592576,200
XGBoost_TLCQM,0.0994167750876784,200
KRR_TLCQM,1.8001543260794657,200
NN_TLCQM,0.1231117614394173,200
XGBoost_Target_Only,0.1001553507642384,300
KRR_Target_Only,14.035694098357522,300
NN_Target_Only,1.0793664242668504,300
XGBoost_Pool,0.0975173861293477,300
KRR_Pool,1.5526774967719366,300
NN_Pool,2.7651748985949443,300
XGBoost_TLCQM,0.0996474616814658,300
KRR_TLCQM,1.702324875808339,300
NN_TLCQM,0.1017032356482778,300
XGBoost_Target_Only,0.0927256889376749,500
KRR_Target_Only,9.090452539272462,500
NN_Target_Only,0.2208363986510769,500
XGBoost_Pool,0.0964688167065136,500
KRR_Pool,1.477208069477097,500
NN_Pool,4.391380515483977,500
XGBoost_TLCQM,0.1030155724332513,500
KRR_TLCQM,1.6229663469711826,500
NN_TLCQM,0.1030518866975932,500
XGBoost_Target_Only,0.1231202784410632,100
KRR_Target_Only,30.68830949743237,100
NN_Target_Only,20.03584296670723,100
XGBoost_Pool,0.1020948986464729,100
KRR_Pool,1.6154006321021526,100
NN_Pool,5.613389251757199,100
XGBoost_TLCQM,0.1119475431819885,100
KRR_TLCQM,1.804332125351148,100
NN_TLCQM,0.106071768028321,100
XGBoost_Target_Only,0.105520854815271,200
KRR_Target_Only,20.88478821737822,200
NN_Target_Only,23.239249104917143,200
XGBoost_Pool,0.1002489598328192,200
KRR_Pool,1.59691747735734,200
NN_Pool,3.8872448115090985,200
XGBoost_TLCQM,0.104811171762825,200
KRR_TLCQM,1.784250048165254,200
NN_TLCQM,0.102344156779201,200
XGBoost_Target_Only,0.107576424935891,300
KRR_Target_Only,14.9292556346956,300
NN_Target_Only,7.063197871008378,300
XGBoost_Pool,0.0994752724698326,300
KRR_Pool,1.5957289938163837,300
NN_Pool,2.468379451624631,300
XGBoost_TLCQM,0.1069259037293963,300
KRR_TLCQM,1.780579296231551,300
NN_TLCQM,0.1044334180778269,300
XGBoost_Target_Only,0.1032342942021565,500
KRR_Target_Only,9.38013148023582,500
NN_Target_Only,6.433481819364121,500
XGBoost_Pool,0.1002440469275587,500
KRR_Pool,1.5521245818456115,500
NN_Pool,4.348302631760158,500
XGBoost_TLCQM,0.1042865785374625,500
KRR_TLCQM,1.7207068431881194,500
NN_TLCQM,0.1053161519370765,500
XGBoost_Target_Only,0.1207673025154559,100
KRR_Target_Only,31.76707297622344,100
NN_Target_Only,23.524630887951982,100
XGBoost_Pool,0.0994529543098575,100
KRR_Pool,1.6257238355420736,100
NN_Pool,5.611992569679084,100
XGBoost_TLCQM,0.1018121363251964,100
KRR_TLCQM,1.805057460314309,100
NN_TLCQM,0.101160345442541,100
XGBoost_Target_Only,0.1128521574918166,200
KRR_Target_Only,20.869464970936324,200
NN_Target_Only,23.852936268941257,200
XGBoost_Pool,0.0981181122213052,200
KRR_Pool,1.584345170053684,200
NN_Pool,3.342636049637345,200
XGBoost_TLCQM,0.1052326404495732,200
KRR_TLCQM,1.7923375399797117,200
NN_TLCQM,0.1059354831402046,200
XGBoost_Target_Only,0.1129236592588754,300
KRR_Target_Only,14.738527061348702,300
NN_Target_Only,0.317365262568041,300
XGBoost_Pool,0.0966569534208395,300
KRR_Pool,1.5729906716689213,300
NN_Pool,5.403277456186827,300
XGBoost_TLCQM,0.1010108495791276,300
KRR_TLCQM,1.7522685379826828,300
NN_TLCQM,0.097887878112294,300
XGBoost_Target_Only,0.0954585476968226,500
KRR_Target_Only,8.207541309312557,500
NN_Target_Only,0.2570212051207568,500
XGBoost_Pool,0.0935921327420611,500
KRR_Pool,1.4566040867031262,500
NN_Pool,3.4617853611007723,500
XGBoost_TLCQM,0.0974464090129067,500
KRR_TLCQM,1.615950506684305,500
NN_TLCQM,0.0962690361821879,500
XGBoost_Target_Only,0.1066702862658778,100
KRR_Target_Only,29.825002157346635,100
NN_Target_Only,22.99290996467817,100
XGBoost_Pool,0.0999008445519703,100
KRR_Pool,1.573386585114949,100
NN_Pool,5.25963051427194,100
XGBoost_TLCQM,0.105989927974096,100
KRR_TLCQM,1.7665442129756723,100
NN_TLCQM,0.1176847387109088,100
XGBoost_Target_Only,0.1205912578396073,200
KRR_Target_Only,19.994627625928302,200
NN_Target_Only,21.57367363391033,200
XGBoost_Pool,0.0994975259873432,200
KRR_Pool,1.457860438430637,200
NN_Pool,4.187563134306907,200
XGBoost_TLCQM,0.1002881129870148,200
KRR_TLCQM,1.647942102190831,200
NN_TLCQM,0.2810623382203717,200
XGBoost_Target_Only,0.1042167343505017,300
KRR_Target_Only,13.41511945817902,300
NN_Target_Only,0.4177132096862472,300
XGBoost_Pool,0.0983656442953827,300
KRR_Pool,1.4638000011470331,300
NN_Pool,3.199576969808553,300
XGBoost_TLCQM,0.1029975519170705,300
KRR_TLCQM,1.652573556833639,300
NN_TLCQM,0.106204694191831,300
XGBoost_Target_Only,0.0984948534489832,500
KRR_Target_Only,8.980528928088386,500
NN_Target_Only,0.189679721526354,500
XGBoost_Pool,0.0965088195340552,500
KRR_Pool,1.4738622323737718,500
NN_Pool,3.5286012496333656,500
XGBoost_TLCQM,0.1024029436547654,500
KRR_TLCQM,1.642132745999232,500
NN_TLCQM,0.1059608552600659,500
XGBoost_Target_Only,0.1163688003401472,100
KRR_Target_Only,30.71307477388917,100
NN_Target_Only,21.44100964739514,100
XGBoost_Pool,0.0993887972234087,100
KRR_Pool,1.5881453124135774,100
NN_Pool,5.722335225227247,100
XGBoost_TLCQM,0.1075142800085587,100
KRR_TLCQM,1.7636782862452467,100
NN_TLCQM,0.1067683422577698,100
XGBoost_Target_Only,0.1129955403195631,200
KRR_Target_Only,18.606876390177096,200
NN_Target_Only,22.30708805880616,200
XGBoost_Pool,0.09837135581873,200
KRR_Pool,1.5374139035104517,200
NN_Pool,3.41240402342174,200
XGBoost_TLCQM,0.1037120087705136,200
KRR_TLCQM,1.7063517219732085,200
NN_TLCQM,0.1456963689335726,200
XGBoost_Target_Only,0.1040668462910448,300
KRR_Target_Only,13.380721780273811,300
NN_Target_Only,6.875207502342399,300
XGBoost_Pool,0.0984870226793572,300
KRR_Pool,1.5150019561668129,300
NN_Pool,2.8278169100089143,300
XGBoost_TLCQM,0.0976003988204351,300
KRR_TLCQM,1.665320184080424,300
NN_TLCQM,0.1422864719455255,300
XGBoost_Target_Only,0.1007846144983485,500
KRR_Target_Only,9.064976500526038,500
NN_Target_Only,1.4909497484972123,500
XGBoost_Pool,0.098341559371356,500
KRR_Pool,1.4573130077567928,500
NN_Pool,3.1761660503281672,500
XGBoost_TLCQM,0.0973010813963922,500
KRR_TLCQM,1.6232809138920754,500
NN_TLCQM,0.3579607320309352,500
XGBoost_Target_Only,0.1139163552883903,100
KRR_Target_Only,30.079279896012206,100
NN_Target_Only,22.97696689210954,100
XGBoost_Pool,0.101528333201905,100
KRR_Pool,1.578761790688351,100
NN_Pool,6.074831643903469,100
XGBoost_TLCQM,0.1069041792892082,100
KRR_TLCQM,1.7523382628914783,100
NN_TLCQM,0.1145354165817703,100
XGBoost_Target_Only,0.1025595671852599,200
KRR_Target_Only,19.459266136156227,200
NN_Target_Only,23.03276104482691,200
XGBoost_Pool,0.0979545616607852,200
KRR_Pool,1.4791709039925791,200
NN_Pool,3.4519321370040967,200
XGBoost_TLCQM,0.0989117053474407,200
KRR_TLCQM,1.6231339264198927,200
NN_TLCQM,0.1058678626277494,200
XGBoost_Target_Only,0.1007381309180623,300
KRR_Target_Only,14.299545397705687,300
NN_Target_Only,0.5903826582906717,300
XGBoost_Pool,0.0953599090779283,300
KRR_Pool,1.4689332905635997,300
NN_Pool,6.123472742511162,300
XGBoost_TLCQM,0.0956584783448171,300
KRR_TLCQM,1.6318333334152413,300
NN_TLCQM,0.1410825173048358,300
XGBoost_Target_Only,0.09779001021208,500
KRR_Target_Only,8.139518308448245,500
NN_Target_Only,0.2084400979673214,500
XGBoost_Pool,0.0947935017476889,500
KRR_Pool,1.420873542790354,500
NN_Pool,3.001279706802132,500
XGBoost_TLCQM,0.0960104232607031,500
KRR_TLCQM,1.5605907846854896,500
NN_TLCQM,0.1416878789809287,500
XGBoost_Target_Only,0.12249912500795,100
KRR_Target_Only,30.177466504211782,100
NN_Target_Only,20.49922951160528,100
XGBoost_Pool,0.0999751714343052,100
KRR_Pool,1.575923219847414,100
NN_Pool,5.460616441563078,100
XGBoost_TLCQM,0.1072316312886646,100
KRR_TLCQM,1.758252081641474,100
NN_TLCQM,0.1702565768352269,100
XGBoost_Target_Only,0.1109438032880305,200
KRR_Target_Only,20.589442583633964,200
NN_Target_Only,20.570319878554272,200
XGBoost_Pool,0.0991470034252251,200
KRR_Pool,1.5765907422191523,200
NN_Pool,3.760128933779617,200
XGBoost_TLCQM,0.1067486007407935,200
KRR_TLCQM,1.7546336889402696,200
NN_TLCQM,0.1084098101893835,200
XGBoost_Target_Only,0.110731252600541,300
KRR_Target_Only,14.91907551914552,300
NN_Target_Only,6.273957611330049,300
XGBoost_Pool,0.0982291903123511,300
KRR_Pool,1.5747073380265375,300
NN_Pool,6.066468017591131,300
XGBoost_TLCQM,0.1063040626665269,300
KRR_TLCQM,1.748783266930567,300
NN_TLCQM,0.1038797004643071,300
XGBoost_Target_Only,0.0976754411407781,500
KRR_Target_Only,9.404576542275931,500
NN_Target_Only,1.3690277816844671,500
XGBoost_Pool,0.0960206954269956,500
KRR_Pool,1.5042046606711057,500
NN_Pool,2.9574804919459954,500
XGBoost_TLCQM,0.1022645427144,500
KRR_TLCQM,1.6308508315880108,500
NN_TLCQM,0.1321921366209768,500
XGBoost_Target_Only,0.1218385044788573,100
KRR_Target_Only,29.706070265145637,100
NN_Target_Only,23.422733005272573,100
XGBoost_Pool,0.1022595206325693,100
KRR_Pool,1.618295234529484,100
NN_Pool,5.558289627691846,100
XGBoost_TLCQM,0.1078983561759202,100
KRR_TLCQM,1.781852754600614,100
NN_TLCQM,0.1074760769255135,100
XGBoost_Target_Only,0.1044721255789519,200
KRR_Target_Only,19.87197988817413,200
NN_Target_Only,22.607264972985316,200
XGBoost_Pool,0.1014716127521938,200
KRR_Pool,1.586137425462616,200
NN_Pool,3.3014088792073157,200
XGBoost_TLCQM,0.0975789536095659,200
KRR_TLCQM,1.7639368224276768,200
NN_TLCQM,0.1815514060060981,200
XGBoost_Target_Only,0.0960973626770953,300
KRR_Target_Only,15.005004534148968,300
NN_Target_Only,6.31772634360487,300
XGBoost_Pool,0.0978561727063427,300
KRR_Pool,1.5711025928107,300
NN_Pool,3.25292364850321,300
XGBoost_TLCQM,0.0978921226499367,300
KRR_TLCQM,1.7435085757916575,300
NN_TLCQM,0.3229478861503037,300
XGBoost_Target_Only,0.1101425209773003,100
KRR_Target_Only,29.213416681373104,100
NN_Target_Only,17.999145110877137,100
XGBoost_Pool,0.0990500881896777,100
KRR_Pool,1.6309388893962973,100
NN_Pool,6.328119646343603,100
XGBoost_TLCQM,0.1033661706249983,100
KRR_TLCQM,1.7903372909436277,100
NN_TLCQM,0.1150201823473393,100
XGBoost_Target_Only,0.104904192292354,200
KRR_Target_Only,20.35739010786305,200
NN_Target_Only,17.741756597097055,200
XGBoost_Pool,0.099381594587709,200
KRR_Pool,1.6271557288236145,200
NN_Pool,3.4453030572298915,200
XGBoost_TLCQM,0.0980642476403237,200
KRR_TLCQM,1.775331714900318,200
NN_TLCQM,0.1129839481346271,200
XGBoost_Target_Only,0.1084144488728371,300
KRR_Target_Only,13.915634296440304,300
NN_Target_Only,0.3038961410797385,300
XGBoost_Pool,0.101081757059517,300
KRR_Pool,1.6256013801106883,300
NN_Pool,3.3361517517990693,300
XGBoost_TLCQM,0.103471202256548,300
KRR_TLCQM,1.7796069794720937,300
NN_TLCQM,0.1072303501397626,300
XGBoost_Target_Only,0.1011090859446024,500
KRR_Target_Only,9.328469257478268,500
NN_Target_Only,0.199443983673242,500
XGBoost_Pool,0.0968578617481851,500
KRR_Pool,1.5451377091356395,500
NN_Pool,3.3333662547336456,500
XGBoost_TLCQM,0.0950225358714102,500
KRR_TLCQM,1.6822790565300103,500
NN_TLCQM,0.1022565134606149,500
XGBoost_Target_Only,0.1081634987873,100
KRR_Target_Only,30.400312849321537,100
NN_Target_Only,25.667589193542234,100
XGBoost_Pool,0.1013101210956563,100
KRR_Pool,1.5866330483599915,100
NN_Pool,3.412639199524025,100
XGBoost_TLCQM,0.1041488579416863,100
KRR_TLCQM,1.7725502204836956,100
NN_TLCQM,0.1141612585947712,100
XGBoost_Target_Only,0.1109796343563399,200
KRR_Target_Only,19.944631004082503,200
NN_Target_Only,24.758160161906837,200
XGBoost_Pool,0.0989027699161184,200
KRR_Pool,1.5832356059620691,200
NN_Pool,3.777201813753124,200
XGBoost_TLCQM,0.1001811174295591,200
KRR_TLCQM,1.766246387509478,200
NN_TLCQM,0.1015890726562345,200
XGBoost_Target_Only,0.0973333240476382,300
KRR_Target_Only,13.17773059127281,300
NN_Target_Only,2.057560593876009,300
XGBoost_Pool,0.0958966437352298,300
KRR_Pool,1.580358526023151,300
NN_Pool,4.79089125907351,300
XGBoost_TLCQM,0.0965574485565186,300
KRR_TLCQM,1.749945147290762,300
NN_TLCQM,0.1007788308598226,300
XGBoost_Target_Only,0.09289133887538,500
KRR_Target_Only,8.293211003659755,500
NN_Target_Only,0.5778686256041624,500
XGBoost_Pool,0.0955657975543353,500
KRR_Pool,1.5917967452964583,500
NN_Pool,2.765100931942311,500
XGBoost_TLCQM,0.1012936542112755,500
KRR_TLCQM,1.7512384687064175,500
NN_TLCQM,0.1513305261171191,500
XGBoost_Target_Only,0.1194588563668928,100
KRR_Target_Only,30.585663601247724,100
NN_Target_Only,22.831175320665817,100
XGBoost_Pool,0.1014115916538452,100
KRR_Pool,1.594774105475541,100
NN_Pool,5.786092185512145,100
XGBoost_TLCQM,0.1002240048762603,100
KRR_TLCQM,1.8056128577309687,100
NN_TLCQM,0.1020882324785295,100
XGBoost_Target_Only,0.0981498013494601,200
KRR_Target_Only,20.787629965164,200
NN_Target_Only,24.62661226708755,200
XGBoost_Pool,0.0978499004950246,200
KRR_Pool,1.5774700417235428,200
NN_Pool,3.540440680974399,200
XGBoost_TLCQM,0.0994769577587639,200
KRR_TLCQM,1.7698857861827293,200
NN_TLCQM,0.1011329181871147,200
XGBoost_Target_Only,0.0993194293330746,300
KRR_Target_Only,12.84165308257137,300
NN_Target_Only,6.7911262455682735,300
XGBoost_Pool,0.0973576429552139,300
KRR_Pool,1.5570999594839732,300
NN_Pool,2.9907625675673835,300
XGBoost_TLCQM,0.0996710338398491,300
KRR_TLCQM,1.752051653968934,300
NN_TLCQM,0.1122347618148083,300
XGBoost_Target_Only,0.0952978864768171,500
KRR_Target_Only,9.8372870367211,500
NN_Target_Only,0.8202851122415554,500
XGBoost_Pool,0.0960038897036373,500
KRR_Pool,1.5397906787003557,500
NN_Pool,3.2721930354181934,500
XGBoost_TLCQM,0.0987935232834925,500
KRR_TLCQM,1.735834471488528,500
NN_TLCQM,0.123936729285177,500
XGBoost_Target_Only,0.1043889912811964,100
KRR_Target_Only,28.33943093614751,100
NN_Target_Only,22.527699038899936,100
XGBoost_Pool,0.100439054877838,100
KRR_Pool,1.5761191138129076,100
NN_Pool,5.693552038504049,100
XGBoost_TLCQM,0.0987128745710971,100
KRR_TLCQM,1.7425826730436518,100
NN_TLCQM,0.249621716332368,100
XGBoost_Target_Only,0.1010119275679281,200
KRR_Target_Only,19.5969234079631,200
NN_Target_Only,25.08624129193846,200
XGBoost_Pool,0.1020310864210879,200
KRR_Pool,1.501667592419184,200
NN_Pool,3.37126842697408,200
XGBoost_TLCQM,0.1015955673073903,200
KRR_TLCQM,1.6688061036276662,200
NN_TLCQM,0.1107916253222834,200
XGBoost_Target_Only,0.1013767759490825,300
KRR_Target_Only,15.051279663553078,300
NN_Target_Only,0.3113218491501476,300
XGBoost_Pool,0.0986212189288004,300
KRR_Pool,1.468414268244161,300
NN_Pool,3.247108026604565,300
XGBoost_TLCQM,0.0993625850960847,300
KRR_TLCQM,1.6236765951596297,300
NN_TLCQM,0.1062354035879131,300
XGBoost_Target_Only,0.0960120838835364,500
KRR_Target_Only,9.764940935145484,500
NN_Target_Only,0.4026293196691289,500
XGBoost_Pool,0.0964278803194232,500
KRR_Pool,1.372142112269664,500
NN_Pool,4.926569223480963,500
XGBoost_TLCQM,0.1007845479383542,500
KRR_TLCQM,1.5309500702812977,500
NN_TLCQM,0.0999455355260717,500
XGBoost_Target_Only,0.1109809813104819,100
KRR_Target_Only,29.217933480396574,100
NN_Target_Only,26.227538459101133,100
XGBoost_Pool,0.0990290263342752,100
KRR_Pool,1.6050185720010588,100
NN_Pool,3.436417645641992,100
XGBoost_TLCQM,0.1025778974782727,100
KRR_TLCQM,1.781398953395308,100
NN_TLCQM,0.1180159952461247,100
XGBoost_Target_Only,0.1141354652282664,200
KRR_Target_Only,20.505916552119885,200
NN_Target_Only,23.4527674048914,200
XGBoost_Pool,0.0979705035344346,200
KRR_Pool,1.5716724944511669,200
NN_Pool,3.085916127820631,200
XGBoost_TLCQM,0.1035198166775845,200
KRR_TLCQM,1.774624832051488,200
NN_TLCQM,0.2592234748938301,200
XGBoost_Target_Only,0.1011891372810625,300
KRR_Target_Only,14.101871356618089,300
NN_Target_Only,6.192982029502373,300
XGBoost_Pool,0.0991509591468108,300
KRR_Pool,1.5728102276251896,300
NN_Pool,3.6119964960665865,300
XGBoost_TLCQM,0.1033221392883763,300
KRR_TLCQM,1.7742526543991348,300
NN_TLCQM,0.1013809279456014,300
XGBoost_Target_Only,0.1012327627772429,500
KRR_Target_Only,7.784534878169406,500
NN_Target_Only,0.2187683829618031,500
XGBoost_Pool,0.0959769482365607,500
KRR_Pool,1.4515044486396969,500
NN_Pool,4.304177178313434,500
XGBoost_TLCQM,0.0986130553738303,500
KRR_TLCQM,1.6068756882863808,500
NN_TLCQM,0.0984643036677751,500
XGBoost_Target_Only,0.1137176563824608,100
KRR_Target_Only,28.850758427387944,100
NN_Target_Only,21.68569939532872,100
XGBoost_Pool,0.1005262877408521,100
KRR_Pool,1.5909366233309368,100
NN_Pool,5.664418583083782,100
XGBoost_TLCQM,0.0980088385759352,100
KRR_TLCQM,1.7714183050046544,100
NN_TLCQM,0.1055767860488761,100
XGBoost_Target_Only,0.1094417138728357,200
KRR_Target_Only,19.15860117790198,200
NN_Target_Only,20.04368917155424,200
XGBoost_Pool,0.0971809190828924,200
KRR_Pool,1.601061102697342,200
NN_Pool,3.707258613965158,200
XGBoost_TLCQM,0.0989209663044206,200
KRR_TLCQM,1.747721456977516,200
NN_TLCQM,0.1089360847767766,200
XGBoost_Target_Only,0.1052632952392182,300
KRR_Target_Only,13.809638814130311,300
NN_Target_Only,15.242965429188873,300
XGBoost_Pool,0.0969469914748132,300
KRR_Pool,1.574037901118901,300
NN_Pool,4.95627919830336,300
XGBoost_TLCQM,0.1025546693895164,300
KRR_TLCQM,1.747357436809661,300
NN_TLCQM,0.11126554452322,300
XGBoost_Target_Only,0.0930056059524593,500
KRR_Target_Only,8.99735688897073,500
NN_Target_Only,6.839297910285335,500
XGBoost_Pool,0.0938035762778845,500
KRR_Pool,1.4992442070990863,500
NN_Pool,4.316585691506239,500
XGBoost_TLCQM,0.094829776519832,500
KRR_TLCQM,1.6586014275235277,500
NN_TLCQM,0.1333050678954427,500
XGBoost_Target_Only,0.1118798158059321,100
KRR_Target_Only,29.083881169866064,100
NN_Target_Only,17.843335676239544,100
XGBoost_Pool,0.0979130283660888,100
KRR_Pool,1.6195843204011429,100
NN_Pool,5.402955403964182,100
XGBoost_TLCQM,0.1065837703517102,100
KRR_TLCQM,1.778204160923622,100
NN_TLCQM,0.3459311129104689,100
XGBoost_Target_Only,0.1017203857629022,200
KRR_Target_Only,18.601230440586896,200
NN_Target_Only,22.365448104126237,200
XGBoost_Pool,0.0984578575371046,200
KRR_Pool,1.5668961053428268,200
NN_Pool,3.365040636913531,200
XGBoost_TLCQM,0.0985356804510259,200
KRR_TLCQM,1.7334166970805869,200
NN_TLCQM,0.3038482583483656,200
XGBoost_Target_Only,0.0976210664045218,300
KRR_Target_Only,14.815711087702736,300
NN_Target_Only,1.4283030266675174,300
XGBoost_Pool,0.0969213200335113,300
KRR_Pool,1.533384231142041,300
NN_Pool,3.406946068739095,300
XGBoost_TLCQM,0.0962510589157889,300
KRR_TLCQM,1.6947047544084743,300
NN_TLCQM,0.1904570922883307,300
XGBoost_Target_Only,0.0959015164546068,500
KRR_Target_Only,9.409523393014652,500
NN_Target_Only,6.173322040516294,500
XGBoost_Pool,0.0960395477850452,500
KRR_Pool,1.3719927365202451,500
NN_Pool,3.202543200300635,500
XGBoost_TLCQM,0.095537097717201,500
KRR_TLCQM,1.532209791777737,500
NN_TLCQM,0.1282157105723656,500
XGBoost_Target_Only,0.1277596746197206,100
KRR_Target_Only,30.218538630270025,100
NN_Target_Only,23.790483296034523,100
XGBoost_Pool,0.098570704268533,100
KRR_Pool,1.6149929475729916,100
NN_Pool,5.5957164069706815,100
XGBoost_TLCQM,0.1082128414593689,100
KRR_TLCQM,1.7948061604415642,100
NN_TLCQM,0.1124916935405465,100
XGBoost_Target_Only,0.1038185857384507,200
KRR_Target_Only,19.050271801119088,200
NN_Target_Only,22.4342056700004,200
XGBoost_Pool,0.1002881728033047,200
KRR_Pool,1.5357683592543443,200
NN_Pool,4.893159502282849,200
XGBoost_TLCQM,0.1006619160054013,200
KRR_TLCQM,1.6885336998763063,200
NN_TLCQM,0.1141630728154316,200
XGBoost_Target_Only,0.1030283602691,300
KRR_Target_Only,13.986925163505258,300
NN_Target_Only,0.3024201226078382,300
XGBoost_Pool,0.1004546187319501,300
KRR_Pool,1.5531214397258366,300
NN_Pool,3.123580204751568,300
XGBoost_TLCQM,0.0977105734207497,300
KRR_TLCQM,1.7066901065152458,300
NN_TLCQM,0.1334521450179129,300
XGBoost_Target_Only,0.0993083926404223,500
KRR_Target_Only,8.816876025183014,500
NN_Target_Only,0.3465096863329446,500
XGBoost_Pool,0.0965363625638046,500
KRR_Pool,1.5294732318108386,500
NN_Pool,3.383351073574669,500
XGBoost_TLCQM,0.0979822245725999,500
KRR_TLCQM,1.6966748065054706,500
NN_TLCQM,0.1044360867915698,500
XGBoost_Target_Only,0.1129978346004451,100
KRR_Target_Only,27.75255922847543,100
NN_Target_Only,20.08777236103505,100
XGBoost_Pool,0.1011945893657404,100
KRR_Pool,1.6475987135354464,100
NN_Pool,5.963165336951542,100
XGBoost_TLCQM,0.106577565602714,100
KRR_TLCQM,1.858833647602656,100
NN_TLCQM,0.1455344308756671,100
XGBoost_Target_Only,0.110019629839163,200
KRR_Target_Only,18.14425259176039,200
NN_Target_Only,19.98142323606112,200
XGBoost_Pool,0.0988994928199818,200
KRR_Pool,1.6555677719883564,200
NN_Pool,3.6521237558063904,200
XGBoost_TLCQM,0.1001540793074312,200
KRR_TLCQM,1.8487234740734533,200
NN_TLCQM,0.1224810579504246,200
XGBoost_Target_Only,0.107281092644779,300
KRR_Target_Only,13.146048078769038,300
NN_Target_Only,6.246666113854523,300
XGBoost_Pool,0.096961025315828,300
KRR_Pool,1.573144273885295,300
NN_Pool,5.442011949553571,300
XGBoost_TLCQM,0.0996084048447715,300
KRR_TLCQM,1.7629542599893249,300
NN_TLCQM,0.1010157764115136,300
XGBoost_Target_Only,0.1017604988797708,500
KRR_Target_Only,8.449120980535568,500
NN_Target_Only,6.706904619225652,500
XGBoost_Pool,0.0953508505848887,500
KRR_Pool,1.5286928143962837,500
NN_Pool,4.254717242602952,500
XGBoost_TLCQM,0.0971593315619414,500
KRR_TLCQM,1.7166921957371208,500
NN_TLCQM,0.1038810107999693,500
XGBoost_Target_Only,0.1235054711387553,100
KRR_Target_Only,29.294912627701493,100
NN_Target_Only,26.82057612743024,100
XGBoost_Pool,0.1022849455550209,100
KRR_Pool,1.641365736216799,100
NN_Pool,5.358345176600941,100
XGBoost_TLCQM,0.1089359544310508,100
KRR_TLCQM,1.8552474614211856,100
NN_TLCQM,0.1005814831571613,100
XGBoost_Target_Only,0.1163005518910166,200
KRR_Target_Only,18.91617691229002,200
NN_Target_Only,24.709308075699404,200
XGBoost_Pool,0.1004335113488242,200
KRR_Pool,1.6040502668345291,200
NN_Pool,3.5643146918013526,200
XGBoost_TLCQM,0.1079052180536311,200
KRR_TLCQM,1.800548955754088,200
NN_TLCQM,0.1494760135018515,200
XGBoost_Target_Only,0.1151551619979763,300
KRR_Target_Only,13.245135271461606,300
NN_Target_Only,6.057148184099948,300
XGBoost_Pool,0.099469752306964,300
KRR_Pool,1.5625076223171568,300
NN_Pool,4.607832945808922,300
XGBoost_TLCQM,0.1091838694341793,300
KRR_TLCQM,1.7509762121920525,300
NN_TLCQM,0.1053852133487547,300
XGBoost_Target_Only,0.0975494714221952,500
KRR_Target_Only,8.606471894156009,500
NN_Target_Only,0.3249815082444915,500
XGBoost_Pool,0.0969147169386922,500
KRR_Pool,1.5176562947950234,500
NN_Pool,3.5080943055385188,500
XGBoost_TLCQM,0.1015077227397744,500
KRR_TLCQM,1.689777905801354,500
NN_TLCQM,0.1398170990551357,500
XGBoost_Target_Only,0.1179794884144918,100
KRR_Target_Only,30.742132702320163,100
NN_Target_Only,18.27682752783478,100
XGBoost_Pool,0.1024395415730018,100
KRR_Pool,1.6092331221520055,100
NN_Pool,5.683007760910041,100
XGBoost_TLCQM,0.1058051121719443,100
KRR_TLCQM,1.7796961247394345,100
NN_TLCQM,0.117856174178112,100
XGBoost_Target_Only,0.101417046167253,200
KRR_Target_Only,19.73350248071148,200
NN_Target_Only,18.116324288375573,200
XGBoost_Pool,0.1003557520319296,200
KRR_Pool,1.6099782004906,200
NN_Pool,3.613433232721442,200
XGBoost_TLCQM,0.0987798957527256,200
KRR_TLCQM,1.78376007478568,200
NN_TLCQM,0.1019523585566136,200
XGBoost_Target_Only,0.0976956712311205,300
KRR_Target_Only,14.318279305116253,300
NN_Target_Only,0.3012258946559164,300
XGBoost_Pool,0.0979983127700823,300
KRR_Pool,1.5459036354390787,300
NN_Pool,6.112957947637024,300
XGBoost_TLCQM,0.0978217800011725,300
KRR_TLCQM,1.7115271810958663,300
NN_TLCQM,0.1034284400057315,300
XGBoost_Target_Only,0.0974809706921067,500
KRR_Target_Only,9.266711807667484,500
NN_Target_Only,0.4874286588317318,500
XGBoost_Pool,0.0961713791000616,500
KRR_Pool,1.4923443864272998,500
NN_Pool,2.754437990445661,500
XGBoost_TLCQM,0.0980488901311892,500
KRR_TLCQM,1.6410599299373223,500
NN_TLCQM,0.1011825257650814,500
XGBoost_Target_Only,0.1173412107032533,100
KRR_Target_Only,31.002931080689606,100
NN_Target_Only,23.58649447223883,100
XGBoost_Pool,0.1017418341489344,100
KRR_Pool,1.611073133067942,100
NN_Pool,5.7408524813538895,100
XGBoost_TLCQM,0.1076030326075551,100
KRR_TLCQM,1.8538072724356651,100
NN_TLCQM,0.1046633500038136,100
XGBoost_Target_Only,0.1032309896343114,200
KRR_Target_Only,20.420346788011468,200
NN_Target_Only,23.43760294486968,200
XGBoost_Pool,0.0982882279923203,200
KRR_Pool,1.5286149691758293,200
NN_Pool,3.3627737184757933,200
XGBoost_TLCQM,0.1014612022682543,200
KRR_TLCQM,1.731609998954742,200
NN_TLCQM,0.0970100235951817,200
XGBoost_Target_Only,0.1032664701276958,300
KRR_Target_Only,14.24100128746237,300
NN_Target_Only,0.8401808320154548,300
XGBoost_Pool,0.0992099509498888,300
KRR_Pool,1.5096279410293785,300
NN_Pool,3.798537833943066,300
XGBoost_TLCQM,0.1012775835740514,300
KRR_TLCQM,1.6912895795014613,300
NN_TLCQM,0.1080727103145127,300
XGBoost_Target_Only,0.0960455331071325,500
KRR_Target_Only,8.66270426792125,500
NN_Target_Only,0.2814298098171228,500
XGBoost_Pool,0.0955468756860326,500
KRR_Pool,1.507331991513106,500
NN_Pool,3.3524815287855394,500
XGBoost_TLCQM,0.0972279189239187,500
KRR_TLCQM,1.6880730915149404,500
NN_TLCQM,0.0975638556749802,500
XGBoost_Target_Only,0.1168799917275533,100
KRR_Target_Only,30.995830414206136,100
NN_Target_Only,23.31092245546007,100
XGBoost_Pool,0.1027173296639976,100
KRR_Pool,1.5941779581715274,100
NN_Pool,5.70761440858339,100
XGBoost_TLCQM,0.1117114236809914,100
KRR_TLCQM,1.7839238024823705,100
NN_TLCQM,0.1422586535379381,100
XGBoost_Target_Only,0.1058238193270693,200
KRR_Target_Only,20.132964127771896,200
NN_Target_Only,27.946813102889266,200
XGBoost_Pool,0.1026575559938626,200
KRR_Pool,1.5736730753592088,200
NN_Pool,3.0332809414052044,200
XGBoost_TLCQM,0.0983991252374663,200
KRR_TLCQM,1.75588685218576,200
NN_TLCQM,0.1125112380795603,200
XGBoost_Target_Only,0.0954216840650313,300
KRR_Target_Only,14.823042761056511,300
NN_Target_Only,8.672196641428853,300
XGBoost_Pool,0.0988528892655521,300
KRR_Pool,1.496195069578338,300
NN_Pool,3.165559027910791,300
XGBoost_TLCQM,0.1004487298031139,300
KRR_TLCQM,1.6716968348952483,300
NN_TLCQM,0.1664793846868871,300
XGBoost_Target_Only,0.0963624319422243,500
KRR_Target_Only,8.811843023181565,500
NN_Target_Only,2.4060143383564,500
XGBoost_Pool,0.0963776059729452,500
KRR_Pool,1.4861683624692217,500
NN_Pool,3.37940726122285,500
XGBoost_TLCQM,0.097623968392266,500
KRR_TLCQM,1.6307782874333827,500
NN_TLCQM,0.110916972351617,500
XGBoost_Target_Only,0.1105492215772933,100
KRR_Target_Only,30.08578890981845,100
NN_Target_Only,23.01159827881086,100
XGBoost_Pool,0.0998822155811407,100
KRR_Pool,1.6216956450198068,100
NN_Pool,5.696729232095119,100
XGBoost_TLCQM,0.0983270915577612,100
KRR_TLCQM,1.8094734405067996,100
NN_TLCQM,0.1535175848465268,100
XGBoost_Target_Only,0.1027403546409098,200
KRR_Target_Only,20.566955129768708,200
NN_Target_Only,21.96088629359152,200
XGBoost_Pool,0.0975363548671156,200
KRR_Pool,1.606764819907366,200
NN_Pool,3.5221297498344,200
XGBoost_TLCQM,0.0959590465876173,200
KRR_TLCQM,1.789130667965813,200
NN_TLCQM,0.2056262053899378,200
XGBoost_Target_Only,0.0942186304162026,300
KRR_Target_Only,14.327187234032298,300
NN_Target_Only,0.7160195927961915,300
XGBoost_Pool,0.096374778535195,300
KRR_Pool,1.6035642265994865,300
NN_Pool,3.079339544920459,300
XGBoost_TLCQM,0.0986223867864184,300
KRR_TLCQM,1.7855206796624228,300
NN_TLCQM,0.101014727517317,300
XGBoost_Target_Only,0.0960993451464755,500
KRR_Target_Only,9.977268384103793,500
NN_Target_Only,1.896139929118548,500
XGBoost_Pool,0.096547819575026,500
KRR_Pool,1.5344901803308175,500
NN_Pool,4.562620795005526,500
XGBoost_TLCQM,0.1015706361607277,500
KRR_TLCQM,1.7194491371662193,500
NN_TLCQM,0.142032610849874,500
XGBoost_Target_Only,0.1152507471379211,100
KRR_Target_Only,29.475568711345037,100
NN_Target_Only,19.81242934757572,100
XGBoost_Pool,0.1003605768125549,100
KRR_Pool,1.6281499071713827,100
NN_Pool,3.4288399150836133,100
XGBoost_TLCQM,0.1041113158300878,100
KRR_TLCQM,1.8084485476801329,100
NN_TLCQM,0.1301243902700548,100
XGBoost_Target_Only,0.1041974254746707,200
KRR_Target_Only,19.649094073821075,200
NN_Target_Only,23.77935961846929,200
XGBoost_Pool,0.100011546439861,200
KRR_Pool,1.5936472591264914,200
NN_Pool,3.62024011167068,200
XGBoost_TLCQM,0.0972587563784044,200
KRR_TLCQM,1.7336662415936572,200
NN_TLCQM,0.1094962446689981,200
XGBoost_Target_Only,0.097277636928918,300
KRR_Target_Only,14.564461176444455,300
NN_Target_Only,7.524673467659751,300
XGBoost_Pool,0.0985355628488857,300
KRR_Pool,1.5950324866912575,300
NN_Pool,2.6016300949662465,300
XGBoost_TLCQM,0.098932042655273,300
KRR_TLCQM,1.7399060855020565,300
NN_TLCQM,0.1084902122245862,300
XGBoost_Target_Only,0.1097174858631812,500
KRR_Target_Only,8.660667505628087,500
NN_Target_Only,0.9473626144555976,500
XGBoost_Pool,0.09767391702049,500
KRR_Pool,1.5408251380991176,500
NN_Pool,3.5205941752966874,500
XGBoost_TLCQM,0.0980199103885859,500
KRR_TLCQM,1.6831800735535662,500
NN_TLCQM,0.0990925899893179,500
XGBoost_Target_Only,0.1372224917695061,100
KRR_Target_Only,32.574227685917585,100
NN_Target_Only,24.63796266018125,100
XGBoost_Pool,0.103698699854868,100
KRR_Pool,1.6321327689167948,100
NN_Pool,5.137752429904511,100
XGBoost_TLCQM,0.1009962143377347,100
KRR_TLCQM,1.835829596743486,100
NN_TLCQM,0.101889326349321,100
XGBoost_Target_Only,0.1097615265231246,200
KRR_Target_Only,19.63198169616416,200
NN_Target_Only,24.223599813092846,200
XGBoost_Pool,0.0990853061722402,200
KRR_Pool,1.5875385885284716,200
NN_Pool,4.59174174861037,200
XGBoost_TLCQM,0.0977752349015827,200
KRR_TLCQM,1.7652052422378923,200
NN_TLCQM,0.0992746409218388,200
XGBoost_Target_Only,0.1004567440309718,300
KRR_Target_Only,14.033478339235486,300
NN_Target_Only,0.517641472005064,300
XGBoost_Pool,0.0979954236153656,300
KRR_Pool,1.5837527699219374,300
NN_Pool,3.46821832630227,300
XGBoost_TLCQM,0.0968091508996433,300
KRR_TLCQM,1.7839020682599211,300
NN_TLCQM,0.1020499577721449,300
XGBoost_Target_Only,0.0981750681354456,500
KRR_Target_Only,9.126620906651516,500
NN_Target_Only,0.9248472165721944,500
XGBoost_Pool,0.09615219823435,500
KRR_Pool,1.5320982788035709,500
NN_Pool,3.73737662190756,500
XGBoost_TLCQM,0.0960540967452546,500
KRR_TLCQM,1.7022314298287065,500
NN_TLCQM,0.1351210830325147,500
XGBoost_Target_Only,0.1133737159798984,100
KRR_Target_Only,29.946999545998608,100
NN_Target_Only,20.28956014083112,100
XGBoost_Pool,0.1000578382066989,100
KRR_Pool,1.601968175280365,100
NN_Pool,5.450575300659083,100
XGBoost_TLCQM,0.1071445120434857,100
KRR_TLCQM,1.8000791306888777,100
NN_TLCQM,0.1080939722116064,100
XGBoost_Target_Only,0.1073581332521059,200
KRR_Target_Only,20.212755333409167,200
NN_Target_Only,20.79679263801601,200
XGBoost_Pool,0.0990573255372342,200
KRR_Pool,1.5886256800860836,200
NN_Pool,3.5683600173629024,200
XGBoost_TLCQM,0.0993958055681421,200
KRR_TLCQM,1.771584118524149,200
NN_TLCQM,0.1022177554459328,200
XGBoost_Target_Only,0.1083036044326955,300
KRR_Target_Only,14.687033570130106,300
NN_Target_Only,0.2644888386364071,300
XGBoost_Pool,0.0968293425532065,300
KRR_Pool,1.5573756935749172,300
NN_Pool,3.984766349193163,300
XGBoost_TLCQM,0.0968435833700593,300
KRR_TLCQM,1.7173379638318167,300
NN_TLCQM,0.133770822336472,300
XGBoost_Target_Only,0.0977409678708294,500
KRR_Target_Only,10.121964481071249,500
NN_Target_Only,0.3462120850157031,500
XGBoost_Pool,0.0970704897831842,500
KRR_Pool,1.5329305319024116,500
NN_Pool,2.801026199384635,500
XGBoost_TLCQM,0.0954421669902541,500
KRR_TLCQM,1.6938219483610466,500
NN_TLCQM,0.1516762163295439,500
XGBoost_Target_Only,0.1109881485084265,100
KRR_Target_Only,28.25054641456924,100
NN_Target_Only,17.393147088303024,100
XGBoost_Pool,0.0998291192813782,100
KRR_Pool,1.6523463641523335,100
NN_Pool,5.701074186912662,100
XGBoost_TLCQM,0.1025035431444176,100
KRR_TLCQM,1.817151537875357,100
NN_TLCQM,0.1104643885404707,100
XGBoost_Target_Only,0.1289662431681988,200
KRR_Target_Only,17.96173713521567,200
NN_Target_Only,18.70468149595875,200
XGBoost_Pool,0.1009643308935658,200
KRR_Pool,1.6084839511286897,200
NN_Pool,3.5376703805188114,200
XGBoost_TLCQM,0.099729200796368,200
KRR_TLCQM,1.7541880663362224,200
NN_TLCQM,0.1009286288253929,200
XGBoost_Target_Only,0.1055358700079032,300
KRR_Target_Only,13.055202077885887,300
NN_Target_Only,6.250284784717817,300
XGBoost_Pool,0.0969614643432517,300
KRR_Pool,1.5267259350351257,300
NN_Pool,5.688821941324181,300
XGBoost_TLCQM,0.097409214721663,300
KRR_TLCQM,1.6654142978533784,300
NN_TLCQM,0.0993148740244682,300
XGBoost_Target_Only,0.0969933894091964,500
KRR_Target_Only,8.9683134475537,500
NN_Target_Only,6.103629819117008,500
XGBoost_Pool,0.0952597683703498,500
KRR_Pool,1.5181570466055847,500
NN_Pool,4.6018820673845084,500
XGBoost_TLCQM,0.0962675774049915,500
KRR_TLCQM,1.6602448936207086,500
NN_TLCQM,0.5955040580558923,500
XGBoost_Target_Only,0.1116082062337322,100
KRR_Target_Only,28.467572754962223,100
NN_Target_Only,20.204905993201077,100
XGBoost_Pool,0.100559620112295,100
KRR_Pool,1.6026807870176525,100
NN_Pool,5.540777465876484,100
XGBoost_TLCQM,0.1013808327165248,100
KRR_TLCQM,1.7597767248186524,100
NN_TLCQM,0.1925199979049502,100
XGBoost_Target_Only,0.1002312810843606,200
KRR_Target_Only,17.813292449363022,200
NN_Target_Only,22.68228887079394,200
XGBoost_Pool,0.1014662891410334,200
KRR_Pool,1.5624831695635475,200
NN_Pool,3.578532935347212,200
XGBoost_TLCQM,0.0983736759818514,200
KRR_TLCQM,1.7312914814876317,200
NN_TLCQM,0.0988691487188057,200
XGBoost_Target_Only,0.1077768209445103,300
KRR_Target_Only,13.600461785763832,300
NN_Target_Only,0.2849147764136121,300
XGBoost_Pool,0.0991492198424373,300
KRR_Pool,1.516320070164794,300
NN_Pool,6.184727464826997,300
XGBoost_TLCQM,0.0978754872511245,300
KRR_TLCQM,1.666686389075036,300
NN_TLCQM,0.0990933288800811,300
XGBoost_Target_Only,0.1385621638242092,100
KRR_Target_Only,28.79724763387928,100
NN_Target_Only,17.701396800445682,100
XGBoost_Pool,0.1012161372511576,100
KRR_Pool,1.549793450459458,100
NN_Pool,5.824206763871552,100
XGBoost_TLCQM,0.1145210105614864,100
KRR_TLCQM,1.7593122264889642,100
NN_TLCQM,0.1002806711056793,100
XGBoost_Target_Only,0.1044018218297578,200
KRR_Target_Only,19.54466172538237,200
NN_Target_Only,21.357311332291246,200
XGBoost_Pool,0.1006000518846202,200
KRR_Pool,1.5073759220249514,200
NN_Pool,3.5866694111529864,200
XGBoost_TLCQM,0.1113798985086551,200
KRR_TLCQM,1.675346056874854,200
NN_TLCQM,0.1048597984980899,200
XGBoost_Target_Only,0.1029572685527624,300
KRR_Target_Only,14.36171897356631,300
NN_Target_Only,2.094485191967961,300
XGBoost_Pool,0.0995326178874506,300
KRR_Pool,1.520248045804484,300
NN_Pool,5.880591013431755,300
XGBoost_TLCQM,0.1001267105966475,300
KRR_TLCQM,1.6791467743085882,300
NN_TLCQM,0.1223920975243718,300
XGBoost_Target_Only,0.0962637220853405,500
KRR_Target_Only,9.360712614493751,500
NN_Target_Only,0.1711740322364315,500
XGBoost_Pool,0.095548014739099,500
KRR_Pool,1.5077012940459642,500
NN_Pool,3.200856420168263,500
XGBoost_TLCQM,0.0968914297433839,500
KRR_TLCQM,1.655388881370046,500
NN_TLCQM,0.0966471167689063,500
