Method,MSE,target_size
XGBoost_Target_Only,0.1161127695247395,100
KRR_Target_Only,0.8758963130065669,100
NN_Target_Only,0.6874433061587155,100
XGBoost_Pool,0.10363869438193,100
KRR_Pool,0.3178841890646491,100
NN_Pool,0.2057618228744013,100
XGBoost_TLCQM,0.1034736796399144,100
KRR_TLCQM,0.2055435568497153,100
NN_TLCQM,0.1255812559353118,100
XGBoost_Target_Only,0.0963587479805767,200
KRR_Target_Only,0.690344601630459,200
NN_Target_Only,0.5776731544807483,200
XGBoost_Pool,0.0973170437804562,200
KRR_Pool,0.3898084102281172,200
NN_Pool,0.1960654127779005,200
XGBoost_TLCQM,0.0965772420602233,200
KRR_TLCQM,0.2053227894885607,200
NN_TLCQM,0.1187526947467603,200
XGBoost_Target_Only,0.0958024899459474,300
KRR_Target_Only,0.4887230105350553,300
NN_Target_Only,0.2752112565378452,300
XGBoost_Pool,0.0961381198598314,300
KRR_Pool,0.498023431992428,300
NN_Pool,0.1884589877376723,300
XGBoost_TLCQM,0.0981499256349768,300
KRR_TLCQM,0.1674235263301729,300
NN_TLCQM,0.1092550207878998,300
XGBoost_Target_Only,0.0928430987552638,500
KRR_Target_Only,0.3966803190329344,500
NN_Target_Only,0.1858140181406568,500
XGBoost_Pool,0.0955468888269744,500
KRR_Pool,0.7011635896619747,500
NN_Pool,0.1510727271371483,500
XGBoost_TLCQM,0.0974341802238905,500
KRR_TLCQM,0.1587489566551134,500
NN_TLCQM,0.1078616277537249,500
TKRR,1.905373040259548,100
CDAR,5.395244768740555,100
DARC,37.98654173023,100
VNCD_MDD,0.1776395629767249,100
M3SDA_Reg,0.1175144249811155,100
CMSS_Reg,0.1091715687309972,100
TKRR,1.90895206059805,200
CDAR,6.234986193593818,200
DARC,40.31327795142802,200
VNCD_MDD,0.1807367818045976,200
M3SDA_Reg,0.108212297552475,200
CMSS_Reg,0.1063411993389757,200
TKRR,1.8474732841038264,300
CDAR,6.139244738148328,300
DARC,40.05734993220279,300
VNCD_MDD,0.1712083603540004,300
M3SDA_Reg,0.1124552538859809,300
CMSS_Reg,0.1065016685014851,300
TKRR,1.773946709240093,500
CDAR,6.170088536399168,500
DARC,40.55597808009967,500
VNCD_MDD,0.157417561518828,500
M3SDA_Reg,0.1161481666465859,500
CMSS_Reg,0.1036346896822748,500
XGBoost_Target_Only,0.1217859626185718,100
KRR_Target_Only,0.973114263097958,100
NN_Target_Only,0.7545546538662048,100
XGBoost_Pool,0.0997312296879152,100
KRR_Pool,0.312243403234394,100
NN_Pool,0.19671501359671,100
XGBoost_TLCQM,0.0983326076349531,100
KRR_TLCQM,0.2035531038277902,100
NN_TLCQM,0.1279214316278201,100
XGBoost_Target_Only,0.1084416595134147,200
KRR_Target_Only,0.77305036940022,200
NN_Target_Only,0.4671804116283061,200
XGBoost_Pool,0.0975139211042941,200
KRR_Pool,0.3841174266073259,200
NN_Pool,0.1970920589272602,200
XGBoost_TLCQM,0.0978143873193654,200
KRR_TLCQM,0.2037616012539976,200
NN_TLCQM,0.1239476538814576,200
XGBoost_Target_Only,0.1024070497925181,300
KRR_Target_Only,0.366833540646385,300
NN_Target_Only,0.2221008652127105,300
XGBoost_Pool,0.0950465242054638,300
KRR_Pool,0.4909514733670796,300
NN_Pool,0.1879387758266659,300
XGBoost_TLCQM,0.0971110421222185,300
KRR_TLCQM,0.1482656924313248,300
NN_TLCQM,0.1089608483793178,300
XGBoost_Target_Only,0.0998347963593962,500
KRR_Target_Only,0.3069957968489011,500
NN_Target_Only,0.1807222933204175,500
XGBoost_Pool,0.0917264164392347,500
KRR_Pool,0.695708913394788,500
NN_Pool,0.2013487163606931,500
XGBoost_TLCQM,0.0971628322153495,500
KRR_TLCQM,0.1472227790820805,500
NN_TLCQM,0.1052694393594836,500
TKRR,1.997635413911243,100
CDAR,5.984147266764091,100
DARC,28.129751853413048,100
VNCD_MDD,0.1412113735702674,100
M3SDA_Reg,0.1192061271942798,100
CMSS_Reg,0.1149859347064256,100
TKRR,2.03680089664455,200
CDAR,5.404150012622663,200
DARC,32.68527982132673,200
VNCD_MDD,0.1506079161018567,200
M3SDA_Reg,0.112518992798824,200
CMSS_Reg,0.1084663979680853,200
TKRR,1.8550796000423364,300
CDAR,5.25686962670144,300
DARC,32.7115038471429,300
VNCD_MDD,0.1371556260604034,300
M3SDA_Reg,0.1172158951564111,300
CMSS_Reg,0.106645165322091,300
TKRR,1.7905676783508104,500
CDAR,5.343380095711331,500
DARC,32.61127719151517,500
VNCD_MDD,0.1226926096426409,500
M3SDA_Reg,0.1105283386797274,500
CMSS_Reg,0.1020292647657623,500
XGBoost_Target_Only,0.1185737898871498,100
KRR_Target_Only,0.6302110713859314,100
NN_Target_Only,0.3530195592402871,100
XGBoost_Pool,0.0995049370828647,100
KRR_Pool,0.3168450819053497,100
NN_Pool,0.1851302459940226,100
XGBoost_TLCQM,0.1046245384877272,100
KRR_TLCQM,0.192449968343454,100
NN_TLCQM,0.1203107267961876,100
XGBoost_Target_Only,0.108680090340611,200
KRR_Target_Only,0.5012313740172382,200
NN_Target_Only,0.2647154049557636,200
XGBoost_Pool,0.0967272767780246,200
KRR_Pool,0.3880749614074878,200
NN_Pool,0.1981546098822987,200
XGBoost_TLCQM,0.0996486177792435,200
KRR_TLCQM,0.1984785585081812,200
NN_TLCQM,0.11401033823375,200
XGBoost_Target_Only,0.1039795147484558,300
KRR_Target_Only,0.4165914993344535,300
NN_Target_Only,0.2130048839995988,300
XGBoost_Pool,0.0963426374653332,300
KRR_Pool,0.500426129294037,300
NN_Pool,0.1872262350718318,300
XGBoost_TLCQM,0.0989865673792338,300
KRR_TLCQM,0.18213109579888,300
NN_TLCQM,0.1123277192479958,300
XGBoost_Target_Only,0.098293440978542,500
KRR_Target_Only,0.3621734857108009,500
NN_Target_Only,0.1781638141997714,500
XGBoost_Pool,0.0949937399700187,500
KRR_Pool,0.7020398244673387,500
NN_Pool,0.1995133275137642,500
XGBoost_TLCQM,0.0986155156980836,500
KRR_TLCQM,0.1835539009899152,500
NN_TLCQM,0.107019263328448,500
TKRR,1.8396603668030496,100
CDAR,5.372041619044282,100
DARC,31.902996820290216,100
VNCD_MDD,0.1801905319118741,100
M3SDA_Reg,0.1163647790686478,100
CMSS_Reg,0.1128203211765145,100
TKRR,1.8632889134395605,200
CDAR,6.379463256633239,200
DARC,25.33279231515482,200
VNCD_MDD,0.146747630401145,200
M3SDA_Reg,0.1144066000846126,200
CMSS_Reg,0.1182189170083082,200
TKRR,1.828722989088137,300
CDAR,6.353156456185511,300
DARC,25.81968908639967,300
VNCD_MDD,0.1569433827646627,300
M3SDA_Reg,0.1188553730980056,300
CMSS_Reg,0.1119000488395448,300
TKRR,1.762478952918768,500
CDAR,6.420797569640233,500
DARC,26.262383970425315,500
VNCD_MDD,0.1359420466050947,500
M3SDA_Reg,0.118198508833156,500
CMSS_Reg,0.1075705028814833,500
XGBoost_Target_Only,0.1223156255679474,100
KRR_Target_Only,1.2822576586484378,100
NN_Target_Only,0.811885923003036,100
XGBoost_Pool,0.1003014999682821,100
KRR_Pool,0.3189152143877474,100
NN_Pool,0.1999730210882122,100
XGBoost_TLCQM,0.1085103784004467,100
KRR_TLCQM,0.232300347073762,100
NN_TLCQM,0.1242685670487524,100
XGBoost_Target_Only,0.1077497378889313,200
KRR_Target_Only,0.6590320214502696,200
NN_Target_Only,0.3549751453762356,200
XGBoost_Pool,0.1009164670054862,200
KRR_Pool,0.3900882637307598,200
NN_Pool,0.1943072209261585,200
XGBoost_TLCQM,0.10246418793525,200
KRR_TLCQM,0.2151635988549163,200
NN_TLCQM,0.1149276270023494,200
XGBoost_Target_Only,0.1029200136086175,300
KRR_Target_Only,0.5637813860884723,300
NN_Target_Only,0.2717421688521821,300
XGBoost_Pool,0.0995296729258846,300
KRR_Pool,0.510151843258077,300
NN_Pool,0.181396100039115,300
XGBoost_TLCQM,0.1018349337599706,300
KRR_TLCQM,0.2196875836050673,300
NN_TLCQM,0.1156626806808339,300
XGBoost_Target_Only,0.0972824135312196,500
KRR_Target_Only,0.4396680708539444,500
NN_Target_Only,0.2019218202231641,500
XGBoost_Pool,0.0987097854016332,500
KRR_Pool,0.7173664541979355,500
NN_Pool,0.1458051258322366,500
XGBoost_TLCQM,0.1050939527901831,500
KRR_TLCQM,0.2113810400930084,500
NN_TLCQM,0.1141572898958422,500
TKRR,1.8983996596781665,100
CDAR,5.913231803820283,100
DARC,32.97340884049857,100
VNCD_MDD,0.1607613898968441,100
M3SDA_Reg,0.1120536560223675,100
CMSS_Reg,0.1137250112410609,100
TKRR,1.885452398939907,200
CDAR,5.818507312579518,200
DARC,42.19632493113576,200
VNCD_MDD,0.1334017213364632,200
M3SDA_Reg,0.116444859494557,200
CMSS_Reg,0.1123526427680893,200
TKRR,1.8635646415154248,300
CDAR,5.846670957231602,300
DARC,37.79648209621725,300
VNCD_MDD,0.1418456760362155,300
M3SDA_Reg,0.1188307544261152,300
CMSS_Reg,0.1076105353146758,300
TKRR,1.810794972160582,500
CDAR,5.863980546505054,500
DARC,38.39551793780582,500
VNCD_MDD,0.1367855366967773,500
M3SDA_Reg,0.1213954164200636,500
CMSS_Reg,0.1025922127389085,500
XGBoost_Target_Only,0.125159578550441,100
KRR_Target_Only,0.903859239502819,100
NN_Target_Only,0.4575516410790194,100
XGBoost_Pool,0.0988771826302222,100
KRR_Pool,0.313766465378205,100
NN_Pool,0.1959394725574545,100
XGBoost_TLCQM,0.099930545534286,100
KRR_TLCQM,0.1943049171809187,100
NN_TLCQM,0.1134945401944563,100
XGBoost_Target_Only,0.1191718745139756,200
KRR_Target_Only,0.7466996024004743,200
NN_Target_Only,0.3609438769570105,200
XGBoost_Pool,0.1000630447796283,200
KRR_Pool,0.3853518548920353,200
NN_Pool,0.195162347116971,200
XGBoost_TLCQM,0.1009099567913873,200
KRR_TLCQM,0.1939429211889052,200
NN_TLCQM,0.11084917199647,200
XGBoost_Target_Only,0.1001239159934327,300
KRR_Target_Only,0.5581096689396317,300
NN_Target_Only,0.2982728110826301,300
XGBoost_Pool,0.0989703001982499,300
KRR_Pool,0.5020424731247044,300
NN_Pool,0.1626606807995199,300
XGBoost_TLCQM,0.1006653339329712,300
KRR_TLCQM,0.1896428337396637,300
NN_TLCQM,0.1103331879130498,300
XGBoost_Target_Only,0.0933916034532934,500
KRR_Target_Only,0.2691772469136952,500
NN_Target_Only,0.1343161790530975,500
XGBoost_Pool,0.0955462920723691,500
KRR_Pool,0.6929371752209883,500
NN_Pool,0.1973968982495223,500
XGBoost_TLCQM,0.0982797147860233,500
KRR_TLCQM,0.1671036068026247,500
NN_TLCQM,0.1030250792643706,500
TKRR,1.9274878633936217,100
CDAR,5.810215683245169,100
DARC,26.321384376384746,100
VNCD_MDD,0.190874347606632,100
M3SDA_Reg,0.1186365273757801,100
CMSS_Reg,0.121686229583143,100
TKRR,1.850913296443523,200
CDAR,5.972334704572976,200
DARC,34.3355371977098,200
VNCD_MDD,0.1647271617850728,200
M3SDA_Reg,0.1130425417644242,200
CMSS_Reg,0.1189091626603736,200
TKRR,1.8978092440406775,300
CDAR,5.949648524476659,300
DARC,33.88796065927955,300
VNCD_MDD,0.1475891216997386,300
M3SDA_Reg,0.1111601761898332,300
CMSS_Reg,0.1120701900661245,300
TKRR,1.8309814754275848,500
CDAR,5.698570012390447,500
DARC,30.38215512549656,500
VNCD_MDD,0.1203812108533343,500
M3SDA_Reg,0.1107803308110069,500
CMSS_Reg,0.1033876197536496,500
XGBoost_Target_Only,0.1184479571036312,100
KRR_Target_Only,1.32566118475025,100
NN_Target_Only,1.1371563209976,100
XGBoost_Pool,0.1008533250484699,100
KRR_Pool,0.3193018748777552,100
NN_Pool,0.1918927741976488,100
XGBoost_TLCQM,0.1014210069481682,100
KRR_TLCQM,0.2054882767294071,100
NN_TLCQM,0.1145552862250374,100
XGBoost_Target_Only,0.104288955554403,200
KRR_Target_Only,0.6955034943457259,200
NN_Target_Only,0.4659846617665792,200
XGBoost_Pool,0.0970361212050999,200
KRR_Pool,0.3919590288604094,200
NN_Pool,0.2459987741723841,200
XGBoost_TLCQM,0.1031048728833933,200
KRR_TLCQM,0.2540429599059863,200
NN_TLCQM,0.1131486830827218,200
XGBoost_Target_Only,0.1016748149231886,300
KRR_Target_Only,0.5108894633494117,300
NN_Target_Only,0.2344546629989128,300
XGBoost_Pool,0.0991908167744744,300
KRR_Pool,0.5140323161849792,300
NN_Pool,0.2127017117441454,300
XGBoost_TLCQM,0.0987424408217512,300
KRR_TLCQM,0.1934790214900504,300
NN_TLCQM,0.1044028112413347,300
XGBoost_Target_Only,0.0969012090253469,500
KRR_Target_Only,0.3970378147897275,500
NN_Target_Only,0.1646994182070079,500
XGBoost_Pool,0.0968410893895499,500
KRR_Pool,0.7225880119905909,500
NN_Pool,0.2221840009203573,500
XGBoost_TLCQM,0.0991476670890502,500
KRR_TLCQM,0.1819706740198075,500
NN_TLCQM,0.1070679812219457,500
TKRR,1.906322524872477,100
CDAR,6.048674151309136,100
DARC,19.0334054201901,100
VNCD_MDD,0.1773744023461333,100
M3SDA_Reg,0.1149468163289524,100
CMSS_Reg,0.122863946047671,100
TKRR,1.889574510064132,200
CDAR,5.818943362154468,200
DARC,20.29367052223538,200
VNCD_MDD,0.1700250032657305,200
M3SDA_Reg,0.1135258596691276,200
CMSS_Reg,0.1119284295363523,200
TKRR,1.9014184076942544,300
CDAR,5.751955483692446,300
DARC,20.05115059242407,300
VNCD_MDD,0.1631840011430335,300
M3SDA_Reg,0.1153317294070687,300
CMSS_Reg,0.1046026940506498,300
TKRR,1.8791304934364084,500
CDAR,5.766248071803967,500
DARC,20.162534745864093,500
VNCD_MDD,0.1358258438442783,500
M3SDA_Reg,0.1163624482060036,500
CMSS_Reg,0.1003783587805629,500
XGBoost_Target_Only,0.1152995511978932,100
KRR_Target_Only,0.6595343167298718,100
NN_Target_Only,0.395490626902172,100
XGBoost_Pool,0.102213000528785,100
KRR_Pool,0.3177653695462742,100
NN_Pool,0.2171011120095579,100
XGBoost_TLCQM,0.1035862168168334,100
KRR_TLCQM,0.2118483042349324,100
NN_TLCQM,0.1275167656258414,100
XGBoost_Target_Only,0.1142069488509325,200
KRR_Target_Only,0.5827261778648243,200
NN_Target_Only,0.2691225721267149,200
XGBoost_Pool,0.1025959568628336,200
KRR_Pool,0.3902185821590801,200
NN_Pool,0.200286849528389,200
XGBoost_TLCQM,0.0980876649359975,200
KRR_TLCQM,0.1882329493104978,200
NN_TLCQM,0.1143787843445369,200
XGBoost_Target_Only,0.1001644587745914,300
KRR_Target_Only,0.4515108188911491,300
NN_Target_Only,0.2268635203142829,300
XGBoost_Pool,0.1007351428674989,300
KRR_Pool,0.5085689938085829,300
NN_Pool,0.2119627273763391,300
XGBoost_TLCQM,0.0990646423496018,300
KRR_TLCQM,0.1856288782560897,300
NN_TLCQM,0.1162198889781367,300
XGBoost_Target_Only,0.0977709359196489,500
KRR_Target_Only,0.4324336517879248,500
NN_Target_Only,0.1773498532719274,500
XGBoost_Pool,0.0992139144583877,500
KRR_Pool,0.7147174859115468,500
NN_Pool,0.2234200004358592,500
XGBoost_TLCQM,0.09768694976279,500
KRR_TLCQM,0.1884607331652267,500
NN_TLCQM,0.1127381618771052,500
TKRR,2.06506317108852,100
CDAR,5.000472098475855,100
DARC,39.56564066694646,100
VNCD_MDD,0.1715336930486508,100
M3SDA_Reg,0.1225058708269922,100
CMSS_Reg,0.1161723625889857,100
TKRR,1.8345375654502776,200
CDAR,6.304662830044721,200
DARC,31.073263487472765,200
VNCD_MDD,0.1466428682222354,200
M3SDA_Reg,0.1193227935158638,200
CMSS_Reg,0.1125396141255725,200
TKRR,1.851383810484181,300
CDAR,6.2931826345741895,300
DARC,31.4391085087461,300
VNCD_MDD,0.1292476462991676,300
M3SDA_Reg,0.1218641682969042,300
CMSS_Reg,0.1110601915522485,300
TKRR,1.832489124550936,500
CDAR,6.356838790211996,500
DARC,32.171576215491406,500
VNCD_MDD,0.1145401676432952,500
M3SDA_Reg,0.1191253808036905,500
CMSS_Reg,0.1084146971202542,500
XGBoost_Target_Only,0.1221285587823788,100
KRR_Target_Only,1.09841102267346,100
NN_Target_Only,0.7073537055075315,100
XGBoost_Pool,0.1016519558324677,100
KRR_Pool,0.3184592450757619,100
NN_Pool,0.2030385438881936,100
XGBoost_TLCQM,0.1055209458099726,100
KRR_TLCQM,0.2344493494269495,100
NN_TLCQM,0.119740234690806,100
XGBoost_Target_Only,0.1150548803116285,200
KRR_Target_Only,0.5616604403758743,200
NN_Target_Only,0.2937296247398805,200
XGBoost_Pool,0.0996839047579929,200
KRR_Pool,0.389727075918009,200
NN_Pool,0.1779676216102932,200
XGBoost_TLCQM,0.100144958853908,200
KRR_TLCQM,0.2709875514499424,200
NN_TLCQM,0.1071269333191818,200
XGBoost_Target_Only,0.102211070008923,300
KRR_Target_Only,0.5700380452484879,300
NN_Target_Only,0.2356824862104026,300
XGBoost_Pool,0.0994349931118403,300
KRR_Pool,0.509268855859846,300
NN_Pool,0.185565493877826,300
XGBoost_TLCQM,0.1001350353934505,300
KRR_TLCQM,0.2520037079440141,300
NN_TLCQM,0.1049923042969192,300
XGBoost_Target_Only,0.0929500489740669,500
KRR_Target_Only,0.4083034875356538,500
NN_Target_Only,0.1838103020804289,500
XGBoost_Pool,0.0940765620278093,500
KRR_Pool,0.714252572856884,500
NN_Pool,0.1816157296400183,500
XGBoost_TLCQM,0.0968026658146889,500
KRR_TLCQM,0.1985992289852838,500
NN_TLCQM,0.1027644111871556,500
TKRR,1.9565850330611831,100
CDAR,6.13480261319027,100
DARC,35.7560049629926,100
VNCD_MDD,0.1596921763869898,100
M3SDA_Reg,0.1169118715150336,100
CMSS_Reg,0.1191615319269181,100
TKRR,1.902857993174454,200
CDAR,5.737718961711533,200
DARC,32.6940400466547,200
VNCD_MDD,0.1444970261037121,200
M3SDA_Reg,0.1130051109853007,200
CMSS_Reg,0.1166894249383838,200
TKRR,1.9636656396579817,300
CDAR,5.938044248619119,300
DARC,32.84974847129954,300
VNCD_MDD,0.1407366291168419,300
M3SDA_Reg,0.1164870091675488,300
CMSS_Reg,0.111468148651964,300
TKRR,1.9184384296586203,500
CDAR,5.848592946264223,500
DARC,32.89312760760339,500
VNCD_MDD,0.1216618742019495,500
M3SDA_Reg,0.1099602545799699,500
CMSS_Reg,0.1059962000986807,500
XGBoost_Target_Only,0.1302424183696715,100
KRR_Target_Only,0.9196349035484234,100
NN_Target_Only,0.6478253585064193,100
XGBoost_Pool,0.099059237939558,100
KRR_Pool,0.312082295163407,100
NN_Pool,0.2000159793207846,100
XGBoost_TLCQM,0.0972505255978483,100
KRR_TLCQM,0.2040588362447157,100
NN_TLCQM,0.1163031407911551,100
XGBoost_Target_Only,0.1242925931934986,200
KRR_Target_Only,0.6946015865912032,200
NN_Target_Only,0.4114733682981644,200
XGBoost_Pool,0.0975753659608918,200
KRR_Pool,0.3843686408429899,200
NN_Pool,0.1466883487423353,200
XGBoost_TLCQM,0.0975958887330601,200
KRR_TLCQM,0.1669060789347465,200
NN_TLCQM,0.1152699799123994,200
XGBoost_Target_Only,0.103294403734285,300
KRR_Target_Only,0.4657054603312948,300
NN_Target_Only,0.2525145212809002,300
XGBoost_Pool,0.0954772567505207,300
KRR_Pool,0.5025634264846467,300
NN_Pool,0.1682015762276137,300
XGBoost_TLCQM,0.0963180709340463,300
KRR_TLCQM,0.1895278449545405,300
NN_TLCQM,0.1090171418167378,300
XGBoost_Target_Only,0.0966126595120842,500
KRR_Target_Only,0.2929149053340075,500
NN_Target_Only,0.1378193492303255,500
XGBoost_Pool,0.0948805482440276,500
KRR_Pool,0.7124408208067732,500
NN_Pool,0.1674051433320655,500
XGBoost_TLCQM,0.0960007776840111,500
KRR_TLCQM,0.1710159983979481,500
NN_TLCQM,0.1014699850445583,500
TKRR,1.8967040451965247,100
CDAR,6.318374246429662,100
DARC,26.06695465782205,100
VNCD_MDD,0.1661106063150336,100
M3SDA_Reg,0.1139601352723795,100
CMSS_Reg,0.1221031210424388,100
TKRR,1.9054421287432344,200
CDAR,4.91094288652347,200
DARC,28.74742355347284,200
VNCD_MDD,0.1532109895719755,200
M3SDA_Reg,0.1128521681823313,200
CMSS_Reg,0.1154392308682072,200
TKRR,1.8504815449542449,300
CDAR,4.9210162691812265,300
DARC,29.00937023820095,300
VNCD_MDD,0.1446687580476203,300
M3SDA_Reg,0.1111732767865648,300
CMSS_Reg,0.1154615576948449,300
TKRR,1.7760467165374625,500
CDAR,4.894056479706676,500
DARC,29.319568049359404,500
VNCD_MDD,0.1183828917828468,500
M3SDA_Reg,0.1145800268305584,500
CMSS_Reg,0.106994718011696,500
XGBoost_Target_Only,0.1147298370820002,100
KRR_Target_Only,0.5750452702801754,100
NN_Target_Only,0.340594813591873,100
XGBoost_Pool,0.1012038493135287,100
KRR_Pool,0.3181096785487189,100
NN_Pool,0.1948508694300308,100
XGBoost_TLCQM,0.1078336217272474,100
KRR_TLCQM,0.1913233478726697,100
NN_TLCQM,0.1203245352696743,100
XGBoost_Target_Only,0.1017231126399872,200
KRR_Target_Only,0.4452641452878221,200
NN_Target_Only,0.3551649160856895,200
XGBoost_Pool,0.0995087195720785,200
KRR_Pool,0.3900215837691518,200
NN_Pool,0.1957205209676118,200
XGBoost_TLCQM,0.1004930201414953,200
KRR_TLCQM,0.1851867691204649,200
NN_TLCQM,0.1120243112982255,200
XGBoost_Target_Only,0.1074588266018003,300
KRR_Target_Only,0.4144282924972901,300
NN_Target_Only,0.2226650237316415,300
XGBoost_Pool,0.0974033973038653,300
KRR_Pool,0.5093439011720228,300
NN_Pool,0.1922924357180514,300
XGBoost_TLCQM,0.1012291043524116,300
KRR_TLCQM,0.1934324421940827,300
NN_TLCQM,0.1106329682209588,300
XGBoost_Target_Only,0.0979584398034627,500
KRR_Target_Only,0.3375085643927922,500
NN_Target_Only,0.1579120356252206,500
XGBoost_Pool,0.0950416312251023,500
KRR_Pool,0.7169475488811491,500
NN_Pool,0.1462062028736568,500
XGBoost_TLCQM,0.0990895560551677,500
KRR_TLCQM,0.1894928131731264,500
NN_TLCQM,0.1076859817156711,500
TKRR,1.831135681212031,100
CDAR,6.692028639747193,100
DARC,4.261134650238649,100
VNCD_MDD,0.1667609195243136,100
M3SDA_Reg,0.1277596462459205,100
CMSS_Reg,0.1155429748450435,100
TKRR,1.847584034812146,200
CDAR,5.500075825834232,200
DARC,32.80232204188082,200
VNCD_MDD,0.1516543262112231,200
M3SDA_Reg,0.120338699628286,200
CMSS_Reg,0.1121196858955009,200
TKRR,1.8700079977142647,300
CDAR,5.486951986164985,300
DARC,33.049281168314955,300
VNCD_MDD,0.1481393052696497,300
M3SDA_Reg,0.1199832564203773,300
CMSS_Reg,0.1088726674508091,300
TKRR,1.858314790584682,500
CDAR,5.438598449442707,500
DARC,32.827319038561384,500
VNCD_MDD,0.1361262037942019,500
M3SDA_Reg,0.1186152256412847,500
CMSS_Reg,0.101604044925537,500
XGBoost_Target_Only,0.1070507613099482,100
KRR_Target_Only,1.404886783393963,100
NN_Target_Only,1.2262050549467205,100
XGBoost_Pool,0.0990258952831612,100
KRR_Pool,0.3187977999334668,100
NN_Pool,0.1979784334944854,100
XGBoost_TLCQM,0.1013429635426161,100
KRR_TLCQM,0.1992189686225471,100
NN_TLCQM,0.1204309606106662,100
XGBoost_Target_Only,0.1096358535331614,200
KRR_Target_Only,0.5220347044808672,200
NN_Target_Only,0.3081190497087667,200
XGBoost_Pool,0.0992482852707475,200
KRR_Pool,0.3891563070508804,200
NN_Pool,0.1756043650739243,200
XGBoost_TLCQM,0.1021421038607758,200
KRR_TLCQM,0.1768272188928814,200
NN_TLCQM,0.10851804682529,200
XGBoost_Target_Only,0.0982670831227013,300
KRR_Target_Only,0.4711867618577451,300
NN_Target_Only,0.2641648566216414,300
XGBoost_Pool,0.0962682216343908,300
KRR_Pool,0.5095307547460938,300
NN_Pool,0.149778416373062,300
XGBoost_TLCQM,0.1007827500271674,300
KRR_TLCQM,0.1892775146943573,300
NN_TLCQM,0.1079649959211198,300
XGBoost_Target_Only,0.09567608919731,500
KRR_Target_Only,0.3396056568607988,500
NN_Target_Only,0.1649282205751703,500
XGBoost_Pool,0.0970476534964687,500
KRR_Pool,0.7180817040886563,500
NN_Pool,0.1538851870674378,500
XGBoost_TLCQM,0.1010536493787196,500
KRR_TLCQM,0.1922559984331146,500
NN_TLCQM,0.1066944741337785,500
TKRR,1.9736085536027888,100
CDAR,6.899175957815788,100
DARC,24.6575171589347,100
VNCD_MDD,0.1969572763521428,100
M3SDA_Reg,0.1125761223431698,100
CMSS_Reg,0.1269487507157521,100
TKRR,1.86473125561256,200
CDAR,6.172490275322016,200
DARC,28.99562171198092,200
VNCD_MDD,0.1605132081078905,200
M3SDA_Reg,0.1112885493262,200
CMSS_Reg,0.1108448510802899,200
TKRR,1.8769980028581743,300
CDAR,6.2048720017943255,300
DARC,29.185137959164543,300
VNCD_MDD,0.1360692382348045,300
M3SDA_Reg,0.1110340121703185,300
CMSS_Reg,0.1090929302791847,300
TKRR,1.8559909609353265,500
CDAR,6.219977826363167,500
DARC,29.139555029787157,500
VNCD_MDD,0.1270861641075457,500
M3SDA_Reg,0.1173929592774881,500
CMSS_Reg,0.1054167716463947,500
XGBoost_Target_Only,0.1257504347236722,100
KRR_Target_Only,1.176897356502303,100
NN_Target_Only,0.7541222241274673,100
XGBoost_Pool,0.1002087046191312,100
KRR_Pool,0.3189707043992079,100
NN_Pool,0.1956492026570861,100
XGBoost_TLCQM,0.1040814172736124,100
KRR_TLCQM,0.4468749130435619,100
NN_TLCQM,0.127615748411418,100
XGBoost_Target_Only,0.1027648509133029,200
KRR_Target_Only,0.5462595611471178,200
NN_Target_Only,0.2693895632856087,200
XGBoost_Pool,0.096961126947917,200
KRR_Pool,0.3893532514231353,200
NN_Pool,0.1902248219146703,200
XGBoost_TLCQM,0.1032180613853697,200
KRR_TLCQM,0.2656161564054813,200
NN_TLCQM,0.1124338194810488,200
XGBoost_Target_Only,0.1031665148786164,300
KRR_Target_Only,0.4510893022208501,300
NN_Target_Only,0.1878985120596764,300
XGBoost_Pool,0.0968966892932884,300
KRR_Pool,0.5105262667376758,300
NN_Pool,0.1848772874313976,300
XGBoost_TLCQM,0.1023114054390227,300
KRR_TLCQM,0.2724460224924359,300
NN_TLCQM,0.107387454430753,300
XGBoost_Target_Only,0.1010012581985562,500
KRR_Target_Only,0.3443660951775213,500
NN_Target_Only,0.1596797738005648,500
XGBoost_Pool,0.0961163750707683,500
KRR_Pool,0.7208596977473662,500
NN_Pool,0.2109106701402532,500
XGBoost_TLCQM,0.0984082426462451,500
KRR_TLCQM,0.2151147928337313,500
NN_TLCQM,0.1037406489313168,500
TKRR,1.9130442738137767,100
CDAR,6.109594418647387,100
DARC,39.05397414003654,100
VNCD_MDD,0.1596789493377654,100
M3SDA_Reg,0.1085694417246024,100
CMSS_Reg,0.1194851665161818,100
TKRR,1.9112212121737504,200
CDAR,6.079922862018966,200
DARC,37.940146847796086,200
VNCD_MDD,0.1430661952731303,200
M3SDA_Reg,0.1098615315911067,200
CMSS_Reg,0.112557477291102,200
TKRR,1.8260858474949344,300
CDAR,6.092839005331813,300
DARC,37.64261459677111,300
VNCD_MDD,0.1263000831713381,300
M3SDA_Reg,0.1083606274028048,300
CMSS_Reg,0.1133568715801618,300
TKRR,1.7982207061651616,500
CDAR,6.09591062046483,500
DARC,37.69327361091793,500
VNCD_MDD,0.1218180277843374,500
M3SDA_Reg,0.1188929272782277,500
CMSS_Reg,0.1077767220498142,500
XGBoost_Target_Only,0.1091144522220555,100
KRR_Target_Only,0.9571735959061958,100
NN_Target_Only,0.4892959561024002,100
XGBoost_Pool,0.1018211672049138,100
KRR_Pool,0.3179967030701306,100
NN_Pool,0.2006239433444372,100
XGBoost_TLCQM,0.104678178233115,100
KRR_TLCQM,0.3009148520855393,100
NN_TLCQM,0.1150455971029153,100
XGBoost_Target_Only,0.1049802754722973,200
KRR_Target_Only,0.4379005471952469,200
NN_Target_Only,0.234177817569959,200
XGBoost_Pool,0.0980521942308173,200
KRR_Pool,0.3864281461841113,200
NN_Pool,0.2362063619250173,200
XGBoost_TLCQM,0.1028234470015085,200
KRR_TLCQM,0.2544269069408824,200
NN_TLCQM,0.112099549453102,200
XGBoost_Target_Only,0.0954291975169511,300
KRR_Target_Only,0.3335944730718099,300
NN_Target_Only,0.1670644871572032,300
XGBoost_Pool,0.09763493571855,300
KRR_Pool,0.5070633499013797,300
NN_Pool,0.1787916604314507,300
XGBoost_TLCQM,0.097876271779574,300
KRR_TLCQM,0.2423354493290303,300
NN_TLCQM,0.1078358469124954,300
XGBoost_Target_Only,0.0957539869500396,500
KRR_Target_Only,0.2809999837436725,500
NN_Target_Only,0.135577737981345,500
XGBoost_Pool,0.0969039285211312,500
KRR_Pool,0.719216356084152,500
NN_Pool,0.2039087795673791,500
XGBoost_TLCQM,0.097120338502316,500
KRR_TLCQM,0.1826046236298823,500
NN_TLCQM,0.1058467905305347,500
TKRR,2.003323055812083,100
CDAR,6.080405718441896,100
DARC,30.481464708204783,100
VNCD_MDD,0.1643121193076871,100
M3SDA_Reg,0.1129278844713781,100
CMSS_Reg,0.1101624395893371,100
TKRR,1.9147241821580043,200
CDAR,5.997222239252935,200
DARC,26.577138894386195,200
VNCD_MDD,0.145322055740913,200
M3SDA_Reg,0.1143623933914894,200
CMSS_Reg,0.1110551081616307,200
TKRR,1.835064898860504,300
CDAR,6.054380258969027,300
DARC,26.66373219160136,300
VNCD_MDD,0.1432767802039238,300
M3SDA_Reg,0.1158283570459725,300
CMSS_Reg,0.1072198153499625,300
TKRR,1.7899724850038403,500
CDAR,5.916309545721928,500
DARC,26.55716253501029,500
VNCD_MDD,0.1578916925866584,500
M3SDA_Reg,0.1223666351874531,500
CMSS_Reg,0.1036094371747281,500
XGBoost_Target_Only,0.1205454397865129,100
KRR_Target_Only,0.9130660542075538,100
NN_Target_Only,0.4409178247236951,100
XGBoost_Pool,0.0989501884860197,100
KRR_Pool,0.3172148890437483,100
NN_Pool,0.204225389526608,100
XGBoost_TLCQM,0.1092446070576323,100
KRR_TLCQM,0.2593548323055433,100
NN_TLCQM,0.1401278633422379,100
XGBoost_Target_Only,0.1205714260766003,200
KRR_Target_Only,0.6970946089014295,200
NN_Target_Only,0.3271630405005624,200
XGBoost_Pool,0.098563297870587,200
KRR_Pool,0.3886662406740788,200
NN_Pool,0.1845821497746397,200
XGBoost_TLCQM,0.1031531098800981,200
KRR_TLCQM,0.2170349873937515,200
NN_TLCQM,0.1233630403989309,200
XGBoost_Target_Only,0.107688979597514,300
KRR_Target_Only,0.5102570074154328,300
NN_Target_Only,0.1882633386144728,300
XGBoost_Pool,0.0991738336331224,300
KRR_Pool,0.5109216071025021,300
NN_Pool,0.186456442232102,300
XGBoost_TLCQM,0.1010026140828957,300
KRR_TLCQM,0.211763710626048,300
NN_TLCQM,0.1085540287754534,300
XGBoost_Target_Only,0.0963069215564037,500
KRR_Target_Only,0.4615353761246429,500
NN_Target_Only,0.1785280012540912,500
XGBoost_Pool,0.0962630855884091,500
KRR_Pool,0.7196637959248872,500
NN_Pool,0.149860521013748,500
XGBoost_TLCQM,0.0999700348615726,500
KRR_TLCQM,0.1989431032674092,500
NN_TLCQM,0.1099038514951773,500
TKRR,2.021878625635314,100
CDAR,5.537170528211374,100
DARC,21.91156153959614,100
VNCD_MDD,0.1549671235445182,100
M3SDA_Reg,0.1159784401897793,100
CMSS_Reg,0.1237518899516197,100
TKRR,1.883782965179169,200
CDAR,5.622500556102643,200
DARC,36.95648452227721,200
VNCD_MDD,0.1504255532038933,200
M3SDA_Reg,0.1142609235256418,200
CMSS_Reg,0.119563701966536,200
TKRR,1.9925238014246849,300
CDAR,5.521397887875439,300
DARC,38.34283165992132,300
VNCD_MDD,0.1338718953630233,300
M3SDA_Reg,0.1149606937065422,300
CMSS_Reg,0.1154912665765701,300
TKRR,1.800630238677534,500
CDAR,5.576961519670133,500
DARC,33.383590241354504,500
VNCD_MDD,0.1346290960469845,500
M3SDA_Reg,0.1210858704015799,500
CMSS_Reg,0.1038551887293403,500
XGBoost_Target_Only,0.1247340660843982,100
KRR_Target_Only,0.8633738018399726,100
NN_Target_Only,0.4656161990135921,100
XGBoost_Pool,0.1018540646522372,100
KRR_Pool,0.3189258185330239,100
NN_Pool,0.2061380703459315,100
XGBoost_TLCQM,0.109613780095691,100
KRR_TLCQM,0.2520873613553318,100
NN_TLCQM,0.1334850169944671,100
XGBoost_Target_Only,0.1195934899367461,200
KRR_Target_Only,0.4490136496364098,200
NN_Target_Only,0.2775800108882328,200
XGBoost_Pool,0.0987449769448095,200
KRR_Pool,0.3866672746701355,200
NN_Pool,0.1766882014733698,200
XGBoost_TLCQM,0.106008020566855,200
KRR_TLCQM,0.1801815899910123,200
NN_TLCQM,0.1125474273981125,200
XGBoost_Target_Only,0.1042386653861636,300
KRR_Target_Only,0.3506666871273477,300
NN_Target_Only,0.1931079885781254,300
XGBoost_Pool,0.0972674178288261,300
KRR_Pool,0.5062497657676142,300
NN_Pool,0.1641114437440015,300
XGBoost_TLCQM,0.1060588096573856,300
KRR_TLCQM,0.181618498490585,300
NN_TLCQM,0.1165566780521662,300
XGBoost_Target_Only,0.0951577596075327,500
KRR_Target_Only,0.3005389067653647,500
NN_Target_Only,0.1543358257569362,500
XGBoost_Pool,0.0965260159709503,500
KRR_Pool,0.7112210987556645,500
NN_Pool,0.1824068252085481,500
XGBoost_TLCQM,0.1032423127810198,500
KRR_TLCQM,0.1899023299191127,500
NN_TLCQM,0.1092590154356689,500
TKRR,1.8246074480440928,100
CDAR,6.096462427494058,100
DARC,29.923838885336973,100
VNCD_MDD,0.1933901604979617,100
M3SDA_Reg,0.1195510665579281,100
CMSS_Reg,0.1233406057606741,100
TKRR,1.9175238698393475,200
CDAR,5.258895213271757,200
DARC,26.418364983545867,200
VNCD_MDD,0.1902115439026765,200
M3SDA_Reg,0.116620568113766,200
CMSS_Reg,0.1199246036363779,200
TKRR,1.8178405490278435,300
CDAR,5.26711501942029,300
DARC,26.747893294710718,300
VNCD_MDD,0.1484989667966648,300
M3SDA_Reg,0.1201436498732129,300
CMSS_Reg,0.1161279456106743,300
TKRR,1.7300621583168845,500
CDAR,5.236269921806285,500
DARC,27.214581834686054,500
VNCD_MDD,0.1367560416707771,500
M3SDA_Reg,0.1196037666425789,500
CMSS_Reg,0.1062924356337887,500
XGBoost_Target_Only,0.1211749240281814,100
KRR_Target_Only,0.7396906282691049,100
NN_Target_Only,0.4205697430802668,100
XGBoost_Pool,0.1010202106818682,100
KRR_Pool,0.3183655725916448,100
NN_Pool,0.1949634427021171,100
XGBoost_TLCQM,0.1060624851165744,100
KRR_TLCQM,0.2039609161230521,100
NN_TLCQM,0.1150127398360947,100
XGBoost_Target_Only,0.116000436032933,200
KRR_Target_Only,0.563871022795002,200
NN_Target_Only,0.2813150591687442,200
XGBoost_Pool,0.1000673437602997,200
KRR_Pool,0.3895955015601941,200
NN_Pool,0.1874727358801645,200
XGBoost_TLCQM,0.1014204486713546,200
KRR_TLCQM,0.1903646073438683,200
NN_TLCQM,0.1106436702796938,200
XGBoost_Target_Only,0.098589525086346,300
KRR_Target_Only,0.472890347551573,300
NN_Target_Only,0.2140437406032183,300
XGBoost_Pool,0.0982738448053681,300
KRR_Pool,0.5089684959161545,300
NN_Pool,0.2179118539136165,300
XGBoost_TLCQM,0.0974719497194172,300
KRR_TLCQM,0.1809635735118943,300
NN_TLCQM,0.1068669718545078,300
XGBoost_Target_Only,0.0947035965230592,500
KRR_Target_Only,0.2977201293877906,500
NN_Target_Only,0.1416441808272995,500
XGBoost_Pool,0.0943748220775114,500
KRR_Pool,0.7174850942563957,500
NN_Pool,0.1371009544087772,500
XGBoost_TLCQM,0.0952059197751542,500
KRR_TLCQM,0.1662849045009618,500
NN_TLCQM,0.1007541623162221,500
TKRR,1.890449357664321,100
CDAR,6.480029486452599,100
DARC,33.883135759069475,100
VNCD_MDD,0.2558666233620417,100
M3SDA_Reg,0.1208750634225436,100
CMSS_Reg,0.1164790363074794,100
TKRR,1.8727621902703309,200
CDAR,5.625563253949716,200
DARC,25.55592075163372,200
VNCD_MDD,0.1412959905289376,200
M3SDA_Reg,0.1152085959836205,200
CMSS_Reg,0.1158525553975581,200
TKRR,1.800337452607222,300
CDAR,5.60637941307764,300
DARC,25.608195616230987,300
VNCD_MDD,0.1229747023560239,300
M3SDA_Reg,0.1116073166742016,300
CMSS_Reg,0.1128970258301808,300
TKRR,1.7893895014817018,500
CDAR,5.607296069735546,500
DARC,25.010002409617755,500
VNCD_MDD,0.1147070106126297,500
M3SDA_Reg,0.1136909001489098,500
CMSS_Reg,0.1049654820888249,500
XGBoost_Target_Only,0.1129004399296845,100
KRR_Target_Only,0.9807364670452552,100
NN_Target_Only,0.6717644759634891,100
XGBoost_Pool,0.1036117665413485,100
KRR_Pool,0.3171733691729482,100
NN_Pool,0.2097365292930888,100
XGBoost_TLCQM,0.1035857761449694,100
KRR_TLCQM,0.2178162094272989,100
NN_TLCQM,0.1234311566527551,100
XGBoost_Target_Only,0.110676776009782,200
KRR_Target_Only,0.6946005954708174,200
NN_Target_Only,0.4657637433700426,200
XGBoost_Pool,0.0992091673975327,200
KRR_Pool,0.3885089513518441,200
NN_Pool,0.1927129126937963,200
XGBoost_TLCQM,0.095534725454626,200
KRR_TLCQM,0.2039230539202927,200
NN_TLCQM,0.1165948459848937,200
XGBoost_Target_Only,0.1075718812315559,300
KRR_Target_Only,0.4991210119744787,300
NN_Target_Only,0.2571448118804054,300
XGBoost_Pool,0.0973754439628443,300
KRR_Pool,0.5026484924724584,300
NN_Pool,0.1923081976525137,300
XGBoost_TLCQM,0.0958706092349766,300
KRR_TLCQM,0.1775229753589156,300
NN_TLCQM,0.1065949533300557,300
XGBoost_Target_Only,0.0951944236382879,500
KRR_Target_Only,0.2720402032123823,500
NN_Target_Only,0.1551599983968313,500
XGBoost_Pool,0.0958898502558967,500
KRR_Pool,0.6923046196609204,500
NN_Pool,0.2239817533300978,500
XGBoost_TLCQM,0.0951389631531286,500
KRR_TLCQM,0.1723801363021167,500
NN_TLCQM,0.1033520784705806,500
TKRR,2.004143369483248,100
CDAR,6.151472987414041,100
DARC,37.08870180685758,100
VNCD_MDD,0.1693432047549624,100
M3SDA_Reg,0.1078042821463998,100
CMSS_Reg,0.1141098624939988,100
TKRR,1.9686887742984385,200
CDAR,6.516520847945447,200
DARC,30.847158146536557,200
VNCD_MDD,0.1430968627883861,200
M3SDA_Reg,0.1089855719276982,200
CMSS_Reg,0.1155676538157707,200
TKRR,1.875262377206753,300
CDAR,6.397167659750845,300
DARC,31.301147725038184,300
VNCD_MDD,0.150577978196096,300
M3SDA_Reg,0.114365353231253,300
CMSS_Reg,0.1182566254639666,300
TKRR,1.8534036026575624,500
CDAR,6.297392226393535,500
DARC,31.457113773082995,500
VNCD_MDD,0.1228703656458626,500
M3SDA_Reg,0.113417717399754,500
CMSS_Reg,0.1047489323998642,500
XGBoost_Target_Only,0.1225831490429762,100
KRR_Target_Only,1.308724555248442,100
NN_Target_Only,0.954107967825802,100
XGBoost_Pool,0.1013701480610548,100
KRR_Pool,0.3189251730672918,100
NN_Pool,0.2022563417153225,100
XGBoost_TLCQM,0.1073581929632137,100
KRR_TLCQM,0.2206452845455253,100
NN_TLCQM,0.1303148180001149,100
XGBoost_Target_Only,0.1139100908128365,200
KRR_Target_Only,0.6815420917989942,200
NN_Target_Only,0.378133507113115,200
XGBoost_Pool,0.0982779717796136,200
KRR_Pool,0.3854707565070159,200
NN_Pool,0.1695806696857859,200
XGBoost_TLCQM,0.0996718008684322,200
KRR_TLCQM,0.2023548562912731,200
NN_TLCQM,0.1109629656747529,200
XGBoost_Target_Only,0.1058092470316706,300
KRR_Target_Only,0.4315394679818293,300
NN_Target_Only,0.1763922645187886,300
XGBoost_Pool,0.0978151016317621,300
KRR_Pool,0.5029311861311689,300
NN_Pool,0.1775911103305604,300
XGBoost_TLCQM,0.1001626212362248,300
KRR_TLCQM,0.1943036729512325,300
NN_TLCQM,0.1091599441499017,300
XGBoost_Target_Only,0.0955017342594424,500
KRR_Target_Only,0.3735620022055303,500
NN_Target_Only,0.1597323363017986,500
XGBoost_Pool,0.0950493668618887,500
KRR_Pool,0.7139533340735872,500
NN_Pool,0.1351082687813995,500
XGBoost_TLCQM,0.0983992605159934,500
KRR_TLCQM,0.1881679468043082,500
NN_TLCQM,0.1053557672461764,500
TKRR,2.114561518029544,100
CDAR,5.282449280430957,100
DARC,22.353826010206134,100
VNCD_MDD,0.1531916631979044,100
M3SDA_Reg,0.1179547250841004,100
CMSS_Reg,0.1151865414457509,100
TKRR,1.8824809160742024,200
CDAR,5.47421174085361,200
DARC,33.45455292040741,200
VNCD_MDD,0.1501857100901661,200
M3SDA_Reg,0.1186424002635407,200
CMSS_Reg,0.1133886664257783,200
TKRR,1.8933808348300425,300
CDAR,5.436554385639795,300
DARC,31.63127970109875,300
VNCD_MDD,0.1355429320162091,300
M3SDA_Reg,0.1212258072752554,300
CMSS_Reg,0.1105163756968786,300
TKRR,1.8961842198027528,500
CDAR,5.4870464494355815,500
DARC,31.700437125175903,500
VNCD_MDD,0.1403944998885014,500
M3SDA_Reg,0.1195097286143591,500
CMSS_Reg,0.1071061145064481,500
XGBoost_Target_Only,0.1155523582645763,100
KRR_Target_Only,0.8118439476077949,100
NN_Target_Only,0.5769476748327796,100
XGBoost_Pool,0.0984537708682767,100
KRR_Pool,0.3184368142926088,100
NN_Pool,0.1849016754507968,100
XGBoost_TLCQM,0.0962429990822318,100
KRR_TLCQM,0.2496532899586407,100
NN_TLCQM,0.104499883601142,100
XGBoost_Target_Only,0.0976087408218798,200
KRR_Target_Only,0.4258760683120293,200
NN_Target_Only,0.229019763713191,200
XGBoost_Pool,0.0973889061713793,200
KRR_Pool,0.3809125640198313,200
NN_Pool,0.2098077218146245,200
XGBoost_TLCQM,0.0975700726202744,200
KRR_TLCQM,0.1941524484591626,200
NN_TLCQM,0.1076307037936906,200
XGBoost_Target_Only,0.0939218620980974,300
KRR_Target_Only,0.2846850120387222,300
NN_Target_Only,0.1464949431416779,300
XGBoost_Pool,0.0960040066280396,300
KRR_Pool,0.4939676134119797,300
NN_Pool,0.201964311780641,300
XGBoost_TLCQM,0.0957964689529685,300
KRR_TLCQM,0.1880052411324911,300
NN_TLCQM,0.105782877664309,300
XGBoost_Target_Only,0.0999952801051066,500
KRR_Target_Only,0.2349708398326268,500
NN_Target_Only,0.1308403299412148,500
XGBoost_Pool,0.0941082507776622,500
KRR_Pool,0.6894862908478652,500
NN_Pool,0.1926443584578254,500
XGBoost_TLCQM,0.0951828912396671,500
KRR_TLCQM,0.188053374785035,500
NN_TLCQM,0.1047847292198125,500
TKRR,1.9067917264776757,100
CDAR,5.9987133534891806,100
DARC,32.96828531462133,100
VNCD_MDD,0.1891277444654893,100
M3SDA_Reg,0.1156556083492195,100
CMSS_Reg,0.1257662318177774,100
TKRR,1.979657979765299,200
CDAR,5.138669334438045,200
DARC,23.51493642946108,200
VNCD_MDD,0.1564906268249912,200
M3SDA_Reg,0.1126009016524718,200
CMSS_Reg,0.113949725497265,200
TKRR,1.839224385927484,300
CDAR,5.045633250831825,300
DARC,23.62465108623233,300
VNCD_MDD,0.143814058936073,300
M3SDA_Reg,0.1100849030083002,300
CMSS_Reg,0.1088322030487943,300
TKRR,1.7503957221551,500
CDAR,4.889549460917774,500
DARC,24.2707022194884,500
VNCD_MDD,0.1290322242405152,500
M3SDA_Reg,0.1117827663497571,500
CMSS_Reg,0.1075742847208393,500
XGBoost_Target_Only,0.1435984515864984,100
KRR_Target_Only,0.9099691908289588,100
NN_Target_Only,0.6398765451608168,100
XGBoost_Pool,0.0992086098991715,100
KRR_Pool,0.3189623589692405,100
NN_Pool,0.2394497800051749,100
XGBoost_TLCQM,0.0996084432117802,100
KRR_TLCQM,0.2107149297408937,100
NN_TLCQM,0.1218482900487235,100
XGBoost_Target_Only,0.1133141994864734,200
KRR_Target_Only,0.5754866443173692,200
NN_Target_Only,0.2502468282710527,200
XGBoost_Pool,0.1008352528450318,200
KRR_Pool,0.3915496307768203,200
NN_Pool,0.1989187356883424,200
XGBoost_TLCQM,0.0997406743128776,200
KRR_TLCQM,0.2148168470899487,200
NN_TLCQM,0.1135970886122692,200
XGBoost_Target_Only,0.1010022137233322,300
KRR_Target_Only,0.4268781904673629,300
NN_Target_Only,0.1947480118751078,300
XGBoost_Pool,0.0975251030907402,300
KRR_Pool,0.5102099113268959,300
NN_Pool,0.1989162226703339,300
XGBoost_TLCQM,0.0985588135818889,300
KRR_TLCQM,0.1920464907714591,300
NN_TLCQM,0.1106900508449826,300
XGBoost_Target_Only,0.0942584285000611,500
KRR_Target_Only,0.4022383811452252,500
NN_Target_Only,0.1833674000897945,500
XGBoost_Pool,0.0960788941469234,500
KRR_Pool,0.7173649349762279,500
NN_Pool,0.216349160204592,500
XGBoost_TLCQM,0.09846055361795,500
KRR_TLCQM,0.1930856354463228,500
NN_TLCQM,0.1116312927457695,500
TKRR,1.82438948681202,100
CDAR,6.050592200895474,100
DARC,29.44389342434732,100
VNCD_MDD,0.1798043694933159,100
M3SDA_Reg,0.1141336119157548,100
CMSS_Reg,0.1206532189216881,100
TKRR,2.131563035850535,200
CDAR,6.590777037916546,200
DARC,32.71219135115222,200
VNCD_MDD,0.1475036792495307,200
M3SDA_Reg,0.1168517034938034,200
CMSS_Reg,0.1127103616383862,200
TKRR,1.810425113100864,300
CDAR,6.552533495931325,300
DARC,33.05648926309335,300
VNCD_MDD,0.1399101725986574,300
M3SDA_Reg,0.1206879719686307,300
CMSS_Reg,0.1049477976539782,300
TKRR,1.7535038489358743,500
CDAR,6.636804968155543,500
DARC,32.8023443747415,500
VNCD_MDD,0.1267844223399519,500
M3SDA_Reg,0.119979450413679,500
CMSS_Reg,0.1011997560711359,500
XGBoost_Target_Only,0.1323785642882969,100
KRR_Target_Only,1.2137957919416775,100
NN_Target_Only,0.8693710344451931,100
XGBoost_Pool,0.1019698045981549,100
KRR_Pool,0.3179857294502983,100
NN_Pool,0.2115147503208427,100
XGBoost_TLCQM,0.1155278404982965,100
KRR_TLCQM,0.23851973404788,100
NN_TLCQM,0.1156161929363156,100
XGBoost_Target_Only,0.1138970546838346,200
KRR_Target_Only,0.7187861453081312,200
NN_Target_Only,0.4289317476964526,200
XGBoost_Pool,0.1010761428379932,200
KRR_Pool,0.3899011136378862,200
NN_Pool,0.2340262076290142,200
XGBoost_TLCQM,0.1112613801483385,200
KRR_TLCQM,0.220820441781481,200
NN_TLCQM,0.1198348643168794,200
XGBoost_Target_Only,0.1000186465457975,300
KRR_Target_Only,0.5551881120369034,300
NN_Target_Only,0.2727374743958072,300
XGBoost_Pool,0.0981297185878827,300
KRR_Pool,0.509925539828063,300
NN_Pool,0.2010923220985012,300
XGBoost_TLCQM,0.103702661715694,300
KRR_TLCQM,0.2805810755235318,300
NN_TLCQM,0.110019481455741,300
XGBoost_Target_Only,0.0949498195016949,500
KRR_Target_Only,0.4255899482476722,500
NN_Target_Only,0.1705713577253815,500
XGBoost_Pool,0.0949254775118088,500
KRR_Pool,0.7143497340056187,500
NN_Pool,0.2056253112432678,500
XGBoost_TLCQM,0.0977810243705562,500
KRR_TLCQM,0.2028323675165599,500
NN_TLCQM,0.1133561400652302,500
TKRR,1.8689254683646563,100
CDAR,5.359344220661082,100
DARC,29.75565007358991,100
VNCD_MDD,0.1777442373685285,100
M3SDA_Reg,0.1200164684655289,100
CMSS_Reg,0.1312304251771662,100
TKRR,1.9082577865579744,200
CDAR,5.589348243102001,200
DARC,31.67272344260819,200
VNCD_MDD,0.1376491686897696,200
M3SDA_Reg,0.1207641478474391,200
CMSS_Reg,0.1165344998929327,200
TKRR,1.8326368220565492,300
CDAR,5.6158310977837225,300
DARC,30.733255606319243,300
VNCD_MDD,0.142239241019445,300
M3SDA_Reg,0.123202009808904,300
CMSS_Reg,0.1072622791604411,300
TKRR,1.87265867963404,500
CDAR,5.5629761564038205,500
DARC,31.71293425235228,500
VNCD_MDD,0.1214741610862648,500
M3SDA_Reg,0.1277151996019339,500
CMSS_Reg,0.1020071774440157,500
XGBoost_Target_Only,0.1214529264465765,100
KRR_Target_Only,1.0161692914823135,100
NN_Target_Only,0.3665801378175395,100
XGBoost_Pool,0.1022304659140255,100
KRR_Pool,0.3189943957858941,100
NN_Pool,0.1933783228418981,100
XGBoost_TLCQM,0.1015472044655212,100
KRR_TLCQM,0.2132981072487313,100
NN_TLCQM,0.1218754049665281,100
XGBoost_Target_Only,0.1128769073166544,200
KRR_Target_Only,0.5533191959842663,200
NN_Target_Only,0.2900863444884342,200
XGBoost_Pool,0.0999044828500528,200
KRR_Pool,0.3851344759742875,200
NN_Pool,0.2344761504027838,200
XGBoost_TLCQM,0.0964729579566695,200
KRR_TLCQM,0.1736448226766586,200
NN_TLCQM,0.116409100294106,200
XGBoost_Target_Only,0.0977824724268564,300
KRR_Target_Only,0.417992691900971,300
NN_Target_Only,0.2198926342755146,300
XGBoost_Pool,0.0967166396297215,300
KRR_Pool,0.4987700435883687,300
NN_Pool,0.1838608415766917,300
XGBoost_TLCQM,0.0950680676247646,300
KRR_TLCQM,0.1678914724339513,300
NN_TLCQM,0.1098595435824602,300
XGBoost_Target_Only,0.0932297308379591,500
KRR_Target_Only,0.3123529738742826,500
NN_Target_Only,0.1447642636254634,500
XGBoost_Pool,0.0966875881528301,500
KRR_Pool,0.7015569251824545,500
NN_Pool,0.1462454933221784,500
XGBoost_TLCQM,0.0946531716754007,500
KRR_TLCQM,0.1598236694564168,500
NN_TLCQM,0.107845080654253,500
TKRR,1.894041568573332,100
CDAR,6.235345915219583,100
DARC,23.08603224102882,100
VNCD_MDD,0.1491171091191709,100
M3SDA_Reg,0.119741249188383,100
CMSS_Reg,0.111736094445179,100
TKRR,1.8421342715899087,200
CDAR,6.013250297579115,200
DARC,28.0701897210713,200
VNCD_MDD,0.1295481252003325,200
M3SDA_Reg,0.1180420035947091,200
CMSS_Reg,0.1067844971496705,200
TKRR,1.840560488772326,300
CDAR,5.956052241015252,300
DARC,28.097761873051205,300
VNCD_MDD,0.1378084890653505,300
M3SDA_Reg,0.117041228953499,300
CMSS_Reg,0.1064159392172691,300
TKRR,1.7291255325816215,500
CDAR,5.96786392532318,500
DARC,28.10962281070535,500
VNCD_MDD,0.1192094808948249,500
M3SDA_Reg,0.1141484619686678,500
CMSS_Reg,0.1012539727223055,500
XGBoost_Target_Only,0.1090613318434308,100
KRR_Target_Only,0.7132577360623321,100
NN_Target_Only,0.467561786104488,100
XGBoost_Pool,0.0987972220923339,100
KRR_Pool,0.3178751825353672,100
NN_Pool,0.2120731234409439,100
XGBoost_TLCQM,0.0990012424235244,100
KRR_TLCQM,0.183941994565794,100
NN_TLCQM,0.1158042971137807,100
XGBoost_Target_Only,0.0993121449824299,200
KRR_Target_Only,0.5902120440170233,200
NN_Target_Only,0.431739418625704,200
XGBoost_Pool,0.1004253552296993,200
KRR_Pool,0.3888363554797043,200
NN_Pool,0.2030642467602632,200
XGBoost_TLCQM,0.0973875063759135,200
KRR_TLCQM,0.1845511236341949,200
NN_TLCQM,0.1051205169771246,200
XGBoost_Target_Only,0.0993820022767239,300
KRR_Target_Only,0.510752752544584,300
NN_Target_Only,0.2840292678347627,300
XGBoost_Pool,0.0958849267123097,300
KRR_Pool,0.5105066026161141,300
NN_Pool,0.1875809364210611,300
XGBoost_TLCQM,0.095218067497448,300
KRR_TLCQM,0.1836169744790286,300
NN_TLCQM,0.1065922000604881,300
XGBoost_Target_Only,0.0948182694310179,500
KRR_Target_Only,0.3373127374586234,500
NN_Target_Only,0.162679519264123,500
XGBoost_Pool,0.0949337461148328,500
KRR_Pool,0.712655786721894,500
NN_Pool,0.2061892338994277,500
XGBoost_TLCQM,0.0971360046208324,500
KRR_TLCQM,0.1667862401927902,500
NN_TLCQM,0.1074909612574563,500
TKRR,1.9006848244214392,100
CDAR,6.1583994738412855,100
DARC,34.37408855139421,100
VNCD_MDD,0.1719148975671726,100
M3SDA_Reg,0.1144725200550376,100
CMSS_Reg,0.1147296797311221,100
TKRR,1.8478919424127984,200
CDAR,6.025215580913319,200
DARC,34.58922523088161,200
VNCD_MDD,0.1371466080396708,200
M3SDA_Reg,0.1126752377688264,200
CMSS_Reg,0.1058887932473461,200
TKRR,1.8883747856659017,300
CDAR,6.115246175033889,300
DARC,34.74162054212577,300
VNCD_MDD,0.142855544528714,300
M3SDA_Reg,0.1089233795206112,300
CMSS_Reg,0.1011980623327908,300
TKRR,1.7691911392065744,500
CDAR,6.016063400194113,500
DARC,34.72924356467138,500
VNCD_MDD,0.1261802381157342,500
M3SDA_Reg,0.113218058695497,500
CMSS_Reg,0.1006378732642424,500
XGBoost_Target_Only,0.1139307260663877,100
KRR_Target_Only,0.7247858355682097,100
NN_Target_Only,0.4413493779098336,100
XGBoost_Pool,0.1020591112363381,100
KRR_Pool,0.3165408343450514,100
NN_Pool,0.1971665880859289,100
XGBoost_TLCQM,0.1022057876659142,100
KRR_TLCQM,0.2059586106293077,100
NN_TLCQM,0.1163388149666333,100
XGBoost_Target_Only,0.107851530471072,200
KRR_Target_Only,0.5023850020387672,200
NN_Target_Only,0.2793373839775146,200
XGBoost_Pool,0.101027493134094,200
KRR_Pool,0.3871523709831099,200
NN_Pool,0.2021082276867076,200
XGBoost_TLCQM,0.103741955920901,200
KRR_TLCQM,0.2170782017220334,200
NN_TLCQM,0.1180898327408135,200
XGBoost_Target_Only,0.1081187889758923,300
KRR_Target_Only,0.4417976274685627,300
NN_Target_Only,0.2036259160573082,300
XGBoost_Pool,0.0979988457683978,300
KRR_Pool,0.5063984118079263,300
NN_Pool,0.1761598017540663,300
XGBoost_TLCQM,0.0995413440015889,300
KRR_TLCQM,0.2002386500682363,300
NN_TLCQM,0.1128313897571989,300
XGBoost_Target_Only,0.098742029447129,500
KRR_Target_Only,0.421908257661073,500
NN_Target_Only,0.1721432578505743,500
XGBoost_Pool,0.0959215355387673,500
KRR_Pool,0.7014310520310839,500
NN_Pool,0.1802518902219435,500
XGBoost_TLCQM,0.0971704659099771,500
KRR_TLCQM,0.183935491594734,500
NN_TLCQM,0.1088023767448513,500
TKRR,2.034869067457531,100
CDAR,5.412196662027633,100
DARC,29.538052173379747,100
VNCD_MDD,0.1590859912589118,100
M3SDA_Reg,0.1183195445809101,100
CMSS_Reg,0.1219201480910775,100
TKRR,1.8516443173803652,200
CDAR,5.839509614709943,200
DARC,35.01568779085476,200
VNCD_MDD,0.1441107275388632,200
M3SDA_Reg,0.1212856201950201,200
CMSS_Reg,0.1215215704684355,200
TKRR,1.865885009398032,300
CDAR,5.875612095865352,300
DARC,35.08915672068696,300
VNCD_MDD,0.1345063702519765,300
M3SDA_Reg,0.1226713362727451,300
CMSS_Reg,0.1169685976877098,300
TKRR,1.80178990863179,500
CDAR,5.94702906030217,500
DARC,35.042068949426614,500
VNCD_MDD,0.1220454255140417,500
M3SDA_Reg,0.1211823867704829,500
CMSS_Reg,0.1095262365220866,500
XGBoost_Target_Only,0.1339479173142231,100
KRR_Target_Only,1.3641476505819794,100
NN_Target_Only,0.8522099392687018,100
XGBoost_Pool,0.1027791298755517,100
KRR_Pool,0.3188986496637218,100
NN_Pool,0.1946813082539278,100
XGBoost_TLCQM,0.1126641143510833,100
KRR_TLCQM,0.2472691659771672,100
NN_TLCQM,0.1255410194069461,100
XGBoost_Target_Only,0.1225669075583093,200
KRR_Target_Only,0.6595554797463982,200
NN_Target_Only,0.2391226718151554,200
XGBoost_Pool,0.0982947951126004,200
KRR_Pool,0.3823675853706122,200
NN_Pool,0.1852079121699638,200
XGBoost_TLCQM,0.1030903723656912,200
KRR_TLCQM,0.2064178743872157,200
NN_TLCQM,0.1092544558634898,200
XGBoost_Target_Only,0.1041356516969561,300
KRR_Target_Only,0.4513164071781845,300
NN_Target_Only,0.209983081213189,300
XGBoost_Pool,0.0963452277286595,300
KRR_Pool,0.4984370407520176,300
NN_Pool,0.1660227253913468,300
XGBoost_TLCQM,0.0996849813885472,300
KRR_TLCQM,0.1835959258416757,300
NN_TLCQM,0.1097520878434028,300
XGBoost_Target_Only,0.0948637807860392,500
KRR_Target_Only,0.3288694420405417,500
NN_Target_Only,0.1382219878690624,500
XGBoost_Pool,0.0939568209282764,500
KRR_Pool,0.6980938836864634,500
NN_Pool,0.1379654795713374,500
XGBoost_TLCQM,0.0984839270459738,500
KRR_TLCQM,0.175046901028309,500
NN_TLCQM,0.1068280611834115,500
TKRR,1.913347275888971,100
CDAR,6.17852987318844,100
DARC,23.65269688170448,100
VNCD_MDD,0.1915991315447898,100
M3SDA_Reg,0.1118074550829191,100
CMSS_Reg,0.1235318065462208,100
TKRR,1.8410557001739436,200
CDAR,6.101124732462956,200
DARC,31.63198595117201,200
VNCD_MDD,0.1489331675573778,200
M3SDA_Reg,0.1120888003311548,200
CMSS_Reg,0.114150248780005,200
TKRR,1.8283395807707707,300
CDAR,6.1053175350274005,300
DARC,31.52856451329464,300
VNCD_MDD,0.1400387573584927,300
M3SDA_Reg,0.1152057494850135,300
CMSS_Reg,0.1080879834453981,300
TKRR,1.7033648997835085,500
CDAR,6.155279348640846,500
DARC,31.86018091543876,500
VNCD_MDD,0.1233610306248676,500
M3SDA_Reg,0.1088190255707772,500
CMSS_Reg,0.1001978335944044,500
XGBoost_Target_Only,0.1429105814548499,100
KRR_Target_Only,0.9739543115286918,100
NN_Target_Only,0.5097376765392018,100
XGBoost_Pool,0.0980864517946031,100
KRR_Pool,0.316910725146051,100
NN_Pool,0.2010403377787126,100
XGBoost_TLCQM,0.1154178911146456,100
KRR_TLCQM,0.2166612701470802,100
NN_TLCQM,0.1407035464909607,100
XGBoost_Target_Only,0.1031976869944931,200
KRR_Target_Only,0.6599569496820689,200
NN_Target_Only,0.2687766319849304,200
XGBoost_Pool,0.0991152505694875,200
KRR_Pool,0.3880331569690866,200
NN_Pool,0.1946245976357838,200
XGBoost_TLCQM,0.1026124082086436,200
KRR_TLCQM,0.1867655456525452,200
NN_TLCQM,0.1204819153548044,200
XGBoost_Target_Only,0.1031497930172043,300
KRR_Target_Only,0.4918271608871509,300
NN_Target_Only,0.2205601444081942,300
XGBoost_Pool,0.0984534617459244,300
KRR_Pool,0.5064093228445377,300
NN_Pool,0.1909571622298584,300
XGBoost_TLCQM,0.1005899054873571,300
KRR_TLCQM,0.190002112888209,300
NN_TLCQM,0.1119921073238148,300
XGBoost_Target_Only,0.0974368910676441,500
KRR_Target_Only,0.353195850925142,500
NN_Target_Only,0.147527799090256,500
XGBoost_Pool,0.0949824117672878,500
KRR_Pool,0.7152932427643872,500
NN_Pool,0.2137010603629115,500
XGBoost_TLCQM,0.0980959160055402,500
KRR_TLCQM,0.1850238814255905,500
NN_TLCQM,0.1020465647744761,500
TKRR,1.95012797276704,100
CDAR,5.421756463495511,100
DARC,26.73671675814236,100
VNCD_MDD,0.1824168141180531,100
M3SDA_Reg,0.1060751663002101,100
CMSS_Reg,0.1100355113528698,100
TKRR,1.9041494344423928,200
CDAR,5.686661335093958,200
DARC,32.2783803177327,200
VNCD_MDD,0.1557436113530766,200
M3SDA_Reg,0.1097386638214675,200
CMSS_Reg,0.1075466530266636,200
TKRR,1.9269966579010973,300
CDAR,5.750098139431993,300
DARC,28.284603003395244,300
VNCD_MDD,0.1460225752495623,300
M3SDA_Reg,0.1156975779825723,300
CMSS_Reg,0.1063628591529176,300
TKRR,1.85996246666605,500
CDAR,5.641172482182906,500
DARC,27.622668384504117,500
VNCD_MDD,0.1248054252348232,500
M3SDA_Reg,0.1161554450730462,500
CMSS_Reg,0.1053047342983003,500
XGBoost_Target_Only,0.1281430808826541,100
KRR_Target_Only,0.7175865714475543,100
NN_Target_Only,0.4587674776056127,100
XGBoost_Pool,0.0998077736733662,100
KRR_Pool,0.3166361377073506,100
NN_Pool,0.1987921936067585,100
XGBoost_TLCQM,0.1026684019676813,100
KRR_TLCQM,0.252196745688186,100
NN_TLCQM,0.116155804195686,100
XGBoost_Target_Only,0.1027236954994472,200
KRR_Target_Only,0.5361579732575082,200
NN_Target_Only,0.2982534193760715,200
XGBoost_Pool,0.0975038199079781,200
KRR_Pool,0.387907066282408,200
NN_Pool,0.1615770318238558,200
XGBoost_TLCQM,0.1000469218730215,200
KRR_TLCQM,0.2345456734942443,200
NN_TLCQM,0.1133557512272351,200
XGBoost_Target_Only,0.10644183804224,300
KRR_Target_Only,0.3763051748136639,300
NN_Target_Only,0.1843958861425053,300
XGBoost_Pool,0.0969878756120122,300
KRR_Pool,0.506212621666069,300
NN_Pool,0.1938771924737356,300
XGBoost_TLCQM,0.0984702708301322,300
KRR_TLCQM,0.1870517604875641,300
NN_TLCQM,0.1043793067514295,300
XGBoost_Target_Only,0.095755660507799,500
KRR_Target_Only,0.3539028054334699,500
NN_Target_Only,0.1553507366533912,500
XGBoost_Pool,0.0961459802714756,500
KRR_Pool,0.7105615920095709,500
NN_Pool,0.2163338297029728,500
XGBoost_TLCQM,0.0972289050240938,500
KRR_TLCQM,0.1862754717648744,500
NN_TLCQM,0.1069528402715,500
TKRR,1.8747303820262409,100
CDAR,4.985072820438263,100
DARC,37.33380550120907,100
VNCD_MDD,0.1881530323602704,100
M3SDA_Reg,0.1204864637003729,100
CMSS_Reg,0.1127589129726888,100
TKRR,2.084700339635342,200
CDAR,5.740183232065712,200
DARC,26.121522402701377,200
VNCD_MDD,0.153895253219372,200
M3SDA_Reg,0.116557803393256,200
CMSS_Reg,0.1160817889074261,200
TKRR,1.980940126520696,300
CDAR,5.649270013424184,300
DARC,26.492032988184203,300
VNCD_MDD,0.141286881852369,300
M3SDA_Reg,0.1154554574970318,300
CMSS_Reg,0.1089115809743351,300
TKRR,1.8555261973844688,500
CDAR,5.8226947922587255,500
DARC,26.4014775724308,500
VNCD_MDD,0.1289710078397207,500
M3SDA_Reg,0.1169132183836577,500
CMSS_Reg,0.099773488428128,500
XGBoost_Target_Only,0.1194770597207364,100
KRR_Target_Only,0.8075851936027887,100
NN_Target_Only,0.5477570368937327,100
XGBoost_Pool,0.1007863996874608,100
KRR_Pool,0.317051085295686,100
NN_Pool,0.1985459695319348,100
XGBoost_TLCQM,0.1054835426292129,100
KRR_TLCQM,0.2252524240632911,100
NN_TLCQM,0.110825316259639,100
XGBoost_Target_Only,0.1124596983539348,200
KRR_Target_Only,0.6141006400818779,200
NN_Target_Only,0.4078301916466864,200
XGBoost_Pool,0.1008257018328437,200
KRR_Pool,0.3877091322716176,200
NN_Pool,0.2058184309512285,200
XGBoost_TLCQM,0.1042140456464893,200
KRR_TLCQM,0.2059292824541787,200
NN_TLCQM,0.1130140811360346,200
XGBoost_Target_Only,0.0985632083946075,300
KRR_Target_Only,0.4443238497999722,300
NN_Target_Only,0.2186262097594442,300
XGBoost_Pool,0.0998710280537541,300
KRR_Pool,0.5021528638336886,300
NN_Pool,0.2060897105802824,300
XGBoost_TLCQM,0.1020756612815229,300
KRR_TLCQM,0.1873400298444815,300
NN_TLCQM,0.1110241160279937,300
XGBoost_Target_Only,0.0957868368482291,500
KRR_Target_Only,0.2849222859191723,500
NN_Target_Only,0.1451564945175638,500
XGBoost_Pool,0.0965638592137505,500
KRR_Pool,0.6995106567112276,500
NN_Pool,0.2375576108682898,500
XGBoost_TLCQM,0.1022510325954129,500
KRR_TLCQM,0.167940213591892,500
NN_TLCQM,0.1060472914881348,500
TKRR,1.8227549302782888,100
CDAR,6.497477366841598,100
DARC,40.76019112158398,100
VNCD_MDD,0.1623893327075905,100
M3SDA_Reg,0.1203319779512183,100
CMSS_Reg,0.1184334551431497,100
TKRR,1.8116871347583436,200
CDAR,5.727092993533756,200
DARC,33.63479138431888,200
VNCD_MDD,0.1410089396812258,200
M3SDA_Reg,0.1170092775045608,200
CMSS_Reg,0.1152477592487842,200
TKRR,1.8000717118577068,300
CDAR,5.744720129154354,300
DARC,33.45394479973827,300
VNCD_MDD,0.1270658737025232,300
M3SDA_Reg,0.1192037862625808,300
CMSS_Reg,0.1120779041810736,300
TKRR,1.7994991385455006,500
CDAR,5.738505408605098,500
DARC,33.35888795569929,500
VNCD_MDD,0.1246068414248909,500
M3SDA_Reg,0.1215848621468946,500
CMSS_Reg,0.1063235455033258,500
XGBoost_Target_Only,0.1116330926841795,100
KRR_Target_Only,1.1082437395084177,100
NN_Target_Only,0.5364116566823126,100
XGBoost_Pool,0.1045914868989091,100
KRR_Pool,0.318495872563534,100
NN_Pool,0.177324174641941,100
XGBoost_TLCQM,0.100017561185549,100
KRR_TLCQM,0.195362567124118,100
NN_TLCQM,0.1169869834743745,100
XGBoost_Target_Only,0.1037986185642143,200
KRR_Target_Only,0.7163116227958944,200
NN_Target_Only,0.3089730119366313,200
XGBoost_Pool,0.1001103682550778,200
KRR_Pool,0.389112526293069,200
NN_Pool,0.2033329848905257,200
XGBoost_TLCQM,0.0986432180476413,200
KRR_TLCQM,0.198484730520918,200
NN_TLCQM,0.1151530458557946,200
XGBoost_Target_Only,0.0953604655065981,300
KRR_Target_Only,0.4059436465676819,300
NN_Target_Only,0.1696352583152844,300
XGBoost_Pool,0.0975607105302852,300
KRR_Pool,0.5036449207769687,300
NN_Pool,0.1709567936706427,300
XGBoost_TLCQM,0.0973364553810973,300
KRR_TLCQM,0.1722489525072008,300
NN_TLCQM,0.1028717339195093,300
XGBoost_Target_Only,0.0908421858448859,500
KRR_Target_Only,0.2765770228891291,500
NN_Target_Only,0.1358871812720853,500
XGBoost_Pool,0.0939902401543611,500
KRR_Pool,0.7000870705185607,500
NN_Pool,0.1707234552169204,500
XGBoost_TLCQM,0.0958617335147789,500
KRR_TLCQM,0.1486950850121054,500
NN_TLCQM,0.1020533977309071,500
TKRR,1.887717243329532,100
CDAR,6.456137175700776,100
DARC,28.456464555192923,100
VNCD_MDD,0.1589091050791147,100
M3SDA_Reg,0.1179724356555023,100
CMSS_Reg,0.1150106677976392,100
TKRR,1.8783098927307451,200
CDAR,6.253687725564549,200
DARC,37.49421378299187,200
VNCD_MDD,0.1545166727845558,200
M3SDA_Reg,0.1208810106349534,200
CMSS_Reg,0.1130747285558236,200
TKRR,1.7986097725277834,300
CDAR,6.217396145278079,300
DARC,32.54183510102765,300
VNCD_MDD,0.1625219579039642,300
M3SDA_Reg,0.1164448064219309,300
CMSS_Reg,0.1094528031377329,300
TKRR,1.7849469555327693,500
CDAR,6.170010560651359,500
DARC,31.998293706693456,500
VNCD_MDD,0.1527070708340938,500
M3SDA_Reg,0.1152848046156991,500
CMSS_Reg,0.1041131253793247,500
XGBoost_Target_Only,0.1056739298396793,100
KRR_Target_Only,0.5495077141968157,100
NN_Target_Only,0.5898304040098034,100
XGBoost_Pool,0.1012176963283569,100
KRR_Pool,0.3105232558663455,100
NN_Pool,0.2020253764797842,100
XGBoost_TLCQM,0.10201748279665,100
KRR_TLCQM,0.1907524748753982,100
NN_TLCQM,0.1194049450002808,100
XGBoost_Target_Only,0.100166325292664,200
KRR_Target_Only,0.4451824405775338,200
NN_Target_Only,0.307578046803293,200
XGBoost_Pool,0.0979823645990711,200
KRR_Pool,0.3809938312106695,200
NN_Pool,0.2001701121559042,200
XGBoost_TLCQM,0.1021111408895014,200
KRR_TLCQM,0.1864526349036537,200
NN_TLCQM,0.1141627520169566,200
XGBoost_Target_Only,0.0998776130317165,300
KRR_Target_Only,0.4206761769053284,300
NN_Target_Only,0.2378189259532946,300
XGBoost_Pool,0.0991500031328722,300
KRR_Pool,0.5014342762698047,300
NN_Pool,0.1730680318904196,300
XGBoost_TLCQM,0.1006924132190611,300
KRR_TLCQM,0.2000940340101686,300
NN_TLCQM,0.1129299630908528,300
XGBoost_Target_Only,0.0954845664889228,500
KRR_Target_Only,0.3155166578802311,500
NN_Target_Only,0.1812003055767719,500
XGBoost_Pool,0.0957175593352546,500
KRR_Pool,0.6924220586754397,500
NN_Pool,0.2170915179975367,500
XGBoost_TLCQM,0.1010774192970235,500
KRR_TLCQM,0.166488323454627,500
NN_TLCQM,0.1104403163162442,500
TKRR,1.862034516081693,100
CDAR,6.566476120258346,100
DARC,34.321569850280376,100
VNCD_MDD,0.1824325865723126,100
M3SDA_Reg,0.1200405240190933,100
CMSS_Reg,0.111232726451203,100
TKRR,1.923726760695736,200
CDAR,5.459874941625185,200
DARC,33.6812106530969,200
VNCD_MDD,0.148202016933482,200
M3SDA_Reg,0.1178714586175048,200
CMSS_Reg,0.1098197107037435,200
TKRR,1.898645127931351,300
CDAR,5.434512768050389,300
DARC,33.68760235654883,300
VNCD_MDD,0.1328712478154596,300
M3SDA_Reg,0.1190130407179045,300
CMSS_Reg,0.1043570844869311,300
TKRR,1.8227221387252557,500
CDAR,5.45676357518351,500
DARC,33.717707301871044,500
VNCD_MDD,0.1228481529632486,500
M3SDA_Reg,0.121075426266242,500
CMSS_Reg,0.100622432355042,500
XGBoost_Target_Only,0.1151464772208868,100
KRR_Target_Only,1.0902632235416505,100
NN_Target_Only,0.6351858745687997,100
XGBoost_Pool,0.1011381390162472,100
KRR_Pool,0.3182754718867676,100
NN_Pool,0.2024929573709025,100
XGBoost_TLCQM,0.1063521085971109,100
KRR_TLCQM,0.2124670688693337,100
NN_TLCQM,0.1281253320012652,100
XGBoost_Target_Only,0.1128746265491853,200
KRR_Target_Only,0.5526325867638348,200
NN_Target_Only,0.2680059053252078,200
XGBoost_Pool,0.0978618052593669,200
KRR_Pool,0.3895156279330681,200
NN_Pool,0.1928141703055642,200
XGBoost_TLCQM,0.1062552890969363,200
KRR_TLCQM,0.2012990017702489,200
NN_TLCQM,0.1123182792966009,200
XGBoost_Target_Only,0.1030802772836086,300
KRR_Target_Only,0.3712052023935849,300
NN_Target_Only,0.1847321765732412,300
XGBoost_Pool,0.0973597688705687,300
KRR_Pool,0.5024944701367935,300
NN_Pool,0.1848203646974795,300
XGBoost_TLCQM,0.1049594849594224,300
KRR_TLCQM,0.1780908863996659,300
NN_TLCQM,0.1126936831133691,300
XGBoost_Target_Only,0.0944945325960783,500
KRR_Target_Only,0.2722666317291049,500
NN_Target_Only,0.1440395926655958,500
XGBoost_Pool,0.0934904856240314,500
KRR_Pool,0.6956854677930747,500
NN_Pool,0.220347753574603,500
XGBoost_TLCQM,0.0960374817752884,500
KRR_TLCQM,0.1535580033071089,500
NN_TLCQM,0.1059121425865353,500
TKRR,1.8624133986839015,100
CDAR,5.789185920098195,100
DARC,26.01020520570735,100
VNCD_MDD,0.1916245905530629,100
M3SDA_Reg,0.1111382766074983,100
CMSS_Reg,0.1174470356421018,100
TKRR,1.8306713410737787,200
CDAR,5.527670129557305,200
DARC,32.626131525512335,200
VNCD_MDD,0.1683649028638361,200
M3SDA_Reg,0.1130966566216099,200
CMSS_Reg,0.1163109209004589,200
TKRR,1.841258733645387,300
CDAR,5.452454454605985,300
DARC,33.646620170774845,300
VNCD_MDD,0.1398035687443506,300
M3SDA_Reg,0.1185706222443708,300
CMSS_Reg,0.1156796209773615,300
TKRR,1.801231132239126,500
CDAR,5.441013053761113,500
DARC,33.88516688949854,500
VNCD_MDD,0.1331493220418255,500
M3SDA_Reg,0.1183730298515496,500
CMSS_Reg,0.1051814279429892,500
XGBoost_Target_Only,0.1386467865454542,100
KRR_Target_Only,0.779488560298751,100
NN_Target_Only,0.6192320595184106,100
XGBoost_Pool,0.1033529074727441,100
KRR_Pool,0.3182887455845202,100
NN_Pool,0.1986231914056864,100
XGBoost_TLCQM,0.1003253564580211,100
KRR_TLCQM,0.2003798296366825,100
NN_TLCQM,0.1126076516663846,100
XGBoost_Target_Only,0.105710384227172,200
KRR_Target_Only,0.4999457266655537,200
NN_Target_Only,0.2670078059169969,200
XGBoost_Pool,0.102620969046979,200
KRR_Pool,0.3910427781384338,200
NN_Pool,0.1812995117944883,200
XGBoost_TLCQM,0.0972708708291963,200
KRR_TLCQM,0.1906035272990094,200
NN_TLCQM,0.1028462718179254,200
XGBoost_Target_Only,0.1032237386356401,300
KRR_Target_Only,0.3563690684052444,300
NN_Target_Only,0.1688252947699323,300
XGBoost_Pool,0.1000845077331683,300
KRR_Pool,0.5037750301731976,300
NN_Pool,0.1836514784676995,300
XGBoost_TLCQM,0.0979105673360107,300
KRR_TLCQM,0.1699595533350669,300
NN_TLCQM,0.1145565529860445,300
XGBoost_Target_Only,0.0971509115688462,500
KRR_Target_Only,0.344103108630772,500
NN_Target_Only,0.161887131910452,500
XGBoost_Pool,0.0980628722700447,500
KRR_Pool,0.7089253966734045,500
NN_Pool,0.1400316922801129,500
XGBoost_TLCQM,0.0989984620884588,500
KRR_TLCQM,0.1749067269793649,500
NN_TLCQM,0.1089121382243158,500
TKRR,1.9271303392189831,100
CDAR,6.131215308704308,100
DARC,30.286775680123394,100
VNCD_MDD,0.1603404053366158,100
M3SDA_Reg,0.1140757971688857,100
CMSS_Reg,0.1222064763474751,100
TKRR,1.8239855854307236,200
CDAR,5.104018196816993,200
DARC,33.9240494758544,200
VNCD_MDD,0.134692149944781,200
M3SDA_Reg,0.1096631496704832,200
CMSS_Reg,0.1147741207363612,200
TKRR,1.7725873929389675,300
CDAR,5.069357221979067,300
DARC,34.1324576815634,300
VNCD_MDD,0.1292614489001427,300
M3SDA_Reg,0.1091508970403601,300
CMSS_Reg,0.1104840573702017,300
TKRR,1.7883777661227986,500
CDAR,5.185207571031445,500
DARC,33.226243319212976,500
VNCD_MDD,0.1260390160542907,500
M3SDA_Reg,0.1144076156559404,500
CMSS_Reg,0.1064648755223579,500
XGBoost_Target_Only,0.114478534104678,100
KRR_Target_Only,0.9602971442929616,100
NN_Target_Only,0.5622730775057503,100
XGBoost_Pool,0.1022944352981803,100
KRR_Pool,0.318395897920797,100
NN_Pool,0.1857046117442372,100
XGBoost_TLCQM,0.0997969236607043,100
KRR_TLCQM,0.2367748439148742,100
NN_TLCQM,0.1126992677746425,100
XGBoost_Target_Only,0.1110911185731148,200
KRR_Target_Only,0.4650746102302971,200
NN_Target_Only,0.2519234678753924,200
XGBoost_Pool,0.0983263832056351,200
KRR_Pool,0.3888610199839428,200
NN_Pool,0.1700182009833065,200
XGBoost_TLCQM,0.0998609402014052,200
KRR_TLCQM,0.2267802039650008,200
NN_TLCQM,0.1094625320571415,200
XGBoost_Target_Only,0.1007892122227065,300
KRR_Target_Only,0.3552727579377987,300
NN_Target_Only,0.1942924713496572,300
XGBoost_Pool,0.0994392979245332,300
KRR_Pool,0.5028583830150603,300
NN_Pool,0.1698555112837459,300
XGBoost_TLCQM,0.0996007764302373,300
KRR_TLCQM,0.1848813309168958,300
NN_TLCQM,0.1093719567956126,300
XGBoost_Target_Only,0.0968652368782518,500
KRR_Target_Only,0.2994241657889277,500
NN_Target_Only,0.1608858791262076,500
XGBoost_Pool,0.0967468527308692,500
KRR_Pool,0.7013086121829752,500
NN_Pool,0.1329573323524797,500
XGBoost_TLCQM,0.0985354123467737,500
KRR_TLCQM,0.1659912179668887,500
NN_TLCQM,0.1064667659090282,500
TKRR,1.8915841246075664,100
CDAR,5.491021175645885,100
DARC,25.503813611336422,100
VNCD_MDD,0.2032184417545268,100
M3SDA_Reg,0.1176175370149235,100
CMSS_Reg,0.1197042201831699,100
TKRR,1.84842867077403,200
CDAR,6.058084075156926,200
DARC,26.29662286162543,200
VNCD_MDD,0.1532627781960186,200
M3SDA_Reg,0.1195842175542416,200
CMSS_Reg,0.1163297312447235,200
TKRR,1.8282112631718743,300
CDAR,5.99768272818248,300
DARC,25.118763589116647,300
VNCD_MDD,0.141397046369013,300
M3SDA_Reg,0.1205288498006657,300
CMSS_Reg,0.1126175344000852,300
TKRR,1.79819372012662,500
CDAR,6.022927847537561,500
DARC,26.16376459489812,500
VNCD_MDD,0.1320197631053625,500
M3SDA_Reg,0.1171887078417509,500
CMSS_Reg,0.1120963652334263,500
XGBoost_Target_Only,0.1023580302272764,100
KRR_Target_Only,0.678324571453083,100
NN_Target_Only,0.4697627217254792,100
XGBoost_Pool,0.1002161950052537,100
KRR_Pool,0.3117307481236968,100
NN_Pool,0.1752157226149369,100
XGBoost_TLCQM,0.1005307963380374,100
KRR_TLCQM,0.1942444238704974,100
NN_TLCQM,0.119093230989482,100
XGBoost_Target_Only,0.1045374798618743,200
KRR_Target_Only,0.5875783788016411,200
NN_Target_Only,0.3294740973007471,200
XGBoost_Pool,0.0994496377604061,200
KRR_Pool,0.3823284244704348,200
NN_Pool,0.1981797102734981,200
XGBoost_TLCQM,0.105252826932813,200
KRR_TLCQM,0.1956829672699409,200
NN_TLCQM,0.1157038157879609,200
XGBoost_Target_Only,0.0983660268370325,300
KRR_Target_Only,0.5496604524111385,300
NN_Target_Only,0.2508051230624196,300
XGBoost_Pool,0.1004672950940721,300
KRR_Pool,0.501049987964075,300
NN_Pool,0.1772963102778023,300
XGBoost_TLCQM,0.1037135325782006,300
KRR_TLCQM,0.1983019948060833,300
NN_TLCQM,0.1144092869317052,300
XGBoost_Target_Only,0.09625481586763,500
KRR_Target_Only,0.4089824891648757,500
NN_Target_Only,0.1761709630496329,500
XGBoost_Pool,0.0941572276768338,500
KRR_Pool,0.7035338830111274,500
NN_Pool,0.1408758664256726,500
XGBoost_TLCQM,0.102776767268117,500
KRR_TLCQM,0.1844884436912876,500
NN_TLCQM,0.112830841518923,500
TKRR,1.8881963356840532,100
CDAR,6.533871549234156,100
DARC,41.075298561364896,100
VNCD_MDD,0.1453889524124454,100
M3SDA_Reg,0.1182533739187959,100
CMSS_Reg,0.1099139053332002,100
TKRR,1.86130863381808,200
CDAR,5.7805093409404735,200
DARC,34.25023935645307,200
VNCD_MDD,0.126987818786942,200
M3SDA_Reg,0.124752486638542,200
CMSS_Reg,0.1156386237884543,200
TKRR,1.868726903013601,300
CDAR,5.775362440813068,300
DARC,34.53603366201889,300
VNCD_MDD,0.1276682313697644,300
M3SDA_Reg,0.1205782516235057,300
CMSS_Reg,0.1077950105421267,300
TKRR,1.7098017473079632,500
CDAR,5.8135520405225085,500
DARC,34.0512346240657,500
VNCD_MDD,0.1203789996820355,500
M3SDA_Reg,0.1183742482564985,500
CMSS_Reg,0.1013896160347035,500
XGBoost_Target_Only,0.1266953336526413,100
KRR_Target_Only,0.9825847036028812,100
NN_Target_Only,0.3749960023239841,100
XGBoost_Pool,0.1022371635586929,100
KRR_Pool,0.3179194458685186,100
NN_Pool,0.204392955608725,100
XGBoost_TLCQM,0.1067969035780846,100
KRR_TLCQM,0.2292769871012713,100
NN_TLCQM,0.1251629382468948,100
XGBoost_Target_Only,0.1150975198718324,200
KRR_Target_Only,0.4453166701612316,200
NN_Target_Only,0.2462727554589841,200
XGBoost_Pool,0.0994031848214118,200
KRR_Pool,0.3898369955044364,200
NN_Pool,0.1868269500502679,200
XGBoost_TLCQM,0.1013510909228228,200
KRR_TLCQM,0.2031113436717586,200
NN_TLCQM,0.1156383418959434,200
XGBoost_Target_Only,0.1001837824136702,300
KRR_Target_Only,0.3671554716899451,300
NN_Target_Only,0.1711961605014086,300
XGBoost_Pool,0.0998743626600979,300
KRR_Pool,0.512664765199691,300
NN_Pool,0.2095156169448472,300
XGBoost_TLCQM,0.0988751783294508,300
KRR_TLCQM,0.1944879315382979,300
NN_TLCQM,0.1084182736045799,300
XGBoost_Target_Only,0.1013245811093744,500
KRR_Target_Only,0.3098926263213051,500
NN_Target_Only,0.1357664416624971,500
XGBoost_Pool,0.0965084245015593,500
KRR_Pool,0.7180946695651955,500
NN_Pool,0.2032805685791366,500
XGBoost_TLCQM,0.098093200806201,500
KRR_TLCQM,0.1821599077849502,500
NN_TLCQM,0.105937518706998,500
TKRR,1.8987986769974616,100
CDAR,5.836805283314328,100
DARC,26.268699744267064,100
VNCD_MDD,0.1438221793266961,100
M3SDA_Reg,0.1257399425471549,100
CMSS_Reg,0.1178807064565866,100
TKRR,1.860086229132634,200
CDAR,5.358296387375183,200
DARC,31.13184299636691,200
VNCD_MDD,0.1360137617619268,200
M3SDA_Reg,0.1298978562577163,200
CMSS_Reg,0.1157867625215977,200
TKRR,1.8348569900199967,300
CDAR,5.305695952961795,300
DARC,31.366194465515303,300
VNCD_MDD,0.1350661661144736,300
M3SDA_Reg,0.1231819627306919,300
CMSS_Reg,0.1117064802254157,300
TKRR,1.781614240884413,500
CDAR,5.324840731611697,500
DARC,31.744680010630177,500
VNCD_MDD,0.1213710692342838,500
M3SDA_Reg,0.1223656128279636,500
CMSS_Reg,0.1044684805586306,500
XGBoost_Target_Only,0.1215836729298507,100
KRR_Target_Only,0.9092540319372652,100
NN_Target_Only,0.8858963117177139,100
XGBoost_Pool,0.101668260378579,100
KRR_Pool,0.318798849971882,100
NN_Pool,0.1877824236003969,100
XGBoost_TLCQM,0.1011441683366455,100
KRR_TLCQM,0.2120884348239887,100
NN_TLCQM,0.123754234740267,100
XGBoost_Target_Only,0.1078212287828303,200
KRR_Target_Only,0.5229437770926787,200
NN_Target_Only,0.4088242183842872,200
XGBoost_Pool,0.1004583848634418,200
KRR_Pool,0.3881211347684946,200
NN_Pool,0.1840937118919945,200
XGBoost_TLCQM,0.0989669165903399,200
KRR_TLCQM,0.1987289389246093,200
NN_TLCQM,0.1115822190584858,200
XGBoost_Target_Only,0.1005152532383835,300
KRR_Target_Only,0.3739640950272632,300
NN_Target_Only,0.2634020495160939,300
XGBoost_Pool,0.0975972096251361,300
KRR_Pool,0.4981582845143573,300
NN_Pool,0.1891120560990318,300
XGBoost_TLCQM,0.0968805824330337,300
KRR_TLCQM,0.1642683070071874,300
NN_TLCQM,0.1068735076313629,300
XGBoost_Target_Only,0.0983748953549921,500
KRR_Target_Only,0.2867678071679897,500
NN_Target_Only,0.1708841858125824,500
XGBoost_Pool,0.0966612711137217,500
KRR_Pool,0.7001122154505395,500
NN_Pool,0.2300685163432591,500
XGBoost_TLCQM,0.0964253128098883,500
KRR_TLCQM,0.1578088889695173,500
NN_TLCQM,0.1063125589525062,500
TKRR,1.903801632155644,100
CDAR,5.346491657011452,100
DARC,37.24469470910199,100
VNCD_MDD,0.1523096495865852,100
M3SDA_Reg,0.119861949009819,100
CMSS_Reg,0.1220647736108315,100
TKRR,1.99219406109268,200
CDAR,5.3628293911211,200
DARC,25.38990385229527,200
VNCD_MDD,0.1371019031008248,200
M3SDA_Reg,0.1243687231704821,200
CMSS_Reg,0.1122038376362938,200
TKRR,1.8076626765039043,300
CDAR,5.330686552362552,300
DARC,25.28776548410999,300
VNCD_MDD,0.1203325336322356,300
M3SDA_Reg,0.1230426342215379,300
CMSS_Reg,0.1060272233842262,300
TKRR,1.8000735301896178,500
CDAR,5.341290126345119,500
DARC,26.22962053773804,500
VNCD_MDD,0.1223514397915984,500
M3SDA_Reg,0.1161754832578762,500
CMSS_Reg,0.1019659180955482,500
XGBoost_Target_Only,0.1159020411088542,100
KRR_Target_Only,1.2190470353728606,100
NN_Target_Only,0.690527607178677,100
XGBoost_Pool,0.1004918201558856,100
KRR_Pool,0.3183926869176741,100
NN_Pool,0.2152561795826274,100
XGBoost_TLCQM,0.1066066846288237,100
KRR_TLCQM,0.2614666066169002,100
NN_TLCQM,0.1299748443924697,100
XGBoost_Target_Only,0.1159945426441434,200
KRR_Target_Only,0.6247288155228311,200
NN_Target_Only,0.3447550738495198,200
XGBoost_Pool,0.0994952485530629,200
KRR_Pool,0.3901520446619874,200
NN_Pool,0.1799058098352475,200
XGBoost_TLCQM,0.1049836915559756,200
KRR_TLCQM,0.2867863835498346,200
NN_TLCQM,0.1167560218790204,200
XGBoost_Target_Only,0.1088481113050627,300
KRR_Target_Only,0.5458779623714441,300
NN_Target_Only,0.2802713612170945,300
XGBoost_Pool,0.0997339024631085,300
KRR_Pool,0.5094366593132942,300
NN_Pool,0.1886668964649582,300
XGBoost_TLCQM,0.1071326114984681,300
KRR_TLCQM,0.244909375092993,300
NN_TLCQM,0.11938632257401,300
XGBoost_Target_Only,0.0959613168177801,500
KRR_Target_Only,0.2462654573011352,500
NN_Target_Only,0.1388305375467788,500
XGBoost_Pool,0.0965239287782401,500
KRR_Pool,0.6983465460454664,500
NN_Pool,0.2158170805193797,500
XGBoost_TLCQM,0.1042953994654087,500
KRR_TLCQM,0.1834021378833229,500
NN_TLCQM,0.113502984809169,500
TKRR,1.8685312733417143,100
CDAR,5.622734491872575,100
DARC,21.548751254429117,100
VNCD_MDD,0.1571103850221721,100
M3SDA_Reg,0.1147883388723302,100
CMSS_Reg,0.1134266844089186,100
TKRR,2.0349041735537416,200
CDAR,6.395329088267914,200
DARC,29.546216170931537,200
VNCD_MDD,0.1465733805926243,200
M3SDA_Reg,0.1121874354422738,200
CMSS_Reg,0.1116247552182403,200
TKRR,1.9704102381967343,300
CDAR,6.467954250319397,300
DARC,25.407728745748585,300
VNCD_MDD,0.1469864608715261,300
M3SDA_Reg,0.1145505228243722,300
CMSS_Reg,0.1082887321937026,300
TKRR,1.7954685179993348,500
CDAR,6.115736930343181,500
DARC,26.41940455220474,500
VNCD_MDD,0.1357921904323834,500
M3SDA_Reg,0.1184599269636483,500
CMSS_Reg,0.1022954691287375,500
XGBoost_Target_Only,0.1163173128709251,100
KRR_Target_Only,0.9407422418434718,100
NN_Target_Only,0.9207675308381008,100
XGBoost_Pool,0.0982090270234515,100
KRR_Pool,0.3159940247144611,100
NN_Pool,0.2175586823855281,100
XGBoost_TLCQM,0.1047605343552822,100
KRR_TLCQM,0.1944606387766642,100
NN_TLCQM,0.121130389221831,100
XGBoost_Target_Only,0.1000540496151149,200
KRR_Target_Only,0.4943657990100137,200
NN_Target_Only,0.2750489618632375,200
XGBoost_Pool,0.0966594584168168,200
KRR_Pool,0.3857822192965255,200
NN_Pool,0.1740653003573827,200
XGBoost_TLCQM,0.0991862096164261,200
KRR_TLCQM,0.1869860091055188,200
NN_TLCQM,0.1114273943335129,200
XGBoost_Target_Only,0.1000729380675908,300
KRR_Target_Only,0.4062278632327319,300
NN_Target_Only,0.2320690601603721,300
XGBoost_Pool,0.0985475629093486,300
KRR_Pool,0.5036328780533513,300
NN_Pool,0.1823082891411523,300
XGBoost_TLCQM,0.0995940535545264,300
KRR_TLCQM,0.1897531491693012,300
NN_TLCQM,0.1113084782151263,300
XGBoost_Target_Only,0.0983569961222776,500
KRR_Target_Only,0.3362643367303887,500
NN_Target_Only,0.1875645425866619,500
XGBoost_Pool,0.0968538290158687,500
KRR_Pool,0.7062113076471445,500
NN_Pool,0.2148002423832053,500
XGBoost_TLCQM,0.100109843332955,500
KRR_TLCQM,0.1788715530406391,500
NN_TLCQM,0.1135965910560066,500
TKRR,2.157273365782658,100
CDAR,5.274395386272893,100
DARC,39.20157474293839,100
VNCD_MDD,0.1367239519795172,100
M3SDA_Reg,0.1097944216146072,100
CMSS_Reg,0.1118669429930153,100
TKRR,1.8976061056045388,200
CDAR,5.017903659271515,200
DARC,28.486950083127688,200
VNCD_MDD,0.1328211056662502,200
M3SDA_Reg,0.1073544176439187,200
CMSS_Reg,0.1097277671434535,200
TKRR,1.8831053381925624,300
CDAR,4.990658304822038,300
DARC,27.63459214030467,300
VNCD_MDD,0.1277229881541967,300
M3SDA_Reg,0.1106650779622997,300
CMSS_Reg,0.1062276316913377,300
TKRR,1.84775611864193,500
CDAR,5.044040872882713,500
DARC,28.57121473708236,500
VNCD_MDD,0.1282316848944298,500
M3SDA_Reg,0.1147894309213204,500
CMSS_Reg,0.1058796457595099,500
XGBoost_Target_Only,0.1152099367953525,100
KRR_Target_Only,0.6706164659580591,100
NN_Target_Only,0.4767996982659089,100
XGBoost_Pool,0.0980727358306007,100
KRR_Pool,0.3152748234515697,100
NN_Pool,0.2129037281436017,100
XGBoost_TLCQM,0.1073477864144942,100
KRR_TLCQM,0.1941490815416115,100
NN_TLCQM,0.1313275830726045,100
XGBoost_Target_Only,0.1043141294234399,200
KRR_Target_Only,0.4766001400416351,200
NN_Target_Only,0.2500166219109923,200
XGBoost_Pool,0.0980019447441882,200
KRR_Pool,0.3839286105432311,200
NN_Pool,0.2051174087263054,200
XGBoost_TLCQM,0.1024795705972642,200
KRR_TLCQM,0.1951798428087104,200
NN_TLCQM,0.1143534189407638,200
XGBoost_Target_Only,0.1049886842239663,300
KRR_Target_Only,0.3109080837259387,300
NN_Target_Only,0.1852283411434675,300
XGBoost_Pool,0.0957889243829215,300
KRR_Pool,0.4935244167074138,300
NN_Pool,0.1944148770193653,300
XGBoost_TLCQM,0.0991895124293929,300
KRR_TLCQM,0.1574107876361052,300
NN_TLCQM,0.110996062965026,300
XGBoost_Target_Only,0.0931920598402154,500
KRR_Target_Only,0.249513926034861,500
NN_Target_Only,0.1415680353949062,500
XGBoost_Pool,0.0944246150071727,500
KRR_Pool,0.7013485460169017,500
NN_Pool,0.2209692385507058,500
XGBoost_TLCQM,0.0980782208567078,500
KRR_TLCQM,0.159705107475522,500
NN_TLCQM,0.1059667703916239,500
TKRR,2.157601598911633,100
CDAR,6.026969275050782,100
DARC,40.70146014854138,100
VNCD_MDD,0.1363356787217423,100
M3SDA_Reg,0.1108534402069864,100
CMSS_Reg,0.1136871187803929,100
TKRR,1.9076560156551177,200
CDAR,5.645532186817591,200
DARC,34.503639439612705,200
VNCD_MDD,0.1250439104475741,200
M3SDA_Reg,0.1116313836163843,200
CMSS_Reg,0.1072779909530371,200
TKRR,1.8351160335133376,300
CDAR,5.755853287609931,300
DARC,34.20538244037428,300
VNCD_MDD,0.1283257748874416,300
M3SDA_Reg,0.1136560785949796,300
CMSS_Reg,0.1057204779564891,300
TKRR,1.8250039166013647,500
CDAR,5.538144137761659,500
DARC,34.058874606273626,500
VNCD_MDD,0.1182212589729309,500
M3SDA_Reg,0.1152452108013809,500
CMSS_Reg,0.101205597345978,500
XGBoost_Target_Only,0.1156839972390404,100
KRR_Target_Only,0.6290435591838681,100
NN_Target_Only,0.4764134748268124,100
XGBoost_Pool,0.1023949393521775,100
KRR_Pool,0.3159198556176135,100
NN_Pool,0.1904185874612892,100
XGBoost_TLCQM,0.1087193696085193,100
KRR_TLCQM,0.1946449491391084,100
NN_TLCQM,0.1341236366465121,100
XGBoost_Target_Only,0.1157542906245558,200
KRR_Target_Only,0.364608729599699,200
NN_Target_Only,0.2194258266668445,200
XGBoost_Pool,0.1007015151167051,200
KRR_Pool,0.3859552608174931,200
NN_Pool,0.2019396276823643,200
XGBoost_TLCQM,0.1029329629536614,200
KRR_TLCQM,0.1711446569604464,200
NN_TLCQM,0.1095012836334313,200
XGBoost_Target_Only,0.1108927455794599,300
KRR_Target_Only,0.3536692078243548,300
NN_Target_Only,0.236627774225576,300
XGBoost_Pool,0.099271096447024,300
KRR_Pool,0.5050092640904659,300
NN_Pool,0.1883414529134578,300
XGBoost_TLCQM,0.1055743522104191,300
KRR_TLCQM,0.1680417953823172,300
NN_TLCQM,0.114026117591311,300
XGBoost_Target_Only,0.0953108455180365,500
KRR_Target_Only,0.308042498560667,500
NN_Target_Only,0.1477510291418456,500
XGBoost_Pool,0.0982000876135818,500
KRR_Pool,0.7096450987035913,500
NN_Pool,0.2151563139739164,500
XGBoost_TLCQM,0.0991155901704985,500
KRR_TLCQM,0.1846074568609498,500
NN_TLCQM,0.1093655931498439,500
TKRR,1.8668369919708456,100
CDAR,5.876302226797064,100
DARC,27.4209704249384,100
VNCD_MDD,0.1500538334066363,100
M3SDA_Reg,0.12623011447518,100
CMSS_Reg,0.1210511909943272,100
TKRR,1.7699351969849426,200
CDAR,5.794973613969322,200
DARC,31.680709114130472,200
VNCD_MDD,0.1460919062144402,200
M3SDA_Reg,0.1262554663071,200
CMSS_Reg,0.111727513063837,200
TKRR,1.7875734051463412,300
CDAR,5.78630841919597,300
DARC,31.55200721824401,300
VNCD_MDD,0.1382207132386326,300
M3SDA_Reg,0.1283245067446687,300
CMSS_Reg,0.1102828105763797,300
TKRR,1.7718291300426352,500
CDAR,5.798516438395071,500
DARC,31.26980235822559,500
VNCD_MDD,0.1281267921723413,500
M3SDA_Reg,0.1254691013101735,500
CMSS_Reg,0.1046305305198081,500
XGBoost_Target_Only,0.1171544145352166,100
KRR_Target_Only,1.075899658932688,100
NN_Target_Only,0.3620262712226425,100
XGBoost_Pool,0.103157878411161,100
KRR_Pool,0.3181058632171153,100
NN_Pool,0.2068509631231272,100
XGBoost_TLCQM,0.1157914969564596,100
KRR_TLCQM,0.2153357363288209,100
NN_TLCQM,0.1335521039523702,100
XGBoost_Target_Only,0.0988056127029248,200
KRR_Target_Only,0.4810028237902213,200
NN_Target_Only,0.2225676323593765,200
XGBoost_Pool,0.0995063482638803,200
KRR_Pool,0.3874472315310196,200
NN_Pool,0.2050964525255176,200
XGBoost_TLCQM,0.0986354042021038,200
KRR_TLCQM,0.1798920843803191,200
NN_TLCQM,0.1118056212895293,200
XGBoost_Target_Only,0.0965597411651574,300
KRR_Target_Only,0.3708648369647194,300
NN_Target_Only,0.1858653539117639,300
XGBoost_Pool,0.0976698447911702,300
KRR_Pool,0.508548270307557,300
NN_Pool,0.1961740606346635,300
XGBoost_TLCQM,0.0979678138938065,300
KRR_TLCQM,0.176450782624959,300
NN_TLCQM,0.1072509262951069,300
XGBoost_Target_Only,0.0925605057297892,500
KRR_Target_Only,0.3181325455358128,500
NN_Target_Only,0.1408420739457788,500
XGBoost_Pool,0.095172479442605,500
KRR_Pool,0.7114897152730079,500
NN_Pool,0.152255539908411,500
XGBoost_TLCQM,0.0975060884976971,500
KRR_TLCQM,0.1706432388632659,500
NN_TLCQM,0.1055403364542343,500
TKRR,2.0262930049445083,100
CDAR,5.416499707339706,100
DARC,23.3254814074813,100
VNCD_MDD,0.1776850310177036,100
M3SDA_Reg,0.1215155488084242,100
CMSS_Reg,0.1190166687687086,100
TKRR,1.8656512019995235,200
CDAR,5.026047757974701,200
DARC,27.293700257412706,200
VNCD_MDD,0.1562786600861296,200
M3SDA_Reg,0.1156314694030236,200
CMSS_Reg,0.1108681018703277,200
TKRR,1.723730140553992,300
CDAR,5.025240197779166,300
DARC,27.1297914344188,300
VNCD_MDD,0.1410970642112016,300
M3SDA_Reg,0.1115418044035732,300
CMSS_Reg,0.1035625695984636,300
TKRR,1.7407436889259609,500
CDAR,4.990164040752765,500
DARC,27.04634236014549,500
VNCD_MDD,0.1155321342931889,500
M3SDA_Reg,0.1178086144053068,500
CMSS_Reg,0.0975781357324579,500
XGBoost_Target_Only,0.1049430026599381,100
KRR_Target_Only,0.9878510649646915,100
NN_Target_Only,0.7624914167892497,100
XGBoost_Pool,0.1007409022355694,100
KRR_Pool,0.31928698931112,100
NN_Pool,0.2133300089018552,100
XGBoost_TLCQM,0.1042562293126889,100
KRR_TLCQM,0.2251248699996777,100
NN_TLCQM,0.1350067757602984,100
XGBoost_Target_Only,0.1117046786420334,200
KRR_Target_Only,0.5845811818158942,200
NN_Target_Only,0.3863071034829862,200
XGBoost_Pool,0.0995733678553572,200
KRR_Pool,0.3911983646465171,200
NN_Pool,0.1790469823601166,200
XGBoost_TLCQM,0.1043838203964114,200
KRR_TLCQM,0.2101547862354002,200
NN_TLCQM,0.1187811717730832,200
XGBoost_Target_Only,0.1008801386773994,300
KRR_Target_Only,0.5084439864686352,300
NN_Target_Only,0.2101012318437698,300
XGBoost_Pool,0.0991449519726668,300
KRR_Pool,0.5122462492399834,300
NN_Pool,0.2013104971037779,300
XGBoost_TLCQM,0.1055853980772572,300
KRR_TLCQM,0.2198752403386649,300
NN_TLCQM,0.1114458943326968,300
XGBoost_Target_Only,0.0985871296602509,500
KRR_Target_Only,0.411000163193067,500
NN_Target_Only,0.1581587610461222,500
XGBoost_Pool,0.0966898162679518,500
KRR_Pool,0.7202848901631465,500
NN_Pool,0.2100168559354978,500
XGBoost_TLCQM,0.1038224516240063,500
KRR_TLCQM,0.2254019190668741,500
NN_TLCQM,0.1094491691296197,500
TKRR,2.0401666690401257,100
CDAR,5.968728511474025,100
DARC,29.34425819913536,100
VNCD_MDD,0.1576274495332774,100
M3SDA_Reg,0.1091460584037913,100
CMSS_Reg,0.111986929712479,100
TKRR,2.041192663391588,200
CDAR,4.971485403919109,200
DARC,38.4950151241047,200
VNCD_MDD,0.1523543252029668,200
M3SDA_Reg,0.1160989039853734,200
CMSS_Reg,0.109659852074907,200
TKRR,1.8977332717691584,300
CDAR,4.991843968241042,300
DARC,38.76285647058684,300
VNCD_MDD,0.1435793013976856,300
M3SDA_Reg,0.1132257487870923,300
CMSS_Reg,0.1093400186575902,300
TKRR,1.8015517802760228,500
CDAR,5.045354497621198,500
DARC,38.59504590650763,500
VNCD_MDD,0.1337130062738508,500
M3SDA_Reg,0.1171860212170123,500
CMSS_Reg,0.110229624485182,500
XGBoost_Target_Only,0.1142036709821629,100
KRR_Target_Only,1.0513339104935178,100
NN_Target_Only,0.6414961299988777,100
XGBoost_Pool,0.1003099767313674,100
KRR_Pool,0.3190797274279737,100
NN_Pool,0.1974072014417465,100
XGBoost_TLCQM,0.1064621405579797,100
KRR_TLCQM,0.2220530003226527,100
NN_TLCQM,0.1234877418895868,100
XGBoost_Target_Only,0.1117040833939607,200
KRR_Target_Only,0.7325916490262686,200
NN_Target_Only,0.4416662226142878,200
XGBoost_Pool,0.098391627347234,200
KRR_Pool,0.3903869722966464,200
NN_Pool,0.2073857094698057,200
XGBoost_TLCQM,0.1001356293966861,200
KRR_TLCQM,0.2408149898048541,200
NN_TLCQM,0.113807102425164,200
XGBoost_Target_Only,0.1027094467713082,300
KRR_Target_Only,0.5168738391007862,300
NN_Target_Only,0.2330453606421768,300
XGBoost_Pool,0.0969929359431034,300
KRR_Pool,0.5091107408341123,300
NN_Pool,0.1862166898872881,300
XGBoost_TLCQM,0.1006260514434168,300
KRR_TLCQM,0.2121455414205986,300
NN_TLCQM,0.1051415726758179,300
XGBoost_Target_Only,0.0957549266689012,500
KRR_Target_Only,0.3478992597370055,500
NN_Target_Only,0.1497578245515165,500
XGBoost_Pool,0.095931640335433,500
KRR_Pool,0.7177153546458682,500
NN_Pool,0.2255917752598304,500
XGBoost_TLCQM,0.0989218883544264,500
KRR_TLCQM,0.2002728496616409,500
NN_TLCQM,0.1049514763016405,500
TKRR,2.1840079368731127,100
CDAR,5.3908322503485415,100
DARC,30.927383363944497,100
VNCD_MDD,0.1695340188278918,100
M3SDA_Reg,0.1186628097611486,100
CMSS_Reg,0.1158069288182554,100
TKRR,1.8955641364068188,200
CDAR,5.461996269721087,200
DARC,34.28377347015649,200
VNCD_MDD,0.1342809711105465,200
M3SDA_Reg,0.1205448728580952,200
CMSS_Reg,0.1120856600881209,200
TKRR,1.884196510401074,300
CDAR,5.403035593718887,300
DARC,34.14850326467495,300
VNCD_MDD,0.1284102011647129,300
M3SDA_Reg,0.1203494285726219,300
CMSS_Reg,0.109776935450275,300
TKRR,1.8681489307513368,500
CDAR,5.418670532226946,500
DARC,33.68952666046484,500
VNCD_MDD,0.1193845243860232,500
M3SDA_Reg,0.1282620449778521,500
CMSS_Reg,0.1013264986435045,500
XGBoost_Target_Only,0.1237697843199105,100
KRR_Target_Only,1.5494309332465246,100
NN_Target_Only,0.971555122699644,100
XGBoost_Pool,0.1011206706918074,100
KRR_Pool,0.3190046588593474,100
NN_Pool,0.1744050171611626,100
XGBoost_TLCQM,0.1024346070253549,100
KRR_TLCQM,0.1972419879668483,100
NN_TLCQM,0.1219826219973846,100
XGBoost_Target_Only,0.1120129513986589,200
KRR_Target_Only,1.0153273980198685,200
NN_Target_Only,0.3744652230404653,200
XGBoost_Pool,0.09958270363621,200
KRR_Pool,0.3897178894690076,200
NN_Pool,0.1597232239460591,200
XGBoost_TLCQM,0.0992744828613641,200
KRR_TLCQM,0.2067280599870613,200
NN_TLCQM,0.1205388559856717,200
XGBoost_Target_Only,0.1019685396596854,300
KRR_Target_Only,0.5566690903219796,300
NN_Target_Only,0.2183040995712184,300
XGBoost_Pool,0.0990933198422506,300
KRR_Pool,0.5123709206553599,300
NN_Pool,0.1600136335611428,300
XGBoost_TLCQM,0.0982705205144325,300
KRR_TLCQM,0.1941626678807246,300
NN_TLCQM,0.1137617738117244,300
XGBoost_Target_Only,0.1056099327104805,500
KRR_Target_Only,0.4210699025061702,500
NN_Target_Only,0.1695852335077434,500
XGBoost_Pool,0.0985325364930545,500
KRR_Pool,0.7203702908239985,500
NN_Pool,0.1370897161350733,500
XGBoost_TLCQM,0.0999856632342553,500
KRR_TLCQM,0.1906427397497916,500
NN_TLCQM,0.1043254801220627,500
TKRR,1.9075699386920613,100
CDAR,6.448276253805603,100
DARC,30.93373057140332,100
VNCD_MDD,0.2401169369879093,100
M3SDA_Reg,0.1160246075922145,100
CMSS_Reg,0.1171009956518387,100
TKRR,1.911008920535673,200
CDAR,5.7183914341601625,200
DARC,33.400594503187534,200
VNCD_MDD,0.1814922558144468,200
M3SDA_Reg,0.1107128462267186,200
CMSS_Reg,0.1070638225839379,200
TKRR,1.838597216049128,300
CDAR,5.858117507087739,300
DARC,33.79482713279517,300
VNCD_MDD,0.1896812827144396,300
M3SDA_Reg,0.1119646319314129,300
CMSS_Reg,0.1060278500535145,300
TKRR,1.8659470876103543,500
CDAR,5.825358573000469,500
DARC,34.463603267861494,500
VNCD_MDD,0.1532986269208099,500
M3SDA_Reg,0.1200001233141953,500
CMSS_Reg,0.1059313245674236,500
XGBoost_Target_Only,0.1287856295537713,100
KRR_Target_Only,1.0149035740463872,100
NN_Target_Only,1.2011273459352727,100
XGBoost_Pool,0.0998860708923341,100
KRR_Pool,0.3188061415647894,100
NN_Pool,0.1890550414291407,100
XGBoost_TLCQM,0.1076603857837323,100
KRR_TLCQM,0.2156892706275451,100
NN_TLCQM,0.1113370040746107,100
XGBoost_Target_Only,0.1043586626036342,200
KRR_Target_Only,0.4033971734539942,200
NN_Target_Only,0.289954898754565,200
XGBoost_Pool,0.0966641066627649,200
KRR_Pool,0.3804726117023707,200
NN_Pool,0.195989166193684,200
XGBoost_TLCQM,0.1022734636810675,200
KRR_TLCQM,0.1852838119913555,200
NN_TLCQM,0.1151172265272394,200
XGBoost_Target_Only,0.1012735253736922,300
KRR_Target_Only,0.2937184003146946,300
NN_Target_Only,0.1795910389084567,300
XGBoost_Pool,0.096215025937765,300
KRR_Pool,0.4909824897217844,300
NN_Pool,0.1936639598134418,300
XGBoost_TLCQM,0.1023856776152607,300
KRR_TLCQM,0.1768382617397275,300
NN_TLCQM,0.1145567246321944,300
XGBoost_Target_Only,0.0968648827346773,500
KRR_Target_Only,0.2752780838541962,500
NN_Target_Only,0.1380935927813893,500
XGBoost_Pool,0.0936221966381728,500
KRR_Pool,0.6961039229881334,500
NN_Pool,0.2046695502698765,500
XGBoost_TLCQM,0.1013413163857262,500
KRR_TLCQM,0.1639474256284597,500
NN_TLCQM,0.1098240166825544,500
TKRR,1.899444306653741,100
CDAR,5.90569700475443,100
DARC,21.15758508766285,100
VNCD_MDD,0.159903094242023,100
M3SDA_Reg,0.109801522525624,100
CMSS_Reg,0.1168924733372415,100
TKRR,1.879766580223989,200
CDAR,53.33592019482269,200
DARC,26.68220972996287,200
VNCD_MDD,0.1486067802974481,200
M3SDA_Reg,0.1199374216514619,200
CMSS_Reg,0.1127634421003227,200
TKRR,1.853168481015207,300
CDAR,53.33681795210952,300
DARC,26.867924442728174,300
VNCD_MDD,0.1341912739524836,300
M3SDA_Reg,0.1161564563501342,300
CMSS_Reg,0.1097755069223906,300
TKRR,1.8762403112726411,500
CDAR,53.33732088477284,500
DARC,27.00997395665537,500
VNCD_MDD,0.1250996865810067,500
M3SDA_Reg,0.1151930727585918,500
CMSS_Reg,0.1045196313176968,500
XGBoost_Target_Only,0.1177910669448688,100
KRR_Target_Only,0.7012687712238673,100
NN_Target_Only,0.516192943130167,100
XGBoost_Pool,0.1013176448653099,100
KRR_Pool,0.3169525748603237,100
NN_Pool,0.1978915326150961,100
XGBoost_TLCQM,0.0996701328712986,100
KRR_TLCQM,0.1876452137747687,100
NN_TLCQM,0.1192295976926405,100
XGBoost_Target_Only,0.1114552704837721,200
KRR_Target_Only,0.4613328302937076,200
NN_Target_Only,0.2916110084808248,200
XGBoost_Pool,0.1005725396622784,200
KRR_Pool,0.3880852974318063,200
NN_Pool,0.1679549322846603,200
XGBoost_TLCQM,0.0981387504513685,200
KRR_TLCQM,0.2206037541742888,200
NN_TLCQM,0.1055911263994949,200
XGBoost_Target_Only,0.1144879188319399,300
KRR_Target_Only,0.4097287535674714,300
NN_Target_Only,0.2068860224222896,300
XGBoost_Pool,0.0994219496253075,300
KRR_Pool,0.5094438849901662,300
NN_Pool,0.1898886078956365,300
XGBoost_TLCQM,0.1008647255468036,300
KRR_TLCQM,0.2053637065760133,300
NN_TLCQM,0.1066017956121765,300
XGBoost_Target_Only,0.0943816789537041,500
KRR_Target_Only,0.2703609243284521,500
NN_Target_Only,0.1450481622857891,500
XGBoost_Pool,0.0985253547746662,500
KRR_Pool,0.7001209076156134,500
NN_Pool,0.2104946670981308,500
XGBoost_TLCQM,0.098848444002308,500
KRR_TLCQM,0.1577243742989814,500
NN_TLCQM,0.1066078549341122,500
TKRR,1.9241117002289263,100
CDAR,5.970765138735482,100
DARC,28.109260178523463,100
VNCD_MDD,0.1620255538284241,100
M3SDA_Reg,0.110310281800381,100
CMSS_Reg,0.1207475546064255,100
TKRR,1.9230161578997504,200
CDAR,5.725115123121477,200
DARC,27.876410652398064,200
VNCD_MDD,0.1561349766072976,200
M3SDA_Reg,0.1111231814842814,200
CMSS_Reg,0.1109845678620554,200
TKRR,1.9004619268899317,300
CDAR,5.8077877172840005,300
DARC,28.1452046814401,300
VNCD_MDD,0.1548009845512552,300
M3SDA_Reg,0.113710174474086,300
CMSS_Reg,0.1106779363953328,300
TKRR,1.8719025845617123,500
CDAR,5.637878134300186,500
DARC,28.496117810959625,500
VNCD_MDD,0.167042043853373,500
M3SDA_Reg,0.1218103145292833,500
CMSS_Reg,0.1074212655573841,500
XGBoost_Target_Only,0.1154401887774037,100
KRR_Target_Only,1.2049301245262645,100
NN_Target_Only,0.7696427982582009,100
XGBoost_Pool,0.1043016800981375,100
KRR_Pool,0.3167666639062635,100
NN_Pool,0.2183301430046808,100
XGBoost_TLCQM,0.1018442524405162,100
KRR_TLCQM,0.1947993729526814,100
NN_TLCQM,0.1229812588151856,100
XGBoost_Target_Only,0.1034251509470432,200
KRR_Target_Only,0.563558932572942,200
NN_Target_Only,0.3300383031949099,200
XGBoost_Pool,0.1001087057683975,200
KRR_Pool,0.3847330587061565,200
NN_Pool,0.202350051653129,200
XGBoost_TLCQM,0.1012893871099356,200
KRR_TLCQM,0.1914612998669265,200
NN_TLCQM,0.113578977115613,200
XGBoost_Target_Only,0.0972973956056387,300
KRR_Target_Only,0.4368741868490523,300
NN_Target_Only,0.2257998712796868,300
XGBoost_Pool,0.0985247631261793,300
KRR_Pool,0.5055804915931984,300
NN_Pool,0.1848692774709204,300
XGBoost_TLCQM,0.1010128038387297,300
KRR_TLCQM,0.1919033879717708,300
NN_TLCQM,0.113426821271512,300
XGBoost_Target_Only,0.0957897874972663,500
KRR_Target_Only,0.4114952877148376,500
NN_Target_Only,0.164469048999284,500
XGBoost_Pool,0.0978577318977954,500
KRR_Pool,0.7111357198587541,500
NN_Pool,0.142573907530534,500
XGBoost_TLCQM,0.1023025787061489,500
KRR_TLCQM,0.2238724163696435,500
NN_TLCQM,0.1131772515827917,500
TKRR,1.932614821940685,100
CDAR,5.2101655480421,100
DARC,34.782873270575855,100
VNCD_MDD,0.1644473622123317,100
M3SDA_Reg,0.1195046565199699,100
CMSS_Reg,0.1176507499420031,100
TKRR,1.821151794858788,200
CDAR,6.180539859482913,200
DARC,31.00755235631586,200
VNCD_MDD,0.1605229123167666,200
M3SDA_Reg,0.1223596423306848,200
CMSS_Reg,0.1139894946460994,200
TKRR,1.786145128786513,300
CDAR,6.238506423513799,300
DARC,14.41794401611125,300
VNCD_MDD,0.1304849419566778,300
M3SDA_Reg,0.1256545972540416,300
CMSS_Reg,0.1074216638499745,300
TKRR,1.733126627922898,500
CDAR,6.441981691927512,500
DARC,26.17707282152288,500
VNCD_MDD,0.1253046857474382,500
M3SDA_Reg,0.1177333799858223,500
CMSS_Reg,0.1010616764090574,500
XGBoost_Target_Only,0.1204626922378322,100
KRR_Target_Only,1.3813299731086324,100
NN_Target_Only,0.920016871706208,100
XGBoost_Pool,0.1007113885259254,100
KRR_Pool,0.318675410691563,100
NN_Pool,0.1945731828673753,100
XGBoost_TLCQM,0.109637931055584,100
KRR_TLCQM,0.2958163861784451,100
NN_TLCQM,0.1272383303349942,100
XGBoost_Target_Only,0.1142769954580747,200
KRR_Target_Only,0.8719492206985745,200
NN_Target_Only,0.3665341793018922,200
XGBoost_Pool,0.0994281055686821,200
KRR_Pool,0.389776268718602,200
NN_Pool,0.1785697681950837,200
XGBoost_TLCQM,0.0988513380454978,200
KRR_TLCQM,0.2095701625140658,200
NN_TLCQM,0.1123741318992136,200
XGBoost_Target_Only,0.1115655747782569,300
KRR_Target_Only,0.504050561970803,300
NN_Target_Only,0.2370709730398274,300
XGBoost_Pool,0.1001778711850321,300
KRR_Pool,0.5119982030583996,300
NN_Pool,0.1689910991076693,300
XGBoost_TLCQM,0.0982922383167745,300
KRR_TLCQM,0.2086982612134455,300
NN_TLCQM,0.1097734770696596,300
XGBoost_Target_Only,0.0953341897754287,500
KRR_Target_Only,0.3495684131424597,500
NN_Target_Only,0.1587075336764558,500
XGBoost_Pool,0.0957359688098586,500
KRR_Pool,0.720005458143264,500
NN_Pool,0.2071382116934086,500
XGBoost_TLCQM,0.0970415857268263,500
KRR_TLCQM,0.1860656376778595,500
NN_TLCQM,0.1021294696701419,500
TKRR,2.545891778733054,100
CDAR,5.534592031353265,100
DARC,10.9621659240201,100
VNCD_MDD,0.1728894021324764,100
M3SDA_Reg,0.1191405842736186,100
CMSS_Reg,0.1330707358844857,100
TKRR,1.9412331715274125,200
CDAR,5.456932686979405,200
DARC,20.17968405140718,200
VNCD_MDD,0.1601950316988084,200
M3SDA_Reg,0.1225120495072836,200
CMSS_Reg,0.1221481691409262,200
TKRR,1.8535651426237287,300
CDAR,5.355045308022934,300
DARC,30.57350331232672,300
VNCD_MDD,0.1667223420182363,300
M3SDA_Reg,0.1233122003439197,300
CMSS_Reg,0.1138478973510082,300
TKRR,1.8192764649211557,500
CDAR,5.323300707578118,500
DARC,34.23248237007193,500
VNCD_MDD,0.1510362329596277,500
M3SDA_Reg,0.1158762433298701,500
CMSS_Reg,0.1038516911499205,500
XGBoost_Target_Only,0.1084537220637614,100
KRR_Target_Only,0.7657310924309015,100
NN_Target_Only,0.5296624667923744,100
XGBoost_Pool,0.1002748446848072,100
KRR_Pool,0.3181167332174086,100
NN_Pool,0.1934822944226497,100
XGBoost_TLCQM,0.0984464747732414,100
KRR_TLCQM,0.2122099025683031,100
NN_TLCQM,0.114467615854909,100
XGBoost_Target_Only,0.1071641323252669,200
KRR_Target_Only,0.4900006073380695,200
NN_Target_Only,0.3295749167028695,200
XGBoost_Pool,0.0993774666516884,200
KRR_Pool,0.3911807179609025,200
NN_Pool,0.1893179772029194,200
XGBoost_TLCQM,0.0975809538600172,200
KRR_TLCQM,0.203854084185885,200
NN_TLCQM,0.1085968774289515,200
XGBoost_Target_Only,0.1028613713911891,300
KRR_Target_Only,0.4845161453861129,300
NN_Target_Only,0.2461561156951965,300
XGBoost_Pool,0.0990872914266507,300
KRR_Pool,0.5123515661128579,300
NN_Pool,0.1984799270872368,300
XGBoost_TLCQM,0.0973240679627144,300
KRR_TLCQM,0.2037980895610727,300
NN_TLCQM,0.1130044740445579,300
XGBoost_Target_Only,0.0939558846644598,500
KRR_Target_Only,0.3521191913190458,500
NN_Target_Only,0.1584832804869574,500
XGBoost_Pool,0.098609747076325,500
KRR_Pool,0.710702421932156,500
NN_Pool,0.2122742742764004,500
XGBoost_TLCQM,0.0982440984806617,500
KRR_TLCQM,0.1817272226824178,500
NN_TLCQM,0.1073428358344088,500
TKRR,1.8721523361873815,100
CDAR,6.138199444897058,100
DARC,37.13140712715078,100
VNCD_MDD,0.1937583901385178,100
M3SDA_Reg,0.110574451548585,100
CMSS_Reg,0.1268193647475363,100
TKRR,1.8367668091740288,200
CDAR,48.61526154874689,200
DARC,32.96164271924023,200
VNCD_MDD,0.161901845677497,200
M3SDA_Reg,0.1109956085529102,200
CMSS_Reg,0.1168772656561054,200
TKRR,1.838183009016788,300
CDAR,48.62470792604597,300
DARC,33.18746005533028,300
VNCD_MDD,0.158446029910244,300
M3SDA_Reg,0.1095791168220086,300
CMSS_Reg,0.1125293235290169,300
TKRR,1.763827685280601,500
CDAR,48.62716863303866,500
DARC,32.983308490733464,500
VNCD_MDD,0.1500573453268428,500
M3SDA_Reg,0.1148931229505766,500
CMSS_Reg,0.1056503418657536,500
XGBoost_Target_Only,0.1254367507588581,100
KRR_Target_Only,1.4291083848820954,100
NN_Target_Only,0.4909207450018303,100
XGBoost_Pool,0.10311923746822,100
KRR_Pool,0.3194268164814718,100
NN_Pool,0.2136081226237232,100
XGBoost_TLCQM,0.1083335297908521,100
KRR_TLCQM,0.2288459778492878,100
NN_TLCQM,0.1272788606841682,100
XGBoost_Target_Only,0.1134139708527717,200
KRR_Target_Only,0.7859225586931642,200
NN_Target_Only,0.3123979214783405,200
XGBoost_Pool,0.102151896063587,200
KRR_Pool,0.3916149170837557,200
NN_Pool,0.2364779988666548,200
XGBoost_TLCQM,0.1080540763043663,200
KRR_TLCQM,0.2248888639370266,200
NN_TLCQM,0.1254850070375166,200
XGBoost_Target_Only,0.1031011738901498,300
KRR_Target_Only,0.6045690623292961,300
NN_Target_Only,0.2314819376926361,300
XGBoost_Pool,0.101104012526779,300
KRR_Pool,0.5099882905418117,300
NN_Pool,0.1995038975076877,300
XGBoost_TLCQM,0.1072437610651081,300
KRR_TLCQM,0.2201744412590219,300
NN_TLCQM,0.1161131066643057,300
XGBoost_Target_Only,0.0947594593974825,500
KRR_Target_Only,0.4180904484546945,500
NN_Target_Only,0.175378255808198,500
XGBoost_Pool,0.0952009812728941,500
KRR_Pool,0.7170985401972743,500
NN_Pool,0.2269521969193015,500
XGBoost_TLCQM,0.097983137398554,500
KRR_TLCQM,0.2137275703617859,500
NN_TLCQM,0.105461789622885,500
TKRR,1.9137567669977888,100
CDAR,6.172231092392179,100
DARC,30.45653378199817,100
VNCD_MDD,0.1426549434216201,100
M3SDA_Reg,0.1219182432232161,100
CMSS_Reg,0.1261231755451844,100
TKRR,1.9165536471002265,200
CDAR,5.609493383593725,200
DARC,20.11857058739989,200
VNCD_MDD,0.14012303556052,200
M3SDA_Reg,0.127982855643418,200
CMSS_Reg,0.1235541602977729,200
TKRR,1.896445507688124,300
CDAR,5.548487241826512,300
DARC,20.486334987512016,300
VNCD_MDD,0.1354501368483481,300
M3SDA_Reg,0.1251090737234035,300
CMSS_Reg,0.1174405242880374,300
TKRR,1.7852317832799978,500
CDAR,5.555031970112487,500
DARC,20.15645437625089,500
VNCD_MDD,0.1362119848447783,500
M3SDA_Reg,0.1139432540260552,500
CMSS_Reg,0.1045856037711638,500
XGBoost_Target_Only,0.1205173829894267,100
KRR_Target_Only,1.2092864216539203,100
NN_Target_Only,0.6489534615363989,100
XGBoost_Pool,0.1016758784773703,100
KRR_Pool,0.3189905064626769,100
NN_Pool,0.2107313412994416,100
XGBoost_TLCQM,0.1008666014951993,100
KRR_TLCQM,0.216026575362128,100
NN_TLCQM,0.1240964966923661,100
XGBoost_Target_Only,0.0996944928725306,200
KRR_Target_Only,0.4931456441210246,200
NN_Target_Only,0.2133586059650349,200
XGBoost_Pool,0.0991752742074269,200
KRR_Pool,0.3868975861347467,200
NN_Pool,0.2017373130557139,200
XGBoost_TLCQM,0.1001228022248534,200
KRR_TLCQM,0.1837251496723287,200
NN_TLCQM,0.1138155201017563,200
XGBoost_Target_Only,0.0977329921126961,300
KRR_Target_Only,0.3774445884255922,300
NN_Target_Only,0.1635784201440376,300
XGBoost_Pool,0.0981174568176183,300
KRR_Pool,0.5063650503396604,300
NN_Pool,0.1954221868250913,300
XGBoost_TLCQM,0.0986378961911313,300
KRR_TLCQM,0.1777771824774087,300
NN_TLCQM,0.1094979258344115,300
XGBoost_Target_Only,0.0917245151998078,500
KRR_Target_Only,0.2987416931285763,500
NN_Target_Only,0.1341208745845637,500
XGBoost_Pool,0.093347285731434,500
KRR_Pool,0.7086451923628876,500
NN_Pool,0.2108041009279256,500
XGBoost_TLCQM,0.0974089009187904,500
KRR_TLCQM,0.1653892408871155,500
NN_TLCQM,0.1067743186595959,500
TKRR,1.9016145459845584,100
CDAR,6.179726853968402,100
DARC,38.963114204648136,100
VNCD_MDD,0.1469923730720751,100
M3SDA_Reg,0.1105431014179624,100
CMSS_Reg,0.1175655072301001,100
TKRR,1.760533328364695,200
CDAR,6.344343707062712,200
DARC,21.468462838806587,200
VNCD_MDD,0.141903637734242,200
M3SDA_Reg,0.1148776986913769,200
CMSS_Reg,0.1143410702253184,200
TKRR,1.6549328031353154,300
CDAR,6.411866288020551,300
DARC,22.00843964653028,300
VNCD_MDD,0.1398361889977382,300
M3SDA_Reg,0.1171143088786234,300
CMSS_Reg,0.1119760326160269,300
TKRR,1.6498715900222625,500
CDAR,6.218426818299855,500
DARC,21.535466135879176,500
VNCD_MDD,0.1313570778587764,500
M3SDA_Reg,0.114615465779101,500
CMSS_Reg,0.1068929696821371,500
XGBoost_Target_Only,0.1254730024332255,100
KRR_Target_Only,0.994553153363556,100
NN_Target_Only,0.8099653999408257,100
XGBoost_Pool,0.1002719198593687,100
KRR_Pool,0.3166262157631118,100
NN_Pool,0.2065928891999113,100
XGBoost_TLCQM,0.1049324367649141,100
KRR_TLCQM,0.2013599977438444,100
NN_TLCQM,0.116297006662381,100
XGBoost_Target_Only,0.1155315163918388,200
KRR_Target_Only,0.5321383652251418,200
NN_Target_Only,0.293457973713026,200
XGBoost_Pool,0.0982005739943435,200
KRR_Pool,0.3871721777469212,200
NN_Pool,0.2252879402361944,200
XGBoost_TLCQM,0.1101546114479595,200
KRR_TLCQM,0.2460761138841185,200
NN_TLCQM,0.1188335930034956,200
XGBoost_Target_Only,0.1072803702259678,300
KRR_Target_Only,0.4952420591800035,300
NN_Target_Only,0.2237052178215314,300
XGBoost_Pool,0.0972179879175855,300
KRR_Pool,0.5070881811226705,300
NN_Pool,0.1928381418888075,300
XGBoost_TLCQM,0.1088424350440611,300
KRR_TLCQM,0.2269022067135155,300
NN_TLCQM,0.1160397936579278,300
XGBoost_Target_Only,0.0969610658427222,500
KRR_Target_Only,0.4035817348793415,500
NN_Target_Only,0.1694617435004059,500
XGBoost_Pool,0.0946494939715259,500
KRR_Pool,0.71198160840674,500
NN_Pool,0.1534491183719872,500
XGBoost_TLCQM,0.1056902276184279,500
KRR_TLCQM,0.1966518228801364,500
NN_TLCQM,0.1074665524393363,500
TKRR,1.8936863477592447,100
CDAR,5.504738651108518,100
DARC,32.16594891682484,100
VNCD_MDD,0.1615144156122553,100
M3SDA_Reg,0.1152338697051454,100
CMSS_Reg,0.1249031939042744,100
TKRR,1.9950903266757871,200
CDAR,50.495076214607685,200
DARC,30.59855554493978,200
VNCD_MDD,0.1414671665789954,200
M3SDA_Reg,0.1243896010153697,200
CMSS_Reg,0.1158112270863853,200
TKRR,1.9038882942141984,300
CDAR,50.49817111565343,300
DARC,31.688230892999908,300
VNCD_MDD,0.1398994153083923,300
M3SDA_Reg,0.1223171515246223,300
CMSS_Reg,0.1142490257662044,300
TKRR,1.8878280519311328,500
CDAR,50.52121607059721,500
DARC,32.0615035326193,500
VNCD_MDD,0.13554339144585,500
M3SDA_Reg,0.1213720873919383,500
CMSS_Reg,0.1062337170107794,500
XGBoost_Target_Only,0.1196960914558706,100
KRR_Target_Only,0.8865550620177042,100
NN_Target_Only,0.4356609716662121,100
XGBoost_Pool,0.100538735131844,100
KRR_Pool,0.3191004590280489,100
NN_Pool,0.2067181565067873,100
XGBoost_TLCQM,0.1009054107526344,100
KRR_TLCQM,0.2096291756586775,100
NN_TLCQM,0.1109798894796209,100
XGBoost_Target_Only,0.1028673824351985,200
KRR_Target_Only,0.6396928275033402,200
NN_Target_Only,0.3170674086689599,200
XGBoost_Pool,0.1030420286645744,200
KRR_Pool,0.3906431420566038,200
NN_Pool,0.2222846250573209,200
XGBoost_TLCQM,0.0981006437322723,200
KRR_TLCQM,0.208324648878238,200
NN_TLCQM,0.1074531225320183,200
XGBoost_Target_Only,0.0984253386508986,300
KRR_Target_Only,0.5269597314687198,300
NN_Target_Only,0.2590671143982806,300
XGBoost_Pool,0.0981272420813316,300
KRR_Pool,0.5132273995805186,300
NN_Pool,0.206132698060095,300
XGBoost_TLCQM,0.0976317041457954,300
KRR_TLCQM,0.206790418284685,300
NN_TLCQM,0.1053719372938327,300
XGBoost_Target_Only,0.0938464972305924,500
KRR_Target_Only,0.3776655779672919,500
NN_Target_Only,0.1601949061879679,500
XGBoost_Pool,0.0966030434501007,500
KRR_Pool,0.7144494265804208,500
NN_Pool,0.188742359703822,500
XGBoost_TLCQM,0.0984856920262947,500
KRR_TLCQM,0.1861390513266533,500
NN_TLCQM,0.1024267537723377,500
TKRR,1.9178447905752196,100
CDAR,5.867266195895953,100
DARC,31.415081258253544,100
VNCD_MDD,0.1501996018499532,100
M3SDA_Reg,0.1111569180716509,100
CMSS_Reg,0.117452227952936,100
TKRR,1.9396073371948528,200
CDAR,6.202454392711803,200
DARC,30.986966352500847,200
VNCD_MDD,0.1596819912260411,200
M3SDA_Reg,0.1120371642325762,200
CMSS_Reg,0.1144652229195016,200
TKRR,1.877193188040857,300
CDAR,6.234964146700468,300
DARC,29.96156071291047,300
VNCD_MDD,0.1704064885895123,300
M3SDA_Reg,0.1106014016148465,300
CMSS_Reg,0.1121643124854877,300
TKRR,1.7736505558303504,500
CDAR,6.184797849962857,500
DARC,27.942785233063777,500
VNCD_MDD,0.1553242710916746,500
M3SDA_Reg,0.1220009229797996,500
CMSS_Reg,0.1018903679849594,500
XGBoost_Target_Only,0.1198534170527446,100
KRR_Target_Only,1.072764879931809,100
NN_Target_Only,0.6865806556689844,100
XGBoost_Pool,0.1025918986564281,100
KRR_Pool,0.3190342402476055,100
NN_Pool,0.1853012646642151,100
XGBoost_TLCQM,0.1089878241658268,100
KRR_TLCQM,0.2092104089306947,100
NN_TLCQM,0.1121762750865985,100
XGBoost_Target_Only,0.1191380836432624,200
KRR_Target_Only,0.8408822114890996,200
NN_Target_Only,0.5668887426696323,200
XGBoost_Pool,0.0986647885503167,200
KRR_Pool,0.3898894985438658,200
NN_Pool,0.1815214796736025,200
XGBoost_TLCQM,0.1055309612478848,200
KRR_TLCQM,0.2161552877098286,200
NN_TLCQM,0.1144609664733156,200
XGBoost_Target_Only,0.0946818087591016,300
KRR_Target_Only,0.4486762849305543,300
NN_Target_Only,0.1809561928593925,300
XGBoost_Pool,0.0960785933312603,300
KRR_Pool,0.4931761114544438,300
NN_Pool,0.1834802200613015,300
XGBoost_TLCQM,0.0993639901178322,300
KRR_TLCQM,0.1848405473893519,300
NN_TLCQM,0.0994411490906682,300
XGBoost_Target_Only,0.0927479242219818,500
KRR_Target_Only,0.2332895941878666,500
NN_Target_Only,0.1470389543003297,500
XGBoost_Pool,0.0921558671649452,500
KRR_Pool,0.6909848067859888,500
NN_Pool,0.1863735774577337,500
XGBoost_TLCQM,0.0973498603723998,500
KRR_TLCQM,0.1618806171204187,500
NN_TLCQM,0.09961404795494,500
TKRR,1.9389666257919376,100
CDAR,5.29565433841486,100
DARC,29.110418717805704,100
VNCD_MDD,0.1561512217411314,100
M3SDA_Reg,0.1221686753725132,100
CMSS_Reg,0.1214261170783981,100
TKRR,1.841893397785541,200
CDAR,5.942662001334835,200
DARC,28.61386891177224,200
VNCD_MDD,0.1435143154107326,200
M3SDA_Reg,0.1161204860879404,200
CMSS_Reg,0.1176609481273168,200
TKRR,1.8960680403975612,300
CDAR,5.883898857089904,300
DARC,28.62737172235581,300
VNCD_MDD,0.1517647028409328,300
M3SDA_Reg,0.1132724207206012,300
CMSS_Reg,0.1093285759151205,300
TKRR,1.866354800143589,500
CDAR,5.859408812905866,500
DARC,28.39809098103535,500
VNCD_MDD,0.1323792469543055,500
M3SDA_Reg,0.1180641821083919,500
CMSS_Reg,0.107295057715054,500
XGBoost_Target_Only,0.1097165903899873,100
KRR_Target_Only,0.7163650624867836,100
NN_Target_Only,0.4098217562873047,100
XGBoost_Pool,0.1003967193981255,100
KRR_Pool,0.3117043463009497,100
NN_Pool,0.1907762456231015,100
XGBoost_TLCQM,0.1024885469276072,100
KRR_TLCQM,0.1813833792715554,100
NN_TLCQM,0.1222876733448403,100
XGBoost_Target_Only,0.1132508189896317,200
KRR_Target_Only,0.6949723306885103,200
NN_Target_Only,0.2938668763704908,200
XGBoost_Pool,0.0991957856495087,200
KRR_Pool,0.3833569285301335,200
NN_Pool,0.2332762971910056,200
XGBoost_TLCQM,0.1081818578477209,200
KRR_TLCQM,0.1920821820471428,200
NN_TLCQM,0.1238904275271581,200
XGBoost_Target_Only,0.0981565359391984,300
KRR_Target_Only,0.4390673970078838,300
NN_Target_Only,0.2211993698346464,300
XGBoost_Pool,0.0961137202670683,300
KRR_Pool,0.4940759609468437,300
NN_Pool,0.1976028338266168,300
XGBoost_TLCQM,0.1000515435736926,300
KRR_TLCQM,0.1764742788857556,300
NN_TLCQM,0.1102873983015923,300
XGBoost_Target_Only,0.0946897141542416,500
KRR_Target_Only,0.3361262472198163,500
NN_Target_Only,0.1777238092125878,500
XGBoost_Pool,0.092638877815071,500
KRR_Pool,0.6894489176196765,500
NN_Pool,0.2014045148830911,500
XGBoost_TLCQM,0.0969160027230678,500
KRR_TLCQM,0.158830471958725,500
NN_TLCQM,0.103955366075266,500
TKRR,2.115353070405129,100
CDAR,5.862485853476396,100
DARC,25.337207215335468,100
VNCD_MDD,0.1428156080160226,100
M3SDA_Reg,0.1149971205692876,100
CMSS_Reg,0.1152519470955319,100
TKRR,1.8937290719473687,200
CDAR,5.680313432520123,200
DARC,39.80847758450239,200
VNCD_MDD,0.1436819356038124,200
M3SDA_Reg,0.1193624950990279,200
CMSS_Reg,0.1181368689674106,200
TKRR,1.9028686632068343,300
CDAR,5.685627842793147,300
DARC,39.96683197372888,300
VNCD_MDD,0.1386701641132762,300
M3SDA_Reg,0.1182766870599219,300
CMSS_Reg,0.1151497012754758,300
TKRR,1.830540315544244,500
CDAR,5.662353100918022,500
DARC,39.88112536961253,500
VNCD_MDD,0.1430714824078389,500
M3SDA_Reg,0.1220910240286766,500
CMSS_Reg,0.1069125957323878,500
XGBoost_Target_Only,0.1145042870271166,100
KRR_Target_Only,0.8964533229521036,100
NN_Target_Only,0.5379043392723586,100
XGBoost_Pool,0.1012185122251405,100
KRR_Pool,0.3178272884458082,100
NN_Pool,0.2023031692859582,100
XGBoost_TLCQM,0.1021660949300537,100
KRR_TLCQM,0.210805084355331,100
NN_TLCQM,0.1217572042154816,100
XGBoost_Target_Only,0.1117865784755987,200
KRR_Target_Only,0.5950066841653638,200
NN_Target_Only,0.3332450560672687,200
XGBoost_Pool,0.0967353687389292,200
KRR_Pool,0.3874310063487857,200
NN_Pool,0.193236576225504,200
XGBoost_TLCQM,0.1013233850475241,200
KRR_TLCQM,0.1986787651942944,200
NN_TLCQM,0.1122972711377006,200
XGBoost_Target_Only,0.1005005169554501,300
KRR_Target_Only,0.3299090304779552,300
NN_Target_Only,0.1768675398731961,300
XGBoost_Pool,0.0983968335882865,300
KRR_Pool,0.5039376085507683,300
NN_Pool,0.183182874391014,300
XGBoost_TLCQM,0.100140621469461,300
KRR_TLCQM,0.1770052394573946,300
NN_TLCQM,0.1080944140682736,300
XGBoost_Target_Only,0.0951503418075295,500
KRR_Target_Only,0.2924431514487637,500
NN_Target_Only,0.1386150488466955,500
XGBoost_Pool,0.0968721825375866,500
KRR_Pool,0.7061661782353847,500
NN_Pool,0.2161928421986101,500
XGBoost_TLCQM,0.0992700384018411,500
KRR_TLCQM,0.166594360001789,500
NN_TLCQM,0.1066331799341759,500
TKRR,1.8564994438999929,100
CDAR,5.988486327196664,100
DARC,43.719746375800646,100
VNCD_MDD,0.1624182889628906,100
M3SDA_Reg,0.1141334396782209,100
CMSS_Reg,0.1213964555974739,100
TKRR,1.8432335305813372,200
CDAR,6.205207863424497,200
DARC,29.463275686118653,200
VNCD_MDD,0.1446575016033328,200
M3SDA_Reg,0.1189744835678186,200
CMSS_Reg,0.1148348375728677,200
TKRR,1.9326906158853845,300
CDAR,6.1948368128723015,300
DARC,30.26924939077947,300
VNCD_MDD,0.1373052111446684,300
M3SDA_Reg,0.1182848877137964,300
CMSS_Reg,0.1069662049294606,300
TKRR,1.843949806577784,500
CDAR,6.176982742660053,500
DARC,30.203484839571093,500
VNCD_MDD,0.1445919903406828,500
M3SDA_Reg,0.1210924407916378,500
CMSS_Reg,0.1027532709787001,500
XGBoost_Target_Only,0.1092382750901305,100
KRR_Target_Only,1.3019733850102284,100
NN_Target_Only,0.5437670987889828,100
XGBoost_Pool,0.1014109806661478,100
KRR_Pool,0.3187576467034392,100
NN_Pool,0.1902222243286956,100
XGBoost_TLCQM,0.1020070038357476,100
KRR_TLCQM,0.2063116743870733,100
NN_TLCQM,0.1163709808326051,100
XGBoost_Target_Only,0.10983055560567,200
KRR_Target_Only,0.7451661277634186,200
NN_Target_Only,0.3684743084554145,200
XGBoost_Pool,0.1011611881346726,200
KRR_Pool,0.390090753396847,200
NN_Pool,0.1696676449826413,200
XGBoost_TLCQM,0.0994757207532714,200
KRR_TLCQM,0.183724605771642,200
NN_TLCQM,0.1088983535367309,200
XGBoost_Target_Only,0.1054407790322798,300
KRR_Target_Only,0.5699691264447504,300
NN_Target_Only,0.2350483315569103,300
XGBoost_Pool,0.0981734727939136,300
KRR_Pool,0.5106553202703374,300
NN_Pool,0.1813544148941216,300
XGBoost_TLCQM,0.099243772263007,300
KRR_TLCQM,0.1848880662416295,300
NN_TLCQM,0.1074565267339817,300
XGBoost_Target_Only,0.0966795936668111,500
KRR_Target_Only,0.3947727303913913,500
NN_Target_Only,0.1607155676171319,500
XGBoost_Pool,0.0964422198919774,500
KRR_Pool,0.7178780606122173,500
NN_Pool,0.2164368082881688,500
XGBoost_TLCQM,0.0988103192797971,500
KRR_TLCQM,0.1966165048780157,500
NN_TLCQM,0.1062986595379055,500
TKRR,1.890893148750715,100
CDAR,5.228328988298984,100
DARC,35.54184553691457,100
VNCD_MDD,0.1594915302732688,100
M3SDA_Reg,0.1247423113225418,100
CMSS_Reg,0.1239006479350476,100
TKRR,1.8800842685183403,200
CDAR,6.623627680982237,200
DARC,37.68802280188799,200
VNCD_MDD,0.1593100665734443,200
M3SDA_Reg,0.1205363979529683,200
CMSS_Reg,0.1250722293377267,200
TKRR,1.887138047434353,300
CDAR,6.688514439951462,300
DARC,37.95394032656378,300
VNCD_MDD,0.1522169186098612,300
M3SDA_Reg,0.1211806492376438,300
CMSS_Reg,0.1161430088160633,300
TKRR,1.928315408262943,500
CDAR,6.670915796919219,500
DARC,38.12631666840528,500
VNCD_MDD,0.145805559185781,500
M3SDA_Reg,0.1199715899572867,500
CMSS_Reg,0.1092905055158953,500
XGBoost_Target_Only,0.1107474296725235,100
KRR_Target_Only,1.139253711057432,100
NN_Target_Only,0.5426537324795636,100
XGBoost_Pool,0.1010814729906702,100
KRR_Pool,0.3171203716649476,100
NN_Pool,0.1993602749714773,100
XGBoost_TLCQM,0.1009749534620177,100
KRR_TLCQM,0.1886893254400145,100
NN_TLCQM,0.1372399701767442,100
XGBoost_Target_Only,0.1081484867185569,200
KRR_Target_Only,0.5995570933164532,200
NN_Target_Only,0.247090785897141,200
XGBoost_Pool,0.1010643098011705,200
KRR_Pool,0.3868726891534508,200
NN_Pool,0.1863148551835745,200
XGBoost_TLCQM,0.1028801578891908,200
KRR_TLCQM,0.1843014053124635,200
NN_TLCQM,0.1164752658558219,200
XGBoost_Target_Only,0.1048554698742942,300
KRR_Target_Only,0.480322707444119,300
NN_Target_Only,0.2014909951517427,300
XGBoost_Pool,0.0984786881136402,300
KRR_Pool,0.5054768641570742,300
NN_Pool,0.1560662616612596,300
XGBoost_TLCQM,0.0974863194962898,300
KRR_TLCQM,0.1857556714069795,300
NN_TLCQM,0.1119067496113684,300
XGBoost_Target_Only,0.0939432320629478,500
KRR_Target_Only,0.3078382720176766,500
NN_Target_Only,0.1459190764850592,500
XGBoost_Pool,0.0950126428568257,500
KRR_Pool,0.7022392450506573,500
NN_Pool,0.1340441288708296,500
XGBoost_TLCQM,0.1013097113870955,500
KRR_TLCQM,0.1773725550466457,500
NN_TLCQM,0.1105384611493203,500
TKRR,1.925691212282252,100
CDAR,6.297614220465975,100
DARC,29.073770218605905,100
VNCD_MDD,0.1521191949903565,100
M3SDA_Reg,0.1100251720446699,100
CMSS_Reg,0.1127961723128539,100
TKRR,1.93647227674782,200
CDAR,5.276190081325401,200
DARC,46.24142623451785,200
VNCD_MDD,0.1386484373706369,200
M3SDA_Reg,0.1137555589502611,200
CMSS_Reg,0.1109144752860311,200
TKRR,2.0028911580406805,300
CDAR,5.303260808159995,300
DARC,46.27423607552958,300
VNCD_MDD,0.1332103923376774,300
M3SDA_Reg,0.1123847482440691,300
CMSS_Reg,0.1053242168542165,300
TKRR,1.8281685077447565,500
CDAR,5.255978789058656,500
DARC,46.31435136444239,500
VNCD_MDD,0.1192718307796087,500
M3SDA_Reg,0.113869364732549,500
CMSS_Reg,0.1035070101423075,500
XGBoost_Target_Only,0.1218138410155247,100
KRR_Target_Only,1.1979995123402252,100
NN_Target_Only,0.609054709020551,100
XGBoost_Pool,0.1023810337335827,100
KRR_Pool,0.319105804412944,100
NN_Pool,0.2010012655469711,100
XGBoost_TLCQM,0.1066753762942449,100
KRR_TLCQM,0.2300281924834008,100
NN_TLCQM,0.1341821307291323,100
XGBoost_Target_Only,0.1161496764055519,200
KRR_Target_Only,0.6975215442002435,200
NN_Target_Only,0.2480332928935495,200
XGBoost_Pool,0.1002474126815109,200
KRR_Pool,0.3908862293001898,200
NN_Pool,0.174267315455024,200
XGBoost_TLCQM,0.0994433377949068,200
KRR_TLCQM,0.2100543518473789,200
NN_TLCQM,0.1069298534435944,200
XGBoost_Target_Only,0.1020383318763779,300
KRR_Target_Only,0.5466616808670521,300
NN_Target_Only,0.1741343672749932,300
XGBoost_Pool,0.0985885660527467,300
KRR_Pool,0.5135600581572765,300
NN_Pool,0.1701788286426887,300
XGBoost_TLCQM,0.0964927409793611,300
KRR_TLCQM,0.2251427172027028,300
NN_TLCQM,0.103364816587209,300
XGBoost_Target_Only,0.0981456000476212,500
KRR_Target_Only,0.3842402130397381,500
NN_Target_Only,0.154759010942164,500
XGBoost_Pool,0.0960925037071784,500
KRR_Pool,0.7266087429888474,500
NN_Pool,0.2273200237293429,500
XGBoost_TLCQM,0.0954163151743947,500
KRR_TLCQM,0.1887251248293634,500
NN_TLCQM,0.1025182572821959,500
TKRR,1.9660652336607032,100
CDAR,5.865467157806728,100
DARC,28.98789989842932,100
VNCD_MDD,0.1736728343236202,100
M3SDA_Reg,0.1189799795871092,100
CMSS_Reg,0.1191196974694669,100
TKRR,1.9258697197671533,200
CDAR,5.96204519365574,200
DARC,24.65180777560272,200
VNCD_MDD,0.1587984912637379,200
M3SDA_Reg,0.1111558729947225,200
CMSS_Reg,0.1145246811506743,200
TKRR,1.942849840235641,300
CDAR,6.127112521225036,300
DARC,20.49255071780605,300
VNCD_MDD,0.1430331525040636,300
M3SDA_Reg,0.1077931739853501,300
CMSS_Reg,0.1115060022107478,300
TKRR,1.8563789722894075,500
CDAR,5.965124994850124,500
DARC,24.58940261628017,500
VNCD_MDD,0.1373883065837757,500
M3SDA_Reg,0.106599868455709,500
CMSS_Reg,0.1000776381590368,500
XGBoost_Target_Only,0.1274330889746953,100
KRR_Target_Only,0.9941886865339647,100
NN_Target_Only,0.5472319933324333,100
XGBoost_Pool,0.102437770717031,100
KRR_Pool,0.3188405324870953,100
NN_Pool,0.2049573189959631,100
XGBoost_TLCQM,0.1002657024766705,100
KRR_TLCQM,0.2333512907379505,100
NN_TLCQM,0.1159079893948912,100
XGBoost_Target_Only,0.1012985272511453,200
KRR_Target_Only,0.5761256771559717,200
NN_Target_Only,0.3052603092680489,200
XGBoost_Pool,0.098090488421952,200
KRR_Pool,0.3910728779198386,200
NN_Pool,0.1849443351348899,200
XGBoost_TLCQM,0.0974545095184995,200
KRR_TLCQM,0.2056412312833358,200
NN_TLCQM,0.1077501548680966,200
XGBoost_Target_Only,0.1015707996447884,300
KRR_Target_Only,0.4824835627163382,300
NN_Target_Only,0.2559834372773787,300
XGBoost_Pool,0.0963697012425767,300
KRR_Pool,0.5129394720565157,300
NN_Pool,0.2065146586475245,300
XGBoost_TLCQM,0.0961395151202823,300
KRR_TLCQM,0.1919768696948424,300
NN_TLCQM,0.103071616457094,300
XGBoost_Target_Only,0.0987321243586267,500
KRR_Target_Only,0.3302326810039548,500
NN_Target_Only,0.2050698425396193,500
XGBoost_Pool,0.0954365386601514,500
KRR_Pool,0.7175680606166573,500
NN_Pool,0.2054576557340321,500
XGBoost_TLCQM,0.0970506154215695,500
KRR_TLCQM,0.1825325789471136,500
NN_TLCQM,0.1001848854457193,500
TKRR,1.880346178433626,100
CDAR,5.176301223186271,100
DARC,19.75062752537277,100
VNCD_MDD,0.2178930010607735,100
M3SDA_Reg,0.1082186043631407,100
CMSS_Reg,0.1236942486122522,100
TKRR,1.9400845546687429,200
CDAR,5.962298013897772,200
DARC,26.80017137750084,200
VNCD_MDD,0.1739399281647453,200
M3SDA_Reg,0.1052715120618475,200
CMSS_Reg,0.1191856718401087,200
TKRR,1.8932108217960415,300
CDAR,6.101364644452218,300
DARC,26.79036201335149,300
VNCD_MDD,0.1407334026705397,300
M3SDA_Reg,0.1018914370741552,300
CMSS_Reg,0.1114585979623207,300
TKRR,1.7927631387795746,500
CDAR,5.940576671783499,500
DARC,26.91735826371849,500
VNCD_MDD,0.1338280891195737,500
M3SDA_Reg,0.1107612146299667,500
CMSS_Reg,0.1102870822419165,500
XGBoost_Target_Only,0.1024115336275817,100
KRR_Target_Only,0.718032969328629,100
NN_Target_Only,0.4926193264352737,100
XGBoost_Pool,0.0991509630546194,100
KRR_Pool,0.3104714106336786,100
NN_Pool,0.2111536618163725,100
XGBoost_TLCQM,0.1033089409433501,100
KRR_TLCQM,0.1849100032824354,100
NN_TLCQM,0.124790833471076,100
XGBoost_Target_Only,0.0977618032567699,200
KRR_Target_Only,0.4680122649537006,200
NN_Target_Only,0.335324257430296,200
XGBoost_Pool,0.0970908342431819,200
KRR_Pool,0.3806578926343918,200
NN_Pool,0.197151992957879,200
XGBoost_TLCQM,0.0976603989541792,200
KRR_TLCQM,0.1843381204959676,200
NN_TLCQM,0.1064838260816128,200
XGBoost_Target_Only,0.0949146197444226,300
KRR_Target_Only,0.3922604448441784,300
NN_Target_Only,0.1655824555951133,300
XGBoost_Pool,0.0977011016661328,300
KRR_Pool,0.5024978395239905,300
NN_Pool,0.2032963428743242,300
XGBoost_TLCQM,0.095983006694913,300
KRR_TLCQM,0.1759726342667066,300
NN_TLCQM,0.106291612960329,300
XGBoost_Target_Only,0.0952140297790972,500
KRR_Target_Only,0.3680441087723888,500
NN_Target_Only,0.1511536378422179,500
XGBoost_Pool,0.0956223257799343,500
KRR_Pool,0.7081652694544074,500
NN_Pool,0.1615965268394085,500
XGBoost_TLCQM,0.0962422884706072,500
KRR_TLCQM,0.1959326616426793,500
NN_TLCQM,0.106630765816598,500
TKRR,1.9922068528348,100
CDAR,6.375392874317247,100
DARC,28.361704508516866,100
VNCD_MDD,0.1710931618648688,100
M3SDA_Reg,0.1190279798067184,100
CMSS_Reg,0.1152295360231401,100
TKRR,1.884119768571877,200
CDAR,5.756643374132955,200
DARC,23.438787442221773,200
VNCD_MDD,0.1459848568280157,200
M3SDA_Reg,0.1213113711158538,200
CMSS_Reg,0.1171629953152997,200
TKRR,1.815611568526728,300
CDAR,5.608229650755034,300
DARC,23.770219860458592,300
VNCD_MDD,0.1327140522054125,300
M3SDA_Reg,0.1156881347273768,300
CMSS_Reg,0.105105074604051,300
TKRR,1.8242343476596428,500
CDAR,5.709868573649959,500
DARC,23.91276381219116,500
VNCD_MDD,0.1283722865688249,500
M3SDA_Reg,0.1173562285556962,500
CMSS_Reg,0.0996591771732842,500
XGBoost_Target_Only,0.1379691525314365,100
KRR_Target_Only,0.8123022739685273,100
NN_Target_Only,0.4908198795632052,100
XGBoost_Pool,0.1048664544031827,100
KRR_Pool,0.3170840583638902,100
NN_Pool,0.1854514300375796,100
XGBoost_TLCQM,0.0997362341949667,100
KRR_TLCQM,0.1878184523019923,100
NN_TLCQM,0.1196797566993028,100
XGBoost_Target_Only,0.1008353719562579,200
KRR_Target_Only,0.4506232831742065,200
NN_Target_Only,0.2554816975218166,200
XGBoost_Pool,0.0991045871635388,200
KRR_Pool,0.3806161084752506,200
NN_Pool,0.1848482140489228,200
XGBoost_TLCQM,0.0954759834009365,200
KRR_TLCQM,0.169740538210167,200
NN_TLCQM,0.1060774668964018,200
XGBoost_Target_Only,0.094299657315017,300
KRR_Target_Only,0.4068233967715362,300
NN_Target_Only,0.1867335927609915,300
XGBoost_Pool,0.0966158626691169,300
KRR_Pool,0.501504388458748,300
NN_Pool,0.185369026763344,300
XGBoost_TLCQM,0.0969838843296052,300
KRR_TLCQM,0.164801474056338,300
NN_TLCQM,0.1085072439809978,300
XGBoost_Target_Only,0.092550244392479,500
KRR_Target_Only,0.3002958756198176,500
NN_Target_Only,0.1506993047591104,500
XGBoost_Pool,0.0947116902659277,500
KRR_Pool,0.708062461991639,500
NN_Pool,0.2071794295014959,500
XGBoost_TLCQM,0.0941977011543211,500
KRR_TLCQM,0.1655421737235218,500
NN_TLCQM,0.1056189535931185,500
TKRR,1.873319365702288,100
CDAR,5.3638597436836175,100
DARC,23.99483225964389,100
VNCD_MDD,0.162414127986376,100
M3SDA_Reg,0.1169810437184013,100
CMSS_Reg,0.1200425409358459,100
TKRR,1.7795956621536524,200
CDAR,5.093966554323391,200
DARC,23.55364866072614,200
VNCD_MDD,0.1394359426297689,200
M3SDA_Reg,0.1131371244253084,200
CMSS_Reg,0.1127449896574621,200
TKRR,1.938757226641704,300
CDAR,4.988972092875886,300
DARC,23.4397368331667,300
VNCD_MDD,0.1422208317376259,300
M3SDA_Reg,0.1149476574789273,300
CMSS_Reg,0.1097342851377548,300
TKRR,1.7429158635896995,500
CDAR,4.993673697348449,500
DARC,23.86511762760604,500
VNCD_MDD,0.1293359562404153,500
M3SDA_Reg,0.1172027818217966,500
CMSS_Reg,0.1055040789474342,500
XGBoost_Target_Only,0.1054755099752198,100
KRR_Target_Only,0.6543204354673469,100
NN_Target_Only,0.3428584664685892,100
XGBoost_Pool,0.1007319309048187,100
KRR_Pool,0.3161954454510808,100
NN_Pool,0.2024244641470215,100
XGBoost_TLCQM,0.1000961931703021,100
KRR_TLCQM,0.1808875157081446,100
NN_TLCQM,0.1159222302506055,100
XGBoost_Target_Only,0.1131109889319977,200
KRR_Target_Only,0.453581976056603,200
NN_Target_Only,0.2301314942712849,200
XGBoost_Pool,0.0978505616291518,200
KRR_Pool,0.3853986287681044,200
NN_Pool,0.2101937680195473,200
XGBoost_TLCQM,0.0998388471809971,200
KRR_TLCQM,0.1733041277777762,200
NN_TLCQM,0.1083235493186317,200
XGBoost_Target_Only,0.1018390226361559,300
KRR_Target_Only,0.3820648427868808,300
NN_Target_Only,0.1895860028538671,300
XGBoost_Pool,0.0966174426471001,300
KRR_Pool,0.5041052528569495,300
NN_Pool,0.1883957589321745,300
XGBoost_TLCQM,0.1028462701471446,300
KRR_TLCQM,0.1838247439870013,300
NN_TLCQM,0.1209973713613504,300
XGBoost_Target_Only,0.1018998123191972,500
KRR_Target_Only,0.2503609289834394,500
NN_Target_Only,0.1330673859247217,500
XGBoost_Pool,0.0958631763971637,500
KRR_Pool,0.7018686348994393,500
NN_Pool,0.2441290170056939,500
XGBoost_TLCQM,0.0990485134082988,500
KRR_TLCQM,0.1707511006223977,500
NN_TLCQM,0.1110303955333177,500
TKRR,2.005719911873292,100
CDAR,5.953370770191469,100
DARC,42.354205558353456,100
VNCD_MDD,0.1619355181109963,100
M3SDA_Reg,0.1133392369233737,100
CMSS_Reg,0.1175714973416522,100
TKRR,1.883643769365385,200
CDAR,5.593102018572697,200
DARC,25.31855362807521,200
VNCD_MDD,0.1565159894360369,200
M3SDA_Reg,0.11365437597114,200
CMSS_Reg,0.1146624568979216,200
TKRR,1.9190535778161344,300
CDAR,5.626837377239832,300
DARC,25.335683912980848,300
VNCD_MDD,0.143228804165137,300
M3SDA_Reg,0.1183063473928909,300
CMSS_Reg,0.1144333631357888,300
TKRR,1.812290935933585,500
CDAR,5.426837928121196,500
DARC,24.85084425737701,500
VNCD_MDD,0.134006465249265,500
M3SDA_Reg,0.1190547252231519,500
CMSS_Reg,0.108451776051009,500
XGBoost_Target_Only,0.1199862009412808,100
KRR_Target_Only,1.584083940705723,100
NN_Target_Only,1.0964757743979685,100
XGBoost_Pool,0.1017737066405839,100
KRR_Pool,0.3186710911691378,100
NN_Pool,0.189331231633606,100
XGBoost_TLCQM,0.1085174577782703,100
KRR_TLCQM,0.1905942701127042,100
NN_TLCQM,0.1362174249206647,100
XGBoost_Target_Only,0.1068871237675379,200
KRR_Target_Only,0.928484967565043,200
NN_Target_Only,0.3243715860908941,200
XGBoost_Pool,0.1008600721446978,200
KRR_Pool,0.3901845756961,200
NN_Pool,0.1920230540829361,200
XGBoost_TLCQM,0.1059727221743527,200
KRR_TLCQM,0.2103134289276039,200
NN_TLCQM,0.1332802448686804,200
XGBoost_Target_Only,0.0993807625292667,300
KRR_Target_Only,0.5093408155633383,300
NN_Target_Only,0.2090970792122639,300
XGBoost_Pool,0.0986202296433229,300
KRR_Pool,0.4992107243368315,300
NN_Pool,0.1920607149824074,300
XGBoost_TLCQM,0.1024936452731994,300
KRR_TLCQM,0.1836401284396656,300
NN_TLCQM,0.1138069333420044,300
XGBoost_Target_Only,0.0973452157119536,500
KRR_Target_Only,0.447010566916923,500
NN_Target_Only,0.1764915357821868,500
XGBoost_Pool,0.0965977555915795,500
KRR_Pool,0.7030694821483915,500
NN_Pool,0.2012482181086473,500
XGBoost_TLCQM,0.1052770429849418,500
KRR_TLCQM,0.1860515023369964,500
NN_TLCQM,0.1135849180229195,500
TKRR,2.029353573843645,100
CDAR,5.8335698572006285,100
DARC,34.46529838086618,100
VNCD_MDD,0.1932659329485019,100
M3SDA_Reg,0.1145347310590566,100
CMSS_Reg,0.1168171966817916,100
TKRR,1.885915978244617,200
CDAR,6.92140035568471,200
DARC,27.759440270076773,200
VNCD_MDD,0.1561983793535994,200
M3SDA_Reg,0.115317991856792,200
CMSS_Reg,0.1160359902407546,200
TKRR,1.7834769978846572,300
CDAR,6.4744019765773535,300
DARC,28.279817968150784,300
VNCD_MDD,0.1343522771823229,300
M3SDA_Reg,0.1198459226288647,300
CMSS_Reg,0.1090547274892577,300
TKRR,1.8304356463631608,500
CDAR,6.523762718877869,500
DARC,27.724967357761287,500
VNCD_MDD,0.1427597276129452,500
M3SDA_Reg,0.1164166027887131,500
CMSS_Reg,0.1081841394386934,500
XGBoost_Target_Only,0.1116377498817581,100
KRR_Target_Only,1.7754425720904194,100
NN_Target_Only,1.052644675721142,100
XGBoost_Pool,0.1008839254790353,100
KRR_Pool,0.3193396735172176,100
NN_Pool,0.1883855226989193,100
XGBoost_TLCQM,0.1027424049404955,100
KRR_TLCQM,0.2090715636698851,100
NN_TLCQM,0.1463777193919947,100
XGBoost_Target_Only,0.1037665089054906,200
KRR_Target_Only,0.9291222140236972,200
NN_Target_Only,0.6213061132962036,200
XGBoost_Pool,0.0999376689893874,200
KRR_Pool,0.3915787760430804,200
NN_Pool,0.1604593237338574,200
XGBoost_TLCQM,0.1047153821777792,200
KRR_TLCQM,0.1890049423401543,200
NN_TLCQM,0.1277771387095621,200
XGBoost_Target_Only,0.0975787538770442,300
KRR_Target_Only,0.6721692730369743,300
NN_Target_Only,0.4469417640662494,300
XGBoost_Pool,0.0982646829115726,300
KRR_Pool,0.5137882527196405,300
NN_Pool,0.2020074118519796,300
XGBoost_TLCQM,0.1048191064981501,300
KRR_TLCQM,0.2013284894843957,300
NN_TLCQM,0.1204576839207549,300
XGBoost_Target_Only,0.0964362803512248,500
KRR_Target_Only,0.3519228536291751,500
NN_Target_Only,0.1698474640634896,500
XGBoost_Pool,0.0985854185846418,500
KRR_Pool,0.7155817062221621,500
NN_Pool,0.1395968089627276,500
XGBoost_TLCQM,0.1040481112309087,500
KRR_TLCQM,0.1798112093091576,500
NN_TLCQM,0.1139952137818471,500
TKRR,1.86033679617113,100
CDAR,6.477854179505461,100
DARC,36.67204243294393,100
VNCD_MDD,0.1770387277499098,100
M3SDA_Reg,0.1155346915689838,100
CMSS_Reg,0.1171564262309659,100
TKRR,1.8335941393178763,200
CDAR,5.490074596556696,200
DARC,35.007763606165845,200
VNCD_MDD,0.1697538820900893,200
M3SDA_Reg,0.1169264795384034,200
CMSS_Reg,0.1140772068295691,200
TKRR,1.8210034047405808,300
CDAR,5.462872080983307,300
DARC,29.43809507136488,300
VNCD_MDD,0.1483153635255195,300
M3SDA_Reg,0.1162076395380047,300
CMSS_Reg,0.1074338206395242,300
TKRR,1.7953587332843464,500
CDAR,5.242167750692678,500
DARC,32.76807800575916,500
VNCD_MDD,0.132211291347862,500
M3SDA_Reg,0.1212491908493038,500
CMSS_Reg,0.101446654251175,500
XGBoost_Target_Only,0.1196218864781105,100
KRR_Target_Only,0.6788326312284396,100
NN_Target_Only,0.31832889937555,100
XGBoost_Pool,0.0993668366379217,100
KRR_Pool,0.3178002799236923,100
NN_Pool,0.1897265675249876,100
XGBoost_TLCQM,0.1119483403538803,100
KRR_TLCQM,0.2213342544076739,100
NN_TLCQM,0.1254339188630746,100
XGBoost_Target_Only,0.1188742108943064,200
KRR_Target_Only,0.6087077113027984,200
NN_Target_Only,0.257465426974316,200
XGBoost_Pool,0.1003455534175131,200
KRR_Pool,0.3896029290672562,200
NN_Pool,0.2153858695899169,200
XGBoost_TLCQM,0.1076755063681248,200
KRR_TLCQM,0.1969076014281819,200
NN_TLCQM,0.1193956418085021,200
XGBoost_Target_Only,0.0987714749386046,300
KRR_Target_Only,0.3673283917891638,300
NN_Target_Only,0.1702699696962891,300
XGBoost_Pool,0.0983609720270955,300
KRR_Pool,0.4972209038020674,300
NN_Pool,0.193585547389082,300
XGBoost_TLCQM,0.1055534578833931,300
KRR_TLCQM,0.1742011595354586,300
NN_TLCQM,0.1211893754096144,300
XGBoost_Target_Only,0.0974653061146854,500
KRR_Target_Only,0.3564342997958691,500
NN_Target_Only,0.1537241526267234,500
XGBoost_Pool,0.096589315082449,500
KRR_Pool,0.6977818713265388,500
NN_Pool,0.2182797670298057,500
XGBoost_TLCQM,0.1063053734884373,500
KRR_TLCQM,0.1733968875067171,500
NN_TLCQM,0.1108949728507029,500
TKRR,1.90455596624216,100
CDAR,5.42808999583186,100
DARC,21.505750695606025,100
VNCD_MDD,0.1815523986279156,100
M3SDA_Reg,0.122362314681042,100
CMSS_Reg,0.1114201628841983,100
TKRR,1.892808122038336,200
CDAR,6.212712253697784,200
DARC,36.15291595550416,200
VNCD_MDD,0.147502556626494,200
M3SDA_Reg,0.124701029232367,200
CMSS_Reg,0.1112514846089492,200
TKRR,1.8748803219034564,300
CDAR,6.266975335938889,300
DARC,35.83634171063882,300
VNCD_MDD,0.1498005166554958,300
M3SDA_Reg,0.1309744349961281,300
CMSS_Reg,0.1045192422324989,300
TKRR,1.923249424214607,500
CDAR,6.2994025427726985,500
DARC,35.91472116050079,500
VNCD_MDD,0.1387385870271227,500
M3SDA_Reg,0.1342073792838195,500
CMSS_Reg,0.1025713074992603,500
XGBoost_Target_Only,0.1167338238374768,100
KRR_Target_Only,1.0417973931337352,100
NN_Target_Only,0.5931351267695079,100
XGBoost_Pool,0.0984065460726469,100
KRR_Pool,0.3186588642437257,100
NN_Pool,0.1762461335747294,100
XGBoost_TLCQM,0.1060653149284865,100
KRR_TLCQM,0.2200396996962642,100
NN_TLCQM,0.1312582327903113,100
XGBoost_Target_Only,0.1065441450046727,200
KRR_Target_Only,0.6319279553296905,200
NN_Target_Only,0.304354974620445,200
XGBoost_Pool,0.0999187505850113,200
KRR_Pool,0.3895273946892392,200
NN_Pool,0.1709948253005721,200
XGBoost_TLCQM,0.1053116932414377,200
KRR_TLCQM,0.2038964601702305,200
NN_TLCQM,0.1157155321871294,200
XGBoost_Target_Only,0.0957405124601722,300
KRR_Target_Only,0.4871328482562563,300
NN_Target_Only,0.2228840246156465,300
XGBoost_Pool,0.0960583753750689,300
KRR_Pool,0.5050232344265679,300
NN_Pool,0.1720219901849918,300
XGBoost_TLCQM,0.097839979096816,300
KRR_TLCQM,0.1808200151875724,300
NN_TLCQM,0.105427373844062,300
XGBoost_Target_Only,0.0945306247801885,500
KRR_Target_Only,0.3321150429194133,500
NN_Target_Only,0.1712295737380512,500
XGBoost_Pool,0.0957124106062036,500
KRR_Pool,0.7066518127555538,500
NN_Pool,0.1460341074444337,500
XGBoost_TLCQM,0.0980813821966307,500
KRR_TLCQM,0.1713816486506617,500
NN_TLCQM,0.1038923734057142,500
TKRR,2.061380633610709,100
CDAR,5.834230138049984,100
DARC,38.17612955989395,100
VNCD_MDD,0.1651702590687603,100
M3SDA_Reg,0.1162498099161866,100
CMSS_Reg,0.1087182135145517,100
TKRR,1.8143536797698157,200
CDAR,5.39313835745352,200
DARC,29.106332619737547,200
VNCD_MDD,0.1471446534800038,200
M3SDA_Reg,0.1139056150477306,200
CMSS_Reg,0.1106857905985933,200
TKRR,1.7689384307629754,300
CDAR,5.420047499745105,300
DARC,27.31401887315749,300
VNCD_MDD,0.1417024858531269,300
M3SDA_Reg,0.1116634234188969,300
CMSS_Reg,0.1073597501780751,300
TKRR,1.761394732650111,500
CDAR,5.394166939015915,500
DARC,25.078667366584337,500
VNCD_MDD,0.1311417131012593,500
M3SDA_Reg,0.1164294518900483,500
CMSS_Reg,0.102065912556568,500
XGBoost_Target_Only,0.1069846609385701,100
KRR_Target_Only,0.8084756798597016,100
NN_Target_Only,0.3713519478232505,100
XGBoost_Pool,0.0988175420275777,100
KRR_Pool,0.3181553188684376,100
NN_Pool,0.2057861322140293,100
XGBoost_TLCQM,0.1008089500522967,100
KRR_TLCQM,0.2060009602310959,100
NN_TLCQM,0.135535098148385,100
XGBoost_Target_Only,0.1068999713240108,200
KRR_Target_Only,0.6136546680211991,200
NN_Target_Only,0.3050484147874196,200
XGBoost_Pool,0.0980467285271646,200
KRR_Pool,0.3885420660349528,200
NN_Pool,0.1884206168065069,200
XGBoost_TLCQM,0.1004992195387094,200
KRR_TLCQM,0.1908242466931118,200
NN_TLCQM,0.1200431760871223,200
XGBoost_Target_Only,0.099829974190905,300
KRR_Target_Only,0.5172328405763894,300
NN_Target_Only,0.2052146415939169,300
XGBoost_Pool,0.0999333726484602,300
KRR_Pool,0.5107830006546356,300
NN_Pool,0.1912761825905448,300
XGBoost_TLCQM,0.0995093919693548,300
KRR_TLCQM,0.1884223292259125,300
NN_TLCQM,0.1082538553883979,300
XGBoost_Target_Only,0.0976612342536482,500
KRR_Target_Only,0.4618915242033569,500
NN_Target_Only,0.1723688698716122,500
XGBoost_Pool,0.0972474754369927,500
KRR_Pool,0.7188870905006338,500
NN_Pool,0.2280135536106719,500
XGBoost_TLCQM,0.0983189981448807,500
KRR_TLCQM,0.1986429583827563,500
NN_TLCQM,0.1066216496942479,500
TKRR,1.9063016432807445,100
CDAR,6.010892929068008,100
DARC,40.17138089151269,100
VNCD_MDD,0.1558883089655934,100
M3SDA_Reg,0.1192715932259843,100
CMSS_Reg,0.1304741490719132,100
TKRR,1.9161963030527265,200
CDAR,5.433907683946285,200
DARC,38.9967855483312,200
VNCD_MDD,0.1430292133368596,200
M3SDA_Reg,0.1110312680295816,200
CMSS_Reg,0.1161790525475313,200
TKRR,1.9181045041206444,300
CDAR,5.474440627854635,300
DARC,39.16071946143839,300
VNCD_MDD,0.1304558181898093,300
M3SDA_Reg,0.1109309942650567,300
CMSS_Reg,0.1121197646595161,300
TKRR,1.8747286823822449,500
CDAR,5.483931471244217,500
DARC,38.99223815780659,500
VNCD_MDD,0.1252775003863006,500
M3SDA_Reg,0.1096309958568325,500
CMSS_Reg,0.1092867488234027,500
XGBoost_Target_Only,0.1172091758819042,100
KRR_Target_Only,0.5764842186166915,100
NN_Target_Only,0.3078545329535269,100
XGBoost_Pool,0.0999952538701442,100
KRR_Pool,0.3164396223973612,100
NN_Pool,0.2028024474156613,100
XGBoost_TLCQM,0.1179954221561113,100
KRR_TLCQM,0.2089798878079413,100
NN_TLCQM,0.1243574462553652,100
XGBoost_Target_Only,0.103592875172351,200
KRR_Target_Only,0.4586901461740269,200
NN_Target_Only,0.2351654661855524,200
XGBoost_Pool,0.095671407888642,200
KRR_Pool,0.3870126408327031,200
NN_Pool,0.1989893456387408,200
XGBoost_TLCQM,0.1059434643950726,200
KRR_TLCQM,0.2072273655562854,200
NN_TLCQM,0.1144781872236267,200
XGBoost_Target_Only,0.1094172788027148,300
KRR_Target_Only,0.488629887714271,300
NN_Target_Only,0.1732261765596607,300
XGBoost_Pool,0.0976584903023877,300
KRR_Pool,0.5096671441382918,300
NN_Pool,0.1867340179985843,300
XGBoost_TLCQM,0.103210689926639,300
KRR_TLCQM,0.2131500688186156,300
NN_TLCQM,0.1079104219712149,300
XGBoost_Target_Only,0.0956664622114056,500
KRR_Target_Only,0.3685836537908918,500
NN_Target_Only,0.1445082827633839,500
XGBoost_Pool,0.0945047838437787,500
KRR_Pool,0.7120861266609279,500
NN_Pool,0.1286076103377043,500
XGBoost_TLCQM,0.0952290735865929,500
KRR_TLCQM,0.1817439981032923,500
NN_TLCQM,0.0997497381200293,500
TKRR,2.020139822821584,100
CDAR,5.887686076515187,100
DARC,27.948124252087027,100
VNCD_MDD,0.170501543262036,100
M3SDA_Reg,0.1158596280980858,100
CMSS_Reg,0.1216721391674686,100
TKRR,1.845408606589496,200
CDAR,5.517749853586244,200
DARC,34.50304488237276,200
VNCD_MDD,0.1527725944227219,200
M3SDA_Reg,0.1143026375480269,200
CMSS_Reg,0.1093089543653543,200
TKRR,1.8584721462549287,300
CDAR,5.691557683915982,300
DARC,34.354798032980185,300
VNCD_MDD,0.1341889976863181,300
M3SDA_Reg,0.1140108348736442,300
CMSS_Reg,0.1154781629654131,300
TKRR,1.811800115761628,500
CDAR,5.597689389227179,500
DARC,33.84033288942072,500
VNCD_MDD,0.1316507638250228,500
M3SDA_Reg,0.1152096903953057,500
CMSS_Reg,0.111468704859577,500
XGBoost_Target_Only,0.1162098848741084,100
KRR_Target_Only,1.1492631264603048,100
NN_Target_Only,0.9960995897364504,100
XGBoost_Pool,0.0991220769315932,100
KRR_Pool,0.3187468609031533,100
NN_Pool,0.1966560047933903,100
XGBoost_TLCQM,0.1061222458556839,100
KRR_TLCQM,0.3783179549897008,100
NN_TLCQM,0.1303104104622206,100
XGBoost_Target_Only,0.102654226681682,200
KRR_Target_Only,0.675696363015088,200
NN_Target_Only,0.4265224811978089,200
XGBoost_Pool,0.0994860549327154,200
KRR_Pool,0.3903394023383693,200
NN_Pool,0.1952667355923357,200
XGBoost_TLCQM,0.1030617819449663,200
KRR_TLCQM,0.2834496005685189,200
NN_TLCQM,0.1208868760758457,200
XGBoost_Target_Only,0.0999304652029841,300
KRR_Target_Only,0.594042089969516,300
NN_Target_Only,0.3131576229335701,300
XGBoost_Pool,0.0973170568585876,300
KRR_Pool,0.5131068988248142,300
NN_Pool,0.2131671913990776,300
XGBoost_TLCQM,0.1031105544200497,300
KRR_TLCQM,0.2339583708383538,300
NN_TLCQM,0.1112711970390961,300
XGBoost_Target_Only,0.0946277617652962,500
KRR_Target_Only,0.4300223973408079,500
NN_Target_Only,0.1980744431697438,500
XGBoost_Pool,0.0939418670780797,500
KRR_Pool,0.7176743451995442,500
NN_Pool,0.1519830431122907,500
XGBoost_TLCQM,0.101446239303857,500
KRR_TLCQM,0.2183407425891796,500
NN_TLCQM,0.1119467075988228,500
TKRR,1.9039057460139568,100
CDAR,5.369070215017307,100
DARC,28.07183102449953,100
VNCD_MDD,0.1625839151616032,100
M3SDA_Reg,0.1169640372153964,100
CMSS_Reg,0.1170666028184211,100
TKRR,1.8886680244387628,200
CDAR,5.393137474971804,200
DARC,29.433072076887026,200
VNCD_MDD,0.1406065422076865,200
M3SDA_Reg,0.1174445358663764,200
CMSS_Reg,0.114291081306989,200
TKRR,1.9138764920644065,300
CDAR,5.491597780671133,300
DARC,28.75497445973649,300
VNCD_MDD,0.1578298691548112,300
M3SDA_Reg,0.1166957099341433,300
CMSS_Reg,0.1119513805870567,300
TKRR,1.768316829991277,500
CDAR,5.408248490811456,500
DARC,28.763296621944725,500
VNCD_MDD,0.1422131845974052,500
M3SDA_Reg,0.1219858372203422,500
CMSS_Reg,0.1027894388082834,500
XGBoost_Target_Only,0.1418742504072556,100
KRR_Target_Only,0.944109128667638,100
NN_Target_Only,0.4330404053945257,100
XGBoost_Pool,0.1002554182097336,100
KRR_Pool,0.3172783910832828,100
NN_Pool,0.2007669125796569,100
XGBoost_TLCQM,0.0988777156064332,100
KRR_TLCQM,0.2778796247012525,100
NN_TLCQM,0.1103110060223035,100
XGBoost_Target_Only,0.1069719359863857,200
KRR_Target_Only,0.4991878324276541,200
NN_Target_Only,0.3371752334480559,200
XGBoost_Pool,0.0992987364173429,200
KRR_Pool,0.3856599149245223,200
NN_Pool,0.1819792188928766,200
XGBoost_TLCQM,0.0975617026537241,200
KRR_TLCQM,0.2196394807773938,200
NN_TLCQM,0.1091483257846746,200
XGBoost_Target_Only,0.1047576552707862,300
KRR_Target_Only,0.3630943807303649,300
NN_Target_Only,0.1937708473097845,300
XGBoost_Pool,0.0992910730905486,300
KRR_Pool,0.5066074969800726,300
NN_Pool,0.2058990093545021,300
XGBoost_TLCQM,0.1033517869752634,300
KRR_TLCQM,0.1905672003355674,300
NN_TLCQM,0.1152799892849933,300
XGBoost_Target_Only,0.100768208723205,500
KRR_Target_Only,0.2875616654685808,500
NN_Target_Only,0.1381791102704329,500
XGBoost_Pool,0.0991687618263575,500
KRR_Pool,0.7133441348310176,500
NN_Pool,0.130307250776148,500
XGBoost_TLCQM,0.0997533294731207,500
KRR_TLCQM,0.1810234187644914,500
NN_TLCQM,0.1084520146062949,500
TKRR,1.9533489982268768,100
CDAR,6.289567903181061,100
DARC,31.664549759613838,100
VNCD_MDD,0.1564552669886237,100
M3SDA_Reg,0.1100311569171212,100
CMSS_Reg,0.1207031372450382,100
TKRR,1.890474891965841,200
CDAR,6.282105808848471,200
DARC,28.31943698675193,200
VNCD_MDD,0.1582453705921466,200
M3SDA_Reg,0.1111501209043513,200
CMSS_Reg,0.1171809333917772,200
TKRR,1.885031102934349,300
CDAR,6.284766157250528,300
DARC,28.93598177603532,300
VNCD_MDD,0.1487747538906694,300
M3SDA_Reg,0.1195659072294937,300
CMSS_Reg,0.1133544742226766,300
TKRR,1.8645225349076149,500
CDAR,6.319561904997498,500
DARC,29.42760977170513,500
VNCD_MDD,0.1380680481375789,500
M3SDA_Reg,0.1210210343395223,500
CMSS_Reg,0.1099705954901253,500
XGBoost_Target_Only,0.1173794925232081,100
KRR_Target_Only,1.3876992165556987,100
NN_Target_Only,0.6779753111414799,100
XGBoost_Pool,0.1008142861037965,100
KRR_Pool,0.3187596693512466,100
NN_Pool,0.2028958111069795,100
XGBoost_TLCQM,0.099023258516927,100
KRR_TLCQM,0.1925018009689219,100
NN_TLCQM,0.1403228896557567,100
XGBoost_Target_Only,0.1045934263428085,200
KRR_Target_Only,0.4677965164262602,200
NN_Target_Only,0.377157661932363,200
XGBoost_Pool,0.0997247877628521,200
KRR_Pool,0.3900265980350126,200
NN_Pool,0.1733777378461692,200
XGBoost_TLCQM,0.1031098437134599,200
KRR_TLCQM,0.1758557614076849,200
NN_TLCQM,0.107443188167941,200
XGBoost_Target_Only,0.1031754496064816,300
KRR_Target_Only,0.3906343373094327,300
NN_Target_Only,0.259203524558007,300
XGBoost_Pool,0.0983796304701583,300
KRR_Pool,0.5005253730930205,300
NN_Pool,0.1963237232056296,300
XGBoost_TLCQM,0.1032812403222722,300
KRR_TLCQM,0.1593612030591134,300
NN_TLCQM,0.1101220721215819,300
XGBoost_Target_Only,0.096046345656093,500
KRR_Target_Only,0.3628420294044024,500
NN_Target_Only,0.2074156717689079,500
XGBoost_Pool,0.0958893961629677,500
KRR_Pool,0.7086043904992524,500
NN_Pool,0.1369825071395277,500
XGBoost_TLCQM,0.1008813263619301,500
KRR_TLCQM,0.1643343448535492,500
NN_TLCQM,0.1086403312528518,500
TKRR,1.8960588942932863,100
CDAR,5.134459532248011,100
DARC,31.23942444746576,100
VNCD_MDD,0.1260990929405195,100
M3SDA_Reg,0.1139736463283503,100
CMSS_Reg,0.1115706683090938,100
TKRR,1.9372738752548904,200
CDAR,6.3379963362618845,200
DARC,36.20321922187996,200
VNCD_MDD,0.170957430083636,200
M3SDA_Reg,0.1180123355264149,200
CMSS_Reg,0.1056729862083772,200
TKRR,1.8393713207218785,300
CDAR,6.327959979826636,300
DARC,36.57039360560238,300
VNCD_MDD,0.1612586622015955,300
M3SDA_Reg,0.120150251729507,300
CMSS_Reg,0.1034408286953524,300
TKRR,1.8218642843983004,500
CDAR,6.361109307230396,500
DARC,36.15056703643218,500
VNCD_MDD,0.1377875618136527,500
M3SDA_Reg,0.1128243926479663,500
CMSS_Reg,0.0974002955912051,500
XGBoost_Target_Only,0.1189818508203777,100
KRR_Target_Only,1.48633877031289,100
NN_Target_Only,0.7658496031707395,100
XGBoost_Pool,0.1002447815192249,100
KRR_Pool,0.3188203703594356,100
NN_Pool,0.2044715633014093,100
XGBoost_TLCQM,0.1004407913737062,100
KRR_TLCQM,0.1968065729292694,100
NN_TLCQM,0.1152405300438958,100
XGBoost_Target_Only,0.105980346556398,200
KRR_Target_Only,0.6100250671860928,200
NN_Target_Only,0.3097974536845767,200
XGBoost_Pool,0.0990654635388605,200
KRR_Pool,0.3909603073949357,200
NN_Pool,0.1996272658538138,200
XGBoost_TLCQM,0.1001968294227385,200
KRR_TLCQM,0.1902378222852672,200
NN_TLCQM,0.1051123132560376,200
XGBoost_Target_Only,0.1019908727272037,300
KRR_Target_Only,0.399661908503701,300
NN_Target_Only,0.2447582002934668,300
XGBoost_Pool,0.0979828070132948,300
KRR_Pool,0.5011087490655829,300
NN_Pool,0.1859529974353498,300
XGBoost_TLCQM,0.101275683186255,300
KRR_TLCQM,0.1607037679440422,300
NN_TLCQM,0.1059418365943077,300
XGBoost_Target_Only,0.0913197556355592,500
KRR_Target_Only,0.2738696454834942,500
NN_Target_Only,0.1782110335712156,500
XGBoost_Pool,0.0954397824466002,500
KRR_Pool,0.6994812387196984,500
NN_Pool,0.1849307325965717,500
XGBoost_TLCQM,0.1012684969524592,500
KRR_TLCQM,0.1566068134572141,500
NN_TLCQM,0.1062737950664509,500
TKRR,1.897275753976794,100
CDAR,7.038450754038703,100
DARC,24.34159398103096,100
VNCD_MDD,0.1774067117277008,100
M3SDA_Reg,0.121117588933073,100
CMSS_Reg,0.1140973545273956,100
TKRR,1.8971816903802623,200
CDAR,5.685495304391127,200
DARC,31.146224194099805,200
VNCD_MDD,0.1391537993932751,200
M3SDA_Reg,0.1210988414834775,200
CMSS_Reg,0.112902568854354,200
TKRR,1.892895509309746,300
CDAR,5.644255548056387,300
DARC,31.397967170172453,300
VNCD_MDD,0.1330797540839442,300
M3SDA_Reg,0.1165739617316817,300
CMSS_Reg,0.1092789539760766,300
TKRR,1.7812988981614055,500
CDAR,5.685631720604512,500
DARC,31.046555264345336,500
VNCD_MDD,0.1264894595248028,500
M3SDA_Reg,0.1227094460675029,500
CMSS_Reg,0.1070855401129163,500
XGBoost_Target_Only,0.109825045035119,100
KRR_Target_Only,0.7090519379654593,100
NN_Target_Only,0.4439130696030878,100
XGBoost_Pool,0.0989114658885017,100
KRR_Pool,0.3186057376600864,100
NN_Pool,0.1988326001653393,100
XGBoost_TLCQM,0.0988943699482427,100
KRR_TLCQM,0.2338974068440387,100
NN_TLCQM,0.1290607495885844,100
XGBoost_Target_Only,0.0999901780835936,200
KRR_Target_Only,0.4658150575779879,200
NN_Target_Only,0.2741293168619989,200
XGBoost_Pool,0.1001646376802666,200
KRR_Pool,0.389692667420971,200
NN_Pool,0.161593252833699,200
XGBoost_TLCQM,0.0991421612352009,200
KRR_TLCQM,0.2184556315814806,200
NN_TLCQM,0.1053822399143044,200
XGBoost_Target_Only,0.0992193517049321,300
KRR_Target_Only,0.3934259168539115,300
NN_Target_Only,0.1865028890343953,300
XGBoost_Pool,0.098564448387146,300
KRR_Pool,0.5084474344564189,300
NN_Pool,0.1896755954463573,300
XGBoost_TLCQM,0.0982868727603093,300
KRR_TLCQM,0.2124544489854817,300
NN_TLCQM,0.1056251881936462,300
XGBoost_Target_Only,0.0944082553539037,500
KRR_Target_Only,0.2916283214705105,500
NN_Target_Only,0.1385312054721273,500
XGBoost_Pool,0.0967363785434092,500
KRR_Pool,0.7133563935125709,500
NN_Pool,0.1438973632226073,500
XGBoost_TLCQM,0.097983008373758,500
KRR_TLCQM,0.1661706888262681,500
NN_TLCQM,0.1017474173221898,500
TKRR,2.057071313752109,100
CDAR,5.814789597200711,100
DARC,27.973256932976625,100
VNCD_MDD,0.1607704458771323,100
M3SDA_Reg,0.1134390294572572,100
CMSS_Reg,0.1076701565551749,100
TKRR,1.9652850914997224,200
CDAR,6.362210460137984,200
DARC,32.10292545158744,200
VNCD_MDD,0.137225214363225,200
M3SDA_Reg,0.1125619668274687,200
CMSS_Reg,0.1131702604915323,200
TKRR,1.8641580969764395,300
CDAR,6.388303713375767,300
DARC,31.94109354273124,300
VNCD_MDD,0.1349275620589162,300
M3SDA_Reg,0.1134258516598026,300
CMSS_Reg,0.1092192983489448,300
TKRR,1.7639118888854433,500
CDAR,6.361908224091575,500
DARC,32.332964005341005,500
VNCD_MDD,0.1293705570542801,500
M3SDA_Reg,0.1200007332588746,500
CMSS_Reg,0.1013359695559261,500
XGBoost_Target_Only,0.1147756829230671,100
KRR_Target_Only,0.927864346200844,100
NN_Target_Only,0.4529282798892504,100
XGBoost_Pool,0.1013929000652131,100
KRR_Pool,0.3155968969479709,100
NN_Pool,0.2183339873134226,100
XGBoost_TLCQM,0.1025440981583139,100
KRR_TLCQM,0.1824695774624652,100
NN_TLCQM,0.1283715510171527,100
XGBoost_Target_Only,0.1151893489300116,200
KRR_Target_Only,0.7766048774821601,200
NN_Target_Only,0.3429959554526658,200
XGBoost_Pool,0.1000033295582225,200
KRR_Pool,0.3880090449075671,200
NN_Pool,0.2010195392690267,200
XGBoost_TLCQM,0.097873133848073,200
KRR_TLCQM,0.1975237226784914,200
NN_TLCQM,0.1154067150584828,200
XGBoost_Target_Only,0.1124160443003274,300
KRR_Target_Only,0.5275325992008197,300
NN_Target_Only,0.177590907133538,300
XGBoost_Pool,0.0968080025311531,300
KRR_Pool,0.5064445969503448,300
NN_Pool,0.1859507298959495,300
XGBoost_TLCQM,0.098620803957027,300
KRR_TLCQM,0.1844257274370724,300
NN_TLCQM,0.1116146646263868,300
XGBoost_Target_Only,0.0942886657285938,500
KRR_Target_Only,0.2881137776293409,500
NN_Target_Only,0.1625058444379318,500
XGBoost_Pool,0.0964597129376102,500
KRR_Pool,0.7102960386198913,500
NN_Pool,0.2337485775152455,500
XGBoost_TLCQM,0.0959077972878151,500
KRR_TLCQM,0.1577466994960307,500
NN_TLCQM,0.1058718906453134,500
TKRR,1.8911301315515625,100
CDAR,6.031087755279684,100
DARC,27.30555254765298,100
VNCD_MDD,0.1629471710394266,100
M3SDA_Reg,0.114073558967618,100
CMSS_Reg,0.1238414191150785,100
TKRR,1.8668611714421544,200
CDAR,5.807193901793257,200
DARC,35.35086934497949,200
VNCD_MDD,0.1364423916027785,200
M3SDA_Reg,0.115741096462572,200
CMSS_Reg,0.1149418809971681,200
TKRR,1.843961791913371,300
CDAR,5.825023494282877,300
DARC,39.353257178345785,300
VNCD_MDD,0.134113576204711,300
M3SDA_Reg,0.1163837292858835,300
CMSS_Reg,0.1115926004210327,300
TKRR,1.7987442546977874,500
CDAR,5.797928573174088,500
DARC,36.61096449865228,500
VNCD_MDD,0.1383405389122961,500
M3SDA_Reg,0.1169491989572329,500
CMSS_Reg,0.1082881679606577,500
XGBoost_Target_Only,0.1138946000370823,100
KRR_Target_Only,0.7825291754048225,100
NN_Target_Only,0.5241975435339092,100
XGBoost_Pool,0.1033651978627654,100
KRR_Pool,0.3191590941301329,100
NN_Pool,0.1813039894659236,100
XGBoost_TLCQM,0.1072818744554309,100
KRR_TLCQM,0.2099723722041045,100
NN_TLCQM,0.1165980449584807,100
XGBoost_Target_Only,0.1041800219734018,200
KRR_Target_Only,0.5495047362313187,200
NN_Target_Only,0.4034920127536364,200
XGBoost_Pool,0.0988147121094684,200
KRR_Pool,0.3921699029557425,200
NN_Pool,0.1680334307403507,200
XGBoost_TLCQM,0.1004141828489994,200
KRR_TLCQM,0.2013475461382049,200
NN_TLCQM,0.1040075273968927,200
XGBoost_Target_Only,0.0951232187614488,300
KRR_Target_Only,0.3119015171756101,300
NN_Target_Only,0.1755298274573936,300
XGBoost_Pool,0.0987223900122704,300
KRR_Pool,0.5031474402544266,300
NN_Pool,0.2097678346335534,300
XGBoost_TLCQM,0.0997987609066871,300
KRR_TLCQM,0.1593448260850492,300
NN_TLCQM,0.1037428161488522,300
XGBoost_Target_Only,0.0948759676334822,500
KRR_Target_Only,0.2623219775713737,500
NN_Target_Only,0.1384948772389426,500
XGBoost_Pool,0.0959395551493412,500
KRR_Pool,0.7013387686373664,500
NN_Pool,0.1326223611678174,500
XGBoost_TLCQM,0.0997895556566462,500
KRR_TLCQM,0.1462703827657339,500
NN_TLCQM,0.1023212971775533,500
TKRR,1.900507022568724,100
CDAR,6.022145826351426,100
DARC,28.340802878048304,100
VNCD_MDD,0.1670861172147238,100
M3SDA_Reg,0.1157441095567731,100
CMSS_Reg,0.1202869506396533,100
TKRR,1.9277645826987817,200
CDAR,5.854770499298518,200
DARC,35.47707120540361,200
VNCD_MDD,0.1506752594014407,200
M3SDA_Reg,0.1253965927517783,200
CMSS_Reg,0.1189452300593944,200
TKRR,1.8576288671287944,300
CDAR,5.8244633092478,300
DARC,35.95514649191748,300
VNCD_MDD,0.139924155769329,300
M3SDA_Reg,0.1513060925698105,300
CMSS_Reg,0.1110959298457839,300
TKRR,1.8615788728621707,500
CDAR,5.815748621536929,500
DARC,35.98380221201408,500
VNCD_MDD,0.1338808037237001,500
M3SDA_Reg,0.1254900558902147,500
CMSS_Reg,0.1065065567437938,500
XGBoost_Target_Only,0.1095080776491347,100
KRR_Target_Only,1.3044057299724738,100
NN_Target_Only,0.3835875395933023,100
XGBoost_Pool,0.1023062358341187,100
KRR_Pool,0.3177482330752107,100
NN_Pool,0.1916347994047597,100
XGBoost_TLCQM,0.1009420271069313,100
KRR_TLCQM,0.228505937360659,100
NN_TLCQM,0.1132419248268683,100
XGBoost_Target_Only,0.1094686284212479,200
KRR_Target_Only,0.5890803215301238,200
NN_Target_Only,0.2671760378730893,200
XGBoost_Pool,0.0978788204230783,200
KRR_Pool,0.3860849166091758,200
NN_Pool,0.1918192788717849,200
XGBoost_TLCQM,0.1017996710523199,200
KRR_TLCQM,0.2132573381669712,200
NN_TLCQM,0.1111168487957215,200
XGBoost_Target_Only,0.1034142271254596,300
KRR_Target_Only,0.4480965498003261,300
NN_Target_Only,0.2120598887183366,300
XGBoost_Pool,0.0977101513514696,300
KRR_Pool,0.5071594807182774,300
NN_Pool,0.1849275178401502,300
XGBoost_TLCQM,0.100965724345941,300
KRR_TLCQM,0.1863955169580136,300
NN_TLCQM,0.1081660280737025,300
XGBoost_Target_Only,0.0949319975975903,500
KRR_Target_Only,0.3141502759575307,500
NN_Target_Only,0.1501384377620556,500
XGBoost_Pool,0.0940456463728348,500
KRR_Pool,0.7130602156313036,500
NN_Pool,0.1521668329702712,500
XGBoost_TLCQM,0.0992629489919993,500
KRR_TLCQM,0.2042356592538415,500
NN_TLCQM,0.1079709136617935,500
TKRR,1.900418184925258,100
CDAR,6.377460669315585,100
DARC,25.849696802275343,100
VNCD_MDD,0.1523625441452254,100
M3SDA_Reg,0.1094932077322039,100
CMSS_Reg,0.1168791242175173,100
TKRR,1.8933067831016968,200
CDAR,5.99202672343208,200
DARC,33.36692070182735,200
VNCD_MDD,0.1484938038788277,200
M3SDA_Reg,0.1121833042166263,200
CMSS_Reg,0.1110742489273539,200
TKRR,1.9126911881274504,300
CDAR,6.021386859511685,300
DARC,34.57933090670235,300
VNCD_MDD,0.14396031192269,300
M3SDA_Reg,0.1156180266574916,300
CMSS_Reg,0.1038253691130505,300
TKRR,1.8341818865598083,500
CDAR,6.0752670151829,500
DARC,35.1747259603458,500
VNCD_MDD,0.1238145927076782,500
M3SDA_Reg,0.1132809987979937,500
CMSS_Reg,0.1006914330965679,500
XGBoost_Target_Only,0.1057733691523661,100
KRR_Target_Only,0.7485547784746508,100
NN_Target_Only,0.4177535956164563,100
XGBoost_Pool,0.0996459938360133,100
KRR_Pool,0.3184749884450964,100
NN_Pool,0.1988323279012433,100
XGBoost_TLCQM,0.1039011089853081,100
KRR_TLCQM,0.204558253806888,100
NN_TLCQM,0.1184859069912544,100
XGBoost_Target_Only,0.0982778374787311,200
KRR_Target_Only,0.6411996761480009,200
NN_Target_Only,0.3279548883209419,200
XGBoost_Pool,0.0985824308974428,200
KRR_Pool,0.3892383166181485,200
NN_Pool,0.1890410961059676,200
XGBoost_TLCQM,0.1069917372868578,200
KRR_TLCQM,0.1978876959871731,200
NN_TLCQM,0.117061427207507,200
XGBoost_Target_Only,0.0991041626256553,300
KRR_Target_Only,0.5039469176729885,300
NN_Target_Only,0.218953741174873,300
XGBoost_Pool,0.0959417324527819,300
KRR_Pool,0.5086516740933402,300
NN_Pool,0.1886163559750855,300
XGBoost_TLCQM,0.1039977970747666,300
KRR_TLCQM,0.2171348067949567,300
NN_TLCQM,0.1090460423259437,300
XGBoost_Target_Only,0.0963353402617418,500
KRR_Target_Only,0.4028873805394233,500
NN_Target_Only,0.1557018432353124,500
XGBoost_Pool,0.0959015499867088,500
KRR_Pool,0.7106307783732642,500
NN_Pool,0.2054578907201895,500
XGBoost_TLCQM,0.1046660922253278,500
KRR_TLCQM,0.2059794657312502,500
NN_TLCQM,0.110238193652432,500
TKRR,2.0889191652752834,100
CDAR,5.291209984637449,100
DARC,23.7024761777774,100
VNCD_MDD,0.1618592758314179,100
M3SDA_Reg,0.1098755381215989,100
CMSS_Reg,0.110868725066273,100
TKRR,1.8601962995165595,200
CDAR,5.442657043774887,200
DARC,36.84695661935436,200
VNCD_MDD,0.1444148062418337,200
M3SDA_Reg,0.1141705000524988,200
CMSS_Reg,0.1096800915636448,200
TKRR,1.8611247371031976,300
CDAR,5.519302565929396,300
DARC,37.394937699190834,300
VNCD_MDD,0.1459013344510473,300
M3SDA_Reg,0.1121359678533443,300
CMSS_Reg,0.1078648729069898,300
TKRR,1.952118969569,500
CDAR,5.584664620942631,500
DARC,36.66145621628222,500
VNCD_MDD,0.1302073171006082,500
M3SDA_Reg,0.1162169831607059,500
CMSS_Reg,0.1070453606468057,500
XGBoost_Target_Only,0.1101950562229601,100
KRR_Target_Only,1.4329445311732203,100
NN_Target_Only,1.114982228082949,100
XGBoost_Pool,0.1006147706794973,100
KRR_Pool,0.3191650369217161,100
NN_Pool,0.1941963061426109,100
XGBoost_TLCQM,0.1008723514322732,100
KRR_TLCQM,0.196780856845044,100
NN_TLCQM,0.1343779517166899,100
XGBoost_Target_Only,0.105815229777865,200
KRR_Target_Only,0.5875215634526619,200
NN_Target_Only,0.3594080506276145,200
XGBoost_Pool,0.1002989929733999,200
KRR_Pool,0.391528945781627,200
NN_Pool,0.1905873711549014,200
XGBoost_TLCQM,0.1025928983913553,200
KRR_TLCQM,0.2006739903484839,200
NN_TLCQM,0.1102366897328467,200
XGBoost_Target_Only,0.1052950921345718,300
KRR_Target_Only,0.4410612371437265,300
NN_Target_Only,0.2199120162549648,300
XGBoost_Pool,0.098601393498045,300
KRR_Pool,0.5056149676525434,300
NN_Pool,0.2028765977327038,300
XGBoost_TLCQM,0.1002993461576206,300
KRR_TLCQM,0.191991861049854,300
NN_TLCQM,0.1116901083209434,300
XGBoost_Target_Only,0.0954672376309756,500
KRR_Target_Only,0.4139372232219762,500
NN_Target_Only,0.1949572802332561,500
XGBoost_Pool,0.0976388253825239,500
KRR_Pool,0.7143098648951337,500
NN_Pool,0.2501433440715331,500
XGBoost_TLCQM,0.100928273924101,500
KRR_TLCQM,0.1932901363393785,500
NN_TLCQM,0.1087842098309384,500
TKRR,2.0076798583854343,100
CDAR,5.752143220132628,100
DARC,28.53153271471996,100
VNCD_MDD,0.1609867582287827,100
M3SDA_Reg,0.1173350238955339,100
CMSS_Reg,0.1088197171500926,100
TKRR,1.849015152310482,200
CDAR,5.692933255554076,200
DARC,27.964913554843672,200
VNCD_MDD,0.1516022142639387,200
M3SDA_Reg,0.1188859716974122,200
CMSS_Reg,0.1095728890466177,200
TKRR,1.832532006657287,300
CDAR,5.659625124064879,300
DARC,28.093571949415324,300
VNCD_MDD,0.1372363988497515,300
M3SDA_Reg,0.117715636122226,300
CMSS_Reg,0.1054024767183838,300
TKRR,1.8404174266076967,500
CDAR,5.769331043066839,500
DARC,27.935241403139912,500
VNCD_MDD,0.1370476011890969,500
M3SDA_Reg,0.1234414495859296,500
CMSS_Reg,0.100589407868173,500
XGBoost_Target_Only,0.1048763078207047,100
KRR_Target_Only,0.7759950699753241,100
NN_Target_Only,0.6559705913694049,100
XGBoost_Pool,0.1014473002299995,100
KRR_Pool,0.3189418534714283,100
NN_Pool,0.1970548213505858,100
XGBoost_TLCQM,0.1009235160643161,100
KRR_TLCQM,0.2186732204381695,100
NN_TLCQM,0.1464676993290476,100
XGBoost_Target_Only,0.1001390720562007,200
KRR_Target_Only,0.4898984260051167,200
NN_Target_Only,0.2641578238877759,200
XGBoost_Pool,0.0992767478247252,200
KRR_Pool,0.3879301072589471,200
NN_Pool,0.2023954196161956,200
XGBoost_TLCQM,0.0987254252407971,200
KRR_TLCQM,0.2040735329778925,200
NN_TLCQM,0.1239513912731421,200
XGBoost_Target_Only,0.1008817751399261,300
KRR_Target_Only,0.4669294877160619,300
NN_Target_Only,0.2115398671470761,300
XGBoost_Pool,0.0981854656548865,300
KRR_Pool,0.5102223896354984,300
NN_Pool,0.2031822673830148,300
XGBoost_TLCQM,0.0984319428844045,300
KRR_TLCQM,0.2045486795018515,300
NN_TLCQM,0.119683066810709,300
XGBoost_Target_Only,0.0952627987305335,500
KRR_Target_Only,0.4000361858319108,500
NN_Target_Only,0.1835929537675961,500
XGBoost_Pool,0.096022966793409,500
KRR_Pool,0.7165528781187175,500
NN_Pool,0.1745105431796611,500
XGBoost_TLCQM,0.0984810804800836,500
KRR_TLCQM,0.2044725975581296,500
NN_TLCQM,0.1115816572592137,500
TKRR,1.95392797415286,100
CDAR,5.956486555502448,100
DARC,24.90422599539368,100
VNCD_MDD,0.1463094286217402,100
M3SDA_Reg,0.1182756574384053,100
CMSS_Reg,0.1107428200753362,100
TKRR,1.9671494640222384,200
CDAR,5.793040208941324,200
DARC,40.70144699791469,200
VNCD_MDD,0.1469317461886048,200
M3SDA_Reg,0.1133186043307904,200
CMSS_Reg,0.1069394074478601,200
TKRR,1.890126791384287,300
CDAR,5.899498923043391,300
DARC,40.58283099792457,300
VNCD_MDD,0.140405715905008,300
M3SDA_Reg,0.1140947345287266,300
CMSS_Reg,0.1057631093180654,300
TKRR,1.8646907686861875,500
CDAR,5.943327756960299,500
DARC,40.67708240016622,500
VNCD_MDD,0.1233244172048271,500
M3SDA_Reg,0.1205727726444807,500
CMSS_Reg,0.1027213831809263,500
XGBoost_Target_Only,0.1222988160781293,100
KRR_Target_Only,0.953888646645188,100
NN_Target_Only,0.5561352259561906,100
XGBoost_Pool,0.1028892103431557,100
KRR_Pool,0.3179820702766963,100
NN_Pool,0.2056540949987798,100
XGBoost_TLCQM,0.1032437107905632,100
KRR_TLCQM,0.1926410108715534,100
NN_TLCQM,0.1160585296568203,100
XGBoost_Target_Only,0.1078692427793656,200
KRR_Target_Only,0.461683411568381,200
NN_Target_Only,0.2892009789808903,200
XGBoost_Pool,0.1006502600419405,200
KRR_Pool,0.3894512489874781,200
NN_Pool,0.1757725895959861,200
XGBoost_TLCQM,0.0990298602797116,200
KRR_TLCQM,0.184417955305302,200
NN_TLCQM,0.1054118855111357,200
XGBoost_Target_Only,0.1021309856099342,300
KRR_Target_Only,0.4539192810810168,300
NN_Target_Only,0.2047271769209368,300
XGBoost_Pool,0.0984137083443199,300
KRR_Pool,0.50991712542631,300
NN_Pool,0.1924347894047712,300
XGBoost_TLCQM,0.0994885052997855,300
KRR_TLCQM,0.1857986846464952,300
NN_TLCQM,0.1067835309022884,300
XGBoost_Target_Only,0.0962160241552467,500
KRR_Target_Only,0.4344082463440807,500
NN_Target_Only,0.1791423901512072,500
XGBoost_Pool,0.0955454605821615,500
KRR_Pool,0.7138497526842794,500
NN_Pool,0.1423251436430155,500
XGBoost_TLCQM,0.0979617218043552,500
KRR_TLCQM,0.1908914127608645,500
NN_TLCQM,0.1016228166608148,500
TKRR,1.882216122980894,100
CDAR,5.6022274580806855,100
DARC,40.74633728893868,100
VNCD_MDD,0.1947217739046687,100
M3SDA_Reg,0.1136760148238065,100
CMSS_Reg,0.1112586789465551,100
TKRR,1.8382515886096629,200
CDAR,5.585018679363163,200
DARC,38.16713789613587,200
VNCD_MDD,0.1532404106352675,200
M3SDA_Reg,0.1136674927962383,200
CMSS_Reg,0.1073684936701015,200
TKRR,1.891111811329213,300
CDAR,5.676437666703843,300
DARC,38.61364559673907,300
VNCD_MDD,0.1457275792631024,300
M3SDA_Reg,0.1150630325425255,300
CMSS_Reg,0.1127682785635666,300
TKRR,1.8340451269832176,500
CDAR,5.7991315131624,500
DARC,38.639297609189335,500
VNCD_MDD,0.1550664951218947,500
M3SDA_Reg,0.1152836978915371,500
CMSS_Reg,0.1051528200879218,500
XGBoost_Target_Only,0.1220405815874641,100
KRR_Target_Only,0.8163767453204045,100
NN_Target_Only,0.4219050957358556,100
XGBoost_Pool,0.1042718825400964,100
KRR_Pool,0.3191668337839268,100
NN_Pool,0.1914226919442203,100
XGBoost_TLCQM,0.1094099379641003,100
KRR_TLCQM,0.212075643532523,100
NN_TLCQM,0.1276141065889345,100
XGBoost_Target_Only,0.1147149850488884,200
KRR_Target_Only,0.4712773912527082,200
NN_Target_Only,0.2317289828802305,200
XGBoost_Pool,0.0999424565625337,200
KRR_Pool,0.3897933741111156,200
NN_Pool,0.1888658432796606,200
XGBoost_TLCQM,0.1083100346533228,200
KRR_TLCQM,0.1842872376430858,200
NN_TLCQM,0.1209456247811492,200
XGBoost_Target_Only,0.1126433646412425,300
KRR_Target_Only,0.4039816480031737,300
NN_Target_Only,0.1520044848007334,300
XGBoost_Pool,0.0998918816963542,300
KRR_Pool,0.5079206146502544,300
NN_Pool,0.1871392251619504,300
XGBoost_TLCQM,0.1006625831531144,300
KRR_TLCQM,0.1811059427178105,300
NN_TLCQM,0.1083243748698043,300
XGBoost_Target_Only,0.094283366604204,500
KRR_Target_Only,0.3640001052238591,500
NN_Target_Only,0.138012360502349,500
XGBoost_Pool,0.0949604597350772,500
KRR_Pool,0.7171786086529125,500
NN_Pool,0.228947988166474,500
XGBoost_TLCQM,0.0962496069756484,500
KRR_TLCQM,0.1829278369410514,500
NN_TLCQM,0.1033361578868438,500
TKRR,1.8892464172456824,100
CDAR,4.534973974704735,100
DARC,28.61248660797823,100
VNCD_MDD,0.1682084351873405,100
M3SDA_Reg,0.1246211087168868,100
CMSS_Reg,0.12517329669546,100
TKRR,1.8230072756279336,200
CDAR,55.58990052955823,200
DARC,28.64247361704933,200
VNCD_MDD,0.1522628204669362,200
M3SDA_Reg,0.1269675428938221,200
CMSS_Reg,0.1181912676482053,200
TKRR,1.8272397724812808,300
CDAR,55.5949243263492,300
DARC,29.124907442367466,300
VNCD_MDD,0.1455985847895534,300
M3SDA_Reg,0.1294812969773181,300
CMSS_Reg,0.1129665914360021,300
TKRR,1.7626262251658078,500
CDAR,55.56833671058785,500
DARC,28.85787753036144,500
VNCD_MDD,0.1297795437809868,500
M3SDA_Reg,0.123063243698943,500
CMSS_Reg,0.1024190263166186,500
XGBoost_Target_Only,0.1219962242439701,100
KRR_Target_Only,0.9637415925473374,100
NN_Target_Only,0.5157982739816812,100
XGBoost_Pool,0.1000625906231436,100
KRR_Pool,0.3137027510949997,100
NN_Pool,0.2006547301911437,100
XGBoost_TLCQM,0.102523176797488,100
KRR_TLCQM,0.187991074287543,100
NN_TLCQM,0.118422888293029,100
XGBoost_Target_Only,0.1023981779666769,200
KRR_Target_Only,0.6601604265427066,200
NN_Target_Only,0.2696867304603514,200
XGBoost_Pool,0.1006676101932943,200
KRR_Pool,0.382672301801799,200
NN_Pool,0.1956035237232719,200
XGBoost_TLCQM,0.1030847602705161,200
KRR_TLCQM,0.184705642617158,200
NN_TLCQM,0.1119446419915758,200
XGBoost_Target_Only,0.104116979735629,300
KRR_Target_Only,0.4448834833441746,300
NN_Target_Only,0.204078981825001,300
XGBoost_Pool,0.0998675146804901,300
KRR_Pool,0.5019522041242949,300
NN_Pool,0.1796363875565226,300
XGBoost_TLCQM,0.1047253948693437,300
KRR_TLCQM,0.1707622462099423,300
NN_TLCQM,0.1163485065815635,300
XGBoost_Target_Only,0.0912567036371091,500
KRR_Target_Only,0.3244700394095161,500
NN_Target_Only,0.1538300636289902,500
XGBoost_Pool,0.0959291632380782,500
KRR_Pool,0.7065141713318819,500
NN_Pool,0.198237767933385,500
XGBoost_TLCQM,0.1018834004333266,500
KRR_TLCQM,0.179845254952424,500
NN_TLCQM,0.1141124898260853,500
TKRR,1.8711466760128812,100
CDAR,5.84017493603291,100
DARC,32.427368671264205,100
VNCD_MDD,0.1428603132547478,100
M3SDA_Reg,0.1091227496669069,100
CMSS_Reg,0.1159546978484435,100
TKRR,1.9377210369121023,200
CDAR,5.106553233609337,200
DARC,32.151159543221006,200
VNCD_MDD,0.137353472120781,200
M3SDA_Reg,0.1113852729873703,200
CMSS_Reg,0.1217635625254,200
TKRR,1.852249026953572,300
CDAR,5.075197177363932,300
DARC,32.70275561341752,300
VNCD_MDD,0.1357385211013235,300
M3SDA_Reg,0.1199318569971435,300
CMSS_Reg,0.1152995221524977,300
TKRR,1.7527408705368637,500
CDAR,5.066148159752989,500
DARC,33.00799869726504,500
VNCD_MDD,0.1299837184054162,500
M3SDA_Reg,0.1159945422254881,500
CMSS_Reg,0.1036730105496009,500
XGBoost_Target_Only,0.1206806674989816,100
KRR_Target_Only,0.9382953196062244,100
NN_Target_Only,0.834094691001811,100
XGBoost_Pool,0.1036689048189029,100
KRR_Pool,0.319229446335926,100
NN_Pool,0.2066134780322732,100
XGBoost_TLCQM,0.113424928825813,100
KRR_TLCQM,0.2198633676696936,100
NN_TLCQM,0.1391519917690641,100
XGBoost_Target_Only,0.1139876269723944,200
KRR_Target_Only,0.6813325505702011,200
NN_Target_Only,0.3597215320220971,200
XGBoost_Pool,0.1026234245235754,200
KRR_Pool,0.390903927812615,200
NN_Pool,0.1974810698527904,200
XGBoost_TLCQM,0.1076234427651358,200
KRR_TLCQM,0.2090340000204823,200
NN_TLCQM,0.1239379987384101,200
XGBoost_Target_Only,0.1138967633223765,300
KRR_Target_Only,0.5734127735672724,300
NN_Target_Only,0.3135109572043385,300
XGBoost_Pool,0.1005659498427402,300
KRR_Pool,0.5121408435224964,300
NN_Pool,0.2037853811308877,300
XGBoost_TLCQM,0.1049513309467255,300
KRR_TLCQM,0.2083294270827286,300
NN_TLCQM,0.1173335860117101,300
XGBoost_Target_Only,0.0979177265715961,500
KRR_Target_Only,0.3817204761129435,500
NN_Target_Only,0.1637360134035149,500
XGBoost_Pool,0.0961760363173586,500
KRR_Pool,0.708197985869739,500
NN_Pool,0.1405016422578187,500
XGBoost_TLCQM,0.1016648215647128,500
KRR_TLCQM,0.1805666244662867,500
NN_TLCQM,0.1145554198157239,500
TKRR,1.8902669515480897,100
CDAR,6.005325748163131,100
DARC,37.11042992974018,100
VNCD_MDD,0.1819631718310404,100
M3SDA_Reg,0.1307638402736882,100
CMSS_Reg,0.1254696334632655,100
TKRR,1.841346919120043,200
CDAR,4.903236333956252,200
DARC,25.06915054546708,200
VNCD_MDD,0.1767231636059242,200
M3SDA_Reg,0.1190142735149165,200
CMSS_Reg,0.1171153467156621,200
TKRR,1.8264588068342256,300
CDAR,4.947588877061822,300
DARC,25.881576988161054,300
VNCD_MDD,0.174051043743407,300
M3SDA_Reg,0.1223113903032033,300
CMSS_Reg,0.1138870507773103,300
TKRR,1.7461568363597408,500
CDAR,4.937989286058122,500
DARC,24.929324711795537,500
VNCD_MDD,0.1368313484242529,500
M3SDA_Reg,0.1212771621850739,500
CMSS_Reg,0.1067468675095533,500
XGBoost_Target_Only,0.1197169717656589,100
KRR_Target_Only,0.9570425515908824,100
NN_Target_Only,0.3236359411459386,100
XGBoost_Pool,0.1010173114567474,100
KRR_Pool,0.3184695490943857,100
NN_Pool,0.204197975417376,100
XGBoost_TLCQM,0.1014413316121964,100
KRR_TLCQM,0.2051248118920963,100
NN_TLCQM,0.1276504111689665,100
XGBoost_Target_Only,0.1078095382752084,200
KRR_Target_Only,0.4195719876446901,200
NN_Target_Only,0.2652939133191474,200
XGBoost_Pool,0.0991110867924296,200
KRR_Pool,0.3810985487181625,200
NN_Pool,0.1770422171285984,200
XGBoost_TLCQM,0.1081947075595487,200
KRR_TLCQM,0.1872960535410679,200
NN_TLCQM,0.1152782705957861,200
XGBoost_Target_Only,0.1091403806628253,300
KRR_Target_Only,0.4092280317721188,300
NN_Target_Only,0.191860158476448,300
XGBoost_Pool,0.1001193978205552,300
KRR_Pool,0.4985039810203833,300
NN_Pool,0.2161627021188572,300
XGBoost_TLCQM,0.102643584020831,300
KRR_TLCQM,0.1815437610931121,300
NN_TLCQM,0.1149578468180504,300
XGBoost_Target_Only,0.1028517845957716,500
KRR_Target_Only,0.356877490867081,500
NN_Target_Only,0.1534733160479762,500
XGBoost_Pool,0.0991764225226721,500
KRR_Pool,0.7032724886208152,500
NN_Pool,0.2195328288559637,500
XGBoost_TLCQM,0.102744310293765,500
KRR_TLCQM,0.180422069138266,500
NN_TLCQM,0.1087077287332302,500
TKRR,1.903663090213762,100
CDAR,5.8933403108433,100
DARC,30.396040951706063,100
VNCD_MDD,0.1772594757553351,100
M3SDA_Reg,0.1248209048534487,100
CMSS_Reg,0.1188492155849539,100
TKRR,1.843675141516463,200
CDAR,6.36787891999801,200
DARC,39.90832984871835,200
VNCD_MDD,0.1711301303641295,200
M3SDA_Reg,0.133828487877908,200
CMSS_Reg,0.1134005732346832,200
TKRR,1.9275999899812792,300
CDAR,6.146284491176166,300
DARC,40.47733676260515,300
VNCD_MDD,0.1591527975090859,300
M3SDA_Reg,0.1356511546093246,300
CMSS_Reg,0.1108692630657341,300
TKRR,1.8811284091752156,500
CDAR,6.016963216536041,500
DARC,40.50533872776929,500
VNCD_MDD,0.1530039546217881,500
M3SDA_Reg,0.1404923453832596,500
CMSS_Reg,0.108860297044074,500
XGBoost_Target_Only,0.1097495264585695,100
KRR_Target_Only,1.0265368261975671,100
NN_Target_Only,0.4582704799595912,100
XGBoost_Pool,0.0991869146208393,100
KRR_Pool,0.3158156000436452,100
NN_Pool,0.195149400721439,100
XGBoost_TLCQM,0.1054907305228644,100
KRR_TLCQM,0.1936900631691993,100
NN_TLCQM,0.1152290880179917,100
XGBoost_Target_Only,0.1015423050315156,200
KRR_Target_Only,0.5524328298474765,200
NN_Target_Only,0.3586820539094689,200
XGBoost_Pool,0.0986328078325315,200
KRR_Pool,0.3868394952143615,200
NN_Pool,0.1754031665136119,200
XGBoost_TLCQM,0.1047637282730044,200
KRR_TLCQM,0.2035459471486375,200
NN_TLCQM,0.1175503034716822,200
XGBoost_Target_Only,0.1033720784521884,300
KRR_Target_Only,0.3686589404620483,300
NN_Target_Only,0.1787905952692593,300
XGBoost_Pool,0.0971066649753687,300
KRR_Pool,0.5000694472797763,300
NN_Pool,0.1836793171106322,300
XGBoost_TLCQM,0.1019360708859824,300
KRR_TLCQM,0.1792374884448121,300
NN_TLCQM,0.1107633876667482,300
XGBoost_Target_Only,0.0931253042631069,500
KRR_Target_Only,0.3019998023122163,500
NN_Target_Only,0.1347887493389139,500
XGBoost_Pool,0.0954021263138826,500
KRR_Pool,0.7057932820885267,500
NN_Pool,0.1358628030450109,500
XGBoost_TLCQM,0.1007669957858091,500
KRR_TLCQM,0.1794427124479853,500
NN_TLCQM,0.1083617469412271,500
TKRR,1.8705808563188304,100
CDAR,5.421335184996644,100
DARC,29.41429317319118,100
VNCD_MDD,0.1931743924451285,100
M3SDA_Reg,0.1254781774385634,100
CMSS_Reg,0.1110753681661628,100
TKRR,1.8590987257686455,200
CDAR,4.995966964207488,200
DARC,32.64280211548494,200
VNCD_MDD,0.1447836125967182,200
M3SDA_Reg,0.1151683999851975,200
CMSS_Reg,0.1128406502118828,200
TKRR,1.7965924418890529,300
CDAR,4.977235146778014,300
DARC,32.72987364611494,300
VNCD_MDD,0.1412592050212865,300
M3SDA_Reg,0.1180480015850549,300
CMSS_Reg,0.1123690936483922,300
TKRR,1.7356858151410062,500
CDAR,4.955249784609256,500
DARC,30.66935901115644,500
VNCD_MDD,0.134285483010893,500
M3SDA_Reg,0.1238510065381083,500
CMSS_Reg,0.1028476072715494,500
XGBoost_Target_Only,0.1156819129466631,100
KRR_Target_Only,0.6522898207732736,100
NN_Target_Only,0.4242190826110898,100
XGBoost_Pool,0.1024366170711476,100
KRR_Pool,0.3186758184846353,100
NN_Pool,0.1931440372421534,100
XGBoost_TLCQM,0.1067877085752863,100
KRR_TLCQM,0.1978244334476575,100
NN_TLCQM,0.1254397872999875,100
XGBoost_Target_Only,0.113215838308944,200
KRR_Target_Only,0.4738548539727361,200
NN_Target_Only,0.2461211122751971,200
XGBoost_Pool,0.100246889677924,200
KRR_Pool,0.3893277438029506,200
NN_Pool,0.1723238115047059,200
XGBoost_TLCQM,0.0977933296321283,200
KRR_TLCQM,0.179428900566072,200
NN_TLCQM,0.1097696789449186,200
XGBoost_Target_Only,0.1093043034342319,300
KRR_Target_Only,0.3733565801857685,300
NN_Target_Only,0.1951096406607894,300
XGBoost_Pool,0.0986172388042512,300
KRR_Pool,0.5090866795466041,300
NN_Pool,0.1792876838867987,300
XGBoost_TLCQM,0.0983467811229847,300
KRR_TLCQM,0.1844454103846486,300
NN_TLCQM,0.1108405142565968,300
XGBoost_Target_Only,0.1046385805758984,500
KRR_Target_Only,0.2995000142107917,500
NN_Target_Only,0.1444499005304553,500
XGBoost_Pool,0.0967256058873414,500
KRR_Pool,0.712184773097573,500
NN_Pool,0.1954995755594416,500
XGBoost_TLCQM,0.0976524590385249,500
KRR_TLCQM,0.1743952705577205,500
NN_TLCQM,0.1044537629951847,500
TKRR,1.887520350136367,100
CDAR,5.525198282230444,100
DARC,36.40325146870404,100
VNCD_MDD,0.176341903451008,100
M3SDA_Reg,0.1247982543510281,100
CMSS_Reg,0.1219964538323048,100
TKRR,1.800961700894423,200
CDAR,5.443711218519717,200
DARC,41.866178319398415,200
VNCD_MDD,0.1671027772719459,200
M3SDA_Reg,0.122040872550502,200
CMSS_Reg,0.1171030240063664,200
TKRR,1.8253557462826853,300
CDAR,5.445763820374582,300
DARC,42.330920009781565,300
VNCD_MDD,0.2058087581060897,300
M3SDA_Reg,0.1212490121157755,300
CMSS_Reg,0.1119023307116909,300
TKRR,1.8142251864935712,500
CDAR,5.415784141885596,500
DARC,42.57072498981114,500
VNCD_MDD,0.2068844425685333,500
M3SDA_Reg,0.1205577467124871,500
CMSS_Reg,0.1041620991484039,500
XGBoost_Target_Only,0.1323640915262402,100
KRR_Target_Only,1.0576648673830906,100
NN_Target_Only,0.5236693282576568,100
XGBoost_Pool,0.1079371852292846,100
KRR_Pool,0.318909182421195,100
NN_Pool,0.1953390891330075,100
XGBoost_TLCQM,0.1117836388213616,100
KRR_TLCQM,0.1996082175552636,100
NN_TLCQM,0.137206349691896,100
XGBoost_Target_Only,0.1084016517133704,200
KRR_Target_Only,0.540331678079886,200
NN_Target_Only,0.3076518242339726,200
XGBoost_Pool,0.1003748722541337,200
KRR_Pool,0.3891726391138266,200
NN_Pool,0.1703579092111557,200
XGBoost_TLCQM,0.1071805339034763,200
KRR_TLCQM,0.1961832413984842,200
NN_TLCQM,0.1168664262309603,200
XGBoost_Target_Only,0.1022957057602872,300
KRR_Target_Only,0.4342107061774084,300
NN_Target_Only,0.2215671471625308,300
XGBoost_Pool,0.1003261385121798,300
KRR_Pool,0.5046847662591932,300
NN_Pool,0.1902365817025236,300
XGBoost_TLCQM,0.1008428937163188,300
KRR_TLCQM,0.1765860399403918,300
NN_TLCQM,0.114960965990519,300
XGBoost_Target_Only,0.0970453633319213,500
KRR_Target_Only,0.325624306178241,500
NN_Target_Only,0.168445110468504,500
XGBoost_Pool,0.0975889782995341,500
KRR_Pool,0.7080154005852893,500
NN_Pool,0.1455249429412846,500
XGBoost_TLCQM,0.101874353343626,500
KRR_TLCQM,0.170237637226283,500
NN_TLCQM,0.1088443463767813,500
TKRR,1.9552026765210369,100
CDAR,48.81634252374613,100
DARC,33.91624593692941,100
VNCD_MDD,0.1528975856240299,100
M3SDA_Reg,0.1201235680556031,100
CMSS_Reg,0.117917894419312,100
TKRR,1.887898486835124,200
CDAR,5.533788166572751,200
DARC,42.86503488344756,200
VNCD_MDD,0.1586635818677711,200
M3SDA_Reg,0.1194221380660759,200
CMSS_Reg,0.1166047592717444,200
TKRR,1.8251175984370367,300
CDAR,5.55562095352067,300
DARC,42.739176026154425,300
VNCD_MDD,0.1429638687678312,300
M3SDA_Reg,0.1239645422538195,300
CMSS_Reg,0.114453383701444,300
TKRR,1.812431759965912,500
CDAR,5.518128068050713,500
DARC,42.94680215836978,500
VNCD_MDD,0.1255772296363828,500
M3SDA_Reg,0.1251712696139089,500
CMSS_Reg,0.1081241080556758,500
XGBoost_Target_Only,0.1222247618083485,100
KRR_Target_Only,1.0761647290525644,100
NN_Target_Only,0.9076322969752884,100
XGBoost_Pool,0.0992851688143232,100
KRR_Pool,0.317529502802134,100
NN_Pool,0.1875194287804713,100
XGBoost_TLCQM,0.1022059422211341,100
KRR_TLCQM,0.23542480982904,100
NN_TLCQM,0.1113429751048636,100
XGBoost_Target_Only,0.1149308640036361,200
KRR_Target_Only,0.7921013083919548,200
NN_Target_Only,0.582890719843312,200
XGBoost_Pool,0.098284763964179,200
KRR_Pool,0.3892193070942163,200
NN_Pool,0.1950256772254669,200
XGBoost_TLCQM,0.0982750608696436,200
KRR_TLCQM,0.2164488113165932,200
NN_TLCQM,0.110419135295621,200
XGBoost_Target_Only,0.1030803868518717,300
KRR_Target_Only,0.6809660348414538,300
NN_Target_Only,0.4421807283425641,300
XGBoost_Pool,0.0978236679619942,300
KRR_Pool,0.5080617070882609,300
NN_Pool,0.1885742445181892,300
XGBoost_TLCQM,0.0983894529274739,300
KRR_TLCQM,0.2229342684081868,300
NN_TLCQM,0.1051588739767123,300
XGBoost_Target_Only,0.1011457522523721,500
KRR_Target_Only,0.374371168908861,500
NN_Target_Only,0.1809155080913566,500
XGBoost_Pool,0.0969886833549046,500
KRR_Pool,0.7026142308567801,500
NN_Pool,0.2186856510823512,500
XGBoost_TLCQM,0.0995964397097546,500
KRR_TLCQM,0.1982133767379437,500
NN_TLCQM,0.1029056785427709,500
TKRR,1.8481406119944663,100
CDAR,6.02550154797671,100
DARC,25.23553587822508,100
VNCD_MDD,0.164749710386141,100
M3SDA_Reg,0.1113773091696718,100
CMSS_Reg,0.1139477245391533,100
TKRR,1.865296946482347,200
CDAR,5.536917938827256,200
DARC,41.24875474576381,200
VNCD_MDD,0.1687064342290379,200
M3SDA_Reg,0.114841819808805,200
CMSS_Reg,0.1139841550634173,200
TKRR,1.8766363284600789,300
CDAR,5.594347206065806,300
DARC,41.06219944344593,300
VNCD_MDD,0.1481043008228741,300
M3SDA_Reg,0.1109669890749989,300
CMSS_Reg,0.1142631376050986,300
TKRR,1.8191413958239224,500
CDAR,5.370630220765106,500
DARC,41.076365782578016,500
VNCD_MDD,0.1269940458908376,500
M3SDA_Reg,0.1231365414846331,500
CMSS_Reg,0.1116650448636791,500
XGBoost_Target_Only,0.1214063851027817,100
KRR_Target_Only,0.8188826735722442,100
NN_Target_Only,0.5184463355130424,100
XGBoost_Pool,0.0997751646173333,100
KRR_Pool,0.3186275623145108,100
NN_Pool,0.2096074837197128,100
XGBoost_TLCQM,0.1023207160431904,100
KRR_TLCQM,0.2177410690522952,100
NN_TLCQM,0.1192251813337586,100
XGBoost_Target_Only,0.1112734015608079,200
KRR_Target_Only,0.4650151723762543,200
NN_Target_Only,0.3229921402872087,200
XGBoost_Pool,0.0990201446192282,200
KRR_Pool,0.3888135094152146,200
NN_Pool,0.207481572461109,200
XGBoost_TLCQM,0.1086154379639293,200
KRR_TLCQM,0.1998050052989781,200
NN_TLCQM,0.1107663664219912,200
XGBoost_Target_Only,0.1072416248535764,300
KRR_Target_Only,0.3696295196931134,300
NN_Target_Only,0.2380237222305684,300
XGBoost_Pool,0.0981023962134068,300
KRR_Pool,0.5072062126241784,300
NN_Pool,0.204300644922033,300
XGBoost_TLCQM,0.106867743368097,300
KRR_TLCQM,0.2056109777817747,300
NN_TLCQM,0.1096860552460081,300
XGBoost_Target_Only,0.0948330852738746,500
KRR_Target_Only,0.3020599801397463,500
NN_Target_Only,0.1449738921129895,500
XGBoost_Pool,0.0948804076662967,500
KRR_Pool,0.7007344643347351,500
NN_Pool,0.1678422305171334,500
XGBoost_TLCQM,0.0973526006679908,500
KRR_TLCQM,0.1705171033909397,500
NN_TLCQM,0.1044405657376404,500
TKRR,1.840289684087333,100
CDAR,5.61272873115611,100
DARC,34.777979465653864,100
VNCD_MDD,0.1667538378392738,100
M3SDA_Reg,0.1295550223610419,100
CMSS_Reg,0.1312952228197149,100
TKRR,1.9347535293533693,200
CDAR,6.430415446993753,200
DARC,22.467197196405223,200
VNCD_MDD,0.1597473943974374,200
M3SDA_Reg,0.1250758764057162,200
CMSS_Reg,0.1176570224164577,200
TKRR,1.7747612149230825,300
CDAR,6.330234344075315,300
DARC,22.673321930243816,300
VNCD_MDD,0.1703583291526142,300
M3SDA_Reg,0.1231323795764735,300
CMSS_Reg,0.1113527250352657,300
TKRR,1.7110720662473615,500
CDAR,6.352885077489724,500
DARC,22.862896787300077,500
VNCD_MDD,0.1341247411799595,500
M3SDA_Reg,0.1193809737743289,500
CMSS_Reg,0.1005671840703369,500
XGBoost_Target_Only,0.1148504062107533,100
KRR_Target_Only,1.4445901830480914,100
NN_Target_Only,0.7578499598900929,100
XGBoost_Pool,0.100536423275076,100
KRR_Pool,0.3189356777275947,100
NN_Pool,0.2032287736183312,100
XGBoost_TLCQM,0.1046347547918546,100
KRR_TLCQM,0.2821427716949359,100
NN_TLCQM,0.1386996347287286,100
XGBoost_Target_Only,0.1031225410666881,200
KRR_Target_Only,0.7784504997992331,200
NN_Target_Only,0.4571999956547495,200
XGBoost_Pool,0.0978768507604755,200
KRR_Pool,0.3906337885269189,200
NN_Pool,0.1970577805277747,200
XGBoost_TLCQM,0.0995231611608528,200
KRR_TLCQM,0.2051096751605316,200
NN_TLCQM,0.1154328403713684,200
XGBoost_Target_Only,0.0994627388760066,300
KRR_Target_Only,0.5375187278922166,300
NN_Target_Only,0.1967294668571104,300
XGBoost_Pool,0.099040748278435,300
KRR_Pool,0.5077142632145224,300
NN_Pool,0.1950730557245853,300
XGBoost_TLCQM,0.0984653868802234,300
KRR_TLCQM,0.1955575200930844,300
NN_TLCQM,0.1079366214592137,300
XGBoost_Target_Only,0.0982521219811683,500
KRR_Target_Only,0.4544845233466096,500
NN_Target_Only,0.170593644000414,500
XGBoost_Pool,0.0957694846909877,500
KRR_Pool,0.715277885222504,500
NN_Pool,0.1900564173558652,500
XGBoost_TLCQM,0.0966155975785596,500
KRR_TLCQM,0.2005808643327284,500
NN_TLCQM,0.105677215113263,500
TKRR,1.9069669405102363,100
CDAR,5.991822317019632,100
DARC,41.57229540935779,100
VNCD_MDD,0.1810638238243434,100
M3SDA_Reg,0.1065476814796118,100
CMSS_Reg,0.1124928962749288,100
TKRR,1.8426845659419755,200
CDAR,6.729315024804947,200
DARC,25.44599620628072,200
VNCD_MDD,0.1504712983232907,200
M3SDA_Reg,0.1133678648165244,200
CMSS_Reg,0.1078921109948386,200
TKRR,1.818571564240528,300
CDAR,6.780154230354416,300
DARC,26.181363742470293,300
VNCD_MDD,0.1437319654510575,300
M3SDA_Reg,0.1171112184275284,300
CMSS_Reg,0.1038812028205247,300
TKRR,1.8360482299301752,500
CDAR,6.889458319451796,500
DARC,26.058414511605044,500
VNCD_MDD,0.142251094830478,500
M3SDA_Reg,0.1130363751173429,500
CMSS_Reg,0.1016188832114192,500
XGBoost_Target_Only,0.1143341047636697,100
KRR_Target_Only,0.9195059446810658,100
NN_Target_Only,0.5792601147865719,100
XGBoost_Pool,0.1023907038843515,100
KRR_Pool,0.3179063059860955,100
NN_Pool,0.1832152688332811,100
XGBoost_TLCQM,0.1008198552748051,100
KRR_TLCQM,0.2264163580902347,100
NN_TLCQM,0.1222292599979468,100
XGBoost_Target_Only,0.100468522664123,200
KRR_Target_Only,0.6266242497427486,200
NN_Target_Only,0.4098844883654625,200
XGBoost_Pool,0.0977567806666054,200
KRR_Pool,0.388897595881839,200
NN_Pool,0.1951746386332299,200
XGBoost_TLCQM,0.1023784032043695,200
KRR_TLCQM,0.2333226319473262,200
NN_TLCQM,0.112586856521919,200
XGBoost_Target_Only,0.0983836379141028,300
KRR_Target_Only,0.5620962176019776,300
NN_Target_Only,0.2423979868087324,300
XGBoost_Pool,0.0951294660722805,300
KRR_Pool,0.5077416709745696,300
NN_Pool,0.1783611948991687,300
XGBoost_TLCQM,0.0973395449146532,300
KRR_TLCQM,0.2003393424718332,300
NN_TLCQM,0.1072358988204872,300
XGBoost_Target_Only,0.0923577444511765,500
KRR_Target_Only,0.4260638187328101,500
NN_Target_Only,0.179558708585494,500
XGBoost_Pool,0.0945059989167792,500
KRR_Pool,0.7142828357283885,500
NN_Pool,0.1670655036900626,500
XGBoost_TLCQM,0.0972298708179906,500
KRR_TLCQM,0.2103243609266494,500
NN_TLCQM,0.10585074350837,500
TKRR,1.8858882852921257,100
CDAR,5.847319344123382,100
DARC,22.10345533005301,100
VNCD_MDD,0.158083653202529,100
M3SDA_Reg,0.1245311503050597,100
CMSS_Reg,0.1215133218653555,100
TKRR,1.8659735306400669,200
CDAR,6.4425737242491765,200
DARC,29.25060226505006,200
VNCD_MDD,0.1685145657753482,200
M3SDA_Reg,0.1217070415606337,200
CMSS_Reg,0.1152155901308112,200
TKRR,1.7983238283116272,300
CDAR,6.41594933036725,300
DARC,30.80938605870055,300
VNCD_MDD,0.1603882247951773,300
M3SDA_Reg,0.1184173543962913,300
CMSS_Reg,0.1158533328270792,300
TKRR,1.7119649613734966,500
CDAR,6.458228311718605,500
DARC,30.549359957816392,500
VNCD_MDD,0.1659435946932336,500
M3SDA_Reg,0.1168289987923426,500
CMSS_Reg,0.1088249027004252,500
XGBoost_Target_Only,0.1311865716057197,100
KRR_Target_Only,0.4354914049679791,100
NN_Target_Only,0.4525657156851993,100
XGBoost_Pool,0.1005691893257115,100
KRR_Pool,0.3126556920024443,100
NN_Pool,0.2573887083545085,100
XGBoost_TLCQM,0.1003477902793986,100
KRR_TLCQM,0.1726228380804572,100
NN_TLCQM,0.1186098928383059,100
XGBoost_Target_Only,0.1126065625225211,200
KRR_Target_Only,0.3377282012703018,200
NN_Target_Only,0.2436141392943185,200
XGBoost_Pool,0.097906510112528,200
KRR_Pool,0.3818872691151082,200
NN_Pool,0.1702452220453228,200
XGBoost_TLCQM,0.1035517431932945,200
KRR_TLCQM,0.1711216378552393,200
NN_TLCQM,0.1118699227220099,200
XGBoost_Target_Only,0.1022391472570623,300
KRR_Target_Only,0.3301305338493512,300
NN_Target_Only,0.1939128043282445,300
XGBoost_Pool,0.0974535611817447,300
KRR_Pool,0.5008121378705238,300
NN_Pool,0.1779406649583908,300
XGBoost_TLCQM,0.104742829984283,300
KRR_TLCQM,0.1827395166724482,300
NN_TLCQM,0.1152354608587054,300
XGBoost_Target_Only,0.0977343940629739,500
KRR_Target_Only,0.3139700474178412,500
NN_Target_Only,0.1621624555286876,500
XGBoost_Pool,0.0946917671145493,500
KRR_Pool,0.708224305056458,500
NN_Pool,0.1305124497257257,500
XGBoost_TLCQM,0.0965499290473075,500
KRR_TLCQM,0.167312462821771,500
NN_TLCQM,0.1054254361150569,500
TKRR,1.9999420613104075,100
CDAR,5.745283544025328,100
DARC,23.836882398355964,100
VNCD_MDD,0.1517372184595628,100
M3SDA_Reg,0.118579287867505,100
CMSS_Reg,0.1100226364494891,100
TKRR,1.8404370597812767,200
CDAR,6.224118958355609,200
DARC,28.167912695475035,200
VNCD_MDD,0.1487825877366438,200
M3SDA_Reg,0.1172548978570141,200
CMSS_Reg,0.1064414309400788,200
TKRR,1.8651568734992836,300
CDAR,5.958937875149129,300
DARC,28.20531864147428,300
VNCD_MDD,0.1568717192965876,300
M3SDA_Reg,0.113714786264511,300
CMSS_Reg,0.106451272809972,300
TKRR,1.8015000132718852,500
CDAR,5.949214679280032,500
DARC,30.616099148107715,500
VNCD_MDD,0.1441898355571014,500
M3SDA_Reg,0.1144323437407875,500
CMSS_Reg,0.1016249422703081,500
XGBoost_Target_Only,0.1235965850738872,100
KRR_Target_Only,1.202151943798404,100
NN_Target_Only,0.85870911687094,100
XGBoost_Pool,0.1023477663039634,100
KRR_Pool,0.3187638921653196,100
NN_Pool,0.1765762716067203,100
XGBoost_TLCQM,0.1066571024484101,100
KRR_TLCQM,0.1944453122129768,100
NN_TLCQM,0.1121555045014793,100
XGBoost_Target_Only,0.1037737966294225,200
KRR_Target_Only,0.5333662387682018,200
NN_Target_Only,0.3400541453181961,200
XGBoost_Pool,0.0993173979592445,200
KRR_Pool,0.3880589970393843,200
NN_Pool,0.2209389762354655,200
XGBoost_TLCQM,0.1040792202691413,200
KRR_TLCQM,0.1923311171711404,200
NN_TLCQM,0.1131300801285971,200
XGBoost_Target_Only,0.1010140322405824,300
KRR_Target_Only,0.4068250056841913,300
NN_Target_Only,0.2540844636933791,300
XGBoost_Pool,0.0975035143266924,300
KRR_Pool,0.506814160122653,300
NN_Pool,0.2076182954735758,300
XGBoost_TLCQM,0.098866633073248,300
KRR_TLCQM,0.1751415241180788,300
NN_TLCQM,0.1026502654565741,300
XGBoost_Target_Only,0.0955727943731926,500
KRR_Target_Only,0.3098075630450347,500
NN_Target_Only,0.1707707786387237,500
XGBoost_Pool,0.0957165375781493,500
KRR_Pool,0.7006466320851079,500
NN_Pool,0.2211918816452399,500
XGBoost_TLCQM,0.0983695985506193,500
KRR_TLCQM,0.1671871744664674,500
NN_TLCQM,0.1025757478132693,500
TKRR,1.9072499436087893,100
CDAR,5.953295331674581,100
DARC,33.164818152991266,100
VNCD_MDD,0.1643405408220548,100
M3SDA_Reg,0.1078939345850503,100
CMSS_Reg,0.1160297389327885,100
TKRR,1.9492815888460329,200
CDAR,6.058524083663772,200
DARC,27.164933484864463,200
VNCD_MDD,0.1462024720250506,200
M3SDA_Reg,0.1167649084937194,200
CMSS_Reg,0.108601913781624,200
TKRR,1.843044530059736,300
CDAR,6.010717437699362,300
DARC,27.616543017471493,300
VNCD_MDD,0.1502549856646209,300
M3SDA_Reg,0.1212670268177239,300
CMSS_Reg,0.1070236741609421,300
TKRR,1.7678327470164537,500
CDAR,5.927296506041999,500
DARC,27.553901348877844,500
VNCD_MDD,0.1423692931437958,500
M3SDA_Reg,0.1209848670012504,500
CMSS_Reg,0.109842417776625,500
XGBoost_Target_Only,0.1216680391859956,100
KRR_Target_Only,1.290716297623947,100
NN_Target_Only,0.4246816148933348,100
XGBoost_Pool,0.1017653172538731,100
KRR_Pool,0.3188843449204389,100
NN_Pool,0.191323392575824,100
XGBoost_TLCQM,0.0990275748050585,100
KRR_TLCQM,0.2127195065877379,100
NN_TLCQM,0.1336370008625496,100
XGBoost_Target_Only,0.1145303005218387,200
KRR_Target_Only,0.6914829877977837,200
NN_Target_Only,0.2616220806151489,200
XGBoost_Pool,0.0984884427456741,200
KRR_Pool,0.3895203279350454,200
NN_Pool,0.2156173070146295,200
XGBoost_TLCQM,0.0961765054491696,200
KRR_TLCQM,0.2041653050270281,200
NN_TLCQM,0.1102302295845121,200
XGBoost_Target_Only,0.0972206137174702,300
KRR_Target_Only,0.4684812694243199,300
NN_Target_Only,0.2204277739043985,300
XGBoost_Pool,0.097680157791603,300
KRR_Pool,0.5105624477601644,300
NN_Pool,0.1884247992895194,300
XGBoost_TLCQM,0.0961826448952674,300
KRR_TLCQM,0.193148344834337,300
NN_TLCQM,0.1086213702613247,300
XGBoost_Target_Only,0.0895420691531364,500
KRR_Target_Only,0.3274044447360709,500
NN_Target_Only,0.1610988362654896,500
XGBoost_Pool,0.0927477100778176,500
KRR_Pool,0.7117115315069549,500
NN_Pool,0.2204756313160723,500
XGBoost_TLCQM,0.09519382027638,500
KRR_TLCQM,0.1904521561032089,500
NN_TLCQM,0.1030567041239361,500
TKRR,1.8975186729231088,100
CDAR,5.108928335455071,100
DARC,32.42216776466158,100
VNCD_MDD,0.193431348112027,100
M3SDA_Reg,0.1173464712426707,100
CMSS_Reg,0.1216799283224591,100
TKRR,1.830254267957556,200
CDAR,4.982083609879497,200
DARC,29.416463768149093,200
VNCD_MDD,0.1498767328402949,200
M3SDA_Reg,0.1070736161105763,200
CMSS_Reg,0.1188481259724217,200
TKRR,1.8514138071078912,300
CDAR,4.927670615049373,300
DARC,29.97256466254241,300
VNCD_MDD,0.1392457952275404,300
M3SDA_Reg,0.1060439857995541,300
CMSS_Reg,0.1169234158418492,300
TKRR,1.689677535860019,500
CDAR,4.905363756512519,500
DARC,30.09833280303704,500
VNCD_MDD,0.1237492334526826,500
M3SDA_Reg,0.1102131737504706,500
CMSS_Reg,0.104654329682127,500
XGBoost_Target_Only,0.1224453133934783,100
KRR_Target_Only,1.526700919065488,100
NN_Target_Only,1.958899827026022,100
XGBoost_Pool,0.1014402033657577,100
KRR_Pool,0.3191591296348948,100
NN_Pool,0.1859376702371588,100
XGBoost_TLCQM,0.1060280374019877,100
KRR_TLCQM,0.2048939951226189,100
NN_TLCQM,0.115030021122528,100
XGBoost_Target_Only,0.1107721522950276,200
KRR_Target_Only,0.8265224483419429,200
NN_Target_Only,0.5268790779720067,200
XGBoost_Pool,0.0981859191558793,200
KRR_Pool,0.3909135738966517,200
NN_Pool,0.2086043989413762,200
XGBoost_TLCQM,0.1009513581941639,200
KRR_TLCQM,0.1844315973904719,200
NN_TLCQM,0.1189849982454842,200
XGBoost_Target_Only,0.0997294357151832,300
KRR_Target_Only,0.6156525078024816,300
NN_Target_Only,0.2689634896910307,300
XGBoost_Pool,0.097784965288512,300
KRR_Pool,0.5110490960941129,300
NN_Pool,0.1749670891760492,300
XGBoost_TLCQM,0.1010859856547296,300
KRR_TLCQM,0.2073029790210596,300
NN_TLCQM,0.1095904838109023,300
XGBoost_Target_Only,0.0999102407038766,500
KRR_Target_Only,0.3612385564167821,500
NN_Target_Only,0.1542776751873227,500
XGBoost_Pool,0.0944966632947375,500
KRR_Pool,0.7074873309978346,500
NN_Pool,0.2149876158909498,500
XGBoost_TLCQM,0.1024735851361937,500
KRR_TLCQM,0.1787649353984459,500
NN_TLCQM,0.110629552134401,500
TKRR,1.983011731794349,100
CDAR,7.299883435766003,100
DARC,32.07946667818112,100
VNCD_MDD,0.1826216745183896,100
M3SDA_Reg,0.1215917690429564,100
CMSS_Reg,0.1162362016022273,100
TKRR,1.96270489393044,200
CDAR,6.814941567226165,200
DARC,38.14014013358408,200
VNCD_MDD,0.1500936901379872,200
M3SDA_Reg,0.1246570971611216,200
CMSS_Reg,0.1111834638310052,200
TKRR,1.925829041505749,300
CDAR,6.689939113507428,300
DARC,38.20814737930234,300
VNCD_MDD,0.1411088935847388,300
M3SDA_Reg,0.1162571814451973,300
CMSS_Reg,0.1053138828218794,300
TKRR,1.8679818660921943,500
CDAR,6.466901552219612,500
DARC,38.281828136761305,500
VNCD_MDD,0.1266157361677028,500
M3SDA_Reg,0.1209993358751871,500
CMSS_Reg,0.1017537179220021,500
XGBoost_Target_Only,0.1087252032439717,100
KRR_Target_Only,0.9767723826664482,100
NN_Target_Only,0.7290988038719861,100
XGBoost_Pool,0.1023438433096613,100
KRR_Pool,0.318986133475056,100
NN_Pool,0.2164020786971371,100
XGBoost_TLCQM,0.1070063455946519,100
KRR_TLCQM,0.1996321944862098,100
NN_TLCQM,0.1296732116443997,100
XGBoost_Target_Only,0.1059921935607754,200
KRR_Target_Only,0.7873595952682216,200
NN_Target_Only,0.3900380960423253,200
XGBoost_Pool,0.0998159695783019,200
KRR_Pool,0.3906887072037847,200
NN_Pool,0.1741738477668472,200
XGBoost_TLCQM,0.0990475601166474,200
KRR_TLCQM,0.196704586376412,200
NN_TLCQM,0.1209439323989959,200
XGBoost_Target_Only,0.1044264756222006,300
KRR_Target_Only,0.6305204299612268,300
NN_Target_Only,0.2817056962169656,300
XGBoost_Pool,0.1001639740880616,300
KRR_Pool,0.5130988211109936,300
NN_Pool,0.1832163324736618,300
XGBoost_TLCQM,0.1031810842998883,300
KRR_TLCQM,0.1974213998846092,300
NN_TLCQM,0.1215079178822547,300
XGBoost_Target_Only,0.0938334443802234,500
KRR_Target_Only,0.394960569538238,500
NN_Target_Only,0.1478773449627738,500
XGBoost_Pool,0.0973380239837756,500
KRR_Pool,0.719565540467814,500
NN_Pool,0.2145921754845874,500
XGBoost_TLCQM,0.1030520846577603,500
KRR_TLCQM,0.1870555809514691,500
NN_TLCQM,0.1129913042650109,500
TKRR,1.899134933528961,100
CDAR,5.819752742256446,100
DARC,32.708875656324395,100
VNCD_MDD,0.2004272263134542,100
M3SDA_Reg,0.1168675661512511,100
CMSS_Reg,0.1111661191067188,100
TKRR,1.870996950864846,200
CDAR,6.606793517058374,200
DARC,39.56182541014992,200
VNCD_MDD,0.145862901133954,200
M3SDA_Reg,0.115464147933769,200
CMSS_Reg,0.1078417085875324,200
TKRR,1.8821224479089853,300
CDAR,6.754154346933056,300
DARC,39.42585968143492,300
VNCD_MDD,0.138223257150766,300
M3SDA_Reg,0.1159806055873742,300
CMSS_Reg,0.1094698031706473,300
TKRR,1.8187256808543564,500
CDAR,6.645287487901762,500
DARC,39.74645594703453,500
VNCD_MDD,0.1275117239856398,500
M3SDA_Reg,0.1186150546492202,500
CMSS_Reg,0.104315718279894,500
XGBoost_Target_Only,0.1160099440047011,100
KRR_Target_Only,0.6972809428016843,100
NN_Target_Only,0.4127691676986723,100
XGBoost_Pool,0.1005959076494023,100
KRR_Pool,0.3170595233895422,100
NN_Pool,0.2095069740635155,100
XGBoost_TLCQM,0.0989581998242036,100
KRR_TLCQM,0.1875637260401002,100
NN_TLCQM,0.1104123630993652,100
XGBoost_Target_Only,0.1087310790892457,200
KRR_Target_Only,0.4889983045426151,200
NN_Target_Only,0.2278815240682186,200
XGBoost_Pool,0.0974625716459785,200
KRR_Pool,0.3872079025725436,200
NN_Pool,0.1851274950631136,200
XGBoost_TLCQM,0.0969443709144694,200
KRR_TLCQM,0.191735043020207,200
NN_TLCQM,0.1000233804049297,200
XGBoost_Target_Only,0.1002774388862156,300
KRR_Target_Only,0.4134908995688354,300
NN_Target_Only,0.190782302936566,300
XGBoost_Pool,0.0971596639109237,300
KRR_Pool,0.508043759866972,300
NN_Pool,0.1652608522331363,300
XGBoost_TLCQM,0.0965306420940401,300
KRR_TLCQM,0.1832606693075215,300
NN_TLCQM,0.1006999725096296,300
XGBoost_Target_Only,0.0983722022368214,500
KRR_Target_Only,0.2931183063215063,500
NN_Target_Only,0.1551185481913929,500
XGBoost_Pool,0.0926740630266654,500
KRR_Pool,0.7095124443052947,500
NN_Pool,0.1620775861653825,500
XGBoost_TLCQM,0.0958234293775164,500
KRR_TLCQM,0.1548471139331962,500
NN_TLCQM,0.0982463729615954,500
TKRR,2.0545739655831725,100
CDAR,51.32651356422172,100
DARC,29.44573828759246,100
VNCD_MDD,0.1626690049678261,100
M3SDA_Reg,0.1192983226563298,100
CMSS_Reg,0.1242043524064317,100
TKRR,1.83328736095046,200
CDAR,6.057443714726387,200
DARC,27.535021327193363,200
VNCD_MDD,0.1401779199488695,200
M3SDA_Reg,0.1157224969154194,200
CMSS_Reg,0.1169109285355696,200
TKRR,1.9360275943431595,300
CDAR,6.094019957105655,300
DARC,27.53790526497054,300
VNCD_MDD,0.1346210537769724,300
M3SDA_Reg,0.1079270670940619,300
CMSS_Reg,0.1099407415057411,300
TKRR,1.7375785460685902,500
CDAR,6.006606554601956,500
DARC,27.124267885732515,500
VNCD_MDD,0.1276246748954714,500
M3SDA_Reg,0.1180520038268241,500
CMSS_Reg,0.1059122998558159,500
XGBoost_Target_Only,0.1205348355415566,100
KRR_Target_Only,0.8407096138765192,100
NN_Target_Only,0.5193462914283319,100
XGBoost_Pool,0.1001379830199663,100
KRR_Pool,0.3195223783087164,100
NN_Pool,0.2101168527516541,100
XGBoost_TLCQM,0.1024865610183596,100
KRR_TLCQM,0.2157726278365806,100
NN_TLCQM,0.1162058777960667,100
XGBoost_Target_Only,0.1076533950070294,200
KRR_Target_Only,0.7304342254955569,200
NN_Target_Only,0.5034507233782294,200
XGBoost_Pool,0.0986407716367821,200
KRR_Pool,0.3917913439787674,200
NN_Pool,0.1863163370992155,200
XGBoost_TLCQM,0.1007142539910309,200
KRR_TLCQM,0.2178720412363922,200
NN_TLCQM,0.1126761489420865,200
XGBoost_Target_Only,0.1049367353200716,300
KRR_Target_Only,0.495065801866888,300
NN_Target_Only,0.2087781971998252,300
XGBoost_Pool,0.0980618665977313,300
KRR_Pool,0.5126347383166042,300
NN_Pool,0.1797482355506592,300
XGBoost_TLCQM,0.0994180635682457,300
KRR_TLCQM,0.2512803547142251,300
NN_TLCQM,0.1111577013198457,300
XGBoost_Target_Only,0.0978930905824441,500
KRR_Target_Only,0.4173543367713365,500
NN_Target_Only,0.1688724147293533,500
XGBoost_Pool,0.0964683731220333,500
KRR_Pool,0.7209555380808451,500
NN_Pool,0.1362371013291459,500
XGBoost_TLCQM,0.0962754302555822,500
KRR_TLCQM,0.1878741743352491,500
NN_TLCQM,0.104271977312955,500
TKRR,1.929458733446611,100
CDAR,6.4178293629116565,100
DARC,34.58358785958055,100
VNCD_MDD,0.1434985115901606,100
M3SDA_Reg,0.122360204988619,100
CMSS_Reg,0.1179460245014443,100
TKRR,1.877067733907476,200
CDAR,6.851501257195488,200
DARC,24.74723472937633,200
VNCD_MDD,0.1349917784903505,200
M3SDA_Reg,0.1150004242871454,200
CMSS_Reg,0.1123987764695426,200
TKRR,1.8395223238667917,300
CDAR,6.62027484324549,300
DARC,24.72367424182561,300
VNCD_MDD,0.1170799190163893,300
M3SDA_Reg,0.1185691380021102,300
CMSS_Reg,0.1110161617517073,300
TKRR,1.7575872792108755,500
CDAR,6.728105190516069,500
DARC,22.77152768802932,500
VNCD_MDD,0.1159578800191274,500
M3SDA_Reg,0.115358003275318,500
CMSS_Reg,0.104487921053981,500
XGBoost_Target_Only,0.1116597052496407,100
KRR_Target_Only,1.1075188308941493,100
NN_Target_Only,0.4125235109673354,100
XGBoost_Pool,0.0983111891138038,100
KRR_Pool,0.3182334238511017,100
NN_Pool,0.1968064878546329,100
XGBoost_TLCQM,0.1013737029003415,100
KRR_TLCQM,0.2344496022395292,100
NN_TLCQM,0.1285858561687801,100
XGBoost_Target_Only,0.1024176039630216,200
KRR_Target_Only,0.7325385874325627,200
NN_Target_Only,0.3491853841314631,200
XGBoost_Pool,0.0964057554923118,200
KRR_Pool,0.3891830283931737,200
NN_Pool,0.1912680505016858,200
XGBoost_TLCQM,0.1019673193980923,200
KRR_TLCQM,0.1936203252502209,200
NN_TLCQM,0.1189714268124007,200
XGBoost_Target_Only,0.1026189716113336,300
KRR_Target_Only,0.5436001597480519,300
NN_Target_Only,0.2441765346394749,300
XGBoost_Pool,0.0951509207837077,300
KRR_Pool,0.4968724881040623,300
NN_Pool,0.1916570495889434,300
XGBoost_TLCQM,0.1009450629726467,300
KRR_TLCQM,0.1476514949693622,300
NN_TLCQM,0.1096115328185724,300
XGBoost_Target_Only,0.0939627076950947,500
KRR_Target_Only,0.2962221854904655,500
NN_Target_Only,0.1744228611466679,500
XGBoost_Pool,0.0937869924251406,500
KRR_Pool,0.6861514448825413,500
NN_Pool,0.2244196017524266,500
XGBoost_TLCQM,0.0992303674929204,500
KRR_TLCQM,0.1381370429234415,500
NN_TLCQM,0.1056779132182666,500
TKRR,2.010364573975923,100
CDAR,5.684556687760394,100
DARC,19.400712681270623,100
VNCD_MDD,0.1724782637574563,100
M3SDA_Reg,0.1149965205262857,100
CMSS_Reg,0.1164932339899586,100
TKRR,1.9347937001872548,200
CDAR,5.6744225670598265,200
DARC,34.71746125975548,200
VNCD_MDD,0.186737160462472,200
M3SDA_Reg,0.1130901450072163,200
CMSS_Reg,0.1111077401558622,200
TKRR,1.9686743193596807,300
CDAR,5.52507356590577,300
DARC,34.310984608340135,300
VNCD_MDD,0.1542925574449846,300
M3SDA_Reg,0.1131636427302724,300
CMSS_Reg,0.1093941045191498,300
TKRR,1.9010889375231816,500
CDAR,5.393616720112707,500
DARC,34.39887241422135,500
VNCD_MDD,0.1282600160344281,500
M3SDA_Reg,0.1174607285807867,500
CMSS_Reg,0.103396068947389,500
XGBoost_Target_Only,0.1257785194031539,100
KRR_Target_Only,0.8558851921879628,100
NN_Target_Only,0.3726184538032349,100
XGBoost_Pool,0.1010527384519652,100
KRR_Pool,0.3181629629519734,100
NN_Pool,0.1821844507506649,100
XGBoost_TLCQM,0.1006322440228459,100
KRR_TLCQM,0.1938297646248346,100
NN_TLCQM,0.1220352379821512,100
XGBoost_Target_Only,0.1073347249210037,200
KRR_Target_Only,0.67775918734394,200
NN_Target_Only,0.3246985286049391,200
XGBoost_Pool,0.0989592513912446,200
KRR_Pool,0.3879319758616021,200
NN_Pool,0.1834573618984398,200
XGBoost_TLCQM,0.0990053617382212,200
KRR_TLCQM,0.1953485364884052,200
NN_TLCQM,0.1225646362394911,200
XGBoost_Target_Only,0.1109966167464002,300
KRR_Target_Only,0.61507126446575,300
NN_Target_Only,0.2405873451647834,300
XGBoost_Pool,0.0987491412130384,300
KRR_Pool,0.5071875264509467,300
NN_Pool,0.180846997675698,300
XGBoost_TLCQM,0.0982425737542393,300
KRR_TLCQM,0.1987177805193794,300
NN_TLCQM,0.1091568421021606,300
XGBoost_Target_Only,0.0946058220497077,500
KRR_Target_Only,0.3582002817235977,500
NN_Target_Only,0.1743108531360796,500
XGBoost_Pool,0.0971633338479576,500
KRR_Pool,0.7005620101116272,500
NN_Pool,0.2213426248203016,500
XGBoost_TLCQM,0.0989314598638891,500
KRR_TLCQM,0.1643454075061476,500
NN_TLCQM,0.1074940359193511,500
TKRR,1.9855919080889168,100
CDAR,5.871240126008598,100
DARC,28.95684682046432,100
VNCD_MDD,0.1598051103001312,100
M3SDA_Reg,0.1177096392606981,100
CMSS_Reg,0.1200565725021536,100
TKRR,1.9912694536689817,200
CDAR,48.24930758948808,200
DARC,36.14480790483085,200
VNCD_MDD,0.167951198395074,200
M3SDA_Reg,0.1186028087029025,200
CMSS_Reg,0.1155482434779198,200
TKRR,2.031202012942113,300
CDAR,48.25448642023892,300
DARC,36.11013211578461,300
VNCD_MDD,0.1357603741438745,300
M3SDA_Reg,0.119384283009155,300
CMSS_Reg,0.1137177437658809,300
TKRR,1.9309177542665892,500
CDAR,48.28552439370705,500
DARC,35.80092166892369,500
VNCD_MDD,0.1286007815657447,500
M3SDA_Reg,0.1187513908368457,500
CMSS_Reg,0.1059643686398646,500
XGBoost_Target_Only,0.1195152559123117,100
KRR_Target_Only,1.7302449483108415,100
NN_Target_Only,1.3941824598339638,100
XGBoost_Pool,0.1003675782843968,100
KRR_Pool,0.3193867273335302,100
NN_Pool,0.2037417223209465,100
XGBoost_TLCQM,0.1003342500632242,100
KRR_TLCQM,0.2179251312331705,100
NN_TLCQM,0.1310355989084184,100
XGBoost_Target_Only,0.1138570724715849,200
KRR_Target_Only,0.95358276896473,200
NN_Target_Only,0.6923987111691944,200
XGBoost_Pool,0.099274508604427,200
KRR_Pool,0.3922371653936531,200
NN_Pool,0.1424218349125625,200
XGBoost_TLCQM,0.1011589613626236,200
KRR_TLCQM,0.2074577760399278,200
NN_TLCQM,0.1104253782041763,200
XGBoost_Target_Only,0.1021444885114268,300
KRR_Target_Only,0.7366340346106304,300
NN_Target_Only,0.3129824104968465,300
XGBoost_Pool,0.0989196999634495,300
KRR_Pool,0.5111829107139414,300
NN_Pool,0.1636205199276756,300
XGBoost_TLCQM,0.0989503035735776,300
KRR_TLCQM,0.2073917236214984,300
NN_TLCQM,0.1093531499720422,300
XGBoost_Target_Only,0.0995592066104993,500
KRR_Target_Only,0.6171339062239316,500
NN_Target_Only,0.2290871391195765,500
XGBoost_Pool,0.0972809390606113,500
KRR_Pool,0.7223741267405592,500
NN_Pool,0.1523277535699593,500
XGBoost_TLCQM,0.1006974559978736,500
KRR_TLCQM,0.2304434923653362,500
NN_TLCQM,0.1129888848237434,500
TKRR,2.078858030502439,100
CDAR,5.902881060607755,100
DARC,21.842577529329887,100
VNCD_MDD,0.179373406240862,100
M3SDA_Reg,0.1134501591341775,100
CMSS_Reg,0.1095727695827888,100
TKRR,2.0471209346546773,200
CDAR,5.676493894772368,200
DARC,32.26102222626378,200
VNCD_MDD,0.1653902103510915,200
M3SDA_Reg,0.1240914051020362,200
CMSS_Reg,0.1179880833627878,200
TKRR,1.8769130756572008,300
CDAR,5.601350392452903,300
DARC,32.119184653374894,300
VNCD_MDD,0.1537226664222548,300
M3SDA_Reg,0.1144279446635857,300
CMSS_Reg,0.1111513021365752,300
TKRR,1.823607244604264,500
CDAR,5.6273103329838285,500
DARC,32.43391954158422,500
VNCD_MDD,0.1421958047195559,500
M3SDA_Reg,0.1248603986063399,500
CMSS_Reg,0.1093896037274157,500
XGBoost_Target_Only,0.1247957461568103,100
KRR_Target_Only,0.693990221438461,100
NN_Target_Only,0.5130894547815352,100
XGBoost_Pool,0.1007111631027314,100
KRR_Pool,0.3187083225083196,100
NN_Pool,0.204390380166275,100
XGBoost_TLCQM,0.1076202486633137,100
KRR_TLCQM,0.2411575818797109,100
NN_TLCQM,0.118132653569733,100
XGBoost_Target_Only,0.100646074316224,200
KRR_Target_Only,0.4194744977740335,200
NN_Target_Only,0.2331357688543082,200
XGBoost_Pool,0.0979503454407955,200
KRR_Pool,0.3823930060779753,200
NN_Pool,0.1766993171567136,200
XGBoost_TLCQM,0.1003179325275437,200
KRR_TLCQM,0.2082766725992269,200
NN_TLCQM,0.108019247560414,200
XGBoost_Target_Only,0.0984400659692859,300
KRR_Target_Only,0.3398483508020848,300
NN_Target_Only,0.1700653984608562,300
XGBoost_Pool,0.0980579234385212,300
KRR_Pool,0.5016525609453877,300
NN_Pool,0.1833172862573613,300
XGBoost_TLCQM,0.1056882286796304,300
KRR_TLCQM,0.2247545094793131,300
NN_TLCQM,0.1196325713559575,300
XGBoost_Target_Only,0.0924162956305401,500
KRR_Target_Only,0.276616874682853,500
NN_Target_Only,0.149617814324337,500
XGBoost_Pool,0.0942719341713033,500
KRR_Pool,0.7000975287624073,500
NN_Pool,0.1930268416978915,500
XGBoost_TLCQM,0.1021222258095047,500
KRR_TLCQM,0.168795019875187,500
NN_TLCQM,0.1128439921984699,500
TKRR,1.9015459386564568,100
CDAR,5.649343133155146,100
DARC,35.01074529159207,100
VNCD_MDD,0.1577251583924504,100
M3SDA_Reg,0.1144237375285524,100
CMSS_Reg,0.111548794052144,100
TKRR,1.814517080587989,200
CDAR,5.447933385155966,200
DARC,35.79211355268559,200
VNCD_MDD,0.1509611729419826,200
M3SDA_Reg,0.1195647631453783,200
CMSS_Reg,0.1100813219221829,200
TKRR,1.8373830079025344,300
CDAR,5.285785093789583,300
DARC,36.50824871153476,300
VNCD_MDD,0.1455779291916397,300
M3SDA_Reg,0.1180534572207856,300
CMSS_Reg,0.1072358596879624,300
TKRR,1.800881157750872,500
CDAR,5.311546129271063,500
DARC,36.536221714941874,500
VNCD_MDD,0.1334254439238811,500
M3SDA_Reg,0.1209490119229027,500
CMSS_Reg,0.1016289306758948,500
XGBoost_Target_Only,0.114537036977321,100
KRR_Target_Only,1.7027276761949317,100
NN_Target_Only,0.7391041397339921,100
XGBoost_Pool,0.0989676511540363,100
KRR_Pool,0.3186491208064967,100
NN_Pool,0.1971554757916339,100
XGBoost_TLCQM,0.100885429031892,100
KRR_TLCQM,0.2251341278569453,100
NN_TLCQM,0.1331243194712776,100
XGBoost_Target_Only,0.1071653866751367,200
KRR_Target_Only,0.9918415801087894,200
NN_Target_Only,0.3497889854844404,200
XGBoost_Pool,0.0986014531106908,200
KRR_Pool,0.3906421618250559,200
NN_Pool,0.188158153929636,200
XGBoost_TLCQM,0.1047290132244077,200
KRR_TLCQM,0.218186302059803,200
NN_TLCQM,0.1193884272443981,200
XGBoost_Target_Only,0.1095839958772027,300
KRR_Target_Only,0.5943143560714507,300
NN_Target_Only,0.2293557818128165,300
XGBoost_Pool,0.0968943425801358,300
KRR_Pool,0.5076387560104055,300
NN_Pool,0.1740968761732368,300
XGBoost_TLCQM,0.0961299346460301,300
KRR_TLCQM,0.1998086280968787,300
NN_TLCQM,0.1092314110815396,300
XGBoost_Target_Only,0.0977366821561706,500
KRR_Target_Only,0.4939271275098327,500
NN_Target_Only,0.20300796226356,500
XGBoost_Pool,0.0944429835792326,500
KRR_Pool,0.7146913468884021,500
NN_Pool,0.1386388756747577,500
XGBoost_TLCQM,0.097085308896481,500
KRR_TLCQM,0.2054199941910851,500
NN_TLCQM,0.1093720901712461,500
TKRR,2.243278595436473,100
CDAR,5.3237978247423685,100
DARC,30.63443839508606,100
VNCD_MDD,0.1864874511683033,100
M3SDA_Reg,0.1137378297224329,100
CMSS_Reg,0.1193455553850159,100
TKRR,2.0657985251216924,200
CDAR,5.812242151497153,200
DARC,35.67453560979044,200
VNCD_MDD,0.1562359363265578,200
M3SDA_Reg,0.1119803914782859,200
CMSS_Reg,0.1167213993027495,200
TKRR,2.00830228698902,300
CDAR,5.742865317417289,300
DARC,35.91321083498918,300
VNCD_MDD,0.1503978276769994,300
M3SDA_Reg,0.1198595650595208,300
CMSS_Reg,0.1086781274499288,300
TKRR,1.912036725404604,500
CDAR,5.803472183902254,500
DARC,36.6448575919204,500
VNCD_MDD,0.1304058999454993,500
M3SDA_Reg,0.1183209229752664,500
CMSS_Reg,0.1023316619771669,500
XGBoost_Target_Only,0.1151350207003304,100
KRR_Target_Only,1.3017355475903898,100
NN_Target_Only,1.633973386584504,100
XGBoost_Pool,0.1004737783713093,100
KRR_Pool,0.3188600555515317,100
NN_Pool,0.2053725726084461,100
XGBoost_TLCQM,0.1057040712361776,100
KRR_TLCQM,0.2512775390926038,100
NN_TLCQM,0.1142717997216254,100
XGBoost_Target_Only,0.114599484396084,200
KRR_Target_Only,0.7387388594191817,200
NN_Target_Only,0.5545080930806846,200
XGBoost_Pool,0.0994523395273886,200
KRR_Pool,0.3912049701530711,200
NN_Pool,0.1956297260348643,200
XGBoost_TLCQM,0.0983232429983274,200
KRR_TLCQM,0.2230113890951404,200
NN_TLCQM,0.1125084827583003,200
XGBoost_Target_Only,0.1148356250684381,300
KRR_Target_Only,0.5480352118054845,300
NN_Target_Only,0.2550530076487126,300
XGBoost_Pool,0.0972241351546353,300
KRR_Pool,0.5101315626674887,300
NN_Pool,0.1692440625942672,300
XGBoost_TLCQM,0.1076569386744825,300
KRR_TLCQM,0.2056427566775792,300
NN_TLCQM,0.1129303908675494,300
XGBoost_Target_Only,0.0935348301989436,500
KRR_Target_Only,0.3381633215372438,500
NN_Target_Only,0.1695510540815994,500
XGBoost_Pool,0.0963190231303442,500
KRR_Pool,0.7028969491019396,500
NN_Pool,0.1394757113671976,500
XGBoost_TLCQM,0.0990568618316142,500
KRR_TLCQM,0.1522117944710088,500
NN_TLCQM,0.104363111829297,500
TKRR,2.063683559148981,100
CDAR,6.538948071499257,100
DARC,33.31568661914858,100
VNCD_MDD,0.1680884668506726,100
M3SDA_Reg,0.115271851907166,100
CMSS_Reg,0.1170437602540547,100
TKRR,1.8150622917013592,200
CDAR,5.302838957396835,200
DARC,39.81584085690828,200
VNCD_MDD,0.156812885901511,200
M3SDA_Reg,0.1150301877897405,200
CMSS_Reg,0.1185574915070025,200
TKRR,1.856149357087189,300
CDAR,5.290182953429416,300
DARC,40.57280880991214,300
VNCD_MDD,0.1399282342499447,300
M3SDA_Reg,0.116539171732061,300
CMSS_Reg,0.1072482375339764,300
TKRR,1.8460896886505191,500
CDAR,5.040519821945526,500
DARC,41.58723438885783,500
VNCD_MDD,0.1289278430460955,500
M3SDA_Reg,0.1166978003132453,500
CMSS_Reg,0.1048445851063288,500
XGBoost_Target_Only,0.1228488466799574,100
KRR_Target_Only,0.6420095768684885,100
NN_Target_Only,0.4391596503970543,100
XGBoost_Pool,0.1001959602355419,100
KRR_Pool,0.3185960394291022,100
NN_Pool,0.2126269391437506,100
XGBoost_TLCQM,0.0975975084224169,100
KRR_TLCQM,0.1986757438153392,100
NN_TLCQM,0.1058874706859798,100
XGBoost_Target_Only,0.0999540971496141,200
KRR_Target_Only,0.4015043888588515,200
NN_Target_Only,0.2546628356197684,200
XGBoost_Pool,0.0985961980247508,200
KRR_Pool,0.3810281779997329,200
NN_Pool,0.2016555787971836,200
XGBoost_TLCQM,0.0976241497728441,200
KRR_TLCQM,0.1768435293377625,200
NN_TLCQM,0.108312368584731,200
XGBoost_Target_Only,0.0971044743999386,300
KRR_Target_Only,0.3936947944401744,300
NN_Target_Only,0.2126295053371757,300
XGBoost_Pool,0.0986477213272638,300
KRR_Pool,0.4993254130181026,300
NN_Pool,0.1973836851545138,300
XGBoost_TLCQM,0.0972329629972202,300
KRR_TLCQM,0.1695229338361439,300
NN_TLCQM,0.1064246973670711,300
XGBoost_Target_Only,0.0966882965247556,500
KRR_Target_Only,0.2940667174402011,500
NN_Target_Only,0.1795335480237234,500
XGBoost_Pool,0.0965838655238185,500
KRR_Pool,0.6951293308435075,500
NN_Pool,0.1824574744830046,500
XGBoost_TLCQM,0.0981977864598052,500
KRR_TLCQM,0.1440174012481347,500
NN_TLCQM,0.1064341950809362,500
TKRR,1.8392935985070549,100
CDAR,6.321668493170848,100
DARC,40.371204315774754,100
VNCD_MDD,0.1704437415261244,100
M3SDA_Reg,0.1140608071160973,100
CMSS_Reg,0.1105936625955326,100
TKRR,1.865946496134448,200
CDAR,5.020127874071254,200
DARC,32.423032348447045,200
VNCD_MDD,0.1499114324218219,200
M3SDA_Reg,0.1172364900076778,200
CMSS_Reg,0.1057720327303332,200
TKRR,1.8072383511758547,300
CDAR,5.08085366799594,300
DARC,33.369802304753065,300
VNCD_MDD,0.1379066975120129,300
M3SDA_Reg,0.1226968124576888,300
CMSS_Reg,0.1027966809628394,300
TKRR,1.6685693285125438,500
CDAR,4.972717528925016,500
DARC,31.78670603604835,500
VNCD_MDD,0.1325925239466088,500
M3SDA_Reg,0.1242215898507448,500
CMSS_Reg,0.1009020376897194,500
XGBoost_Target_Only,0.1024650082507415,100
KRR_Target_Only,0.7528783128766797,100
NN_Target_Only,0.4629484057502468,100
XGBoost_Pool,0.1002543959691173,100
KRR_Pool,0.3176016316962732,100
NN_Pool,0.2047942521464601,100
XGBoost_TLCQM,0.1053612067169776,100
KRR_TLCQM,0.2295603570720128,100
NN_TLCQM,0.1168666415433818,100
XGBoost_Target_Only,0.1012989947654109,200
KRR_Target_Only,0.3956875991785072,200
NN_Target_Only,0.3102496805541637,200
XGBoost_Pool,0.0993239488203337,200
KRR_Pool,0.3854862633057102,200
NN_Pool,0.1836902481246975,200
XGBoost_TLCQM,0.0991314443520948,200
KRR_TLCQM,0.1654714115125435,200
NN_TLCQM,0.1011573973792018,200
XGBoost_Target_Only,0.0989964425738659,300
KRR_Target_Only,0.3881506789301432,300
NN_Target_Only,0.2205837734212105,300
XGBoost_Pool,0.097218859811229,300
KRR_Pool,0.5055278812841699,300
NN_Pool,0.1837016443693861,300
XGBoost_TLCQM,0.0989179950948836,300
KRR_TLCQM,0.1674693599418169,300
NN_TLCQM,0.1012486237114155,300
XGBoost_Target_Only,0.0950062420270821,500
KRR_Target_Only,0.2326184214176907,500
NN_Target_Only,0.1315368765474151,500
XGBoost_Pool,0.0949706757131203,500
KRR_Pool,0.7015840674856504,500
NN_Pool,0.140906915009702,500
XGBoost_TLCQM,0.1038325956965486,500
KRR_TLCQM,0.1636125588537549,500
NN_TLCQM,0.1041812670525284,500
TKRR,1.933845890546308,100
CDAR,5.866781132379804,100
DARC,36.38330678526782,100
VNCD_MDD,0.1598069310727214,100
M3SDA_Reg,0.1139228479174944,100
CMSS_Reg,0.1214419101921565,100
TKRR,1.9190401952006173,200
CDAR,5.565335725840477,200
DARC,28.88112182116605,200
VNCD_MDD,0.1382483657357749,200
M3SDA_Reg,0.1149639297639821,200
CMSS_Reg,0.1155990520438542,200
TKRR,1.874350764974744,300
CDAR,5.4835433243834615,300
DARC,29.139678467887936,300
VNCD_MDD,0.1285374799984775,300
M3SDA_Reg,0.113902032528259,300
CMSS_Reg,0.1115141956562143,300
TKRR,1.8113786281683792,500
CDAR,5.469461952947403,500
DARC,28.870336207224916,500
VNCD_MDD,0.1236317507267619,500
M3SDA_Reg,0.1189126758122312,500
CMSS_Reg,0.1019638315122373,500
XGBoost_Target_Only,0.1583075992612257,100
KRR_Target_Only,1.0901671964765145,100
NN_Target_Only,0.4538775591036873,100
XGBoost_Pool,0.1016582348281397,100
KRR_Pool,0.3138620536754681,100
NN_Pool,0.1923215765103126,100
XGBoost_TLCQM,0.1075049657058107,100
KRR_TLCQM,0.2075617525550022,100
NN_TLCQM,0.1234314525256381,100
XGBoost_Target_Only,0.1103395597123329,200
KRR_Target_Only,0.4371022767535415,200
NN_Target_Only,0.3447324281778355,200
XGBoost_Pool,0.1029937112652694,200
KRR_Pool,0.3771127543698482,200
NN_Pool,0.1709048448224904,200
XGBoost_TLCQM,0.0967429279063778,200
KRR_TLCQM,0.1700374930157449,200
NN_TLCQM,0.1082530470561505,200
XGBoost_Target_Only,0.0990125589336669,300
KRR_Target_Only,0.4291787204166396,300
NN_Target_Only,0.2350616288799303,300
XGBoost_Pool,0.0989196240975438,300
KRR_Pool,0.4974035840990761,300
NN_Pool,0.1699591127511009,300
XGBoost_TLCQM,0.0947462750727302,300
KRR_TLCQM,0.1706994469772382,300
NN_TLCQM,0.1045627549662154,300
XGBoost_Target_Only,0.0959097971290573,500
KRR_Target_Only,0.2796179882569005,500
NN_Target_Only,0.1539206183285845,500
XGBoost_Pool,0.0962926841514305,500
KRR_Pool,0.7064766642888864,500
NN_Pool,0.1859555412419775,500
XGBoost_TLCQM,0.0954462005231626,500
KRR_TLCQM,0.1591279666099936,500
NN_TLCQM,0.1010682073859525,500
TKRR,1.8971881718280592,100
CDAR,6.242358836838507,100
DARC,37.354140444745205,100
VNCD_MDD,0.1811348288524792,100
M3SDA_Reg,0.1132526572502655,100
CMSS_Reg,0.1193909458579379,100
TKRR,1.7989907769552411,200
CDAR,5.881793380641712,200
DARC,28.93075476974834,200
VNCD_MDD,0.1508401986905401,200
M3SDA_Reg,0.1140497503872004,200
CMSS_Reg,0.1138949742170153,200
TKRR,1.8526723259798443,300
CDAR,5.588815128704861,300
DARC,29.29603991710553,300
VNCD_MDD,0.158301868680094,300
M3SDA_Reg,0.1087699530708461,300
CMSS_Reg,0.1091932825001337,300
TKRR,1.7776568991451414,500
CDAR,5.58957386928123,500
DARC,29.52554142729258,500
VNCD_MDD,0.1261054127583851,500
M3SDA_Reg,0.1061730660043878,500
CMSS_Reg,0.1052135200006611,500
XGBoost_Target_Only,0.1205341713779508,100
KRR_Target_Only,1.1673520523870933,100
NN_Target_Only,0.9412358959819817,100
XGBoost_Pool,0.1018952104703375,100
KRR_Pool,0.3190050422971539,100
NN_Pool,0.2409313107103514,100
XGBoost_TLCQM,0.1092819541879725,100
KRR_TLCQM,0.2536205345255394,100
NN_TLCQM,0.1210673695609767,100
XGBoost_Target_Only,0.0976431470095068,200
KRR_Target_Only,0.4654825145620735,200
NN_Target_Only,0.2944708991334722,200
XGBoost_Pool,0.1001289237166579,200
KRR_Pool,0.3796573135230712,200
NN_Pool,0.1861324079996455,200
XGBoost_TLCQM,0.1045244324441016,200
KRR_TLCQM,0.1777965965957385,200
NN_TLCQM,0.1199420198677894,200
XGBoost_Target_Only,0.096129451544916,300
KRR_Target_Only,0.3731195446261,300
NN_Target_Only,0.2063719215611833,300
XGBoost_Pool,0.0971655814149182,300
KRR_Pool,0.4952779600511188,300
NN_Pool,0.2132824167853658,300
XGBoost_TLCQM,0.1057353348433091,300
KRR_TLCQM,0.1967539387517849,300
NN_TLCQM,0.1122886513080521,300
XGBoost_Target_Only,0.092468469568511,500
KRR_Target_Only,0.2994824706626129,500
NN_Target_Only,0.1546294350489283,500
XGBoost_Pool,0.0938935605250519,500
KRR_Pool,0.6950855423848027,500
NN_Pool,0.2186400558243018,500
XGBoost_TLCQM,0.0978235275349473,500
KRR_TLCQM,0.1573254322838266,500
NN_TLCQM,0.1034741038366309,500
TKRR,1.90554519758369,100
CDAR,5.404662013496404,100
DARC,19.52054349097711,100
VNCD_MDD,0.1809503654405319,100
M3SDA_Reg,0.1180635524467112,100
CMSS_Reg,0.1104585000579216,100
TKRR,1.8815925597021776,200
CDAR,5.609147745462299,200
DARC,42.30045475595559,200
VNCD_MDD,0.1356363892219525,200
M3SDA_Reg,0.1161614898522986,200
CMSS_Reg,0.1084344384739177,200
TKRR,1.8580480031995812,300
CDAR,5.459088024569155,300
DARC,43.48610530708032,300
VNCD_MDD,0.1439301633173785,300
M3SDA_Reg,0.1145997770613748,300
CMSS_Reg,0.108530184661873,300
TKRR,1.844636486171048,500
CDAR,5.426836999819712,500
DARC,42.49143061699842,500
VNCD_MDD,0.1273010047652935,500
M3SDA_Reg,0.1129520825289781,500
CMSS_Reg,0.0988422152034813,500
XGBoost_Target_Only,0.118521266387684,100
KRR_Target_Only,1.7801222477512748,100
NN_Target_Only,0.660159799536191,100
XGBoost_Pool,0.0985440387198734,100
KRR_Pool,0.3152900876900154,100
NN_Pool,0.2071981612254333,100
XGBoost_TLCQM,0.1079619972744818,100
KRR_TLCQM,0.2090809922115188,100
NN_TLCQM,0.1407388776823558,100
XGBoost_Target_Only,0.1079777229725255,200
KRR_Target_Only,0.7012588826924071,200
NN_Target_Only,0.3767269385582987,200
XGBoost_Pool,0.0975121064717048,200
KRR_Pool,0.386506791483117,200
NN_Pool,0.2106110084145478,200
XGBoost_TLCQM,0.0985220333400473,200
KRR_TLCQM,0.2118302902136608,200
NN_TLCQM,0.1231952489768184,200
XGBoost_Target_Only,0.0988941366597101,300
KRR_Target_Only,0.4930241659049958,300
NN_Target_Only,0.1906478182660803,300
XGBoost_Pool,0.0954221456226835,300
KRR_Pool,0.5013639929385802,300
NN_Pool,0.2097295878574215,300
XGBoost_TLCQM,0.0976653861102591,300
KRR_TLCQM,0.1773672464229909,300
NN_TLCQM,0.1106087184257191,300
XGBoost_Target_Only,0.0958841970212408,500
KRR_Target_Only,0.3406103200645111,500
NN_Target_Only,0.1674868552649903,500
XGBoost_Pool,0.0960937098229911,500
KRR_Pool,0.7087549283701332,500
NN_Pool,0.2124839645924437,500
XGBoost_TLCQM,0.0973551989023109,500
KRR_TLCQM,0.156832850039337,500
NN_TLCQM,0.1052728620689875,500
TKRR,1.858828271556868,100
CDAR,6.133687918743817,100
DARC,29.628321602047507,100
VNCD_MDD,0.1765244638038238,100
M3SDA_Reg,0.1142989655556414,100
CMSS_Reg,0.1155771760392456,100
TKRR,1.8880450553369723,200
CDAR,5.377377763219089,200
DARC,33.11573364382468,200
VNCD_MDD,0.1350356559331964,200
M3SDA_Reg,0.1143057866910738,200
CMSS_Reg,0.1110757257463223,200
TKRR,1.86461771346772,300
CDAR,5.427142300074192,300
DARC,32.93364656839988,300
VNCD_MDD,0.134244717682053,300
M3SDA_Reg,0.1156519842197621,300
CMSS_Reg,0.1084166002185465,300
TKRR,1.804267095440792,500
CDAR,5.455319015548627,500
DARC,32.79744642190644,500
VNCD_MDD,0.1245808155333229,500
M3SDA_Reg,0.1189272933543197,500
CMSS_Reg,0.1007194389080246,500
XGBoost_Target_Only,0.1182306406768041,100
KRR_Target_Only,2.310717725966032,100
NN_Target_Only,0.5313417528583915,100
XGBoost_Pool,0.1013283566914361,100
KRR_Pool,0.3188926526470221,100
NN_Pool,0.2059275697678887,100
XGBoost_TLCQM,0.101421142791327,100
KRR_TLCQM,0.2832141014480369,100
NN_TLCQM,0.1397454408675066,100
XGBoost_Target_Only,0.110041073385479,200
KRR_Target_Only,0.9247840935993626,200
NN_Target_Only,0.4342875741533104,200
XGBoost_Pool,0.0992824765124175,200
KRR_Pool,0.3914908397324657,200
NN_Pool,0.1930017523278106,200
XGBoost_TLCQM,0.1015705462854663,200
KRR_TLCQM,0.2281708913153574,200
NN_TLCQM,0.1183825451193885,200
XGBoost_Target_Only,0.1057050660392091,300
KRR_Target_Only,0.6404723152374339,300
NN_Target_Only,0.2905736598846888,300
XGBoost_Pool,0.097884168192706,300
KRR_Pool,0.5136978650757759,300
NN_Pool,0.1905746451887795,300
XGBoost_TLCQM,0.1005695916917988,300
KRR_TLCQM,0.2220832772480715,300
NN_TLCQM,0.1142712164086677,300
XGBoost_Target_Only,0.0975322516418034,500
KRR_Target_Only,0.3969282641011248,500
NN_Target_Only,0.1726089807255317,500
XGBoost_Pool,0.0967137036867379,500
KRR_Pool,0.7225401642278112,500
NN_Pool,0.2032843871224481,500
XGBoost_TLCQM,0.0986007700117288,500
KRR_TLCQM,0.1930745092549527,500
NN_TLCQM,0.1041646623855341,500
TKRR,1.8869305508923877,100
CDAR,5.143446903445012,100
DARC,23.348067969745813,100
VNCD_MDD,0.1513165418349138,100
M3SDA_Reg,0.1123845676404402,100
CMSS_Reg,0.1147386076061158,100
TKRR,1.885170972335848,200
CDAR,5.962114577261233,200
DARC,31.66202473602745,200
VNCD_MDD,0.1427586861363639,200
M3SDA_Reg,0.1120328100322592,200
CMSS_Reg,0.1113663142186232,200
TKRR,1.9157343802010716,300
CDAR,5.903432414590851,300
DARC,32.00263449457892,300
VNCD_MDD,0.1324307892730603,300
M3SDA_Reg,0.1130453908900642,300
CMSS_Reg,0.1076380181933734,300
TKRR,1.795903897793673,500
CDAR,5.819351336751676,500
DARC,32.15294958491722,500
VNCD_MDD,0.1246456581476575,500
M3SDA_Reg,0.1161680328741388,500
CMSS_Reg,0.1021898597453779,500
XGBoost_Target_Only,0.1171320978967907,100
KRR_Target_Only,1.1942256679402046,100
NN_Target_Only,0.8875501938710393,100
XGBoost_Pool,0.1016441051053392,100
KRR_Pool,0.318866570145931,100
NN_Pool,0.1982563886113192,100
XGBoost_TLCQM,0.1019217502998623,100
KRR_TLCQM,0.1879886192749483,100
NN_TLCQM,0.1176641607811309,100
XGBoost_Target_Only,0.1006802238464429,200
KRR_Target_Only,0.9120829003915156,200
NN_Target_Only,0.4961714469379152,200
XGBoost_Pool,0.0995976759976543,200
KRR_Pool,0.3915041790796831,200
NN_Pool,0.2024898779736708,200
XGBoost_TLCQM,0.1034456273848304,200
KRR_TLCQM,0.2672939495386222,200
NN_TLCQM,0.1175443993934105,200
XGBoost_Target_Only,0.0978707628302362,300
KRR_Target_Only,0.5646326699599881,300
NN_Target_Only,0.3197269187150705,300
XGBoost_Pool,0.0983536110182669,300
KRR_Pool,0.5028005329306302,300
NN_Pool,0.1742738986023796,300
XGBoost_TLCQM,0.1020199483599008,300
KRR_TLCQM,0.1780965319478827,300
NN_TLCQM,0.1180820774187521,300
XGBoost_Target_Only,0.0939531276741089,500
KRR_Target_Only,0.2324273963015315,500
NN_Target_Only,0.1524499899694865,500
XGBoost_Pool,0.0952061596200502,500
KRR_Pool,0.7029496245718446,500
NN_Pool,0.2020717347167786,500
XGBoost_TLCQM,0.1015824476254091,500
KRR_TLCQM,0.1586840797221596,500
NN_TLCQM,0.106085119517721,500
TKRR,2.0877823811610607,100
CDAR,5.185911393621303,100
DARC,34.80365586861062,100
VNCD_MDD,0.1960405610431892,100
M3SDA_Reg,0.1101490636257002,100
CMSS_Reg,0.1111356090958657,100
TKRR,1.900823526961206,200
CDAR,5.014204132065292,200
DARC,26.86692057535396,200
VNCD_MDD,0.1726763968009249,200
M3SDA_Reg,0.1108833682472664,200
CMSS_Reg,0.1082855896452259,200
TKRR,1.8281136809584264,300
CDAR,4.9211401102048855,300
DARC,27.142447848449645,300
VNCD_MDD,0.1565069951396314,300
M3SDA_Reg,0.1168246124760924,300
CMSS_Reg,0.1070023133676967,300
TKRR,1.7204185334528508,500
CDAR,4.914603827442635,500
DARC,27.043535594085306,500
VNCD_MDD,0.1370223775557678,500
M3SDA_Reg,0.1168973564929193,500
CMSS_Reg,0.1044023778693178,500
XGBoost_Target_Only,0.116811427870865,100
KRR_Target_Only,0.6456196364328856,100
NN_Target_Only,0.4522520126086261,100
XGBoost_Pool,0.1021621139560771,100
KRR_Pool,0.3171445145298035,100
NN_Pool,0.1959456693449241,100
XGBoost_TLCQM,0.1042094203254162,100
KRR_TLCQM,0.2064701730876812,100
NN_TLCQM,0.1218077809787103,100
XGBoost_Target_Only,0.1034141299487015,200
KRR_Target_Only,0.5703100791578624,200
NN_Target_Only,0.3391254807579106,200
XGBoost_Pool,0.097725232015983,200
KRR_Pool,0.3892647738638102,200
NN_Pool,0.1465113765879283,200
XGBoost_TLCQM,0.102295838943116,200
KRR_TLCQM,0.2181381331912433,200
NN_TLCQM,0.1072827448265435,200
XGBoost_Target_Only,0.0966611399905423,300
KRR_Target_Only,0.49328098905292,300
NN_Target_Only,0.2480362363563648,300
XGBoost_Pool,0.0958281611417417,300
KRR_Pool,0.5074720246729341,300
NN_Pool,0.1480772973007635,300
XGBoost_TLCQM,0.0964773958569562,300
KRR_TLCQM,0.1901820498530285,300
NN_TLCQM,0.1040303822707729,300
XGBoost_Target_Only,0.0940056453096954,500
KRR_Target_Only,0.3041793466730398,500
NN_Target_Only,0.1588884954309867,500
XGBoost_Pool,0.0962078108044604,500
KRR_Pool,0.7141233025299875,500
NN_Pool,0.1282555961258863,500
XGBoost_TLCQM,0.0964551186884826,500
KRR_TLCQM,0.1764388211629792,500
NN_TLCQM,0.0995810613955349,500
TKRR,1.8208280510099455,100
CDAR,6.2579287178097385,100
DARC,41.35687358286192,100
VNCD_MDD,0.1689957696818554,100
M3SDA_Reg,0.1191687972229334,100
CMSS_Reg,0.1168233214622119,100
TKRR,1.8358935320970091,200
CDAR,5.926368635100488,200
DARC,33.32262489393551,200
VNCD_MDD,0.1553975740125487,200
M3SDA_Reg,0.1067791378804129,200
CMSS_Reg,0.1081790119845397,200
TKRR,1.82029510052967,300
CDAR,5.986402160452838,300
DARC,33.68638312561378,300
VNCD_MDD,0.1482410885946823,300
M3SDA_Reg,0.1075471069045898,300
CMSS_Reg,0.1054844739502619,300
TKRR,1.688865681847861,500
CDAR,5.820387003789266,500
DARC,33.74503676118282,500
VNCD_MDD,0.1313066593362215,500
M3SDA_Reg,0.1130525066661638,500
CMSS_Reg,0.1008503837936112,500
XGBoost_Target_Only,0.1126183127579234,100
KRR_Target_Only,0.9679575072193936,100
NN_Target_Only,0.4119572547501987,100
XGBoost_Pool,0.1024489380580687,100
KRR_Pool,0.3191338944705061,100
NN_Pool,0.1848210050791068,100
XGBoost_TLCQM,0.1001059893348235,100
KRR_TLCQM,0.2280287092645697,100
NN_TLCQM,0.1059530099545476,100
XGBoost_Target_Only,0.1065831757619954,200
KRR_Target_Only,0.4760885569595453,200
NN_Target_Only,0.2199492187256752,200
XGBoost_Pool,0.100112356894344,200
KRR_Pool,0.3879143863458006,200
NN_Pool,0.191085703093444,200
XGBoost_TLCQM,0.1058497788086415,200
KRR_TLCQM,0.2028338978121575,200
NN_TLCQM,0.120557101747164,200
XGBoost_Target_Only,0.1074411693327552,300
KRR_Target_Only,0.461241657877633,300
NN_Target_Only,0.1653912065782159,300
XGBoost_Pool,0.1005115407627776,300
KRR_Pool,0.5084579551197778,300
NN_Pool,0.1956725670457768,300
XGBoost_TLCQM,0.1057356769660743,300
KRR_TLCQM,0.211535652170785,300
NN_TLCQM,0.1186302988358165,300
XGBoost_Target_Only,0.1017615721868186,500
KRR_Target_Only,0.34096314139516,500
NN_Target_Only,0.1530662741581889,500
XGBoost_Pool,0.0969632109161246,500
KRR_Pool,0.711336714388172,500
NN_Pool,0.2133545648833678,500
XGBoost_TLCQM,0.1040226759901278,500
KRR_TLCQM,0.1937245074683996,500
NN_TLCQM,0.1091733206743456,500
TKRR,1.875022853840889,100
CDAR,5.388265104712851,100
DARC,30.88802340185844,100
VNCD_MDD,0.1635167870420068,100
M3SDA_Reg,0.1222459308667221,100
CMSS_Reg,0.1228142956411212,100
TKRR,1.8739972038627124,200
CDAR,5.3606142896654205,200
DARC,25.20185696170521,200
VNCD_MDD,0.1538693211679057,200
M3SDA_Reg,0.1357377650860371,200
CMSS_Reg,0.1123287827246337,200
TKRR,1.85174189841654,300
CDAR,5.361301033031881,300
DARC,25.55282598153556,300
VNCD_MDD,0.1416720712975073,300
M3SDA_Reg,0.1318978759026483,300
CMSS_Reg,0.1124849303122426,300
TKRR,1.846347531393342,500
CDAR,5.3700223071846445,500
DARC,25.253368542898706,500
VNCD_MDD,0.1442408992488141,500
M3SDA_Reg,0.1302980746044174,500
CMSS_Reg,0.1031342110150743,500
XGBoost_Target_Only,0.1088369647701156,100
KRR_Target_Only,1.1469318271405895,100
NN_Target_Only,0.489026878935567,100
XGBoost_Pool,0.1018018405682546,100
KRR_Pool,0.3154999347001642,100
NN_Pool,0.2051455129827378,100
XGBoost_TLCQM,0.1016833464409394,100
KRR_TLCQM,0.1722326465545186,100
NN_TLCQM,0.1311400918672787,100
XGBoost_Target_Only,0.0983290059798294,200
KRR_Target_Only,0.4795052718329088,200
NN_Target_Only,0.2680083395888016,200
XGBoost_Pool,0.0986642893386131,200
KRR_Pool,0.3849805726923652,200
NN_Pool,0.207732458645853,200
XGBoost_TLCQM,0.1018332878457535,200
KRR_TLCQM,0.1739914717891224,200
NN_TLCQM,0.1168536217508875,200
XGBoost_Target_Only,0.0945154802660774,300
KRR_Target_Only,0.4123227655917137,300
NN_Target_Only,0.1944760570515258,300
XGBoost_Pool,0.0994847398768239,300
KRR_Pool,0.5040674452114572,300
NN_Pool,0.1718273303784077,300
XGBoost_TLCQM,0.1018557006964122,300
KRR_TLCQM,0.1735328351605774,300
NN_TLCQM,0.1140535540598564,300
XGBoost_Target_Only,0.0948739317480258,500
KRR_Target_Only,0.3446643141549039,500
NN_Target_Only,0.1652949516944691,500
XGBoost_Pool,0.0948277089738902,500
KRR_Pool,0.7085493089502429,500
NN_Pool,0.1899513218522497,500
XGBoost_TLCQM,0.0978183500789377,500
KRR_TLCQM,0.1695374592855908,500
NN_TLCQM,0.1111198777959669,500
TKRR,2.02019026633152,100
CDAR,5.22565921948302,100
DARC,32.30887313408307,100
VNCD_MDD,0.1313122763545529,100
M3SDA_Reg,0.1252212854239951,100
CMSS_Reg,0.1064864867778666,100
TKRR,1.9956744037207976,200
CDAR,5.820509136512506,200
DARC,32.93264355693196,200
VNCD_MDD,0.136192737468862,200
M3SDA_Reg,0.1325311063672068,200
CMSS_Reg,0.1032649259072954,200
TKRR,1.8223622824536805,300
CDAR,5.812137263069524,300
DARC,33.09475607603754,300
VNCD_MDD,0.1302943908293658,300
M3SDA_Reg,0.1313227700600177,300
CMSS_Reg,0.1032354710077754,300
TKRR,1.781792650934109,500
CDAR,5.775485399815528,500
DARC,33.80069495672627,500
VNCD_MDD,0.1229308129287419,500
M3SDA_Reg,0.1277066686421492,500
CMSS_Reg,0.0968997196516437,500
XGBoost_Target_Only,0.1100616884249579,100
KRR_Target_Only,0.8141400813765705,100
NN_Target_Only,0.403619273256253,100
XGBoost_Pool,0.0989005477118497,100
KRR_Pool,0.317224250747766,100
NN_Pool,0.2140366570058681,100
XGBoost_TLCQM,0.1067930238798817,100
KRR_TLCQM,0.2248369540731259,100
NN_TLCQM,0.1288098633592763,100
XGBoost_Target_Only,0.1070193777915863,200
KRR_Target_Only,0.506849416446074,200
NN_Target_Only,0.2436382590402145,200
XGBoost_Pool,0.0979913448612357,200
KRR_Pool,0.3889969813251142,200
NN_Pool,0.1950986018168162,200
XGBoost_TLCQM,0.1029744566863625,200
KRR_TLCQM,0.2107455548550902,200
NN_TLCQM,0.111258569070776,200
XGBoost_Target_Only,0.1105875878883641,300
KRR_Target_Only,0.4699006979337498,300
NN_Target_Only,0.2019403797724317,300
XGBoost_Pool,0.0977946950248682,300
KRR_Pool,0.5097977161292622,300
NN_Pool,0.2035741296278461,300
XGBoost_TLCQM,0.0990441152396543,300
KRR_TLCQM,0.1997775483026797,300
NN_TLCQM,0.107431348959384,300
XGBoost_Target_Only,0.0958106469181428,500
KRR_Target_Only,0.4377110505888932,500
NN_Target_Only,0.1733590244891697,500
XGBoost_Pool,0.09404309648194,500
KRR_Pool,0.7192481495864991,500
NN_Pool,0.1992361104164234,500
XGBoost_TLCQM,0.0975537570302566,500
KRR_TLCQM,0.2087531963382156,500
NN_TLCQM,0.10636160893357,500
TKRR,1.913511863925696,100
CDAR,5.289010991021787,100
DARC,33.49488614902168,100
VNCD_MDD,0.1777513738881076,100
M3SDA_Reg,0.1164223461023044,100
CMSS_Reg,0.1151900358606714,100
TKRR,1.9123358777706148,200
CDAR,5.653664362203339,200
DARC,35.17513605101529,200
VNCD_MDD,0.1472032296813751,200
M3SDA_Reg,0.1100393941734868,200
CMSS_Reg,0.1207136332599031,200
TKRR,1.843967386093463,300
CDAR,5.85410051427703,300
DARC,35.50661459282645,300
VNCD_MDD,0.1465660819142475,300
M3SDA_Reg,0.1122808770962126,300
CMSS_Reg,0.1204071945066874,300
TKRR,1.9092514226775128,500
CDAR,5.911371093853048,500
DARC,35.42312400229761,500
VNCD_MDD,0.143268659675197,500
M3SDA_Reg,0.1109198633038295,500
CMSS_Reg,0.113471861781813,500
XGBoost_Target_Only,0.1139215494768573,100
KRR_Target_Only,1.0025926288255378,100
NN_Target_Only,0.4775357140868042,100
XGBoost_Pool,0.1007724940113944,100
KRR_Pool,0.3191516597654067,100
NN_Pool,0.199227766633502,100
XGBoost_TLCQM,0.1020258978097315,100
KRR_TLCQM,0.2062951989794442,100
NN_TLCQM,0.1175082386290105,100
XGBoost_Target_Only,0.1078696960306067,200
KRR_Target_Only,0.6376221303155127,200
NN_Target_Only,0.256462096716178,200
XGBoost_Pool,0.0991678999987886,200
KRR_Pool,0.3874008930212742,200
NN_Pool,0.1835786429258082,200
XGBoost_TLCQM,0.1013093065502235,200
KRR_TLCQM,0.1989363920158855,200
NN_TLCQM,0.1146335351080733,200
XGBoost_Target_Only,0.1014428858074448,300
KRR_Target_Only,0.5287089835113136,300
NN_Target_Only,0.2145722024490509,300
XGBoost_Pool,0.1006724665353435,300
KRR_Pool,0.5066498258538441,300
NN_Pool,0.1878744437336764,300
XGBoost_TLCQM,0.1018205789952982,300
KRR_TLCQM,0.1863071327020607,300
NN_TLCQM,0.1102730208019282,300
XGBoost_Target_Only,0.094575455041557,500
KRR_Target_Only,0.311016044617949,500
NN_Target_Only,0.1435860360955839,500
XGBoost_Pool,0.0980878137812395,500
KRR_Pool,0.7078180780540088,500
NN_Pool,0.2243924740432551,500
XGBoost_TLCQM,0.0992435543545215,500
KRR_TLCQM,0.1632189866361663,500
NN_TLCQM,0.1081763383295631,500
TKRR,2.0105457117869827,100
CDAR,5.305716800029499,100
DARC,29.48617398894992,100
VNCD_MDD,0.1601791772173329,100
M3SDA_Reg,0.1202001235106997,100
CMSS_Reg,0.1172466116411166,100
TKRR,1.9621175691391104,200
CDAR,5.35332180336046,200
DARC,39.97977924433743,200
VNCD_MDD,0.1443761076726602,200
M3SDA_Reg,0.1237785170783018,200
CMSS_Reg,0.113784014087783,200
TKRR,1.835140615630564,300
CDAR,5.315401231477501,300
DARC,39.3144604748308,300
VNCD_MDD,0.1506921579437183,300
M3SDA_Reg,0.1266778238519693,300
CMSS_Reg,0.1080431908280755,300
TKRR,1.6997469948428003,500
CDAR,5.26567934813292,500
DARC,38.82925804966059,500
VNCD_MDD,0.1321269675781619,500
M3SDA_Reg,0.1213826916287083,500
CMSS_Reg,0.1048162474602903,500
XGBoost_Target_Only,0.1194710614863847,100
KRR_Target_Only,1.1659148366326346,100
NN_Target_Only,0.4394919158410586,100
XGBoost_Pool,0.0998406061854843,100
KRR_Pool,0.3176948990235052,100
NN_Pool,0.2099235855115871,100
XGBoost_TLCQM,0.1042740477656011,100
KRR_TLCQM,0.2001486214628759,100
NN_TLCQM,0.1191490924764383,100
XGBoost_Target_Only,0.1048159519416508,200
KRR_Target_Only,0.6151123211808199,200
NN_Target_Only,0.3594993944226514,200
XGBoost_Pool,0.0981292533605294,200
KRR_Pool,0.3898041411602278,200
NN_Pool,0.2004871146603969,200
XGBoost_TLCQM,0.0978319008094026,200
KRR_TLCQM,0.1987503142743348,200
NN_TLCQM,0.1173115329587286,200
XGBoost_Target_Only,0.1051526048055645,300
KRR_Target_Only,0.4833654752471898,300
NN_Target_Only,0.1940854981876389,300
XGBoost_Pool,0.0951313521997353,300
KRR_Pool,0.5090230096742627,300
NN_Pool,0.2086957494777093,300
XGBoost_TLCQM,0.0965335934804073,300
KRR_TLCQM,0.2170811142475877,300
NN_TLCQM,0.1098601869852004,300
XGBoost_Target_Only,0.0942611108112211,500
KRR_Target_Only,0.3708204113534034,500
NN_Target_Only,0.1494238284196663,500
XGBoost_Pool,0.0929270336997773,500
KRR_Pool,0.7137045666535877,500
NN_Pool,0.2131453689631511,500
XGBoost_TLCQM,0.095300401713827,500
KRR_TLCQM,0.2161969668145349,500
NN_TLCQM,0.1074827495010477,500
TKRR,1.848143739889379,100
CDAR,5.764132607844087,100
DARC,34.03470477226977,100
VNCD_MDD,0.1995432549500954,100
M3SDA_Reg,0.119429192421062,100
CMSS_Reg,0.1197840180829093,100
TKRR,1.841525754676863,200
CDAR,6.021531154360587,200
DARC,31.69938326991325,200
VNCD_MDD,0.1797051016408815,200
M3SDA_Reg,0.1248665671277974,200
CMSS_Reg,0.11413317725428,200
TKRR,1.9324113375804488,300
CDAR,6.051828880581693,300
DARC,31.712714307521157,300
VNCD_MDD,0.1528985786248071,300
M3SDA_Reg,0.1199485401595988,300
CMSS_Reg,0.116311569074968,300
TKRR,1.7716747420059669,500
CDAR,6.112010191605297,500
DARC,34.694395291851514,500
VNCD_MDD,0.1512681283949571,500
M3SDA_Reg,0.1196840578501216,500
CMSS_Reg,0.1070933627149723,500
XGBoost_Target_Only,0.1099037788083772,100
KRR_Target_Only,0.6464096152976042,100
NN_Target_Only,0.4108541136936037,100
XGBoost_Pool,0.1002227222735638,100
KRR_Pool,0.3168554808019843,100
NN_Pool,0.2113749567166898,100
XGBoost_TLCQM,0.1012730765997382,100
KRR_TLCQM,0.1813963699778304,100
NN_TLCQM,0.1070009051413299,100
XGBoost_Target_Only,0.0998361375129742,200
KRR_Target_Only,0.4381672856270315,200
NN_Target_Only,0.2366559264287331,200
XGBoost_Pool,0.100400316484039,200
KRR_Pool,0.388214018427215,200
NN_Pool,0.1738799609325472,200
XGBoost_TLCQM,0.1037023099864242,200
KRR_TLCQM,0.185084958187934,200
NN_TLCQM,0.1183833525195844,200
XGBoost_Target_Only,0.0980534354007527,300
KRR_Target_Only,0.3973523171499881,300
NN_Target_Only,0.2105571214953303,300
XGBoost_Pool,0.0988374301957197,300
KRR_Pool,0.508639295670684,300
NN_Pool,0.1931846030515348,300
XGBoost_TLCQM,0.0984210888798928,300
KRR_TLCQM,0.1746572494913021,300
NN_TLCQM,0.1087059313205379,300
XGBoost_Target_Only,0.0971864827992824,500
KRR_Target_Only,0.3780007561089169,500
NN_Target_Only,0.1643036819144059,500
XGBoost_Pool,0.0980672872931055,500
KRR_Pool,0.7173837346173212,500
NN_Pool,0.1372028380151045,500
XGBoost_TLCQM,0.0986069647135017,500
KRR_TLCQM,0.1858564468868812,500
NN_TLCQM,0.1112555391110933,500
TKRR,2.063144377020856,100
CDAR,6.231006806724348,100
DARC,27.11111757629414,100
VNCD_MDD,0.1863309021395018,100
M3SDA_Reg,0.1144536191982269,100
CMSS_Reg,0.1132196584236661,100
TKRR,1.8475477239701728,200
CDAR,5.264800437241901,200
DARC,30.871920987409883,200
VNCD_MDD,0.1548364380368695,200
M3SDA_Reg,0.1155624877586121,200
CMSS_Reg,0.1110757654194035,200
TKRR,1.9586491244534627,300
CDAR,5.489866698352257,300
DARC,31.050596360204903,300
VNCD_MDD,0.1329311427506684,300
M3SDA_Reg,0.1153867324998376,300
CMSS_Reg,0.1089674308185854,300
TKRR,1.81874291200968,500
CDAR,5.546686427821772,500
DARC,30.39118159726617,500
VNCD_MDD,0.1424686411870962,500
M3SDA_Reg,0.1172268057236069,500
CMSS_Reg,0.1057613486261506,500
XGBoost_Target_Only,0.1085741086793979,100
KRR_Target_Only,1.022997628738936,100
NN_Target_Only,0.495345712438351,100
XGBoost_Pool,0.0991730019353716,100
KRR_Pool,0.3183549985606507,100
NN_Pool,0.2069003843333004,100
XGBoost_TLCQM,0.0968790372825226,100
KRR_TLCQM,0.2453569097012933,100
NN_TLCQM,0.112550425840048,100
XGBoost_Target_Only,0.1069205853209623,200
KRR_Target_Only,0.7748974629164439,200
NN_Target_Only,0.3661092432254284,200
XGBoost_Pool,0.0956540267088241,200
KRR_Pool,0.3887378671126858,200
NN_Pool,0.1540862887457421,200
XGBoost_TLCQM,0.0976065848431782,200
KRR_TLCQM,0.2369412711192496,200
NN_TLCQM,0.1070262300983671,200
XGBoost_Target_Only,0.0975132456740871,300
KRR_Target_Only,0.6366321553987997,300
NN_Target_Only,0.3051299650431355,300
XGBoost_Pool,0.0963515974469059,300
KRR_Pool,0.5080793296677277,300
NN_Pool,0.1464061919254254,300
XGBoost_TLCQM,0.0979165838457009,300
KRR_TLCQM,0.2273470182782242,300
NN_TLCQM,0.104731650953471,300
XGBoost_Target_Only,0.092693195954512,500
KRR_Target_Only,0.4170682516411395,500
NN_Target_Only,0.1837649030794884,500
XGBoost_Pool,0.0954082061683309,500
KRR_Pool,0.7106532201509063,500
NN_Pool,0.1468522116268838,500
XGBoost_TLCQM,0.0979515494385821,500
KRR_TLCQM,0.1968396796813011,500
NN_TLCQM,0.1043376009294348,500
TKRR,2.041816824945593,100
CDAR,6.577891662406026,100
DARC,37.438367999727326,100
VNCD_MDD,0.1772819499288928,100
M3SDA_Reg,0.1109952598498448,100
CMSS_Reg,0.1219741037695744,100
TKRR,1.843240458214341,200
CDAR,5.917876472722996,200
DARC,42.28789317743279,200
VNCD_MDD,0.1683155209090696,200
M3SDA_Reg,0.1061302292599827,200
CMSS_Reg,0.1140830365995547,200
TKRR,2.013185961276517,300
CDAR,5.965981048929276,300
DARC,42.63904141184898,300
VNCD_MDD,0.1609857620684295,300
M3SDA_Reg,0.1137494146802347,300
CMSS_Reg,0.114244552939086,300
TKRR,1.8306835948446432,500
CDAR,5.8948261463007885,500
DARC,42.35960230756229,500
VNCD_MDD,0.123613216322743,500
M3SDA_Reg,0.1183878946456667,500
CMSS_Reg,0.1016687548057779,500
XGBoost_Target_Only,0.1150480341900366,100
KRR_Target_Only,0.9784048778451574,100
NN_Target_Only,0.5800016644922189,100
XGBoost_Pool,0.0998514641494549,100
KRR_Pool,0.3158586019678616,100
NN_Pool,0.2065267963088822,100
XGBoost_TLCQM,0.1027779320483125,100
KRR_TLCQM,0.2626841207966396,100
NN_TLCQM,0.1256260530887387,100
XGBoost_Target_Only,0.1062052457133045,200
KRR_Target_Only,0.5645557858468121,200
NN_Target_Only,0.3327490250401146,200
XGBoost_Pool,0.0962120938859717,200
KRR_Pool,0.3804985805168392,200
NN_Pool,0.1844890459796455,200
XGBoost_TLCQM,0.102323983398392,200
KRR_TLCQM,0.2088140031240071,200
NN_TLCQM,0.110757642659626,200
XGBoost_Target_Only,0.0998348637390501,300
KRR_Target_Only,0.4800579602984022,300
NN_Target_Only,0.2634870283356058,300
XGBoost_Pool,0.0957333755785432,300
KRR_Pool,0.5006369964699687,300
NN_Pool,0.1896074327362852,300
XGBoost_TLCQM,0.1005016026718245,300
KRR_TLCQM,0.1778926572353587,300
NN_TLCQM,0.1094167416611047,300
XGBoost_Target_Only,0.0919542940651084,500
KRR_Target_Only,0.4075344268431958,500
NN_Target_Only,0.1890799738559869,500
XGBoost_Pool,0.0909651679513548,500
KRR_Pool,0.704603637764266,500
NN_Pool,0.1267987985189564,500
XGBoost_TLCQM,0.0996670154314935,500
KRR_TLCQM,0.1715267153534202,500
NN_TLCQM,0.110395854255465,500
TKRR,1.873060391223181,100
CDAR,5.181655145828784,100
DARC,26.38723562079005,100
VNCD_MDD,0.1700518114550799,100
M3SDA_Reg,0.114081226486656,100
CMSS_Reg,0.1165531845595953,100
TKRR,1.9881727126379292,200
CDAR,5.990094513252944,200
DARC,30.214273192448395,200
VNCD_MDD,0.1478778868154086,200
M3SDA_Reg,0.1232219154766115,200
CMSS_Reg,0.1172688171627891,200
TKRR,1.798271007640955,300
CDAR,5.955550170775117,300
DARC,33.17108589608357,300
VNCD_MDD,0.1403532191848158,300
M3SDA_Reg,0.1203836981683624,300
CMSS_Reg,0.1117555440699268,300
TKRR,1.9905724397893043,500
CDAR,5.9500743436493,500
DARC,32.22760108210603,500
VNCD_MDD,0.1309649643279919,500
M3SDA_Reg,0.1200719845776526,500
CMSS_Reg,0.1078243477040867,500
XGBoost_Target_Only,0.1249427663400581,100
KRR_Target_Only,1.0653473851721815,100
NN_Target_Only,0.5274838254112603,100
XGBoost_Pool,0.0992695323958474,100
KRR_Pool,0.3157847359715786,100
NN_Pool,0.209727737063864,100
XGBoost_TLCQM,0.10580213580909,100
KRR_TLCQM,0.1845549679201187,100
NN_TLCQM,0.1250070524829673,100
XGBoost_Target_Only,0.1173698769146808,200
KRR_Target_Only,0.4026543911744191,200
NN_Target_Only,0.3173382244047293,200
XGBoost_Pool,0.0996141944489952,200
KRR_Pool,0.3849449602289831,200
NN_Pool,0.2239687474480214,200
XGBoost_TLCQM,0.1018788042225577,200
KRR_TLCQM,0.1626726571823136,200
NN_TLCQM,0.1092403920743163,200
XGBoost_Target_Only,0.1102549506528329,300
KRR_Target_Only,0.3664905138177665,300
NN_Target_Only,0.1970712921564991,300
XGBoost_Pool,0.0982364584098231,300
KRR_Pool,0.5042825029950553,300
NN_Pool,0.1997172262065919,300
XGBoost_TLCQM,0.0985056032846463,300
KRR_TLCQM,0.1621669636187089,300
NN_TLCQM,0.1059179367019318,300
XGBoost_Target_Only,0.0928052406618817,500
KRR_Target_Only,0.2184025959201188,500
NN_Target_Only,0.1245396149889487,500
XGBoost_Pool,0.094432610481303,500
KRR_Pool,0.6997777077657561,500
NN_Pool,0.1878073489978339,500
XGBoost_TLCQM,0.0965889290926293,500
KRR_TLCQM,0.1449451826600852,500
NN_TLCQM,0.1066973423053366,500
TKRR,2.114933476440333,100
CDAR,5.861250514525951,100
DARC,33.38625881073734,100
VNCD_MDD,0.154110080794413,100
M3SDA_Reg,0.1179810136313318,100
CMSS_Reg,0.1051112859858417,100
TKRR,1.9096853112529948,200
CDAR,6.232959570068064,200
DARC,32.2244865993776,200
VNCD_MDD,0.1379515659159756,200
M3SDA_Reg,0.1159096592743949,200
CMSS_Reg,0.1057083263037729,200
TKRR,1.8309410591715725,300
CDAR,6.22019140846433,300
DARC,32.62613725895524,300
VNCD_MDD,0.1349625368620003,300
M3SDA_Reg,0.1178089405947053,300
CMSS_Reg,0.1040489512990214,300
TKRR,1.6691545429978745,500
CDAR,6.295901176460659,500
DARC,32.502310163686786,500
VNCD_MDD,0.1188241236835052,500
M3SDA_Reg,0.1191083418059117,500
CMSS_Reg,0.0999500352688552,500
XGBoost_Target_Only,0.1172128381149277,100
KRR_Target_Only,0.6582729170408264,100
NN_Target_Only,0.5038061152250399,100
XGBoost_Pool,0.1034609078922812,100
KRR_Pool,0.3167690109813276,100
NN_Pool,0.1827028488522354,100
XGBoost_TLCQM,0.107219878434141,100
KRR_TLCQM,0.1828682632475817,100
NN_TLCQM,0.1114886383031385,100
XGBoost_Target_Only,0.0985925675920717,200
KRR_Target_Only,0.3894138456728877,200
NN_Target_Only,0.3147519843283264,200
XGBoost_Pool,0.1006586465321429,200
KRR_Pool,0.3868391092717081,200
NN_Pool,0.2025612950975378,200
XGBoost_TLCQM,0.1063641835336188,200
KRR_TLCQM,0.1882732759158014,200
NN_TLCQM,0.1104124947046106,200
XGBoost_Target_Only,0.0978265709603276,300
KRR_Target_Only,0.3185879052781465,300
NN_Target_Only,0.18530710207681,300
XGBoost_Pool,0.0982667610375917,300
KRR_Pool,0.5070230519506103,300
NN_Pool,0.184220637900479,300
XGBoost_TLCQM,0.1039016907489782,300
KRR_TLCQM,0.1887778642145293,300
NN_TLCQM,0.1096131717410231,300
XGBoost_Target_Only,0.0977249817459825,500
KRR_Target_Only,0.2817224978572639,500
NN_Target_Only,0.148205877359449,500
XGBoost_Pool,0.0955270962001995,500
KRR_Pool,0.7102804012527226,500
NN_Pool,0.2060976648808048,500
XGBoost_TLCQM,0.1030652706452045,500
KRR_TLCQM,0.1816200035419119,500
NN_TLCQM,0.1067031703846537,500
TKRR,1.855556034401844,100
CDAR,5.957141357006439,100
DARC,37.14207319724193,100
VNCD_MDD,0.1637952636139712,100
M3SDA_Reg,0.1254349845932392,100
CMSS_Reg,0.1169364722383481,100
TKRR,1.8065654682433463,200
CDAR,6.072595279522647,200
DARC,28.76594667913932,200
VNCD_MDD,0.1363777935944779,200
M3SDA_Reg,0.1227028541401809,200
CMSS_Reg,0.1126183816255376,200
TKRR,1.820904843959922,300
CDAR,5.753196842041631,300
DARC,27.57724143881241,300
VNCD_MDD,0.1267042510007451,300
M3SDA_Reg,0.1199895869227428,300
CMSS_Reg,0.1082339805352519,300
TKRR,1.7915863207200275,500
CDAR,5.679357441154746,500
DARC,26.65360918952616,500
VNCD_MDD,0.127301196943582,500
M3SDA_Reg,0.1222604434522861,500
CMSS_Reg,0.1059441693519625,500
XGBoost_Target_Only,0.1213975212338515,100
KRR_Target_Only,0.6097285002603561,100
NN_Target_Only,0.2711112804278902,100
XGBoost_Pool,0.1002990640578337,100
KRR_Pool,0.3135588541506496,100
NN_Pool,0.1833901390215728,100
XGBoost_TLCQM,0.1056366712828861,100
KRR_TLCQM,0.1781403871125781,100
NN_TLCQM,0.1140950923517947,100
XGBoost_Target_Only,0.1101944395401417,200
KRR_Target_Only,0.4204971807222046,200
NN_Target_Only,0.2269803712143555,200
XGBoost_Pool,0.0979768579830657,200
KRR_Pool,0.3798982986059845,200
NN_Pool,0.1852255299765817,200
XGBoost_TLCQM,0.0990788074716646,200
KRR_TLCQM,0.1588290306532512,200
NN_TLCQM,0.1013518452500872,200
XGBoost_Target_Only,0.0988038208191721,300
KRR_Target_Only,0.3273673793675926,300
NN_Target_Only,0.1533359976358849,300
XGBoost_Pool,0.0958295618082665,300
KRR_Pool,0.4981950226707491,300
NN_Pool,0.2139010149946632,300
XGBoost_TLCQM,0.1057471033973586,300
KRR_TLCQM,0.189089240653112,300
NN_TLCQM,0.1131087486682977,300
XGBoost_Target_Only,0.0952911189615186,500
KRR_Target_Only,0.2302239897664054,500
NN_Target_Only,0.1410719015634103,500
XGBoost_Pool,0.0945819244972936,500
KRR_Pool,0.7006833654390467,500
NN_Pool,0.2111836624619894,500
XGBoost_TLCQM,0.097608034809055,500
KRR_TLCQM,0.1646788070075615,500
NN_TLCQM,0.1031998635513534,500
TKRR,1.7982070042285438,100
CDAR,6.382410846887184,100
DARC,30.401102618164696,100
VNCD_MDD,0.1534721659036335,100
M3SDA_Reg,0.1168390655742464,100
CMSS_Reg,0.1201113149380948,100
TKRR,1.8127556042747364,200
CDAR,6.096671134098304,200
DARC,31.110336798454437,200
VNCD_MDD,0.1410081883673663,200
M3SDA_Reg,0.1179467882377426,200
CMSS_Reg,0.1103977176754277,200
TKRR,1.850157422558254,300
CDAR,5.8429780671327824,300
DARC,30.583876373482425,300
VNCD_MDD,0.1323759776401892,300
M3SDA_Reg,0.1153173797829935,300
CMSS_Reg,0.1054774668092782,300
TKRR,1.6216873598948152,500
CDAR,5.6290031456921135,500
DARC,29.486826384392923,500
VNCD_MDD,0.1375852736900032,500
M3SDA_Reg,0.1212278862466782,500
CMSS_Reg,0.1034188380008366,500
XGBoost_Target_Only,0.1052122590280602,100
KRR_Target_Only,1.2652048444991806,100
NN_Target_Only,0.7406192447732368,100
XGBoost_Pool,0.1019747986783919,100
KRR_Pool,0.3183447901624013,100
NN_Pool,0.2045739960452967,100
XGBoost_TLCQM,0.1010371525143566,100
KRR_TLCQM,0.1935444406399451,100
NN_TLCQM,0.1290314471531047,100
XGBoost_Target_Only,0.1107239897683214,200
KRR_Target_Only,0.7244101537548803,200
NN_Target_Only,0.3030068773020178,200
XGBoost_Pool,0.1016887981464965,200
KRR_Pool,0.3902613222626493,200
NN_Pool,0.1901022292635212,200
XGBoost_TLCQM,0.1033639054689253,200
KRR_TLCQM,0.2027473420561638,200
NN_TLCQM,0.123439788208602,200
XGBoost_Target_Only,0.105831890405106,300
KRR_Target_Only,0.4819765596737451,300
NN_Target_Only,0.1911215264414395,300
XGBoost_Pool,0.1017715015627265,300
KRR_Pool,0.5102776139119165,300
NN_Pool,0.1911068181349247,300
XGBoost_TLCQM,0.1032681081807716,300
KRR_TLCQM,0.2092813497389494,300
NN_TLCQM,0.1101067272850087,300
XGBoost_Target_Only,0.0980185791625762,500
KRR_Target_Only,0.3632349672739658,500
NN_Target_Only,0.1409560738345634,500
XGBoost_Pool,0.0990071054608748,500
KRR_Pool,0.717775715063911,500
NN_Pool,0.2015081276639878,500
XGBoost_TLCQM,0.1026507514319074,500
KRR_TLCQM,0.214582654084826,500
NN_TLCQM,0.113666799231539,500
TKRR,1.9541639479145891,100
CDAR,5.233741434631591,100
DARC,21.958753004512594,100
VNCD_MDD,0.1593154934428046,100
M3SDA_Reg,0.1175713408144696,100
CMSS_Reg,0.1114835834800383,100
TKRR,1.9910644557736392,200
CDAR,6.119047521044729,200
DARC,18.579713806113546,200
VNCD_MDD,0.1454403048196644,200
M3SDA_Reg,0.1196012156475082,200
CMSS_Reg,0.1125884423633199,200
TKRR,1.9264065945797169,300
CDAR,6.02132676571854,300
DARC,19.07282758517853,300
VNCD_MDD,0.13327566121867,300
M3SDA_Reg,0.1242664904765731,300
CMSS_Reg,0.1110222990444434,300
TKRR,1.8039071168902925,500
CDAR,6.040280983235304,500
DARC,18.823792907832715,500
VNCD_MDD,0.1263249157837522,500
M3SDA_Reg,0.1214104715051903,500
CMSS_Reg,0.109592928599642,500
XGBoost_Target_Only,0.1127176038140231,100
KRR_Target_Only,0.8967343408153337,100
NN_Target_Only,0.4660521748493556,100
XGBoost_Pool,0.0985419687478934,100
KRR_Pool,0.3186156153202915,100
NN_Pool,0.197596713007521,100
XGBoost_TLCQM,0.1031015197431287,100
KRR_TLCQM,0.2210109239333489,100
NN_TLCQM,0.123683761276761,100
XGBoost_Target_Only,0.0993864882624672,200
KRR_Target_Only,0.6721511209717808,200
NN_Target_Only,0.3154135704294477,200
XGBoost_Pool,0.0979565731013677,200
KRR_Pool,0.390428561900865,200
NN_Pool,0.2049490775364156,200
XGBoost_TLCQM,0.1029567613422361,200
KRR_TLCQM,0.1954398134965322,200
NN_TLCQM,0.1181853570259092,200
XGBoost_Target_Only,0.0971470226408261,300
KRR_Target_Only,0.6492709398250823,300
NN_Target_Only,0.2842975016839541,300
XGBoost_Pool,0.0986202662117829,300
KRR_Pool,0.5106420910399344,300
NN_Pool,0.1887994949321126,300
XGBoost_TLCQM,0.0966451535341452,300
KRR_TLCQM,0.2114543608639293,300
NN_TLCQM,0.114331864521198,300
XGBoost_Target_Only,0.0956107308056471,500
KRR_Target_Only,0.4200756036412564,500
NN_Target_Only,0.1724691750472115,500
XGBoost_Pool,0.0952564572200291,500
KRR_Pool,0.7055403067095454,500
NN_Pool,0.1315584305137471,500
XGBoost_TLCQM,0.0976280302698641,500
KRR_TLCQM,0.1767260122781594,500
NN_TLCQM,0.1111695539441421,500
TKRR,2.051620169747584,100
CDAR,5.516698622644917,100
DARC,40.34289752734869,100
VNCD_MDD,0.1552262678752824,100
M3SDA_Reg,0.1113559297362071,100
CMSS_Reg,0.1150862132872729,100
TKRR,2.0843919555071166,200
CDAR,5.745937734591619,200
DARC,27.53612796734856,200
VNCD_MDD,0.1410225590582276,200
M3SDA_Reg,0.1095804859096753,200
CMSS_Reg,0.1093700691327813,200
TKRR,1.974734859955756,300
CDAR,5.807114125151809,300
DARC,27.775896757082982,300
VNCD_MDD,0.1387278294363932,300
M3SDA_Reg,0.1099523069712058,300
CMSS_Reg,0.1101584572665234,300
TKRR,1.8040272984264627,500
CDAR,5.562486769948823,500
DARC,26.472314571589997,500
VNCD_MDD,0.124657334185715,500
M3SDA_Reg,0.1126244668275492,500
CMSS_Reg,0.1002709146493313,500
XGBoost_Target_Only,0.1240727649224787,100
KRR_Target_Only,2.715440309697296,100
NN_Target_Only,0.7224671738376155,100
XGBoost_Pool,0.1013812019749101,100
KRR_Pool,0.3198904445229596,100
NN_Pool,0.206541064209478,100
XGBoost_TLCQM,0.1021309381926219,100
KRR_TLCQM,0.2144826582000052,100
NN_TLCQM,0.1153249738058611,100
XGBoost_Target_Only,0.1062716300909228,200
KRR_Target_Only,0.9249971919661444,200
NN_Target_Only,0.4689995244358378,200
XGBoost_Pool,0.1004663884940713,200
KRR_Pool,0.3907951406592453,200
NN_Pool,0.187605641727213,200
XGBoost_TLCQM,0.1016581552350229,200
KRR_TLCQM,0.1931972654633626,200
NN_TLCQM,0.1082056943844542,200
XGBoost_Target_Only,0.1108590284367089,300
KRR_Target_Only,0.3888782424679053,300
NN_Target_Only,0.1755866911151885,300
XGBoost_Pool,0.0997203454326613,300
KRR_Pool,0.5080214204671157,300
NN_Pool,0.175729161304159,300
XGBoost_TLCQM,0.1070078925382859,300
KRR_TLCQM,0.1925984542019798,300
NN_TLCQM,0.1094824124289161,300
XGBoost_Target_Only,0.0978540813482506,500
KRR_Target_Only,0.332902172223713,500
NN_Target_Only,0.1434233135612561,500
XGBoost_Pool,0.0965381251394577,500
KRR_Pool,0.7121310790314354,500
NN_Pool,0.1846544968490744,500
XGBoost_TLCQM,0.0984263890224011,500
KRR_TLCQM,0.1854237934578023,500
NN_TLCQM,0.1055028381122459,500
TKRR,2.011516428670236,100
CDAR,5.94815980396643,100
DARC,36.54717268878287,100
VNCD_MDD,0.1654920828828442,100
M3SDA_Reg,0.1225017208020639,100
CMSS_Reg,0.1096317471421237,100
TKRR,1.9100734794564935,200
CDAR,6.334053740168448,200
DARC,41.6301755470025,200
VNCD_MDD,0.1714599654651933,200
M3SDA_Reg,0.1210904952964175,200
CMSS_Reg,0.1108578571423339,200
TKRR,1.808598005000701,300
CDAR,6.258709610610507,300
DARC,41.69491717738826,300
VNCD_MDD,0.1512473268403974,300
M3SDA_Reg,0.1217411948162534,300
CMSS_Reg,0.1055247460656045,300
TKRR,1.7929398971426178,500
CDAR,6.264575163366677,500
DARC,41.721667085236525,500
VNCD_MDD,0.13184551167838,500
M3SDA_Reg,0.1255292103964323,500
CMSS_Reg,0.0997659283659648,500
XGBoost_Target_Only,0.1063509837920287,100
KRR_Target_Only,0.759410586226281,100
NN_Target_Only,0.544779082045943,100
XGBoost_Pool,0.1001016864340367,100
KRR_Pool,0.3168382631814768,100
NN_Pool,0.211518590607106,100
XGBoost_TLCQM,0.0984056606406485,100
KRR_TLCQM,0.213845031430084,100
NN_TLCQM,0.1067278270223982,100
XGBoost_Target_Only,0.1015471287166055,200
KRR_Target_Only,0.6894647145879361,200
NN_Target_Only,0.6053848285643142,200
XGBoost_Pool,0.0998138586154335,200
KRR_Pool,0.3879805104401153,200
NN_Pool,0.1979203547883658,200
XGBoost_TLCQM,0.0979618288751699,200
KRR_TLCQM,0.1979078090425054,200
NN_TLCQM,0.1150381636296875,200
XGBoost_Target_Only,0.0960134413052764,300
KRR_Target_Only,0.5452709064532917,300
NN_Target_Only,0.2776445568647961,300
XGBoost_Pool,0.097678016323596,300
KRR_Pool,0.5078830849008005,300
NN_Pool,0.1748463002630527,300
XGBoost_TLCQM,0.098237254555063,300
KRR_TLCQM,0.2023321333499927,300
NN_TLCQM,0.1090462918146182,300
XGBoost_Target_Only,0.0955240365040347,500
KRR_Target_Only,0.3468709476446104,500
NN_Target_Only,0.1780078236144549,500
XGBoost_Pool,0.0953718478504014,500
KRR_Pool,0.7111576612600229,500
NN_Pool,0.1480669463999865,500
XGBoost_TLCQM,0.0973436248168107,500
KRR_TLCQM,0.1871642890233356,500
NN_TLCQM,0.1032002164428959,500
TKRR,1.868388644392572,100
CDAR,5.61023475109708,100
DARC,29.06741201985528,100
VNCD_MDD,0.1623651461648643,100
M3SDA_Reg,0.1098837297807632,100
CMSS_Reg,0.1049574806876392,100
TKRR,1.9413795522952948,200
CDAR,5.373617942026264,200
DARC,41.21527625367815,200
VNCD_MDD,0.1331614942244998,200
M3SDA_Reg,0.1109363343557773,200
CMSS_Reg,0.1059516821645279,200
TKRR,1.832798063470457,300
CDAR,5.328462273196525,300
DARC,41.82304542332087,300
VNCD_MDD,0.1386059230564677,300
M3SDA_Reg,0.1135599663070654,300
CMSS_Reg,0.1036169725677854,300
TKRR,1.813042353015252,500
CDAR,5.339995987084983,500
DARC,42.677507270457774,500
VNCD_MDD,0.1272007324667729,500
M3SDA_Reg,0.1165544386752618,500
CMSS_Reg,0.1045948941499769,500
XGBoost_Target_Only,0.1328000315409312,100
KRR_Target_Only,0.7635913573584571,100
NN_Target_Only,0.6247656386138258,100
XGBoost_Pool,0.0997093870782001,100
KRR_Pool,0.3180649637298557,100
NN_Pool,0.2086305923592475,100
XGBoost_TLCQM,0.1066851572539402,100
KRR_TLCQM,0.2197856793681548,100
NN_TLCQM,0.1203397469819364,100
XGBoost_Target_Only,0.1033554769101276,200
KRR_Target_Only,0.3327372530903231,200
NN_Target_Only,0.2360168657138151,200
XGBoost_Pool,0.0970447862098834,200
KRR_Pool,0.37498482967192,200
NN_Pool,0.1999259973144704,200
XGBoost_TLCQM,0.0980286092421138,200
KRR_TLCQM,0.178798158461102,200
NN_TLCQM,0.1113207807362405,200
XGBoost_Target_Only,0.0999764064976053,300
KRR_Target_Only,0.2843582679124161,300
NN_Target_Only,0.1782904949290899,300
XGBoost_Pool,0.0967052464285451,300
KRR_Pool,0.4942164427748071,300
NN_Pool,0.1772829525867244,300
XGBoost_TLCQM,0.0962360903519979,300
KRR_TLCQM,0.1643276659136476,300
NN_TLCQM,0.1104331535037634,300
XGBoost_Target_Only,0.0923756778738369,500
KRR_Target_Only,0.2405275818401082,500
NN_Target_Only,0.1415170592430225,500
XGBoost_Pool,0.096553057534264,500
KRR_Pool,0.6871956971460007,500
NN_Pool,0.2085553501878334,500
XGBoost_TLCQM,0.0969079892454977,500
KRR_TLCQM,0.1288928173293644,500
NN_TLCQM,0.1082734783764132,500
TKRR,1.848834867538042,100
CDAR,6.004399782880832,100
DARC,31.16621623231406,100
VNCD_MDD,0.1566576667737184,100
M3SDA_Reg,0.1104284906485361,100
CMSS_Reg,0.110313632638572,100
TKRR,2.045362877171089,200
CDAR,6.655673120919931,200
DARC,35.610195906875504,200
VNCD_MDD,0.1491855215112285,200
M3SDA_Reg,0.1129187906122783,200
CMSS_Reg,0.1094210154121952,200
TKRR,1.789277379116615,300
CDAR,6.034856157707349,300
DARC,35.68232200321009,300
VNCD_MDD,0.132747600261292,300
M3SDA_Reg,0.1144190013777027,300
CMSS_Reg,0.1069175812725801,300
TKRR,1.769831911943825,500
CDAR,5.865334435758092,500
DARC,37.40128452731093,500
VNCD_MDD,0.1316404537450158,500
M3SDA_Reg,0.1204671789474055,500
CMSS_Reg,0.100628191183174,500
XGBoost_Target_Only,0.1256810162858498,100
KRR_Target_Only,1.0109773685939265,100
NN_Target_Only,0.9006489407292689,100
XGBoost_Pool,0.1024331584166189,100
KRR_Pool,0.318215958098291,100
NN_Pool,0.210329694852103,100
XGBoost_TLCQM,0.1037222856397172,100
KRR_TLCQM,0.2129317898914003,100
NN_TLCQM,0.1305764902439253,100
XGBoost_Target_Only,0.1095164548177406,200
KRR_Target_Only,0.7031123370104881,200
NN_Target_Only,0.3422117792608447,200
XGBoost_Pool,0.0988244976201667,200
KRR_Pool,0.3899532105544379,200
NN_Pool,0.1733128880023567,200
XGBoost_TLCQM,0.1017521254451173,200
KRR_TLCQM,0.1884471701107164,200
NN_TLCQM,0.1144991855269361,200
XGBoost_Target_Only,0.1011064240726077,300
KRR_Target_Only,0.4482576420042002,300
NN_Target_Only,0.2694202414002093,300
XGBoost_Pool,0.0970856565556003,300
KRR_Pool,0.5121933397041745,300
NN_Pool,0.2104686641716759,300
XGBoost_TLCQM,0.0986525670627033,300
KRR_TLCQM,0.205231714815731,300
NN_TLCQM,0.1123922118805071,300
XGBoost_Target_Only,0.0948052532405264,500
KRR_Target_Only,0.3605410422306916,500
NN_Target_Only,0.1809514375625202,500
XGBoost_Pool,0.0951064935829267,500
KRR_Pool,0.71611377689216,500
NN_Pool,0.2241334068806109,500
XGBoost_TLCQM,0.0979093783143084,500
KRR_TLCQM,0.1953145827298502,500
NN_TLCQM,0.1091978017139324,500
TKRR,1.9780611542884343,100
CDAR,5.878062714871942,100
DARC,33.23039794259282,100
VNCD_MDD,0.155643050934684,100
M3SDA_Reg,0.1174673347736355,100
CMSS_Reg,0.11551044976958,100
TKRR,1.9090075874946628,200
CDAR,5.907923168191021,200
DARC,31.37959404726077,200
VNCD_MDD,0.1494476965521553,200
M3SDA_Reg,0.1244560641840387,200
CMSS_Reg,0.1137397968924659,200
TKRR,1.873594626127296,300
CDAR,5.885421589309798,300
DARC,31.53145916384992,300
VNCD_MDD,0.1376443667466332,300
M3SDA_Reg,0.1166981169685192,300
CMSS_Reg,0.1039985200784738,300
TKRR,1.710071082247983,500
CDAR,5.863823313942711,500
DARC,31.347504638921876,500
VNCD_MDD,0.1302237787270703,500
M3SDA_Reg,0.1160150660894993,500
CMSS_Reg,0.1033079627575395,500
XGBoost_Target_Only,0.117415573705418,100
KRR_Target_Only,0.8975948528118939,100
NN_Target_Only,0.434867103595097,100
XGBoost_Pool,0.0981091026654894,100
KRR_Pool,0.3178197481406339,100
NN_Pool,0.211021053842111,100
XGBoost_TLCQM,0.1107194895218844,100
KRR_TLCQM,0.2178301930174277,100
NN_TLCQM,0.1300267374423942,100
XGBoost_Target_Only,0.1061064187281086,200
KRR_Target_Only,0.5717880185434294,200
NN_Target_Only,0.2992710848714974,200
XGBoost_Pool,0.0987561462304334,200
KRR_Pool,0.3875399327986005,200
NN_Pool,0.1789801817459536,200
XGBoost_TLCQM,0.1096620227779764,200
KRR_TLCQM,0.2116378190463054,200
NN_TLCQM,0.1247919537330072,200
XGBoost_Target_Only,0.1001141963965569,300
KRR_Target_Only,0.4235845191161255,300
NN_Target_Only,0.2097790107631303,300
XGBoost_Pool,0.0985632624143199,300
KRR_Pool,0.5038606960987044,300
NN_Pool,0.1813056300392953,300
XGBoost_TLCQM,0.100349573183518,300
KRR_TLCQM,0.194120010329666,300
NN_TLCQM,0.1112857645215238,300
XGBoost_Target_Only,0.096044875511521,500
KRR_Target_Only,0.3148039318109225,500
NN_Target_Only,0.1596935210762942,500
XGBoost_Pool,0.0964087274878136,500
KRR_Pool,0.703966628869638,500
NN_Pool,0.218966970772614,500
XGBoost_TLCQM,0.10130702492257,500
KRR_TLCQM,0.1875275136727721,500
NN_TLCQM,0.1127750586354577,500
TKRR,1.887540145800728,100
CDAR,5.472357493433317,100
DARC,30.234767860815467,100
VNCD_MDD,0.1748301820427168,100
M3SDA_Reg,0.1164383095866322,100
CMSS_Reg,0.1254574469097429,100
TKRR,1.8835501077119463,200
CDAR,6.137187248158995,200
DARC,38.80266138678952,200
VNCD_MDD,0.1674349123542998,200
M3SDA_Reg,0.1223362251107728,200
CMSS_Reg,0.1200391705195205,200
TKRR,1.8674403138932236,300
CDAR,6.130617327192362,300
DARC,38.80658780524413,300
VNCD_MDD,0.1527499163940795,300
M3SDA_Reg,0.1262324310004491,300
CMSS_Reg,0.1149804906949494,300
TKRR,1.7742230885087038,500
CDAR,6.066350819106948,500
DARC,39.42687394532273,500
VNCD_MDD,0.1365239172517793,500
M3SDA_Reg,0.1231570040915773,500
CMSS_Reg,0.1043927772373493,500
XGBoost_Target_Only,0.1109693431501343,100
KRR_Target_Only,1.1460492935322932,100
NN_Target_Only,0.5216945514283382,100
XGBoost_Pool,0.0997493168514256,100
KRR_Pool,0.3184495574719448,100
NN_Pool,0.2003504989539336,100
XGBoost_TLCQM,0.0978122554992591,100
KRR_TLCQM,0.1882983402318285,100
NN_TLCQM,0.119078348918603,100
XGBoost_Target_Only,0.1023750741742976,200
KRR_Target_Only,0.6315568690307036,200
NN_Target_Only,0.319764230801848,200
XGBoost_Pool,0.0966108065027214,200
KRR_Pool,0.3893086490363409,200
NN_Pool,0.2037304485333378,200
XGBoost_TLCQM,0.097781767595077,200
KRR_TLCQM,0.1873769723968574,200
NN_TLCQM,0.1075347623875128,200
XGBoost_Target_Only,0.0996730758074798,300
KRR_Target_Only,0.5948627490222043,300
NN_Target_Only,0.2527710448788675,300
XGBoost_Pool,0.0964301496257736,300
KRR_Pool,0.51037115526766,300
NN_Pool,0.1822060568255619,300
XGBoost_TLCQM,0.0977722647094228,300
KRR_TLCQM,0.2012771273236946,300
NN_TLCQM,0.110037383105796,300
XGBoost_Target_Only,0.1011276963608118,500
KRR_Target_Only,0.4732094638800277,500
NN_Target_Only,0.1825944942895378,500
XGBoost_Pool,0.0937354256662542,500
KRR_Pool,0.7130145550528999,500
NN_Pool,0.1192856963205914,500
XGBoost_TLCQM,0.0954940610374381,500
KRR_TLCQM,0.1843688307628325,500
NN_TLCQM,0.1072276165396548,500
TKRR,1.8926055059897684,100
CDAR,6.640974692711161,100
DARC,25.919777566994043,100
VNCD_MDD,0.1488470337829391,100
M3SDA_Reg,0.1107009931154138,100
CMSS_Reg,0.1170097448579405,100
TKRR,1.8207211871120343,200
CDAR,5.499997580257749,200
DARC,28.96979021318664,200
VNCD_MDD,0.1394674921308602,200
M3SDA_Reg,0.1136057015875319,200
CMSS_Reg,0.1156827230691927,200
TKRR,1.8561332333710412,300
CDAR,5.633812054807592,300
DARC,29.32723639982787,300
VNCD_MDD,0.1424749414543871,300
M3SDA_Reg,0.1103460187702847,300
CMSS_Reg,0.1115934011849397,300
TKRR,1.8494764478500485,500
CDAR,5.669673383832593,500
DARC,33.316168519335406,500
VNCD_MDD,0.1228406417866873,500
M3SDA_Reg,0.1116143348783317,500
CMSS_Reg,0.1083419315017986,500
XGBoost_Target_Only,0.116185240527336,100
KRR_Target_Only,0.6616994424611109,100
NN_Target_Only,0.4037704003597028,100
XGBoost_Pool,0.1011575615326763,100
KRR_Pool,0.3189478675490547,100
NN_Pool,0.1971276265921948,100
XGBoost_TLCQM,0.0997590900290077,100
KRR_TLCQM,0.2079180269314301,100
NN_TLCQM,0.1263660952344598,100
XGBoost_Target_Only,0.102879183296603,200
KRR_Target_Only,0.3935697508166419,200
NN_Target_Only,0.2363517726579195,200
XGBoost_Pool,0.1001456109664817,200
KRR_Pool,0.3816956780830705,200
NN_Pool,0.215048316570503,200
XGBoost_TLCQM,0.0989404360472795,200
KRR_TLCQM,0.1716289680138774,200
NN_TLCQM,0.111383786446377,200
XGBoost_Target_Only,0.0993261260029181,300
KRR_Target_Only,0.3161718420853326,300
NN_Target_Only,0.1960140301901271,300
XGBoost_Pool,0.0979578615756917,300
KRR_Pool,0.500362956453052,300
NN_Pool,0.1837239504362007,300
XGBoost_TLCQM,0.1021391651718694,300
KRR_TLCQM,0.1679959990082332,300
NN_TLCQM,0.1055127187522018,300
XGBoost_Target_Only,0.0961124446191469,500
KRR_Target_Only,0.3008583669621241,500
NN_Target_Only,0.1464815997521529,500
XGBoost_Pool,0.0961504650229632,500
KRR_Pool,0.7067548729998122,500
NN_Pool,0.1378791338130044,500
XGBoost_TLCQM,0.0983959088495058,500
KRR_TLCQM,0.1687269928061157,500
NN_TLCQM,0.1018043081047587,500
TKRR,1.8527928119286776,100
CDAR,5.829026199694274,100
DARC,29.638907104235468,100
VNCD_MDD,0.1912482230393931,100
M3SDA_Reg,0.1269863065828889,100
CMSS_Reg,0.1194832520455555,100
TKRR,1.8109556130232491,200
CDAR,6.766262838222342,200
DARC,42.86888246195215,200
VNCD_MDD,0.1555052480121198,200
M3SDA_Reg,0.1220315170940822,200
CMSS_Reg,0.1150068822518735,200
TKRR,1.7740221219574022,300
CDAR,6.503745180564779,300
DARC,42.94153202606687,300
VNCD_MDD,0.1615055887450441,300
M3SDA_Reg,0.1228508453128171,300
CMSS_Reg,0.1097559228848829,300
TKRR,1.6914942261022112,500
CDAR,6.350562113281108,500
DARC,42.90634495343871,500
VNCD_MDD,0.1619750697205787,500
M3SDA_Reg,0.1212123922667344,500
CMSS_Reg,0.1023105449429263,500
XGBoost_Target_Only,0.1194797186886039,100
KRR_Target_Only,1.2929566279030789,100
NN_Target_Only,0.5672234217586333,100
XGBoost_Pool,0.1034630787081289,100
KRR_Pool,0.3182771598041992,100
NN_Pool,0.1929041739261304,100
XGBoost_TLCQM,0.1070912624919885,100
KRR_TLCQM,0.1958103852707927,100
NN_TLCQM,0.1471164672875083,100
XGBoost_Target_Only,0.1057296889617723,200
KRR_Target_Only,0.6382411760957551,200
NN_Target_Only,0.3023600926759425,200
XGBoost_Pool,0.1006486640901516,200
KRR_Pool,0.3892394648365537,200
NN_Pool,0.1855575217435584,200
XGBoost_TLCQM,0.1080055356494087,200
KRR_TLCQM,0.1863663846439055,200
NN_TLCQM,0.1223141441435947,200
XGBoost_Target_Only,0.1076130121267056,300
KRR_Target_Only,0.4751592891208873,300
NN_Target_Only,0.1880085706780434,300
XGBoost_Pool,0.1011582809718612,300
KRR_Pool,0.5087502719964759,300
NN_Pool,0.1733249648954777,300
XGBoost_TLCQM,0.1066174556393198,300
KRR_TLCQM,0.1818734955435357,300
NN_TLCQM,0.1232965250227741,300
XGBoost_Target_Only,0.0993831324391701,500
KRR_Target_Only,0.4166781801335671,500
NN_Target_Only,0.1657596228703531,500
XGBoost_Pool,0.0975646331174723,500
KRR_Pool,0.7139983609092797,500
NN_Pool,0.1726191295907072,500
XGBoost_TLCQM,0.1038523824050827,500
KRR_TLCQM,0.1800160636029959,500
NN_TLCQM,0.1141957256531507,500
TKRR,2.080798755845141,100
CDAR,5.543378915173489,100
DARC,29.522677814145723,100
VNCD_MDD,0.1786949242183027,100
M3SDA_Reg,0.1180220264253362,100
CMSS_Reg,0.120047093280328,100
TKRR,1.8575234690307845,200
CDAR,5.532709250453703,200
DARC,33.451943885685715,200
VNCD_MDD,0.1691535592132312,200
M3SDA_Reg,0.114377529373606,200
CMSS_Reg,0.1133173139806718,200
TKRR,1.7904810654410586,300
CDAR,5.479546450461882,300
DARC,33.56320634839516,300
VNCD_MDD,0.1330916812297684,300
M3SDA_Reg,0.1203703125140936,300
CMSS_Reg,0.1116993998823508,300
TKRR,1.7993238736892818,500
CDAR,5.575085931898633,500
DARC,33.468937263342525,500
VNCD_MDD,0.1264695326853957,500
M3SDA_Reg,0.1169687478988316,500
CMSS_Reg,0.1047743026973508,500
XGBoost_Target_Only,0.1188909484679003,100
KRR_Target_Only,1.445406164772245,100
NN_Target_Only,0.7075937516862428,100
XGBoost_Pool,0.1010297149366084,100
KRR_Pool,0.3192356555422111,100
NN_Pool,0.213842849879911,100
XGBoost_TLCQM,0.1025324421467809,100
KRR_TLCQM,0.2078093246998069,100
NN_TLCQM,0.1277626925507894,100
XGBoost_Target_Only,0.0987832418769694,200
KRR_Target_Only,0.9549097363632952,200
NN_Target_Only,0.5274012498895869,200
XGBoost_Pool,0.0992246376266166,200
KRR_Pool,0.3915896983911244,200
NN_Pool,0.2095633268724276,200
XGBoost_TLCQM,0.1031851189800831,200
KRR_TLCQM,0.2364524615237772,200
NN_TLCQM,0.1121856785520531,200
XGBoost_Target_Only,0.0950030017638561,300
KRR_Target_Only,0.6499346596494449,300
NN_Target_Only,0.317903580701044,300
XGBoost_Pool,0.0957711069164898,300
KRR_Pool,0.5117128281506779,300
NN_Pool,0.2305373309425306,300
XGBoost_TLCQM,0.0983257342896298,300
KRR_TLCQM,0.225993142024971,300
NN_TLCQM,0.1079296259000574,300
XGBoost_Target_Only,0.0914970928907653,500
KRR_Target_Only,0.4568202239046837,500
NN_Target_Only,0.1800596244136697,500
XGBoost_Pool,0.0936037897001645,500
KRR_Pool,0.7045704410138324,500
NN_Pool,0.2034818035950774,500
XGBoost_TLCQM,0.1000533700279938,500
KRR_TLCQM,0.2175177890192776,500
NN_TLCQM,0.1057035459294524,500
TKRR,1.87678273251395,100
CDAR,5.21456316852497,100
DARC,38.766523818864535,100
VNCD_MDD,0.1519347231378835,100
M3SDA_Reg,0.1231546941677621,100
CMSS_Reg,0.1207960835686291,100
TKRR,1.8908319576920187,200
CDAR,5.523869472538758,200
DARC,31.141012521932304,200
VNCD_MDD,0.1475223231359891,200
M3SDA_Reg,0.1118976102671238,200
CMSS_Reg,0.1102508984045159,200
TKRR,1.894956620403586,300
CDAR,5.460167130336018,300
DARC,31.503164330282047,300
VNCD_MDD,0.1467039312548501,300
M3SDA_Reg,0.1102034599944396,300
CMSS_Reg,0.1083314436457337,300
TKRR,1.831900458525093,500
CDAR,5.382336400066829,500
DARC,31.841317973347184,500
VNCD_MDD,0.1264062680794732,500
M3SDA_Reg,0.1138895786237008,500
CMSS_Reg,0.103066998888655,500
XGBoost_Target_Only,0.1207567727882286,100
KRR_Target_Only,0.8184417234244581,100
NN_Target_Only,0.6178467403139225,100
XGBoost_Pool,0.1013488654410006,100
KRR_Pool,0.3183991638627452,100
NN_Pool,0.2242394771301859,100
XGBoost_TLCQM,0.0995770051137492,100
KRR_TLCQM,0.2042018692666086,100
NN_TLCQM,0.1134050618250436,100
XGBoost_Target_Only,0.1118589649854834,200
KRR_Target_Only,0.6362720039446702,200
NN_Target_Only,0.4012652219130714,200
XGBoost_Pool,0.0995982758465463,200
KRR_Pool,0.3882427432558768,200
NN_Pool,0.197467255459103,200
XGBoost_TLCQM,0.1061269104871617,200
KRR_TLCQM,0.2076773961960974,200
NN_TLCQM,0.1110377802162417,200
XGBoost_Target_Only,0.0964230618453223,300
KRR_Target_Only,0.4925711517741375,300
NN_Target_Only,0.2877058023273489,300
XGBoost_Pool,0.0986980558389937,300
KRR_Pool,0.5093178570815327,300
NN_Pool,0.2043435805777172,300
XGBoost_TLCQM,0.1050329814101242,300
KRR_TLCQM,0.2013728862410644,300
NN_TLCQM,0.1140166611278418,300
XGBoost_Target_Only,0.0948082807658397,500
KRR_Target_Only,0.4209371525969738,500
NN_Target_Only,0.1896259953095555,500
XGBoost_Pool,0.0944746645646636,500
KRR_Pool,0.7176054251063204,500
NN_Pool,0.2125869327449321,500
XGBoost_TLCQM,0.096325959992342,500
KRR_TLCQM,0.2036502782414304,500
NN_TLCQM,0.1034797493706729,500
TKRR,1.9505812417794557,100
CDAR,6.155750878743036,100
DARC,35.80397786404501,100
VNCD_MDD,0.1592493434869869,100
M3SDA_Reg,0.1186955307489683,100
CMSS_Reg,0.1267868346923308,100
TKRR,1.9296586388858656,200
CDAR,5.501339149214621,200
DARC,32.41584420422166,200
VNCD_MDD,0.1545509483811129,200
M3SDA_Reg,0.1147755750475467,200
CMSS_Reg,0.1224025389179177,200
TKRR,1.9642884558817637,300
CDAR,5.533747452363746,300
DARC,32.45929748207812,300
VNCD_MDD,0.1332117448620485,300
M3SDA_Reg,0.1118455649321937,300
CMSS_Reg,0.1112463817807413,300
TKRR,1.8079989076488585,500
CDAR,5.538724783464275,500
DARC,33.06436408141057,500
VNCD_MDD,0.1204195140651381,500
M3SDA_Reg,0.1167815375060426,500
CMSS_Reg,0.1057809961991638,500
XGBoost_Target_Only,0.119433445121875,100
KRR_Target_Only,1.0209119357652623,100
NN_Target_Only,0.6346581445160409,100
XGBoost_Pool,0.1007454462177255,100
KRR_Pool,0.3187122994716034,100
NN_Pool,0.2044526256824299,100
XGBoost_TLCQM,0.1032760714163406,100
KRR_TLCQM,0.2046936883187325,100
NN_TLCQM,0.1337960688020806,100
XGBoost_Target_Only,0.1105462119989225,200
KRR_Target_Only,0.6476552287409244,200
NN_Target_Only,0.4011784618269593,200
XGBoost_Pool,0.0993985370666771,200
KRR_Pool,0.3913168802179853,200
NN_Pool,0.1949562518661461,200
XGBoost_TLCQM,0.1013474549447832,200
KRR_TLCQM,0.2016116363003781,200
NN_TLCQM,0.1116028872560045,200
XGBoost_Target_Only,0.1019875608393501,300
KRR_Target_Only,0.4583314349838509,300
NN_Target_Only,0.2218590990638273,300
XGBoost_Pool,0.1015649884384215,300
KRR_Pool,0.5139114334846361,300
NN_Pool,0.1848382625505387,300
XGBoost_TLCQM,0.1027191126286695,300
KRR_TLCQM,0.2228679843207325,300
NN_TLCQM,0.1099925086650444,300
XGBoost_Target_Only,0.0970943597843963,500
KRR_Target_Only,0.4001491675201371,500
NN_Target_Only,0.1603993721525529,500
XGBoost_Pool,0.0952412982146879,500
KRR_Pool,0.7238585910806009,500
NN_Pool,0.1505721974842111,500
XGBoost_TLCQM,0.1018628238150551,500
KRR_TLCQM,0.2403959638514332,500
NN_TLCQM,0.1095791313477632,500
TKRR,1.829318220073384,100
CDAR,5.75728336878641,100
DARC,33.233038192521285,100
VNCD_MDD,0.1609943466149923,100
M3SDA_Reg,0.1115265343893759,100
CMSS_Reg,0.1232067479040579,100
TKRR,1.885151881588648,200
CDAR,5.721877337316048,200
DARC,26.856563993002947,200
VNCD_MDD,0.1728472415101273,200
M3SDA_Reg,0.1151157028890903,200
CMSS_Reg,0.1105623049175906,200
TKRR,1.7365331092796026,300
CDAR,5.727373652430453,300
DARC,26.84537146824341,300
VNCD_MDD,0.1403576691842962,300
M3SDA_Reg,0.115712981968969,300
CMSS_Reg,0.1114371474709162,300
TKRR,1.743634499782431,500
CDAR,5.783155899862454,500
DARC,26.83348171384613,500
VNCD_MDD,0.1338376616256179,500
M3SDA_Reg,0.1111450755997244,500
CMSS_Reg,0.1058964172191673,500
XGBoost_Target_Only,0.1384381644592104,100
KRR_Target_Only,0.6651833401490047,100
NN_Target_Only,0.3492141401171787,100
XGBoost_Pool,0.0993941156682626,100
KRR_Pool,0.3093547767447037,100
NN_Pool,0.184262608399094,100
XGBoost_TLCQM,0.1049042385860022,100
KRR_TLCQM,0.1645424251648997,100
NN_TLCQM,0.1114117104763769,100
XGBoost_Target_Only,0.1089786203140901,200
KRR_Target_Only,0.4562608021686534,200
NN_Target_Only,0.2338451512365323,200
XGBoost_Pool,0.101319623584065,200
KRR_Pool,0.3773794451922048,200
NN_Pool,0.186746636940831,200
XGBoost_TLCQM,0.1007791610381929,200
KRR_TLCQM,0.1613930730380945,200
NN_TLCQM,0.1094286575107793,200
XGBoost_Target_Only,0.1006483476751513,300
KRR_Target_Only,0.3351058580288062,300
NN_Target_Only,0.1820136951129433,300
XGBoost_Pool,0.1004049854327085,300
KRR_Pool,0.4955199243501257,300
NN_Pool,0.1827712990627182,300
XGBoost_TLCQM,0.0992799078229296,300
KRR_TLCQM,0.152619855046462,300
NN_TLCQM,0.1053647307292691,300
XGBoost_Target_Only,0.1003577146443274,500
KRR_Target_Only,0.2833361066371452,500
NN_Target_Only,0.1482945548167484,500
XGBoost_Pool,0.0979895253338642,500
KRR_Pool,0.7012688988581841,500
NN_Pool,0.2161903081345838,500
XGBoost_TLCQM,0.0962522866822337,500
KRR_TLCQM,0.1551816360055633,500
NN_TLCQM,0.1032249948586584,500
TKRR,1.9104579687605812,100
CDAR,5.692336817440708,100
DARC,27.66255114863925,100
VNCD_MDD,0.1757253363699467,100
M3SDA_Reg,0.1194595298527353,100
CMSS_Reg,0.1138988056136493,100
TKRR,1.880556387080182,200
CDAR,6.026528716838751,200
DARC,39.55851436096154,200
VNCD_MDD,0.1548207596359115,200
M3SDA_Reg,0.1181011182772239,200
CMSS_Reg,0.1149480865456085,200
TKRR,1.8614570703864093,300
CDAR,6.052579484646206,300
DARC,41.39268247993319,300
VNCD_MDD,0.1468579002378564,300
M3SDA_Reg,0.1185485523653962,300
CMSS_Reg,0.1074093380417726,300
TKRR,1.7753254752555292,500
CDAR,6.098394191620943,500
DARC,41.19431593639419,500
VNCD_MDD,0.1346247962029796,500
M3SDA_Reg,0.1151100993989213,500
CMSS_Reg,0.1034121365000784,500
XGBoost_Target_Only,0.117951254228169,100
KRR_Target_Only,1.9165059443213563,100
NN_Target_Only,0.5868810575062364,100
XGBoost_Pool,0.1004138567263107,100
KRR_Pool,0.3190011803809739,100
NN_Pool,0.2016832586480391,100
XGBoost_TLCQM,0.1081014757865523,100
KRR_TLCQM,0.2586552343554072,100
NN_TLCQM,0.1294356957446985,100
XGBoost_Target_Only,0.0985717724321564,200
KRR_Target_Only,0.7949787708685382,200
NN_Target_Only,0.5062278624814565,200
XGBoost_Pool,0.0971619877543899,200
KRR_Pool,0.3909873152224116,200
NN_Pool,0.1783031077907522,200
XGBoost_TLCQM,0.1016060561521826,200
KRR_TLCQM,0.2245372517676948,200
NN_TLCQM,0.1179975309878477,200
XGBoost_Target_Only,0.0956687363287518,300
KRR_Target_Only,0.5353738878067685,300
NN_Target_Only,0.2782765973134966,300
XGBoost_Pool,0.0957577632090255,300
KRR_Pool,0.5078820966444452,300
NN_Pool,0.1824946335555404,300
XGBoost_TLCQM,0.0985285611773234,300
KRR_TLCQM,0.1805784934123721,300
NN_TLCQM,0.1052968569732303,300
XGBoost_Target_Only,0.0931282907453244,500
KRR_Target_Only,0.4445495340559638,500
NN_Target_Only,0.2151523661874845,500
XGBoost_Pool,0.0942802236353079,500
KRR_Pool,0.7142356675745944,500
NN_Pool,0.1355362367012076,500
XGBoost_TLCQM,0.096691715732096,500
KRR_TLCQM,0.1835166013641503,500
NN_TLCQM,0.1044938227493811,500
TKRR,1.9485345692387028,100
CDAR,5.746923476015303,100
DARC,25.731759960794363,100
VNCD_MDD,0.1729440199531539,100
M3SDA_Reg,0.1120990289986242,100
CMSS_Reg,0.1208838402759068,100
TKRR,1.8946071058154257,200
CDAR,56.28617942477281,200
DARC,40.343835344652845,200
VNCD_MDD,0.1539008890729983,200
M3SDA_Reg,0.1095225053929226,200
CMSS_Reg,0.112358087684562,200
TKRR,1.9376692855597577,300
CDAR,56.28245438517341,300
DARC,39.935424195363545,300
VNCD_MDD,0.1429308128386233,300
M3SDA_Reg,0.1123330503506475,300
CMSS_Reg,0.1100210633979492,300
TKRR,1.7931869646442749,500
CDAR,56.27240968262302,500
DARC,39.77751750256082,500
VNCD_MDD,0.134637356362651,500
M3SDA_Reg,0.1182935965705888,500
CMSS_Reg,0.1036661006606883,500
XGBoost_Target_Only,0.1169372406908675,100
KRR_Target_Only,0.9792762602374542,100
NN_Target_Only,0.5696187622602916,100
XGBoost_Pool,0.0971627316068756,100
KRR_Pool,0.318005906726089,100
NN_Pool,0.2202228774727273,100
XGBoost_TLCQM,0.1104221006102105,100
KRR_TLCQM,0.2368703233175307,100
NN_TLCQM,0.1358775830660832,100
XGBoost_Target_Only,0.1096841194518515,200
KRR_Target_Only,0.8580860562799392,200
NN_Target_Only,0.5118420536141862,200
XGBoost_Pool,0.0956781865870253,200
KRR_Pool,0.3891299228210531,200
NN_Pool,0.1937865821536807,200
XGBoost_TLCQM,0.1021958978986581,200
KRR_TLCQM,0.2274577292190306,200
NN_TLCQM,0.1154015084384487,200
XGBoost_Target_Only,0.0997413399521953,300
KRR_Target_Only,0.4088523206874934,300
NN_Target_Only,0.1602709654156017,300
XGBoost_Pool,0.0960335591835739,300
KRR_Pool,0.5056128333317783,300
NN_Pool,0.1673357908531791,300
XGBoost_TLCQM,0.1040112139875898,300
KRR_TLCQM,0.1893923171927358,300
NN_TLCQM,0.1135495483528493,300
XGBoost_Target_Only,0.0953855431471395,500
KRR_Target_Only,0.3102750919725622,500
NN_Target_Only,0.1410236122907518,500
XGBoost_Pool,0.0945257132679596,500
KRR_Pool,0.7021284607936755,500
NN_Pool,0.2061465826279445,500
XGBoost_TLCQM,0.0982173200814235,500
KRR_TLCQM,0.1791614226837081,500
NN_TLCQM,0.1047850424757814,500
TKRR,2.110183053761688,100
CDAR,5.381442258948344,100
DARC,29.18818003032952,100
VNCD_MDD,0.1716375718512883,100
M3SDA_Reg,0.1165140625086838,100
CMSS_Reg,0.1146374101556185,100
TKRR,1.8935015865532805,200
CDAR,6.126683402631145,200
DARC,31.379220563890456,200
VNCD_MDD,0.1404842339868096,200
M3SDA_Reg,0.1170824600340984,200
CMSS_Reg,0.1073893100079414,200
TKRR,1.7716793626598182,300
CDAR,5.395057735373676,300
DARC,31.277767241667743,300
VNCD_MDD,0.1264870460647837,300
M3SDA_Reg,0.118946444117488,300
CMSS_Reg,0.106228729503452,300
TKRR,1.708628128862688,500
CDAR,5.271015942537687,500
DARC,30.72542131971232,500
VNCD_MDD,0.119571829342179,500
M3SDA_Reg,0.1160409114570242,500
CMSS_Reg,0.1016768210620227,500
XGBoost_Target_Only,0.12799086699366,100
KRR_Target_Only,1.350434271975636,100
NN_Target_Only,0.8086010029103978,100
XGBoost_Pool,0.099662246352711,100
KRR_Pool,0.3179955491100734,100
NN_Pool,0.1945653796647852,100
XGBoost_TLCQM,0.1068211222236537,100
KRR_TLCQM,0.2133314090727103,100
NN_TLCQM,0.1506264346804842,100
XGBoost_Target_Only,0.1035772937894458,200
KRR_Target_Only,0.5911678976678048,200
NN_Target_Only,0.3345494033367008,200
XGBoost_Pool,0.0975233850092228,200
KRR_Pool,0.382327142925254,200
NN_Pool,0.1821372913363217,200
XGBoost_TLCQM,0.1075287702536543,200
KRR_TLCQM,0.1788989930711311,200
NN_TLCQM,0.1201054450542402,200
XGBoost_Target_Only,0.0969128248723752,300
KRR_Target_Only,0.4764583450224602,300
NN_Target_Only,0.254867941151893,300
XGBoost_Pool,0.0963084740847804,300
KRR_Pool,0.5004208775989223,300
NN_Pool,0.1814199147232659,300
XGBoost_TLCQM,0.1056389473079909,300
KRR_TLCQM,0.1785174575736471,300
NN_TLCQM,0.1172479136011949,300
XGBoost_Target_Only,0.09183094056512,500
KRR_Target_Only,0.3653867781297086,500
NN_Target_Only,0.171069542520158,500
XGBoost_Pool,0.0957943457527463,500
KRR_Pool,0.7026514046876075,500
NN_Pool,0.1466035888938009,500
XGBoost_TLCQM,0.1023398858782626,500
KRR_TLCQM,0.1866557359529135,500
NN_TLCQM,0.1130421001052035,500
TKRR,1.8952644867323352,100
CDAR,6.088559166618292,100
DARC,37.64852773715881,100
VNCD_MDD,0.1536506488232489,100
M3SDA_Reg,0.1169874619742688,100
CMSS_Reg,0.1195627935394942,100
TKRR,2.0098080206256923,200
CDAR,5.202255501464177,200
DARC,29.382950759001048,200
VNCD_MDD,0.1438277556332353,200
M3SDA_Reg,0.1179165655350451,200
CMSS_Reg,0.1106216172296048,200
TKRR,1.8102263825307043,300
CDAR,5.2262801924657385,300
DARC,29.38768539190772,300
VNCD_MDD,0.1364982915284589,300
M3SDA_Reg,0.1155206685665998,300
CMSS_Reg,0.1060943297364784,300
TKRR,1.963956726307591,500
CDAR,5.3302847275198895,500
DARC,29.074865614953023,500
VNCD_MDD,0.1411221325358682,500
M3SDA_Reg,0.1143845709082337,500
CMSS_Reg,0.102962607598849,500
XGBoost_Target_Only,0.1098320351665555,100
KRR_Target_Only,0.6983675858348576,100
NN_Target_Only,0.4555371408811183,100
XGBoost_Pool,0.1028188015444682,100
KRR_Pool,0.3170486901991485,100
NN_Pool,0.2189312191447471,100
XGBoost_TLCQM,0.1044144808833187,100
KRR_TLCQM,0.1907195688085182,100
NN_TLCQM,0.1161120444544032,100
XGBoost_Target_Only,0.1100853961073446,200
KRR_Target_Only,0.4224558966490978,200
NN_Target_Only,0.2291906667396696,200
XGBoost_Pool,0.102753756653248,200
KRR_Pool,0.3894912526267009,200
NN_Pool,0.1946863958355718,200
XGBoost_TLCQM,0.1062173893347248,200
KRR_TLCQM,0.1815512243044017,200
NN_TLCQM,0.1156530558464009,200
XGBoost_Target_Only,0.1018302701187946,300
KRR_Target_Only,0.323086271273994,300
NN_Target_Only,0.1778420541904304,300
XGBoost_Pool,0.0995493152508966,300
KRR_Pool,0.5045889706566637,300
NN_Pool,0.194543117646379,300
XGBoost_TLCQM,0.1033453749429425,300
KRR_TLCQM,0.1686183564021277,300
NN_TLCQM,0.116457527199524,300
XGBoost_Target_Only,0.1023584085863373,500
KRR_Target_Only,0.2704901709106729,500
NN_Target_Only,0.1391201635514882,500
XGBoost_Pool,0.0968513120684414,500
KRR_Pool,0.6970666329372657,500
NN_Pool,0.2293142983786091,500
XGBoost_TLCQM,0.1028691654414288,500
KRR_TLCQM,0.160989758527844,500
NN_TLCQM,0.1117219957277996,500
TKRR,1.8813046838442635,100
CDAR,5.365242222240682,100
DARC,24.48824803157201,100
VNCD_MDD,0.1737567929467171,100
M3SDA_Reg,0.1269233106335511,100
CMSS_Reg,0.1131745122846474,100
TKRR,1.8069126676100296,200
CDAR,5.137130471130375,200
DARC,39.76310703047543,200
VNCD_MDD,0.1571735192523711,200
M3SDA_Reg,0.1200077711748896,200
CMSS_Reg,0.1109943400386381,200
TKRR,1.8344319841717969,300
CDAR,5.121543361633685,300
DARC,40.17889227458842,300
VNCD_MDD,0.1391532842459397,300
M3SDA_Reg,0.1227985247047063,300
CMSS_Reg,0.1069890372991468,300
TKRR,1.7784238573319653,500
CDAR,5.130082339389752,500
DARC,39.84863312019612,500
VNCD_MDD,0.1360270367849922,500
M3SDA_Reg,0.1226833959311145,500
CMSS_Reg,0.1043846754395723,500
XGBoost_Target_Only,0.1104413939372691,100
KRR_Target_Only,0.956146796462228,100
NN_Target_Only,0.4193691162434111,100
XGBoost_Pool,0.097868699276616,100
KRR_Pool,0.3184646125866413,100
NN_Pool,0.2049083205309206,100
XGBoost_TLCQM,0.0986515892896545,100
KRR_TLCQM,0.1917248395476389,100
NN_TLCQM,0.1207620783235787,100
XGBoost_Target_Only,0.1064064747511646,200
KRR_Target_Only,0.5959018900872586,200
NN_Target_Only,0.306970464706832,200
XGBoost_Pool,0.0978082696504191,200
KRR_Pool,0.3891761665574076,200
NN_Pool,0.1789252459930549,200
XGBoost_TLCQM,0.096362763211962,200
KRR_TLCQM,0.1970607499555734,200
NN_TLCQM,0.116609845877692,200
XGBoost_Target_Only,0.098998841668957,300
KRR_Target_Only,0.4036283896412507,300
NN_Target_Only,0.2098549145691188,300
XGBoost_Pool,0.0971232140798908,300
KRR_Pool,0.5072355103423692,300
NN_Pool,0.1964172996240033,300
XGBoost_TLCQM,0.0952964430019853,300
KRR_TLCQM,0.1878118696406316,300
NN_TLCQM,0.1114809726379266,300
XGBoost_Target_Only,0.0934260398149644,500
KRR_Target_Only,0.3506464790873158,500
NN_Target_Only,0.1690639771982474,500
XGBoost_Pool,0.094393417463554,500
KRR_Pool,0.7150727418996823,500
NN_Pool,0.2100622824686872,500
XGBoost_TLCQM,0.0944333575821572,500
KRR_TLCQM,0.1741224069783521,500
NN_TLCQM,0.1099805628987117,500
TKRR,2.0497322301539134,100
CDAR,5.204888345752849,100
DARC,30.6460270200587,100
VNCD_MDD,0.1761178214819092,100
M3SDA_Reg,0.1111626291482269,100
CMSS_Reg,0.1160615827890835,100
TKRR,2.011757567228248,200
CDAR,5.881662896497225,200
DARC,34.550175375350015,200
VNCD_MDD,0.1535151902155675,200
M3SDA_Reg,0.1138095435851041,200
CMSS_Reg,0.1120461557796273,200
TKRR,1.8180417181949453,300
CDAR,5.792347194845548,300
DARC,34.819344925639875,300
VNCD_MDD,0.1303870419528,300
M3SDA_Reg,0.1156746774329139,300
CMSS_Reg,0.1101646576753464,300
TKRR,1.750036066173665,500
CDAR,5.79568225232877,500
DARC,34.75241169542496,500
VNCD_MDD,0.1197683518820666,500
M3SDA_Reg,0.1165450260286994,500
CMSS_Reg,0.1067388767018995,500
XGBoost_Target_Only,0.1207744436637209,100
KRR_Target_Only,0.7710576661519057,100
NN_Target_Only,0.5039692397573613,100
XGBoost_Pool,0.0996484436959886,100
KRR_Pool,0.3160797379521629,100
NN_Pool,0.1991163686707083,100
XGBoost_TLCQM,0.1017757367976765,100
KRR_TLCQM,0.2188557926437974,100
NN_TLCQM,0.1251212859300484,100
XGBoost_Target_Only,0.1037245376622327,200
KRR_Target_Only,0.4737273088711664,200
NN_Target_Only,0.222076863480499,200
XGBoost_Pool,0.0983921341171907,200
KRR_Pool,0.3873052790977507,200
NN_Pool,0.1996059456521257,200
XGBoost_TLCQM,0.1017666352464579,200
KRR_TLCQM,0.2065756906099149,200
NN_TLCQM,0.109290911557702,200
XGBoost_Target_Only,0.0979348838124754,300
KRR_Target_Only,0.4313124293726423,300
NN_Target_Only,0.1934739826921745,300
XGBoost_Pool,0.0961445120687539,300
KRR_Pool,0.5072795644890461,300
NN_Pool,0.1949081564857532,300
XGBoost_TLCQM,0.1020004455909634,300
KRR_TLCQM,0.1974842607634624,300
NN_TLCQM,0.105780143276112,300
XGBoost_Target_Only,0.0981604213306108,500
KRR_Target_Only,0.3579665231980509,500
NN_Target_Only,0.1529604842511285,500
XGBoost_Pool,0.0946989497699712,500
KRR_Pool,0.7160420979437633,500
NN_Pool,0.1427454731009601,500
XGBoost_TLCQM,0.1000378533398782,500
KRR_TLCQM,0.1933087557511469,500
NN_TLCQM,0.1038918184335499,500
TKRR,1.900465793371725,100
CDAR,6.024934011228964,100
DARC,24.95169864206716,100
VNCD_MDD,0.1845784899274185,100
M3SDA_Reg,0.1130865648308404,100
CMSS_Reg,0.1232027084785903,100
TKRR,1.8705685536252823,200
CDAR,5.379849556245283,200
DARC,43.09981961472208,200
VNCD_MDD,0.1485811045640486,200
M3SDA_Reg,0.1144562367785368,200
CMSS_Reg,0.1111755479077643,200
TKRR,1.844614325702279,300
CDAR,5.41413256690922,300
DARC,41.8100172573303,300
VNCD_MDD,0.1273817962982952,300
M3SDA_Reg,0.1172441224366876,300
CMSS_Reg,0.1116333642045653,300
TKRR,1.8488031454839915,500
CDAR,5.510705688870587,500
DARC,39.956469850143584,500
VNCD_MDD,0.1171163625491275,500
M3SDA_Reg,0.1197466394972483,500
CMSS_Reg,0.0974669242132769,500
XGBoost_Target_Only,0.1140646219816914,100
KRR_Target_Only,1.29233639665728,100
NN_Target_Only,0.9991100233768746,100
XGBoost_Pool,0.1020819034914117,100
KRR_Pool,0.3192848983912703,100
NN_Pool,0.200189472060103,100
XGBoost_TLCQM,0.0984337408832556,100
KRR_TLCQM,0.2201453573886737,100
NN_TLCQM,0.1169359626218699,100
XGBoost_Target_Only,0.1019560927010529,200
KRR_Target_Only,0.6834250020289209,200
NN_Target_Only,0.4090326610298804,200
XGBoost_Pool,0.0994118169209668,200
KRR_Pool,0.3904049962731843,200
NN_Pool,0.1814441680880519,200
XGBoost_TLCQM,0.1002813724115259,200
KRR_TLCQM,0.2095774307003944,200
NN_TLCQM,0.1129300524598871,200
XGBoost_Target_Only,0.1011015823406463,300
KRR_Target_Only,0.6241130262201198,300
NN_Target_Only,0.3373934703408388,300
XGBoost_Pool,0.0991469612688309,300
KRR_Pool,0.5135266150011717,300
NN_Pool,0.1884558297634846,300
XGBoost_TLCQM,0.0997747114883509,300
KRR_TLCQM,0.222402416805084,300
NN_TLCQM,0.1061937496257867,300
XGBoost_Target_Only,0.0993106537060618,500
KRR_Target_Only,0.3994639828380636,500
NN_Target_Only,0.1660614021717228,500
XGBoost_Pool,0.0962831369720029,500
KRR_Pool,0.7172415666436236,500
NN_Pool,0.1332700371603365,500
XGBoost_TLCQM,0.0988292473552274,500
KRR_TLCQM,0.188134260016423,500
NN_TLCQM,0.1077729976799965,500
TKRR,1.884453711508733,100
CDAR,6.029769502702138,100
DARC,34.16074515802337,100
VNCD_MDD,0.167530490753979,100
M3SDA_Reg,0.1118419417301168,100
CMSS_Reg,0.1151820981779501,100
TKRR,1.8892124522725704,200
CDAR,5.952504729972499,200
DARC,36.58794600883528,200
VNCD_MDD,0.1713830116305894,200
M3SDA_Reg,0.1134862935374657,200
CMSS_Reg,0.1133206337576326,200
TKRR,1.8714110215206623,300
CDAR,6.016254173034867,300
DARC,40.49199569152812,300
VNCD_MDD,0.1844648534222156,300
M3SDA_Reg,0.1153606420503179,300
CMSS_Reg,0.1113169357773371,300
TKRR,1.7199875400718383,500
CDAR,5.954506516909545,500
DARC,36.21624413419813,500
VNCD_MDD,0.1380058980204054,500
M3SDA_Reg,0.1199292371006007,500
CMSS_Reg,0.1116558617227412,500
XGBoost_Target_Only,0.1278093751821109,100
KRR_Target_Only,1.046919848669693,100
NN_Target_Only,0.5523005832337677,100
XGBoost_Pool,0.101418815745721,100
KRR_Pool,0.3182119365195264,100
NN_Pool,0.2141134915627126,100
XGBoost_TLCQM,0.099938619409511,100
KRR_TLCQM,0.2031856692430632,100
NN_TLCQM,0.1229152869838067,100
XGBoost_Target_Only,0.1125855988238181,200
KRR_Target_Only,0.5690436425818943,200
NN_Target_Only,0.2678173287207324,200
XGBoost_Pool,0.0992082057226062,200
KRR_Pool,0.3907567361718693,200
NN_Pool,0.2058464761403385,200
XGBoost_TLCQM,0.1051867958664662,200
KRR_TLCQM,0.2014890665972864,200
NN_TLCQM,0.1118384486264697,200
XGBoost_Target_Only,0.1031726380749736,300
KRR_Target_Only,0.3951731062179824,300
NN_Target_Only,0.1852150997451788,300
XGBoost_Pool,0.0972274904224939,300
KRR_Pool,0.5106643697604505,300
NN_Pool,0.1978847037514255,300
XGBoost_TLCQM,0.1068131534444351,300
KRR_TLCQM,0.1976698025760591,300
NN_TLCQM,0.1091278942302091,300
XGBoost_Target_Only,0.1002640443180939,500
KRR_Target_Only,0.375413401803269,500
NN_Target_Only,0.1529217915576935,500
XGBoost_Pool,0.0951678033026112,500
KRR_Pool,0.719143238399588,500
NN_Pool,0.1198200888606633,500
XGBoost_TLCQM,0.1056809439836238,500
KRR_TLCQM,0.2020851311201505,500
NN_TLCQM,0.1121206491494749,500
TKRR,1.888613563063984,100
CDAR,5.875557243155547,100
DARC,24.94542165868612,100
VNCD_MDD,0.1724128338207166,100
M3SDA_Reg,0.1170907317805203,100
CMSS_Reg,0.1134803338311444,100
TKRR,1.8910330337796988,200
CDAR,5.197193099603932,200
DARC,32.056611905033684,200
VNCD_MDD,0.1556731620007805,200
M3SDA_Reg,0.1237854119568941,200
CMSS_Reg,0.1121443387042216,200
TKRR,1.8875990227786947,300
CDAR,5.199515780797292,300
DARC,31.023304033039583,300
VNCD_MDD,0.1388451452409216,300
M3SDA_Reg,0.1249049843430407,300
CMSS_Reg,0.106129565121265,300
TKRR,1.862024482198051,500
CDAR,5.204801465949886,500
DARC,31.46336983233089,500
VNCD_MDD,0.1337398448281139,500
M3SDA_Reg,0.1300313854133322,500
CMSS_Reg,0.103377534382364,500
XGBoost_Target_Only,0.1360450704875048,100
KRR_Target_Only,0.5067958143465651,100
NN_Target_Only,0.4653494948479201,100
XGBoost_Pool,0.1007329315503837,100
KRR_Pool,0.3120623046703678,100
NN_Pool,0.2193905551566972,100
XGBoost_TLCQM,0.0975901813301537,100
KRR_TLCQM,0.1633971987807146,100
NN_TLCQM,0.117900350785244,100
XGBoost_Target_Only,0.1074542300455001,200
KRR_Target_Only,0.4949402535651783,200
NN_Target_Only,0.3024599082456241,200
XGBoost_Pool,0.0985283639443695,200
KRR_Pool,0.3817538682011512,200
NN_Pool,0.1819558401349389,200
XGBoost_TLCQM,0.0996902505345427,200
KRR_TLCQM,0.1763707435053245,200
NN_TLCQM,0.1208777422942868,200
XGBoost_Target_Only,0.1062375573996397,300
KRR_Target_Only,0.4761616811493127,300
NN_Target_Only,0.2233435773109188,300
XGBoost_Pool,0.0982099682444167,300
KRR_Pool,0.4988607341760919,300
NN_Pool,0.1682013420455705,300
XGBoost_TLCQM,0.1007122655470571,300
KRR_TLCQM,0.1824585736173062,300
NN_TLCQM,0.1140081622537316,300
XGBoost_Target_Only,0.0993840396358133,500
KRR_Target_Only,0.3020690805899435,500
NN_Target_Only,0.1804865752669266,500
XGBoost_Pool,0.0979663443974428,500
KRR_Pool,0.7002213659846402,500
NN_Pool,0.1965864569764367,500
XGBoost_TLCQM,0.098726055858595,500
KRR_TLCQM,0.1587779593416929,500
NN_TLCQM,0.1106597872137062,500
TKRR,1.864678711300188,100
CDAR,5.077274442270963,100
DARC,39.178564982871336,100
VNCD_MDD,0.1760476328953115,100
M3SDA_Reg,0.1260444632225109,100
CMSS_Reg,0.1132283922283849,100
TKRR,1.89637682341864,200
CDAR,5.6144095678170745,200
DARC,38.030583581744565,200
VNCD_MDD,0.1483781584567398,200
M3SDA_Reg,0.1119875737302904,200
CMSS_Reg,0.1080021823344497,200
TKRR,1.8665438792788187,300
CDAR,5.670194184157513,300
DARC,39.9821817094686,300
VNCD_MDD,0.1411386152696921,300
M3SDA_Reg,0.1103847876093445,300
CMSS_Reg,0.1075398029319317,300
TKRR,1.828181730847907,500
CDAR,5.608773730824517,500
DARC,39.68209872527656,500
VNCD_MDD,0.1399596442029696,500
M3SDA_Reg,0.1138285071192041,500
CMSS_Reg,0.1062226256814753,500
XGBoost_Target_Only,0.1109887840457757,100
KRR_Target_Only,0.7811868358124937,100
NN_Target_Only,0.4804083476056279,100
XGBoost_Pool,0.1020412380119132,100
KRR_Pool,0.3161582898266831,100
NN_Pool,0.189150643306633,100
XGBoost_TLCQM,0.1008360365065026,100
KRR_TLCQM,0.1967929116967233,100
NN_TLCQM,0.127253697930082,100
XGBoost_Target_Only,0.1057164536450106,200
KRR_Target_Only,0.4823627807810207,200
NN_Target_Only,0.3101351734786303,200
XGBoost_Pool,0.0993238906779193,200
KRR_Pool,0.3878977402593469,200
NN_Pool,0.1796251157477338,200
XGBoost_TLCQM,0.1068162612232327,200
KRR_TLCQM,0.206465054016288,200
NN_TLCQM,0.1256495333817448,200
XGBoost_Target_Only,0.1012572896876351,300
KRR_Target_Only,0.4201670675008786,300
NN_Target_Only,0.2386628008906941,300
XGBoost_Pool,0.0982722233278655,300
KRR_Pool,0.5090300244052628,300
NN_Pool,0.1986042656474478,300
XGBoost_TLCQM,0.1000502783003777,300
KRR_TLCQM,0.1782108781801619,300
NN_TLCQM,0.1145058687302283,300
XGBoost_Target_Only,0.0912886233933969,500
KRR_Target_Only,0.2826071264634746,500
NN_Target_Only,0.1394264689058126,500
XGBoost_Pool,0.0950919243544434,500
KRR_Pool,0.716372332124231,500
NN_Pool,0.2095754974344018,500
XGBoost_TLCQM,0.0962343505568085,500
KRR_TLCQM,0.1802155256669497,500
NN_TLCQM,0.1067626812372478,500
TKRR,1.9203360601175232,100
CDAR,6.387977915466712,100
DARC,26.912828118300705,100
VNCD_MDD,0.1832564179490146,100
M3SDA_Reg,0.121967594201647,100
CMSS_Reg,0.1138143665526065,100
TKRR,1.8957413716467773,200
CDAR,5.634460947019261,200
DARC,33.81147965507628,200
VNCD_MDD,0.14288069464847,200
M3SDA_Reg,0.1210035400505747,200
CMSS_Reg,0.1184840694581597,200
TKRR,1.908556079339155,300
CDAR,5.630695350931943,300
DARC,33.59371060712405,300
VNCD_MDD,0.1303559808582085,300
M3SDA_Reg,0.1308115698833284,300
CMSS_Reg,0.1071624561960805,300
TKRR,1.8873843961360923,500
CDAR,5.666927012068297,500
DARC,32.78987042298583,500
VNCD_MDD,0.1211997753006965,500
M3SDA_Reg,0.1310000852454803,500
CMSS_Reg,0.102020486995676,500
XGBoost_Target_Only,0.1187175623718258,100
KRR_Target_Only,1.6155204241929626,100
NN_Target_Only,0.9519456831800236,100
XGBoost_Pool,0.1002276106301412,100
KRR_Pool,0.3191088401681903,100
NN_Pool,0.2000031149162442,100
XGBoost_TLCQM,0.1039774270964722,100
KRR_TLCQM,0.2187031069758463,100
NN_TLCQM,0.1325637849560284,100
XGBoost_Target_Only,0.0965596402470567,200
KRR_Target_Only,0.935429832254099,200
NN_Target_Only,0.4154076609463152,200
XGBoost_Pool,0.0957062572516399,200
KRR_Pool,0.3888317864880144,200
NN_Pool,0.1874424426442082,200
XGBoost_TLCQM,0.0987961714017722,200
KRR_TLCQM,0.2132955619286302,200
NN_TLCQM,0.1156985667001061,200
XGBoost_Target_Only,0.1002864525486051,300
KRR_Target_Only,0.6917678823129704,300
NN_Target_Only,0.2929308024691031,300
XGBoost_Pool,0.0950461837286443,300
KRR_Pool,0.509450408441595,300
NN_Pool,0.1902944680319929,300
XGBoost_TLCQM,0.0984623777776401,300
KRR_TLCQM,0.2240513191203951,300
NN_TLCQM,0.1141284492346527,300
XGBoost_Target_Only,0.0980379513727491,500
KRR_Target_Only,0.3778206156156072,500
NN_Target_Only,0.1707021824516899,500
XGBoost_Pool,0.0964941496115379,500
KRR_Pool,0.7114344980652714,500
NN_Pool,0.2095747056853874,500
XGBoost_TLCQM,0.1022398920122912,500
KRR_TLCQM,0.1983024884408187,500
NN_TLCQM,0.1121404129728036,500
TKRR,1.9112742306809865,100
CDAR,5.49978036372981,100
DARC,28.450179810904217,100
VNCD_MDD,0.1615760874627235,100
M3SDA_Reg,0.1145783072867979,100
CMSS_Reg,0.1205566366072751,100
TKRR,1.958917116101648,200
CDAR,6.590264575124803,200
DARC,36.99638589928047,200
VNCD_MDD,0.1357155692265949,200
M3SDA_Reg,0.1028034511480379,200
CMSS_Reg,0.1203872519974182,200
TKRR,1.8777928075703283,300
CDAR,6.345482008574221,300
DARC,36.71456282289318,300
VNCD_MDD,0.1394289031223086,300
M3SDA_Reg,0.1046001638246562,300
CMSS_Reg,0.1111177920974627,300
TKRR,1.778142029003011,500
CDAR,6.219996987616037,500
DARC,36.16690926545388,500
VNCD_MDD,0.1296822169231306,500
M3SDA_Reg,0.1161957420758905,500
CMSS_Reg,0.1072544092938491,500
XGBoost_Target_Only,0.1195413019616502,100
KRR_Target_Only,1.712105464677367,100
NN_Target_Only,1.4601334480369512,100
XGBoost_Pool,0.1024105120869754,100
KRR_Pool,0.3189527107170508,100
NN_Pool,0.2150171101021452,100
XGBoost_TLCQM,0.1032118930242895,100
KRR_TLCQM,0.2363072853125122,100
NN_TLCQM,0.1649890614730025,100
XGBoost_Target_Only,0.109423917309104,200
KRR_Target_Only,0.8501506764876811,200
NN_Target_Only,0.5620351464978453,200
XGBoost_Pool,0.0997579619159043,200
KRR_Pool,0.392238034373657,200
NN_Pool,0.1590375684696023,200
XGBoost_TLCQM,0.0991444046043738,200
KRR_TLCQM,0.1977135537524959,200
NN_TLCQM,0.1084912759537967,200
XGBoost_Target_Only,0.1034357726439364,300
KRR_Target_Only,0.5414661637322207,300
NN_Target_Only,0.1994206022633552,300
XGBoost_Pool,0.0983242296983436,300
KRR_Pool,0.5082389780586962,300
NN_Pool,0.193186526925197,300
XGBoost_TLCQM,0.0998176268166136,300
KRR_TLCQM,0.1839538105762634,300
NN_TLCQM,0.1106862213696342,300
XGBoost_Target_Only,0.0974110184889902,500
KRR_Target_Only,0.3691871696494732,500
NN_Target_Only,0.16996149904049,500
XGBoost_Pool,0.0964540987822767,500
KRR_Pool,0.7176608703332001,500
NN_Pool,0.2005384157873498,500
XGBoost_TLCQM,0.0995175909269414,500
KRR_TLCQM,0.1846466085937426,500
NN_TLCQM,0.1028029667109259,500
TKRR,1.9082228460782324,100
CDAR,6.0960084386082185,100
DARC,35.80708227190439,100
VNCD_MDD,0.1444900652018327,100
M3SDA_Reg,0.1182839432036997,100
CMSS_Reg,0.1164621429573269,100
TKRR,1.953076487070192,200
CDAR,6.170741246668151,200
DARC,34.24927030018505,200
VNCD_MDD,0.1520780591543141,200
M3SDA_Reg,0.1199560443861887,200
CMSS_Reg,0.1223560817153288,200
TKRR,1.884083045655021,300
CDAR,6.012698887165972,300
DARC,34.9765051753514,300
VNCD_MDD,0.1390796378519425,300
M3SDA_Reg,0.1281757327496393,300
CMSS_Reg,0.1107824600970704,300
TKRR,1.850482294160438,500
CDAR,6.05361677592063,500
DARC,34.572084520686325,500
VNCD_MDD,0.1370875718435184,500
M3SDA_Reg,0.1225067731842593,500
CMSS_Reg,0.1085822446510119,500
XGBoost_Target_Only,0.1198870267104832,100
KRR_Target_Only,1.0315473395843924,100
NN_Target_Only,0.4783279083282641,100
XGBoost_Pool,0.0995341315995065,100
KRR_Pool,0.3186429620765871,100
NN_Pool,0.1935115960409946,100
XGBoost_TLCQM,0.0996278752669024,100
KRR_TLCQM,0.2270092452646606,100
NN_TLCQM,0.1233631911325171,100
XGBoost_Target_Only,0.1031262531883762,200
KRR_Target_Only,0.5349399828329525,200
NN_Target_Only,0.3014127906350785,200
XGBoost_Pool,0.0997829197906681,200
KRR_Pool,0.389671580432664,200
NN_Pool,0.1661166939806942,200
XGBoost_TLCQM,0.0993115377408128,200
KRR_TLCQM,0.202010808638599,200
NN_TLCQM,0.1181890366495481,200
XGBoost_Target_Only,0.0972475763533115,300
KRR_Target_Only,0.3718211572126744,300
NN_Target_Only,0.1920824922632893,300
XGBoost_Pool,0.0990303960939635,300
KRR_Pool,0.5082496134769512,300
NN_Pool,0.181270949766629,300
XGBoost_TLCQM,0.0983232282232524,300
KRR_TLCQM,0.179391679280149,300
NN_TLCQM,0.1107408160096667,300
XGBoost_Target_Only,0.094669397288532,500
KRR_Target_Only,0.3239672430523146,500
NN_Target_Only,0.1414948178645152,500
XGBoost_Pool,0.0948549419469383,500
KRR_Pool,0.7102113221527806,500
NN_Pool,0.2248483326663481,500
XGBoost_TLCQM,0.097790033398669,500
KRR_TLCQM,0.2053661779234917,500
NN_TLCQM,0.1068607013550259,500
TKRR,1.9396034279472456,100
CDAR,5.928811312053828,100
DARC,33.23481600116924,100
VNCD_MDD,0.1697152900684642,100
M3SDA_Reg,0.1159946188258959,100
CMSS_Reg,0.1190548683822119,100
TKRR,1.987242259567501,200
CDAR,6.33754612017215,200
DARC,24.01600402667695,200
VNCD_MDD,0.1341076045490323,200
M3SDA_Reg,0.1147566050537056,200
CMSS_Reg,0.1082883148507468,200
TKRR,1.883373783260288,300
CDAR,6.437984256666437,300
DARC,25.87565274443924,300
VNCD_MDD,0.1388863748311187,300
M3SDA_Reg,0.1170544891359286,300
CMSS_Reg,0.1082550261838712,300
TKRR,1.837582534659903,500
CDAR,6.406915500406944,500
DARC,24.784386885791346,500
VNCD_MDD,0.1237847669981959,500
M3SDA_Reg,0.1206053500493158,500
CMSS_Reg,0.0993507448869119,500
XGBoost_Target_Only,0.128218548563097,100
KRR_Target_Only,0.9096359860618624,100
NN_Target_Only,0.6797679976926481,100
XGBoost_Pool,0.1004985338418848,100
KRR_Pool,0.3180161981436005,100
NN_Pool,0.1941397679790132,100
XGBoost_TLCQM,0.1064945546446629,100
KRR_TLCQM,0.2576705252221332,100
NN_TLCQM,0.140962678791974,100
XGBoost_Target_Only,0.1071775399176904,200
KRR_Target_Only,0.5654544126127604,200
NN_Target_Only,0.4253709776336801,200
XGBoost_Pool,0.0976961806957089,200
KRR_Pool,0.3879656336342707,200
NN_Pool,0.1626260134347548,200
XGBoost_TLCQM,0.1022524332564829,200
KRR_TLCQM,0.2639779360235355,200
NN_TLCQM,0.116731265889965,200
XGBoost_Target_Only,0.1062575856837867,300
KRR_Target_Only,0.451332073709397,300
NN_Target_Only,0.221953362640241,300
XGBoost_Pool,0.0981217725246431,300
KRR_Pool,0.5059562991263972,300
NN_Pool,0.1942925770460434,300
XGBoost_TLCQM,0.1014630454257693,300
KRR_TLCQM,0.2229378114752055,300
NN_TLCQM,0.1148652649843536,300
XGBoost_Target_Only,0.0925641433451418,500
KRR_Target_Only,0.2896144500967596,500
NN_Target_Only,0.1497358665864994,500
XGBoost_Pool,0.0952298087435429,500
KRR_Pool,0.6999205551321688,500
NN_Pool,0.1745288090814798,500
XGBoost_TLCQM,0.0984753743765874,500
KRR_TLCQM,0.1842444731264325,500
NN_TLCQM,0.1104673813246867,500
TKRR,2.0700285228971502,100
CDAR,5.442315785214233,100
DARC,22.30782993625837,100
VNCD_MDD,0.2017723604256044,100
M3SDA_Reg,0.1215069231020904,100
CMSS_Reg,0.1166699995274654,100
TKRR,1.886649363535839,200
CDAR,6.075757900524549,200
DARC,28.695298664473924,200
VNCD_MDD,0.1509597067217668,200
M3SDA_Reg,0.115918046593191,200
CMSS_Reg,0.1129119414369941,200
TKRR,1.8931426081967244,300
CDAR,6.091405132197417,300
DARC,29.25143072219832,300
VNCD_MDD,0.1454133705506522,300
M3SDA_Reg,0.1204533062746304,300
CMSS_Reg,0.1076352725093943,300
TKRR,1.83611601415336,500
CDAR,6.019303162362723,500
DARC,29.009504252706925,500
VNCD_MDD,0.1353671737211946,500
M3SDA_Reg,0.1251825438470439,500
CMSS_Reg,0.1035399235766559,500
XGBoost_Target_Only,0.1307727613580558,100
KRR_Target_Only,1.1686289930453606,100
NN_Target_Only,0.8811491595093517,100
XGBoost_Pool,0.1004506640962489,100
KRR_Pool,0.3181666848229902,100
NN_Pool,0.1917317052526952,100
XGBoost_TLCQM,0.1043424621731519,100
KRR_TLCQM,0.2109655376652884,100
NN_TLCQM,0.1257530425234093,100
XGBoost_Target_Only,0.106222702428761,200
KRR_Target_Only,0.7344772259960216,200
NN_Target_Only,0.6746396797008428,200
XGBoost_Pool,0.0994145947316643,200
KRR_Pool,0.3834245326698371,200
NN_Pool,0.1932957723015929,200
XGBoost_TLCQM,0.099401587905238,200
KRR_TLCQM,0.248616024809569,200
NN_TLCQM,0.1111669364145499,200
XGBoost_Target_Only,0.1021289097176861,300
KRR_Target_Only,0.6138066710460615,300
NN_Target_Only,0.4022822706164002,300
XGBoost_Pool,0.0956609936358742,300
KRR_Pool,0.5047515853544138,300
NN_Pool,0.1577065713791105,300
XGBoost_TLCQM,0.0976454652928824,300
KRR_TLCQM,0.2110939961285809,300
NN_TLCQM,0.1068787760333519,300
XGBoost_Target_Only,0.092076378038261,500
KRR_Target_Only,0.4083531310655732,500
NN_Target_Only,0.1977642100929186,500
XGBoost_Pool,0.0927371244868838,500
KRR_Pool,0.704330574292773,500
NN_Pool,0.1556726386987401,500
XGBoost_TLCQM,0.0939419585267043,500
KRR_TLCQM,0.1820103273984238,500
NN_TLCQM,0.1013783075517783,500
TKRR,1.9460943261800605,100
CDAR,5.250639713215964,100
DARC,34.94625752784135,100
VNCD_MDD,0.1763716692707576,100
M3SDA_Reg,0.1142750576689493,100
CMSS_Reg,0.125617077127441,100
TKRR,1.900079293071097,200
CDAR,47.370419922276376,200
DARC,26.274092242140508,200
VNCD_MDD,0.1522545750330797,200
M3SDA_Reg,0.1155162143308262,200
CMSS_Reg,0.1111743565116994,200
TKRR,1.864296959148356,300
CDAR,47.36930265769761,300
DARC,26.27293412327047,300
VNCD_MDD,0.1400095638949595,300
M3SDA_Reg,0.1121612473335814,300
CMSS_Reg,0.1110754162036633,300
TKRR,1.854806606959649,500
CDAR,47.3474517015113,500
DARC,25.9553324207664,500
VNCD_MDD,0.128958348596864,500
M3SDA_Reg,0.107339133326502,500
CMSS_Reg,0.1081178400269239,500
XGBoost_Target_Only,0.120854147154185,100
KRR_Target_Only,1.0276188455009487,100
NN_Target_Only,0.4869781337780031,100
XGBoost_Pool,0.1015095460983435,100
KRR_Pool,0.3162245974791329,100
NN_Pool,0.2101401292331085,100
XGBoost_TLCQM,0.1077533258193084,100
KRR_TLCQM,0.2044100537170151,100
NN_TLCQM,0.1516281887873314,100
XGBoost_Target_Only,0.1125910259468469,200
KRR_Target_Only,0.7397568224285432,200
NN_Target_Only,0.3544173907528418,200
XGBoost_Pool,0.0996295319875146,200
KRR_Pool,0.3880690537018124,200
NN_Pool,0.1900029921734762,200
XGBoost_TLCQM,0.0998306288218563,200
KRR_TLCQM,0.2293099931813511,200
NN_TLCQM,0.1102179831216566,200
XGBoost_Target_Only,0.1121294536208364,300
KRR_Target_Only,0.6205262258894159,300
NN_Target_Only,0.2640502260959653,300
XGBoost_Pool,0.0998953382692683,300
KRR_Pool,0.5088486354700305,300
NN_Pool,0.1829223211984859,300
XGBoost_TLCQM,0.1010378376581443,300
KRR_TLCQM,0.2085632946138575,300
NN_TLCQM,0.1111889578872378,300
XGBoost_Target_Only,0.096276482249884,500
KRR_Target_Only,0.5116559804364393,500
NN_Target_Only,0.1815869242070455,500
XGBoost_Pool,0.0992720063685203,500
KRR_Pool,0.7182189535556985,500
NN_Pool,0.1487028865366678,500
XGBoost_TLCQM,0.1002081922471104,500
KRR_TLCQM,0.1849413029688422,500
NN_TLCQM,0.1108657144935164,500
TKRR,1.910061278593233,100
CDAR,5.863483235792071,100
DARC,25.28725682001792,100
VNCD_MDD,0.1456046941979044,100
M3SDA_Reg,0.1220650005745065,100
CMSS_Reg,0.1242710778834017,100
TKRR,1.9235649056311743,200
CDAR,5.270199126061838,200
DARC,36.64777049027345,200
VNCD_MDD,0.1399533616551246,200
M3SDA_Reg,0.1219849446385606,200
CMSS_Reg,0.1127389988863725,200
TKRR,1.904561503949056,300
CDAR,5.333818138242974,300
DARC,36.75343182255368,300
VNCD_MDD,0.1381326265859128,300
M3SDA_Reg,0.1273906249040995,300
CMSS_Reg,0.110888493674984,300
TKRR,1.8867318385929028,500
CDAR,5.388959067056783,500
DARC,36.77937835851862,500
VNCD_MDD,0.1324323660827473,500
M3SDA_Reg,0.1318996752631211,500
CMSS_Reg,0.1056696137507665,500
XGBoost_Target_Only,0.1105974134280407,100
KRR_Target_Only,0.8729553378567732,100
NN_Target_Only,0.4437324755890627,100
XGBoost_Pool,0.0984606819776792,100
KRR_Pool,0.3161188072279608,100
NN_Pool,0.1922936014045839,100
XGBoost_TLCQM,0.1066791716465479,100
KRR_TLCQM,0.2121314443198937,100
NN_TLCQM,0.1164065327930024,100
XGBoost_Target_Only,0.0986021552470473,200
KRR_Target_Only,0.500380040545315,200
NN_Target_Only,0.3281748596679296,200
XGBoost_Pool,0.0982547457637554,200
KRR_Pool,0.3861054003016561,200
NN_Pool,0.212480385851523,200
XGBoost_TLCQM,0.1103740260948761,200
KRR_TLCQM,0.2105826018709699,200
NN_TLCQM,0.1241611062981815,200
XGBoost_Target_Only,0.0965393939290207,300
KRR_Target_Only,0.4624904935258244,300
NN_Target_Only,0.2234063533334234,300
XGBoost_Pool,0.0968943565875696,300
KRR_Pool,0.5041213200609523,300
NN_Pool,0.1834568810418393,300
XGBoost_TLCQM,0.103025171961929,300
KRR_TLCQM,0.1813861414932886,300
NN_TLCQM,0.1099312185711578,300
XGBoost_Target_Only,0.0963413712848228,500
KRR_Target_Only,0.3618977285409757,500
NN_Target_Only,0.1644514783721283,500
XGBoost_Pool,0.0980913378199106,500
KRR_Pool,0.7077882799648084,500
NN_Pool,0.1377260121432548,500
XGBoost_TLCQM,0.1015345833851809,500
KRR_TLCQM,0.1784241370847511,500
NN_TLCQM,0.1069693303471518,500
TKRR,1.9675533867550887,100
CDAR,6.157597993964629,100
DARC,35.426757420509645,100
VNCD_MDD,0.1604465785822294,100
M3SDA_Reg,0.1097894355722232,100
CMSS_Reg,0.1187573354161305,100
TKRR,2.101903048173183,200
CDAR,5.904021820196136,200
DARC,30.21394719541125,200
VNCD_MDD,0.1489202632851683,200
M3SDA_Reg,0.1072867711142328,200
CMSS_Reg,0.1112585999650637,200
TKRR,1.967419793333938,300
CDAR,6.013237024002804,300
DARC,30.50326030676212,300
VNCD_MDD,0.1295932325279001,300
M3SDA_Reg,0.1117115534957013,300
CMSS_Reg,0.1074062051904254,300
TKRR,1.805332342835344,500
CDAR,6.053138939045445,500
DARC,30.642960257301777,500
VNCD_MDD,0.1315107390348137,500
M3SDA_Reg,0.1185485887986684,500
CMSS_Reg,0.1034455700749067,500
XGBoost_Target_Only,0.1122744099722874,100
KRR_Target_Only,0.7592053336099844,100
NN_Target_Only,0.4945406478786322,100
XGBoost_Pool,0.1019800244579206,100
KRR_Pool,0.3187477128994147,100
NN_Pool,0.1990801013875936,100
XGBoost_TLCQM,0.1013917188045252,100
KRR_TLCQM,0.2126086118730761,100
NN_TLCQM,0.1094426985411925,100
XGBoost_Target_Only,0.0983276481214807,200
KRR_Target_Only,0.5283751140395448,200
NN_Target_Only,0.3316217554066576,200
XGBoost_Pool,0.1007082027496779,200
KRR_Pool,0.3892168674350428,200
NN_Pool,0.2145555482414777,200
XGBoost_TLCQM,0.0982196832584091,200
KRR_TLCQM,0.1920644320058688,200
NN_TLCQM,0.1071883408392608,200
XGBoost_Target_Only,0.0944620981311621,300
KRR_Target_Only,0.4959242057101928,300
NN_Target_Only,0.2363840085168769,300
XGBoost_Pool,0.0990646239303178,300
KRR_Pool,0.5105315526721245,300
NN_Pool,0.1885770569686851,300
XGBoost_TLCQM,0.1008538407375508,300
KRR_TLCQM,0.1773384287664018,300
NN_TLCQM,0.1116131704283683,300
XGBoost_Target_Only,0.0931203892388172,500
KRR_Target_Only,0.3372880368387332,500
NN_Target_Only,0.1696234448910405,500
XGBoost_Pool,0.0962011077517012,500
KRR_Pool,0.7151339870157991,500
NN_Pool,0.1597519456741028,500
XGBoost_TLCQM,0.1011395014853889,500
KRR_TLCQM,0.1823405514874146,500
NN_TLCQM,0.1102980463619059,500
TKRR,1.8785803424706964,100
CDAR,5.927331545310415,100
DARC,35.282562561521345,100
VNCD_MDD,0.1725589433295238,100
M3SDA_Reg,0.1174715523789847,100
CMSS_Reg,0.1153336102158961,100
TKRR,1.9374359807960737,200
CDAR,6.509566273456355,200
DARC,28.99624489790841,200
VNCD_MDD,0.1556808301056449,200
M3SDA_Reg,0.1135748663604537,200
CMSS_Reg,0.1128424141104272,200
TKRR,1.9706735468616772,300
CDAR,6.519996180390967,300
DARC,31.148459670694823,300
VNCD_MDD,0.1380082095885823,300
M3SDA_Reg,0.118376412673407,300
CMSS_Reg,0.1071155912804015,300
TKRR,1.8498497327960404,500
CDAR,6.375033507565399,500
DARC,30.36198141426907,500
VNCD_MDD,0.1272934562742449,500
M3SDA_Reg,0.1177867269990652,500
CMSS_Reg,0.0994414958522706,500
XGBoost_Target_Only,0.1150281720628352,100
KRR_Target_Only,0.6851719684081314,100
NN_Target_Only,0.4813388967006186,100
XGBoost_Pool,0.1013618233049958,100
KRR_Pool,0.3186708891044549,100
NN_Pool,0.213420079491224,100
XGBoost_TLCQM,0.1035429737787287,100
KRR_TLCQM,0.2358535116962278,100
NN_TLCQM,0.1233410064315357,100
XGBoost_Target_Only,0.1101028851827368,200
KRR_Target_Only,0.4365723479527338,200
NN_Target_Only,0.1985876727107122,200
XGBoost_Pool,0.0999866305025463,200
KRR_Pool,0.3891533376543389,200
NN_Pool,0.2017338174169885,200
XGBoost_TLCQM,0.1000861871915464,200
KRR_TLCQM,0.2049950193887892,200
NN_TLCQM,0.1130580169286752,200
XGBoost_Target_Only,0.0978638119690987,300
KRR_Target_Only,0.3713996793401546,300
NN_Target_Only,0.1618672260707125,300
XGBoost_Pool,0.0981358708322129,300
KRR_Pool,0.5102282377538038,300
NN_Pool,0.2042294521118809,300
XGBoost_TLCQM,0.099744897422276,300
KRR_TLCQM,0.1924072340448826,300
NN_TLCQM,0.112669200675522,300
XGBoost_Target_Only,0.0970158534276453,500
KRR_Target_Only,0.3527072984357566,500
NN_Target_Only,0.1362882253414845,500
XGBoost_Pool,0.0959269785915215,500
KRR_Pool,0.7174966621959712,500
NN_Pool,0.2213350094796366,500
XGBoost_TLCQM,0.0991382346722619,500
KRR_TLCQM,0.1919331537674248,500
NN_TLCQM,0.1073849115834798,500
TKRR,2.0921291014543884,100
CDAR,5.690625402816851,100
DARC,34.87545734934441,100
VNCD_MDD,0.1667477074053223,100
M3SDA_Reg,0.1267846945299512,100
CMSS_Reg,0.1165248557125433,100
TKRR,1.942369552553463,200
CDAR,5.136199639305398,200
DARC,26.07724908292107,200
VNCD_MDD,0.1376924922739272,200
M3SDA_Reg,0.1138320735313452,200
CMSS_Reg,0.1148616131057576,200
TKRR,1.909487165685988,300
CDAR,5.1296831191288055,300
DARC,24.57452206312814,300
VNCD_MDD,0.1330553149283906,300
M3SDA_Reg,0.1169849376513955,300
CMSS_Reg,0.1116566790892461,300
TKRR,1.912626026751016,500
CDAR,5.1817066093816,500
DARC,26.945162684809496,500
VNCD_MDD,0.1335797418732496,500
M3SDA_Reg,0.1164412924984542,500
CMSS_Reg,0.1124483178213738,500
XGBoost_Target_Only,0.1055773956395154,100
KRR_Target_Only,0.8815326548366702,100
NN_Target_Only,0.5541001560575226,100
XGBoost_Pool,0.1022239437075464,100
KRR_Pool,0.3072015031014132,100
NN_Pool,0.2040051948777375,100
XGBoost_TLCQM,0.1005576375378613,100
KRR_TLCQM,0.1671331047047133,100
NN_TLCQM,0.1101965225377538,100
XGBoost_Target_Only,0.0981783697313433,200
KRR_Target_Only,0.5206820373985177,200
NN_Target_Only,0.2948276734291816,200
XGBoost_Pool,0.1010982887791953,200
KRR_Pool,0.3770827270595202,200
NN_Pool,0.2080192655326849,200
XGBoost_TLCQM,0.1020149873444229,200
KRR_TLCQM,0.1678151519582315,200
NN_TLCQM,0.1191806938438817,200
XGBoost_Target_Only,0.0957368928698135,300
KRR_Target_Only,0.3046991725092745,300
NN_Target_Only,0.1483140972700295,300
XGBoost_Pool,0.1012754453582888,300
KRR_Pool,0.4965639101092379,300
NN_Pool,0.1647542863701699,300
XGBoost_TLCQM,0.0972007446278148,300
KRR_TLCQM,0.1556170113541071,300
NN_TLCQM,0.1061362153024963,300
XGBoost_Target_Only,0.0918671321946527,500
KRR_Target_Only,0.2449222419716022,500
NN_Target_Only,0.1309865567928234,500
XGBoost_Pool,0.0968081609770733,500
KRR_Pool,0.7048072573987713,500
NN_Pool,0.2142737460367248,500
XGBoost_TLCQM,0.097869280337592,500
KRR_TLCQM,0.1649642001359759,500
NN_TLCQM,0.1047378069299493,500
TKRR,1.943458473526316,100
CDAR,6.096720386670615,100
DARC,42.43174325714686,100
VNCD_MDD,0.1841323886611706,100
M3SDA_Reg,0.1246993730677528,100
CMSS_Reg,0.1065365102794937,100
TKRR,1.8137851852660267,200
CDAR,5.691276437777918,200
DARC,29.62324533453865,200
VNCD_MDD,0.1488265908922287,200
M3SDA_Reg,0.1381613315082159,200
CMSS_Reg,0.110008780289374,200
TKRR,1.793213358565585,300
CDAR,5.515495035446575,300
DARC,29.62546431598005,300
VNCD_MDD,0.1448504277379133,300
M3SDA_Reg,0.1187022421056801,300
CMSS_Reg,0.104053877373322,300
TKRR,1.7479608309250017,500
CDAR,5.327171410086038,500
DARC,30.35574966590152,500
VNCD_MDD,0.1259585635771143,500
M3SDA_Reg,0.1206558451458276,500
CMSS_Reg,0.1015409479570717,500
XGBoost_Target_Only,0.10694630078762,100
KRR_Target_Only,1.210906724438199,100
NN_Target_Only,0.4193071939822549,100
XGBoost_Pool,0.0992001099765631,100
KRR_Pool,0.3183415267450856,100
NN_Pool,0.1952759874423287,100
XGBoost_TLCQM,0.1067208136074017,100
KRR_TLCQM,0.2102249104883561,100
NN_TLCQM,0.1317114230506809,100
XGBoost_Target_Only,0.1015625042389742,200
KRR_Target_Only,0.5179067348850216,200
NN_Target_Only,0.2371714714233936,200
XGBoost_Pool,0.0993602985982688,200
KRR_Pool,0.3795376344334564,200
NN_Pool,0.2404660428184361,200
XGBoost_TLCQM,0.1044343812984312,200
KRR_TLCQM,0.18161675220613,200
NN_TLCQM,0.1144874951776121,200
XGBoost_Target_Only,0.1022014847463177,300
KRR_Target_Only,0.3876640300031967,300
NN_Target_Only,0.1879550198058294,300
XGBoost_Pool,0.0995414834558796,300
KRR_Pool,0.4974119352559358,300
NN_Pool,0.1670237366342675,300
XGBoost_TLCQM,0.1067102716172817,300
KRR_TLCQM,0.1869779457185522,300
NN_TLCQM,0.1166165585747001,300
XGBoost_Target_Only,0.0943721319428318,500
KRR_Target_Only,0.2912354095895198,500
NN_Target_Only,0.1597199457849214,500
XGBoost_Pool,0.0968995110793459,500
KRR_Pool,0.7011705955710642,500
NN_Pool,0.1475951360356077,500
XGBoost_TLCQM,0.0986185416726873,500
KRR_TLCQM,0.1737268107684074,500
NN_TLCQM,0.104546849583387,500
TKRR,1.9192103106993257,100
CDAR,5.382256409753832,100
DARC,38.789394009317725,100
VNCD_MDD,0.1735147961456212,100
M3SDA_Reg,0.1177356224616193,100
CMSS_Reg,0.1177266139880435,100
TKRR,1.8314648428063087,200
CDAR,5.872229264432762,200
DARC,28.151794014480448,200
VNCD_MDD,0.1516766277580547,200
M3SDA_Reg,0.1194905620327529,200
CMSS_Reg,0.1062362593874645,200
TKRR,1.810963777836139,300
CDAR,5.632384994415274,300
DARC,28.43901788857348,300
VNCD_MDD,0.1433147976310351,300
M3SDA_Reg,0.1174875326965756,300
CMSS_Reg,0.1067990661381885,300
TKRR,1.757041548270737,500
CDAR,5.554156662204034,500
DARC,28.3502359749661,500
VNCD_MDD,0.1440149289549581,500
M3SDA_Reg,0.1197122133070827,500
CMSS_Reg,0.1046033592657194,500
XGBoost_Target_Only,0.1070705808716475,100
KRR_Target_Only,0.5698546588955682,100
NN_Target_Only,0.3434992384758158,100
XGBoost_Pool,0.1032350767804869,100
KRR_Pool,0.3100956803504237,100
NN_Pool,0.2097293078879834,100
XGBoost_TLCQM,0.1037491812081106,100
KRR_TLCQM,0.1797697493138271,100
NN_TLCQM,0.1092855182071202,100
XGBoost_Target_Only,0.1003282390184221,200
KRR_Target_Only,0.3502843579992727,200
NN_Target_Only,0.2524804089684443,200
XGBoost_Pool,0.0994442514607788,200
KRR_Pool,0.3708231798151409,200
NN_Pool,0.2041960046431865,200
XGBoost_TLCQM,0.1030990493468045,200
KRR_TLCQM,0.1636818992035765,200
NN_TLCQM,0.1177159881185433,200
XGBoost_Target_Only,0.0983320442443384,300
KRR_Target_Only,0.2407423166608969,300
NN_Target_Only,0.1734140160099115,300
XGBoost_Pool,0.0992389745439816,300
KRR_Pool,0.4811574781081832,300
NN_Pool,0.2006908372905793,300
XGBoost_TLCQM,0.0999549661598025,300
KRR_TLCQM,0.1389832638638783,300
NN_TLCQM,0.1026834447161074,300
XGBoost_Target_Only,0.0932349377943899,500
KRR_Target_Only,0.2469974660638998,500
NN_Target_Only,0.1574444719143461,500
XGBoost_Pool,0.0964981379062968,500
KRR_Pool,0.6863375591212774,500
NN_Pool,0.2450557292940047,500
XGBoost_TLCQM,0.0972957920252046,500
KRR_TLCQM,0.1491730627625553,500
NN_TLCQM,0.1021262332244958,500
TKRR,2.251007424686294,100
CDAR,6.328178386147176,100
DARC,44.56667607125839,100
VNCD_MDD,0.1830944833844883,100
M3SDA_Reg,0.125937383018823,100
CMSS_Reg,0.1181044221557962,100
TKRR,1.9446097447902195,200
CDAR,5.827452709236243,200
DARC,29.502080597567687,200
VNCD_MDD,0.1598852851722933,200
M3SDA_Reg,0.1248972743676638,200
CMSS_Reg,0.1172954409790639,200
TKRR,1.897743448799996,300
CDAR,5.989643144405138,300
DARC,30.3509491500291,300
VNCD_MDD,0.1397584921221929,300
M3SDA_Reg,0.125045847671699,300
CMSS_Reg,0.1108405710706345,300
TKRR,1.8152110978298543,500
CDAR,5.598349541574122,500
DARC,30.420570841945374,500
VNCD_MDD,0.1219222086535312,500
M3SDA_Reg,0.1189752928456673,500
CMSS_Reg,0.105962468378409,500
XGBoost_Target_Only,0.1156996706595411,100
KRR_Target_Only,0.6979596905171723,100
NN_Target_Only,0.3860037969807454,100
XGBoost_Pool,0.0982082722984394,100
KRR_Pool,0.3182580710315416,100
NN_Pool,0.1951794196872546,100
XGBoost_TLCQM,0.1051282100750084,100
KRR_TLCQM,0.2059692634242438,100
NN_TLCQM,0.1143576971333181,100
XGBoost_Target_Only,0.1091488069718848,200
KRR_Target_Only,0.4908970334090619,200
NN_Target_Only,0.2592908338374775,200
XGBoost_Pool,0.0977899610860665,200
KRR_Pool,0.3880295709279348,200
NN_Pool,0.2069072772152186,200
XGBoost_TLCQM,0.0997785063590844,200
KRR_TLCQM,0.1821894903688348,200
NN_TLCQM,0.1082125599036909,200
XGBoost_Target_Only,0.1009913966484706,300
KRR_Target_Only,0.3890514377718712,300
NN_Target_Only,0.1950111689434337,300
XGBoost_Pool,0.0986631103995049,300
KRR_Pool,0.5101677884058613,300
NN_Pool,0.1884515670164485,300
XGBoost_TLCQM,0.1011712020921471,300
KRR_TLCQM,0.1893530817371066,300
NN_TLCQM,0.1080405812005756,300
XGBoost_Target_Only,0.0956336672090997,500
KRR_Target_Only,0.3166369397138435,500
NN_Target_Only,0.1715143986446249,500
XGBoost_Pool,0.0967090808761597,500
KRR_Pool,0.7084397191959568,500
NN_Pool,0.1229548013959054,500
XGBoost_TLCQM,0.0991124577556031,500
KRR_TLCQM,0.1666659693353684,500
NN_TLCQM,0.1086342201884818,500
TKRR,1.839945530765843,100
CDAR,5.858913013022814,100
DARC,32.181727952020545,100
VNCD_MDD,0.1546841565891395,100
M3SDA_Reg,0.1146720135356563,100
CMSS_Reg,0.1148955272449065,100
TKRR,1.8454219033324464,200
CDAR,5.9377160456151,200
DARC,26.08370818764245,200
VNCD_MDD,0.1444217381292819,200
M3SDA_Reg,0.1117705374725203,200
CMSS_Reg,0.1120952540097322,200
TKRR,1.91208471694375,300
CDAR,5.9343225342856005,300
DARC,26.72160682270252,300
VNCD_MDD,0.1381382932281278,300
M3SDA_Reg,0.113090491495132,300
CMSS_Reg,0.1074357427963364,300
TKRR,1.8298527548892964,500
CDAR,5.836904053956564,500
DARC,26.628852728209797,500
VNCD_MDD,0.1403991059512461,500
M3SDA_Reg,0.1140413695138019,500
CMSS_Reg,0.100706455573051,500
XGBoost_Target_Only,0.1356202942289769,100
KRR_Target_Only,1.2336763256807026,100
NN_Target_Only,0.7535109302438725,100
XGBoost_Pool,0.1024718168125033,100
KRR_Pool,0.318787160514462,100
NN_Pool,0.1849069487533313,100
XGBoost_TLCQM,0.115250642561472,100
KRR_TLCQM,0.2066256800599906,100
NN_TLCQM,0.1404456339390639,100
XGBoost_Target_Only,0.1129580542095553,200
KRR_Target_Only,0.6328148294447138,200
NN_Target_Only,0.3408596409891502,200
XGBoost_Pool,0.096873252586593,200
KRR_Pool,0.3882624741252313,200
NN_Pool,0.1909570520463149,200
XGBoost_TLCQM,0.1063550437305765,200
KRR_TLCQM,0.2015982876270531,200
NN_TLCQM,0.1186469478848655,200
XGBoost_Target_Only,0.0995577253718126,300
KRR_Target_Only,0.5198661069809412,300
NN_Target_Only,0.1991867498991673,300
XGBoost_Pool,0.0947881842321248,300
KRR_Pool,0.5067896307718407,300
NN_Pool,0.1728027608618124,300
XGBoost_TLCQM,0.1004164941672621,300
KRR_TLCQM,0.2005652629637646,300
NN_TLCQM,0.1070972027455574,300
XGBoost_Target_Only,0.0962085531857156,500
KRR_Target_Only,0.3142204419663674,500
NN_Target_Only,0.1532575729467596,500
XGBoost_Pool,0.0965116877652384,500
KRR_Pool,0.7110150457762793,500
NN_Pool,0.1340506701628765,500
XGBoost_TLCQM,0.1010930518407593,500
KRR_TLCQM,0.1860893128045928,500
NN_TLCQM,0.1063168293682216,500
TKRR,1.8548021736747813,100
CDAR,5.64922634279356,100
DARC,28.27956587886044,100
VNCD_MDD,0.1578418624800316,100
M3SDA_Reg,0.1182940769848604,100
CMSS_Reg,0.1270482381908586,100
TKRR,1.8478842462804927,200
CDAR,5.310022435197449,200
DARC,34.90276001963917,200
VNCD_MDD,0.1507288803820681,200
M3SDA_Reg,0.1116390172039038,200
CMSS_Reg,0.1098764903228045,200
TKRR,1.7970906437053362,300
CDAR,5.350867501324577,300
DARC,35.05561638935328,300
VNCD_MDD,0.1633226288177757,300
M3SDA_Reg,0.1125063649745229,300
CMSS_Reg,0.1085397751546557,300
TKRR,1.7185835715643838,500
CDAR,5.315963692394701,500
DARC,34.99581538186237,500
VNCD_MDD,0.1503540916348552,500
M3SDA_Reg,0.1272771266452187,500
CMSS_Reg,0.1066045803726803,500
XGBoost_Target_Only,0.1224532691894169,100
KRR_Target_Only,0.8185027459226063,100
NN_Target_Only,0.4222884484500629,100
XGBoost_Pool,0.1010350923973105,100
KRR_Pool,0.3182324509033349,100
NN_Pool,0.1873511562525651,100
XGBoost_TLCQM,0.1053847175407705,100
KRR_TLCQM,0.1977470736178384,100
NN_TLCQM,0.127741423133637,100
XGBoost_Target_Only,0.1143080338121941,200
KRR_Target_Only,0.5229570271120939,200
NN_Target_Only,0.2579398044010292,200
XGBoost_Pool,0.0994429652632826,200
KRR_Pool,0.3873256007745356,200
NN_Pool,0.179738723055458,200
XGBoost_TLCQM,0.0993433744014019,200
KRR_TLCQM,0.1923681606239446,200
NN_TLCQM,0.1136692064710334,200
XGBoost_Target_Only,0.111307479067722,300
KRR_Target_Only,0.4383576088422018,300
NN_Target_Only,0.187638331209215,300
XGBoost_Pool,0.0985534098208193,300
KRR_Pool,0.5049786217941982,300
NN_Pool,0.1881500595682952,300
XGBoost_TLCQM,0.0993641283640664,300
KRR_TLCQM,0.1707334478913376,300
NN_TLCQM,0.1113618559837366,300
XGBoost_Target_Only,0.0913463236628029,500
KRR_Target_Only,0.3878667992471679,500
NN_Target_Only,0.162447309264085,500
XGBoost_Pool,0.0972950207841798,500
KRR_Pool,0.7111837268566381,500
NN_Pool,0.2034794028690337,500
XGBoost_TLCQM,0.0977505968470665,500
KRR_TLCQM,0.1669250293051411,500
NN_TLCQM,0.1028712392958989,500
TKRR,1.9612546973863576,100
CDAR,6.058813396624392,100
DARC,21.51033741500019,100
VNCD_MDD,0.2051208431689557,100
M3SDA_Reg,0.127299731684849,100
CMSS_Reg,0.1138900319279219,100
TKRR,1.8625577764789047,200
CDAR,5.390748549620486,200
DARC,32.87339409225749,200
VNCD_MDD,0.1625546867961873,200
M3SDA_Reg,0.1224912474619529,200
CMSS_Reg,0.1107582825055505,200
TKRR,1.9008736543224087,300
CDAR,5.401903123326245,300
DARC,33.06746411989615,300
VNCD_MDD,0.1502134768945198,300
M3SDA_Reg,0.1193921615896001,300
CMSS_Reg,0.1092365124376897,300
TKRR,1.9699653957490295,500
CDAR,5.460446655308545,500
DARC,33.05675216115319,500
VNCD_MDD,0.1431800946318017,500
M3SDA_Reg,0.1182747151607739,500
CMSS_Reg,0.1024698308361352,500
XGBoost_Target_Only,0.1242568314127876,100
KRR_Target_Only,1.2875035453408872,100
NN_Target_Only,0.6101447540389765,100
XGBoost_Pool,0.1014417347163906,100
KRR_Pool,0.3188953918957374,100
NN_Pool,0.2019829491151386,100
XGBoost_TLCQM,0.1048380353555482,100
KRR_TLCQM,0.1851878186594523,100
NN_TLCQM,0.1285788833310127,100
XGBoost_Target_Only,0.1162557444226159,200
KRR_Target_Only,0.64984765460946,200
NN_Target_Only,0.3087956867456851,200
XGBoost_Pool,0.1010640308984762,200
KRR_Pool,0.3900812708437168,200
NN_Pool,0.1779178779440575,200
XGBoost_TLCQM,0.1016773992419777,200
KRR_TLCQM,0.1882400369366612,200
NN_TLCQM,0.1144853326059855,200
XGBoost_Target_Only,0.1162143471246214,300
KRR_Target_Only,0.5125555548598245,300
NN_Target_Only,0.2428794466272624,300
XGBoost_Pool,0.1016247587007087,300
KRR_Pool,0.5098993332102073,300
NN_Pool,0.1677693568741551,300
XGBoost_TLCQM,0.1026639784889866,300
KRR_TLCQM,0.1885432413087432,300
NN_TLCQM,0.1095806001893521,300
XGBoost_Target_Only,0.0993052615321062,500
KRR_Target_Only,0.3321309940989047,500
NN_Target_Only,0.1367474711663082,500
XGBoost_Pool,0.0980128578159042,500
KRR_Pool,0.7133827550240797,500
NN_Pool,0.1978699502678655,500
XGBoost_TLCQM,0.1008568454110752,500
KRR_TLCQM,0.1855587510687143,500
NN_TLCQM,0.1099205552740431,500
TKRR,1.8803911524283652,100
CDAR,6.277355933448015,100
DARC,23.786692883811103,100
VNCD_MDD,0.1897102056586037,100
M3SDA_Reg,0.122795227058592,100
CMSS_Reg,0.1248251537415016,100
TKRR,1.8428829368260609,200
CDAR,5.231504481192773,200
DARC,32.958062042197824,200
VNCD_MDD,0.1385054931112035,200
M3SDA_Reg,0.1185589201988701,200
CMSS_Reg,0.1211410441123314,200
TKRR,1.910291077298722,300
CDAR,5.162507428450437,300
DARC,33.587886230317125,300
VNCD_MDD,0.140429843989227,300
M3SDA_Reg,0.1231606858013887,300
CMSS_Reg,0.1178472426087923,300
TKRR,1.7896409273503755,500
CDAR,5.231627835337003,500
DARC,34.05229004153022,500
VNCD_MDD,0.1404683598176031,500
M3SDA_Reg,0.1235134266211287,500
CMSS_Reg,0.1072673796109121,500
XGBoost_Target_Only,0.1095176762599369,100
KRR_Target_Only,1.1811001221247648,100
NN_Target_Only,0.5487691061454361,100
XGBoost_Pool,0.0992711173766902,100
KRR_Pool,0.3170972383135997,100
NN_Pool,0.2126323152135684,100
XGBoost_TLCQM,0.0991367936330994,100
KRR_TLCQM,0.1980648059457359,100
NN_TLCQM,0.1112773889668871,100
XGBoost_Target_Only,0.1236395324592188,200
KRR_Target_Only,0.505608214650883,200
NN_Target_Only,0.2681215199096989,200
XGBoost_Pool,0.0993055737130605,200
KRR_Pool,0.3784626397508072,200
NN_Pool,0.2113819207545023,200
XGBoost_TLCQM,0.1049028364211166,200
KRR_TLCQM,0.1588085496642632,200
NN_TLCQM,0.1161577341628678,200
XGBoost_Target_Only,0.112951899187212,300
KRR_Target_Only,0.3173992344237536,300
NN_Target_Only,0.1718960615269192,300
XGBoost_Pool,0.0974668944405074,300
KRR_Pool,0.4871371304809496,300
NN_Pool,0.2459341269992166,300
XGBoost_TLCQM,0.1040887897834249,300
KRR_TLCQM,0.1477175163223061,300
NN_TLCQM,0.1122163614156519,300
XGBoost_Target_Only,0.1041588118487597,500
KRR_Target_Only,0.2413764492315168,500
NN_Target_Only,0.1297320671881161,500
XGBoost_Pool,0.0963300792017304,500
KRR_Pool,0.6895198391798342,500
NN_Pool,0.2223290315654965,500
XGBoost_TLCQM,0.101509007814895,500
KRR_TLCQM,0.1466623123361763,500
NN_TLCQM,0.1087476511798441,500
TKRR,1.9330976500386825,100
CDAR,5.402956929742123,100
DARC,35.123812115634784,100
VNCD_MDD,0.2022883879634438,100
M3SDA_Reg,0.1182710494558497,100
CMSS_Reg,0.1124191233099238,100
TKRR,1.9142475413495816,200
CDAR,5.621855352399443,200
DARC,37.97733929168548,200
VNCD_MDD,0.1516018680423839,200
M3SDA_Reg,0.1200033181270526,200
CMSS_Reg,0.1105352313515002,200
TKRR,1.894186371063892,300
CDAR,5.772096432570096,300
DARC,38.17842432217239,300
VNCD_MDD,0.1305807298734572,300
M3SDA_Reg,0.1211032327107839,300
CMSS_Reg,0.1061736411008361,300
TKRR,1.7512541438154137,500
CDAR,5.621469197185181,500
DARC,38.061923450544725,500
VNCD_MDD,0.1223147886810018,500
M3SDA_Reg,0.1231890619789878,500
CMSS_Reg,0.1013751810197482,500
XGBoost_Target_Only,0.1128829429405243,100
KRR_Target_Only,0.7721641739462833,100
NN_Target_Only,0.5475163096470648,100
XGBoost_Pool,0.0984698044528502,100
KRR_Pool,0.3156926351043834,100
NN_Pool,0.2123857943156075,100
XGBoost_TLCQM,0.1034173728106734,100
KRR_TLCQM,0.1964125762565753,100
NN_TLCQM,0.1150351160562112,100
XGBoost_Target_Only,0.1023301782024985,200
KRR_Target_Only,0.589785691498012,200
NN_Target_Only,0.3026708691588001,200
XGBoost_Pool,0.0981438639643642,200
KRR_Pool,0.3860458941078845,200
NN_Pool,0.2022650743892456,200
XGBoost_TLCQM,0.1010938176520506,200
KRR_TLCQM,0.2537539702996044,200
NN_TLCQM,0.113577255247365,200
XGBoost_Target_Only,0.0993423665034352,300
KRR_Target_Only,0.3836626184259178,300
NN_Target_Only,0.1958768980501993,300
XGBoost_Pool,0.0964027002849198,300
KRR_Pool,0.5050724998436869,300
NN_Pool,0.1504826353247025,300
XGBoost_TLCQM,0.0995478162534944,300
KRR_TLCQM,0.202887883588808,300
NN_TLCQM,0.110370588469396,300
XGBoost_Target_Only,0.0956640486347055,500
KRR_Target_Only,0.3110176127123861,500
NN_Target_Only,0.1616344522510512,500
XGBoost_Pool,0.0947612875685497,500
KRR_Pool,0.7020193870863991,500
NN_Pool,0.1384633533943809,500
XGBoost_TLCQM,0.0993114220722491,500
KRR_TLCQM,0.1829589148713564,500
NN_TLCQM,0.1107407696208987,500
TKRR,1.8907789506556651,100
CDAR,5.376190430519032,100
DARC,23.0037563831784,100
VNCD_MDD,0.1629096341949912,100
M3SDA_Reg,0.113199344211985,100
CMSS_Reg,0.1132115337487418,100
TKRR,1.886683577986178,200
CDAR,6.0136936199688655,200
DARC,25.58372320543177,200
VNCD_MDD,0.1439847672604882,200
M3SDA_Reg,0.1112261648134223,200
CMSS_Reg,0.1144593096480015,200
TKRR,1.9014954603647305,300
CDAR,5.938934105901929,300
DARC,24.940363724612343,300
VNCD_MDD,0.1385343056395654,300
M3SDA_Reg,0.1136367567147488,300
CMSS_Reg,0.1099143228006544,300
TKRR,1.84145244553388,500
CDAR,5.98558313339521,500
DARC,24.783194412443937,500
VNCD_MDD,0.1287400621110514,500
M3SDA_Reg,0.1171630629365057,500
CMSS_Reg,0.1058768932969951,500
XGBoost_Target_Only,0.1338822417691685,100
KRR_Target_Only,0.7380545979883283,100
NN_Target_Only,0.3951535252656674,100
XGBoost_Pool,0.1022000573563474,100
KRR_Pool,0.3191904590547267,100
NN_Pool,0.1939682538440854,100
XGBoost_TLCQM,0.1073742750141984,100
KRR_TLCQM,0.1959548850068949,100
NN_TLCQM,0.1211284107856599,100
XGBoost_Target_Only,0.1123915720114849,200
KRR_Target_Only,0.5272748864774761,200
NN_Target_Only,0.2206137310591191,200
XGBoost_Pool,0.1001648870104415,200
KRR_Pool,0.3898298862512425,200
NN_Pool,0.2247039769133501,200
XGBoost_TLCQM,0.1070532467143224,200
KRR_TLCQM,0.1950677055484062,200
NN_TLCQM,0.1127508815643391,200
XGBoost_Target_Only,0.0987686784324161,300
KRR_Target_Only,0.3356049612753556,300
NN_Target_Only,0.1971750815003161,300
XGBoost_Pool,0.0993238080198657,300
KRR_Pool,0.5030515669299426,300
NN_Pool,0.2022510707109636,300
XGBoost_TLCQM,0.099117173754005,300
KRR_TLCQM,0.1691411865899268,300
NN_TLCQM,0.1101699462094347,300
XGBoost_Target_Only,0.0935430681194402,500
KRR_Target_Only,0.2322186037988697,500
NN_Target_Only,0.1286823371346052,500
XGBoost_Pool,0.0961297245312792,500
KRR_Pool,0.7015039703407362,500
NN_Pool,0.2100163419537182,500
XGBoost_TLCQM,0.0979451996340238,500
KRR_TLCQM,0.1586474629486916,500
NN_TLCQM,0.1066461241075409,500
TKRR,2.0644888805772,100
CDAR,5.366471897052427,100
DARC,34.990183856973026,100
VNCD_MDD,0.1623528175346204,100
M3SDA_Reg,0.1274756965607594,100
CMSS_Reg,0.1217656446571006,100
TKRR,1.94101221543861,200
CDAR,5.604636415626228,200
DARC,30.59109603907346,200
VNCD_MDD,0.1589176580354528,200
M3SDA_Reg,0.1253572301972184,200
CMSS_Reg,0.1141740604881426,200
TKRR,1.7912020397339743,300
CDAR,5.689504977963501,300
DARC,30.459432608675407,300
VNCD_MDD,0.1424100355868413,300
M3SDA_Reg,0.1275790428384065,300
CMSS_Reg,0.1131647508461086,300
TKRR,1.7188966484018322,500
CDAR,5.565890483209425,500
DARC,28.97901828980293,500
VNCD_MDD,0.1266477557258795,500
M3SDA_Reg,0.1225457685029696,500
CMSS_Reg,0.1076183837483405,500
XGBoost_Target_Only,0.1228591580793523,100
KRR_Target_Only,1.4534267909526923,100
NN_Target_Only,1.4737402302405092,100
XGBoost_Pool,0.1004448707183745,100
KRR_Pool,0.3189395476374399,100
NN_Pool,0.2063366644858639,100
XGBoost_TLCQM,0.0997513032406096,100
KRR_TLCQM,0.2259315150275319,100
NN_TLCQM,0.1236890452723717,100
XGBoost_Target_Only,0.1078740484195909,200
KRR_Target_Only,0.4194240492193485,200
NN_Target_Only,0.2311003532263064,200
XGBoost_Pool,0.1019900220373608,200
KRR_Pool,0.3779040088901845,200
NN_Pool,0.1510660442949415,200
XGBoost_TLCQM,0.0975384642341415,200
KRR_TLCQM,0.1846972090889815,200
NN_TLCQM,0.1014059948499268,200
XGBoost_Target_Only,0.1055815342633637,300
KRR_Target_Only,0.3152227330528735,300
NN_Target_Only,0.1618865194176392,300
XGBoost_Pool,0.0980490283051008,300
KRR_Pool,0.4948735443427169,300
NN_Pool,0.1939025686773924,300
XGBoost_TLCQM,0.0961265410221424,300
KRR_TLCQM,0.15633783799655,300
NN_TLCQM,0.1007700412256446,300
XGBoost_Target_Only,0.0989181320383347,500
KRR_Target_Only,0.2519480664904376,500
NN_Target_Only,0.1332196092758591,500
XGBoost_Pool,0.0938623492112847,500
KRR_Pool,0.6954289082927279,500
NN_Pool,0.1734901216467921,500
XGBoost_TLCQM,0.0961486142227207,500
KRR_TLCQM,0.1624826515652542,500
NN_TLCQM,0.1044351049081856,500
TKRR,1.9131527532302943,100
CDAR,6.490238894675367,100
DARC,35.74896741919714,100
VNCD_MDD,0.1586283720490992,100
M3SDA_Reg,0.1127839880098683,100
CMSS_Reg,0.1170604518123082,100
TKRR,1.8498672242215128,200
CDAR,5.895563056296694,200
DARC,36.87433360360195,200
VNCD_MDD,0.1506258964317176,200
M3SDA_Reg,0.1215414113016476,200
CMSS_Reg,0.1116440244996004,200
TKRR,1.7766702649731243,300
CDAR,5.928082783351259,300
DARC,37.027816948345645,300
VNCD_MDD,0.1306621123077845,300
M3SDA_Reg,0.1235240174137955,300
CMSS_Reg,0.1067207414219323,300
TKRR,1.78838769664751,500
CDAR,5.871775007516083,500
DARC,36.73346508990278,500
VNCD_MDD,0.1243232037903537,500
M3SDA_Reg,0.1240822130875536,500
CMSS_Reg,0.1019846260915771,500
XGBoost_Target_Only,0.1173386861851553,100
KRR_Target_Only,0.7885395933231432,100
NN_Target_Only,0.5712911378985361,100
XGBoost_Pool,0.0989895069149308,100
KRR_Pool,0.3172874428283132,100
NN_Pool,0.1823765843961887,100
XGBoost_TLCQM,0.1017547364984645,100
KRR_TLCQM,0.2077703590970088,100
NN_TLCQM,0.1206333360379728,100
XGBoost_Target_Only,0.1040618325475156,200
KRR_Target_Only,0.6829168224119955,200
NN_Target_Only,0.4956711114564319,200
XGBoost_Pool,0.098523652827357,200
KRR_Pool,0.3878060597616299,200
NN_Pool,0.1915347477707873,200
XGBoost_TLCQM,0.1012966104818669,200
KRR_TLCQM,0.2161827807248297,200
NN_TLCQM,0.1089215498346363,200
XGBoost_Target_Only,0.0976080296936911,300
KRR_Target_Only,0.5613044467998674,300
NN_Target_Only,0.2917562444902246,300
XGBoost_Pool,0.0969726659341679,300
KRR_Pool,0.5075331755421509,300
NN_Pool,0.1818157553550686,300
XGBoost_TLCQM,0.1022034308601118,300
KRR_TLCQM,0.2184892602923167,300
NN_TLCQM,0.108927908690543,300
XGBoost_Target_Only,0.0955342209412732,500
KRR_Target_Only,0.4295208596958741,500
NN_Target_Only,0.1945140986148309,500
XGBoost_Pool,0.0978133090401103,500
KRR_Pool,0.7145261329096404,500
NN_Pool,0.1368197026537465,500
XGBoost_TLCQM,0.1006165648259158,500
KRR_TLCQM,0.1977452457001988,500
NN_TLCQM,0.1077912423283234,500
TKRR,1.8886591882931725,100
CDAR,50.27987134788415,100
DARC,42.40223824311217,100
VNCD_MDD,0.168818727488596,100
M3SDA_Reg,0.1110644737010014,100
CMSS_Reg,0.111718952663839,100
TKRR,1.968670746959417,200
CDAR,5.967119939598627,200
DARC,40.216798966670666,200
VNCD_MDD,0.1537720206816766,200
M3SDA_Reg,0.1102124321874264,200
CMSS_Reg,0.1140102407171262,200
TKRR,1.9467098356434969,300
CDAR,5.817848517431566,300
DARC,40.77296270398906,300
VNCD_MDD,0.1314438164817917,300
M3SDA_Reg,0.1103875913603884,300
CMSS_Reg,0.1082797078042626,300
TKRR,1.9382836380768145,500
CDAR,5.8612413915846,500
DARC,40.38754430828397,500
VNCD_MDD,0.1264257831801737,500
M3SDA_Reg,0.1175158348360512,500
CMSS_Reg,0.1052266180885395,500
XGBoost_Target_Only,0.1125839535759208,100
KRR_Target_Only,1.7300969809029494,100
NN_Target_Only,0.7903399398040128,100
XGBoost_Pool,0.0973968593019841,100
KRR_Pool,0.3185863935686053,100
NN_Pool,0.1977453600284964,100
XGBoost_TLCQM,0.1018190176890516,100
KRR_TLCQM,0.3611943226050684,100
NN_TLCQM,0.1214166429578753,100
XGBoost_Target_Only,0.1026640905885614,200
KRR_Target_Only,0.9160448284295324,200
NN_Target_Only,0.6110191723419249,200
XGBoost_Pool,0.0988126202740998,200
KRR_Pool,0.390557899957273,200
NN_Pool,0.1821137199774937,200
XGBoost_TLCQM,0.1001116346859772,200
KRR_TLCQM,0.2461331386978174,200
NN_TLCQM,0.1091791099851431,200
XGBoost_Target_Only,0.0958374380026723,300
KRR_Target_Only,0.7332704532840069,300
NN_Target_Only,0.3904677705199151,300
XGBoost_Pool,0.0949504088841777,300
KRR_Pool,0.5105131391745491,300
NN_Pool,0.1823765601955341,300
XGBoost_TLCQM,0.0989793564439109,300
KRR_TLCQM,0.2427957935262428,300
NN_TLCQM,0.1076260429620605,300
XGBoost_Target_Only,0.0900838660531196,500
KRR_Target_Only,0.3662406945501807,500
NN_Target_Only,0.1531853738276163,500
XGBoost_Pool,0.0936255803609866,500
KRR_Pool,0.7093533771062432,500
NN_Pool,0.2077403927338022,500
XGBoost_TLCQM,0.0971270723946548,500
KRR_TLCQM,0.1983894241306014,500
NN_TLCQM,0.1014227048055056,500
TKRR,1.9465159445481428,100
CDAR,5.9939864137198136,100
DARC,23.732509376280102,100
VNCD_MDD,0.1707250830585659,100
M3SDA_Reg,0.1119501263011583,100
CMSS_Reg,0.114665810161603,100
TKRR,1.927423610517268,200
CDAR,5.2562095725531375,200
DARC,35.396826468921255,200
VNCD_MDD,0.1639224384244345,200
M3SDA_Reg,0.1062697482752964,200
CMSS_Reg,0.1131708723596106,200
TKRR,1.898185285663448,300
CDAR,5.35364485746402,300
DARC,35.33336679473289,300
VNCD_MDD,0.1976470454094724,300
M3SDA_Reg,0.1067896620054299,300
CMSS_Reg,0.1113428717304522,300
TKRR,1.8363819272345776,500
CDAR,5.186042826946474,500
DARC,35.28878944100378,500
VNCD_MDD,0.1558794620705978,500
M3SDA_Reg,0.1137628876016737,500
CMSS_Reg,0.1051738340801615,500
XGBoost_Target_Only,0.1212105943992443,100
KRR_Target_Only,1.5198627879354771,100
NN_Target_Only,0.7055934908414624,100
XGBoost_Pool,0.0995250103961661,100
KRR_Pool,0.3181629275946508,100
NN_Pool,0.2249029108522515,100
XGBoost_TLCQM,0.1073014354983285,100
KRR_TLCQM,0.2065440022264961,100
NN_TLCQM,0.1266360285195625,100
XGBoost_Target_Only,0.1056475660482171,200
KRR_Target_Only,0.7019875650846938,200
NN_Target_Only,0.3351944633653912,200
XGBoost_Pool,0.0999494833332696,200
KRR_Pool,0.3821137379261122,200
NN_Pool,0.2149323347935056,200
XGBoost_TLCQM,0.1050256091928809,200
KRR_TLCQM,0.2079336902775226,200
NN_TLCQM,0.1150350065208291,200
XGBoost_Target_Only,0.1020993126788745,300
KRR_Target_Only,0.5396156771007589,300
NN_Target_Only,0.2001025730346475,300
XGBoost_Pool,0.1000368707902125,300
KRR_Pool,0.5052465653129878,300
NN_Pool,0.1906066337610505,300
XGBoost_TLCQM,0.1007093988765194,300
KRR_TLCQM,0.1926247179044075,300
NN_TLCQM,0.1123496253514829,300
XGBoost_Target_Only,0.0958800065989705,500
KRR_Target_Only,0.3489494510275341,500
NN_Target_Only,0.1334206301154509,500
XGBoost_Pool,0.0982134755292376,500
KRR_Pool,0.7113303395246972,500
NN_Pool,0.148894380344646,500
XGBoost_TLCQM,0.0984288813866022,500
KRR_TLCQM,0.1884927461319407,500
NN_TLCQM,0.1074667065144943,500
TKRR,1.9212006499717245,100
CDAR,5.88013945195617,100
DARC,25.740903129674187,100
VNCD_MDD,0.226857300373263,100
M3SDA_Reg,0.1196351120151798,100
CMSS_Reg,0.1218354960848194,100
TKRR,1.880010549774924,200
CDAR,5.5676178512873244,200
DARC,32.967756164943125,200
VNCD_MDD,0.172809283618963,200
M3SDA_Reg,0.1184268894944141,200
CMSS_Reg,0.1147991714007268,200
TKRR,1.8936926552950928,300
CDAR,5.546102996512174,300
DARC,33.0403576829596,300
VNCD_MDD,0.1415484036449685,300
M3SDA_Reg,0.1214818410342409,300
CMSS_Reg,0.1072215128895223,300
TKRR,1.877189237355522,500
CDAR,5.530317350053551,500
DARC,32.85059866333638,500
VNCD_MDD,0.1419225227750883,500
M3SDA_Reg,0.1250759621914833,500
CMSS_Reg,0.1028547991436245,500
XGBoost_Target_Only,0.1124184287029748,100
KRR_Target_Only,0.9338542184204596,100
NN_Target_Only,0.4698180442577222,100
XGBoost_Pool,0.1003219871384127,100
KRR_Pool,0.3184528511431375,100
NN_Pool,0.1798366020380518,100
XGBoost_TLCQM,0.1055304165702161,100
KRR_TLCQM,0.2165234017376263,100
NN_TLCQM,0.1167182062569359,100
XGBoost_Target_Only,0.1087559465871951,200
KRR_Target_Only,0.6956207660789214,200
NN_Target_Only,0.3766753437107972,200
XGBoost_Pool,0.0992847753254161,200
KRR_Pool,0.3899451717819787,200
NN_Pool,0.2039793222119114,200
XGBoost_TLCQM,0.0979546791773101,200
KRR_TLCQM,0.2013185221704836,200
NN_TLCQM,0.1062486644889137,200
XGBoost_Target_Only,0.0999174671080782,300
KRR_Target_Only,0.6198146995602026,300
NN_Target_Only,0.2911261604884381,300
XGBoost_Pool,0.099136755879876,300
KRR_Pool,0.5110016057633701,300
NN_Pool,0.1808160523091096,300
XGBoost_TLCQM,0.1053028942895469,300
KRR_TLCQM,0.2033968894757885,300
NN_TLCQM,0.1092359804283683,300
XGBoost_Target_Only,0.097998660742895,500
KRR_Target_Only,0.3969853783974074,500
NN_Target_Only,0.1526870185137055,500
XGBoost_Pool,0.0959474863498101,500
KRR_Pool,0.7056611620677326,500
NN_Pool,0.194069833569297,500
XGBoost_TLCQM,0.0975772950195607,500
KRR_TLCQM,0.1729738201383009,500
NN_TLCQM,0.106404808507724,500
TKRR,2.064856857120639,100
CDAR,6.414148271615354,100
DARC,27.905826506734407,100
VNCD_MDD,0.1512429626407881,100
M3SDA_Reg,0.1160761391172233,100
CMSS_Reg,0.120126437898747,100
TKRR,1.9436822012338903,200
CDAR,6.356995396552271,200
DARC,30.18016329530726,200
VNCD_MDD,0.1282567756461558,200
M3SDA_Reg,0.1194250962214045,200
CMSS_Reg,0.111653905017236,200
TKRR,1.926568178523476,300
CDAR,6.40509178382454,300
DARC,30.213375503477938,300
VNCD_MDD,0.1220511477576181,300
M3SDA_Reg,0.1227439139240957,300
CMSS_Reg,0.1060608484773375,300
TKRR,1.860497625844881,500
CDAR,6.238826997513066,500
DARC,29.833390391946004,500
VNCD_MDD,0.1230247716751441,500
M3SDA_Reg,0.1201730433919626,500
CMSS_Reg,0.1041608873201443,500
XGBoost_Target_Only,0.1195718304528768,100
KRR_Target_Only,0.8865330631330484,100
NN_Target_Only,0.3978104463340476,100
XGBoost_Pool,0.1011566988001259,100
KRR_Pool,0.3131839585190476,100
NN_Pool,0.1978897849884208,100
XGBoost_TLCQM,0.10028777661086,100
KRR_TLCQM,0.2425715820628813,100
NN_TLCQM,0.1155560635606511,100
XGBoost_Target_Only,0.1015811397202668,200
KRR_Target_Only,0.4712276664813408,200
NN_Target_Only,0.2390691435582383,200
XGBoost_Pool,0.0976615839722585,200
KRR_Pool,0.3815409244680565,200
NN_Pool,0.1705968864251319,200
XGBoost_TLCQM,0.0988815048507817,200
KRR_TLCQM,0.1977682780003837,200
NN_TLCQM,0.1048498957708265,200
XGBoost_Target_Only,0.0960391708334295,300
KRR_Target_Only,0.4047333568937146,300
NN_Target_Only,0.1897028043666604,300
XGBoost_Pool,0.0959205677734678,300
KRR_Pool,0.502330870856961,300
NN_Pool,0.1848619229561712,300
XGBoost_TLCQM,0.0972756035074017,300
KRR_TLCQM,0.1894124527841045,300
NN_TLCQM,0.1048001810400071,300
XGBoost_Target_Only,0.0936453986312346,500
KRR_Target_Only,0.3536424326292105,500
NN_Target_Only,0.1420109735124027,500
XGBoost_Pool,0.0947366403469201,500
KRR_Pool,0.7087761873257841,500
NN_Pool,0.2224051955292638,500
XGBoost_TLCQM,0.0968434327261342,500
KRR_TLCQM,0.1732506012452915,500
NN_TLCQM,0.1042185729576954,500
TKRR,1.981828266373273,100
CDAR,5.44193071377103,100
DARC,29.406831787529494,100
VNCD_MDD,0.1472852941591983,100
M3SDA_Reg,0.1075793461893402,100
CMSS_Reg,0.114291087025135,100
TKRR,1.955133521590836,200
CDAR,5.943776374688479,200
DARC,26.11703003578752,200
VNCD_MDD,0.1313682166550839,200
M3SDA_Reg,0.1151960498562229,200
CMSS_Reg,0.1113862947998862,200
TKRR,1.8943261817085189,300
CDAR,5.967169291107633,300
DARC,26.551660065650065,300
VNCD_MDD,0.1281730295714116,300
M3SDA_Reg,0.1159758808918332,300
CMSS_Reg,0.1048690073913574,300
TKRR,1.898202362227336,500
CDAR,5.969822105590128,500
DARC,26.841348665309045,500
VNCD_MDD,0.1190602038626961,500
M3SDA_Reg,0.1179770089148092,500
CMSS_Reg,0.0974940199687829,500
XGBoost_Target_Only,0.1209081630602532,100
KRR_Target_Only,0.5360499533533161,100
NN_Target_Only,0.400943727037196,100
XGBoost_Pool,0.0984986643208357,100
KRR_Pool,0.3155495616244131,100
NN_Pool,0.2018673919315143,100
XGBoost_TLCQM,0.0981236557609186,100
KRR_TLCQM,0.173585103221449,100
NN_TLCQM,0.1108154068520499,100
XGBoost_Target_Only,0.1092050967221966,200
KRR_Target_Only,0.3248354609350783,200
NN_Target_Only,0.250192355421376,200
XGBoost_Pool,0.0963198256563306,200
KRR_Pool,0.3789622563537263,200
NN_Pool,0.211189203221522,200
XGBoost_TLCQM,0.0976265900893739,200
KRR_TLCQM,0.1555924973323452,200
NN_TLCQM,0.101674560649705,200
XGBoost_Target_Only,0.0971971499132906,300
KRR_Target_Only,0.3089836234698052,300
NN_Target_Only,0.1567987619602648,300
XGBoost_Pool,0.0947845701044769,300
KRR_Pool,0.4961710855484548,300
NN_Pool,0.2157508347321873,300
XGBoost_TLCQM,0.0964360897826401,300
KRR_TLCQM,0.1518638717260543,300
NN_TLCQM,0.1005055253962546,300
XGBoost_Target_Only,0.1024293072476675,500
KRR_Target_Only,0.2538034646328448,500
NN_Target_Only,0.1400309775910803,500
XGBoost_Pool,0.0946573453201602,500
KRR_Pool,0.7035599339897785,500
NN_Pool,0.213533791393989,500
XGBoost_TLCQM,0.0966478022357091,500
KRR_TLCQM,0.1461582188131615,500
NN_TLCQM,0.1003361667472805,500
TKRR,1.8852775684639151,100
CDAR,6.247398539209421,100
DARC,28.17316158694484,100
VNCD_MDD,0.1978446027443172,100
M3SDA_Reg,0.10566928668694,100
CMSS_Reg,0.1144787964476831,100
TKRR,1.84736717178714,200
CDAR,5.640512662340251,200
DARC,32.3819971735917,200
VNCD_MDD,0.1605006721902078,200
M3SDA_Reg,0.1054225093358994,200
CMSS_Reg,0.1083988063355472,200
TKRR,1.7871046418230063,300
CDAR,5.600096038535195,300
DARC,32.6977829025248,300
VNCD_MDD,0.1465683198195615,300
M3SDA_Reg,0.1098408326579478,300
CMSS_Reg,0.1056403541851569,300
TKRR,1.769903271333494,500
CDAR,5.5293472577198495,500
DARC,32.02660347136771,500
VNCD_MDD,0.1369245213285662,500
M3SDA_Reg,0.1129990267612582,500
CMSS_Reg,0.1024956254285274,500
XGBoost_Target_Only,0.1185110553483289,100
KRR_Target_Only,0.8381908790239697,100
NN_Target_Only,0.8355533080532482,100
XGBoost_Pool,0.1016980573954463,100
KRR_Pool,0.3174166828362313,100
NN_Pool,0.207022660245084,100
XGBoost_TLCQM,0.1053188106071738,100
KRR_TLCQM,0.2059312970647954,100
NN_TLCQM,0.114111866955723,100
XGBoost_Target_Only,0.1116212389179631,200
KRR_Target_Only,0.5115430496425694,200
NN_Target_Only,0.2630365926088036,200
XGBoost_Pool,0.1007963115922721,200
KRR_Pool,0.3795724800154848,200
NN_Pool,0.2050726817373979,200
XGBoost_TLCQM,0.0992176673634346,200
KRR_TLCQM,0.1795766226347463,200
NN_TLCQM,0.107781181858182,200
XGBoost_Target_Only,0.1006769078695015,300
KRR_Target_Only,0.3900209469371123,300
NN_Target_Only,0.1995339550046466,300
XGBoost_Pool,0.0985165616719746,300
KRR_Pool,0.4960857980364893,300
NN_Pool,0.166030977051284,300
XGBoost_TLCQM,0.0985122677883561,300
KRR_TLCQM,0.1728720821929154,300
NN_TLCQM,0.1063965378057776,300
XGBoost_Target_Only,0.0953871819633815,500
KRR_Target_Only,0.3265996239827288,500
NN_Target_Only,0.1527031714526812,500
XGBoost_Pool,0.0960286212173501,500
KRR_Pool,0.7048617863626817,500
NN_Pool,0.1469628870119623,500
XGBoost_TLCQM,0.0971914654204976,500
KRR_TLCQM,0.1637899470733324,500
NN_TLCQM,0.1025887533440793,500
TKRR,1.8144852914688212,100
CDAR,6.289114747708038,100
DARC,27.31149640460544,100
VNCD_MDD,0.1635533292532255,100
M3SDA_Reg,0.1238421401510975,100
CMSS_Reg,0.1202955885868097,100
TKRR,1.8754247827327557,200
CDAR,5.863312083363948,200
DARC,35.3090391315843,200
VNCD_MDD,0.1535982978371803,200
M3SDA_Reg,0.1259126219831509,200
CMSS_Reg,0.1108910762699758,200
TKRR,1.8107677076261977,300
CDAR,5.73928115700607,300
DARC,35.202043587834325,300
VNCD_MDD,0.14310629449995,300
M3SDA_Reg,0.1242824385113463,300
CMSS_Reg,0.1042665950343765,300
TKRR,1.7935942412283146,500
CDAR,5.7686047142996415,500
DARC,34.9113408302436,500
VNCD_MDD,0.1407714705042859,500
M3SDA_Reg,0.130210648641562,500
CMSS_Reg,0.1033995892900427,500
XGBoost_Target_Only,0.1146548201224699,100
KRR_Target_Only,0.677366686736178,100
NN_Target_Only,0.5632664266441961,100
XGBoost_Pool,0.1007654182190074,100
KRR_Pool,0.317953998399884,100
NN_Pool,0.2171870064002435,100
XGBoost_TLCQM,0.101815838275681,100
KRR_TLCQM,0.2179978647462359,100
NN_TLCQM,0.1123493765851479,100
XGBoost_Target_Only,0.1049499743425496,200
KRR_Target_Only,0.4788523645161314,200
NN_Target_Only,0.3310730486092634,200
XGBoost_Pool,0.1006696346299906,200
KRR_Pool,0.3880717835601669,200
NN_Pool,0.1962652276717391,200
XGBoost_TLCQM,0.1020012540723622,200
KRR_TLCQM,0.2237048329994245,200
NN_TLCQM,0.122090808698542,200
XGBoost_Target_Only,0.1000594854843174,300
KRR_Target_Only,0.293188905919981,300
NN_Target_Only,0.2019442336522938,300
XGBoost_Pool,0.0977896537585741,300
KRR_Pool,0.4988051819238675,300
NN_Pool,0.2167512475644503,300
XGBoost_TLCQM,0.0997080972486449,300
KRR_TLCQM,0.1644025442430905,300
NN_TLCQM,0.1076299292367721,300
XGBoost_Target_Only,0.0956626398412385,500
KRR_Target_Only,0.2872667999117541,500
NN_Target_Only,0.1570252521001536,500
XGBoost_Pool,0.0962566872959092,500
KRR_Pool,0.7008306252604013,500
NN_Pool,0.2127551875682237,500
XGBoost_TLCQM,0.0982358126413112,500
KRR_TLCQM,0.156169590811025,500
NN_TLCQM,0.108863675508046,500
TKRR,1.878335525288136,100
CDAR,5.566433845592904,100
DARC,25.439609447023,100
VNCD_MDD,0.1475695346362297,100
M3SDA_Reg,0.1144411338270872,100
CMSS_Reg,0.1092114859124687,100
TKRR,1.798215287653068,200
CDAR,5.048237629787815,200
DARC,36.41064886338383,200
VNCD_MDD,0.1408217707979539,200
M3SDA_Reg,0.1163878897630458,200
CMSS_Reg,0.107151046005324,200
TKRR,1.778571986943882,300
CDAR,5.125036542724298,300
DARC,36.48352208074962,300
VNCD_MDD,0.1215067813615199,300
M3SDA_Reg,0.1200315980566329,300
CMSS_Reg,0.1081366175706327,300
TKRR,1.7795574770557594,500
CDAR,5.021199526653716,500
DARC,36.57900486398461,500
VNCD_MDD,0.1215508065137019,500
M3SDA_Reg,0.1152147994901171,500
CMSS_Reg,0.1050690769177917,500
XGBoost_Target_Only,0.1055236541350313,100
KRR_Target_Only,1.4780115982914468,100
NN_Target_Only,0.8560726143104876,100
XGBoost_Pool,0.0987039791071317,100
KRR_Pool,0.3191896499236629,100
NN_Pool,0.1899915600335176,100
XGBoost_TLCQM,0.102501421033275,100
KRR_TLCQM,0.2053299298917689,100
NN_TLCQM,0.1268895552751586,100
XGBoost_Target_Only,0.0989354807943651,200
KRR_Target_Only,0.6491280374401422,200
NN_Target_Only,0.2265144259351916,200
XGBoost_Pool,0.0975410419222125,200
KRR_Pool,0.3860337854335986,200
NN_Pool,0.1572133909789268,200
XGBoost_TLCQM,0.1011453017546832,200
KRR_TLCQM,0.1972535973732063,200
NN_TLCQM,0.1159173009178921,200
XGBoost_Target_Only,0.0973807369994892,300
KRR_Target_Only,0.4526246692206419,300
NN_Target_Only,0.1750952571229637,300
XGBoost_Pool,0.0971376624886339,300
KRR_Pool,0.4974910671436531,300
NN_Pool,0.1436515200084711,300
XGBoost_TLCQM,0.099780400731455,300
KRR_TLCQM,0.1775396471013337,300
NN_TLCQM,0.1089519144270258,300
XGBoost_Target_Only,0.0930152289145406,500
KRR_Target_Only,0.2902316588703744,500
NN_Target_Only,0.1428759728607367,500
XGBoost_Pool,0.0949888259979686,500
KRR_Pool,0.7035946786322299,500
NN_Pool,0.1295997154047781,500
XGBoost_TLCQM,0.0977967507866985,500
KRR_TLCQM,0.1531931205046673,500
NN_TLCQM,0.1063413251748626,500
TKRR,2.097517875537918,100
CDAR,5.498758541241222,100
DARC,27.399410828430668,100
VNCD_MDD,0.1571910426288106,100
M3SDA_Reg,0.1196396831210774,100
CMSS_Reg,0.1115319651502571,100
TKRR,1.8697018181075435,200
CDAR,5.578854860702886,200
DARC,35.05470424952431,200
VNCD_MDD,0.1354296745016875,200
M3SDA_Reg,0.1193394001301206,200
CMSS_Reg,0.1073452372552817,200
TKRR,1.8591549280833453,300
CDAR,5.577840321653693,300
DARC,35.12743492639494,300
VNCD_MDD,0.125947290321295,300
M3SDA_Reg,0.1207357135455344,300
CMSS_Reg,0.1037060544463479,300
TKRR,1.7476253824423165,500
CDAR,5.552306230037001,500
DARC,35.46475509145978,500
VNCD_MDD,0.13825247825032,500
M3SDA_Reg,0.1204537946498164,500
CMSS_Reg,0.1024985572277306,500
XGBoost_Target_Only,0.1218144950799693,100
KRR_Target_Only,1.0459866458255878,100
NN_Target_Only,0.4749962324136949,100
XGBoost_Pool,0.1049897849123717,100
KRR_Pool,0.3190300281996212,100
NN_Pool,0.2135872394271363,100
XGBoost_TLCQM,0.1120824889551656,100
KRR_TLCQM,0.2234654607393772,100
NN_TLCQM,0.129740714001222,100
XGBoost_Target_Only,0.1055152631891812,200
KRR_Target_Only,0.5419761021056488,200
NN_Target_Only,0.399607694464727,200
XGBoost_Pool,0.0988664738745624,200
KRR_Pool,0.3906295378038204,200
NN_Pool,0.1797748507884961,200
XGBoost_TLCQM,0.1053727952112619,200
KRR_TLCQM,0.2481510272684499,200
NN_TLCQM,0.1198993927566969,200
XGBoost_Target_Only,0.0958297865778395,300
KRR_Target_Only,0.3886947377127526,300
NN_Target_Only,0.197577572005678,300
XGBoost_Pool,0.098919501922464,300
KRR_Pool,0.5001016431978723,300
NN_Pool,0.1844871616985834,300
XGBoost_TLCQM,0.1034307589602718,300
KRR_TLCQM,0.2265739405552963,300
NN_TLCQM,0.1133923973392371,300
XGBoost_Target_Only,0.0974061932926946,500
KRR_Target_Only,0.357469762490089,500
NN_Target_Only,0.1594771623211963,500
XGBoost_Pool,0.0965542395954275,500
KRR_Pool,0.706609407520127,500
NN_Pool,0.1924086229866348,500
XGBoost_TLCQM,0.1039900828465238,500
KRR_TLCQM,0.2077842664509206,500
NN_TLCQM,0.1136775636362422,500
TKRR,1.98164577181259,100
CDAR,5.546382821057091,100
DARC,27.044704712103574,100
VNCD_MDD,0.1897850590825045,100
M3SDA_Reg,0.1255527805671304,100
CMSS_Reg,0.1278975769094271,100
TKRR,1.856849096767404,200
CDAR,5.729453642635689,200
DARC,32.59646114276588,200
VNCD_MDD,0.1391821715141763,200
M3SDA_Reg,0.1114641969883904,200
CMSS_Reg,0.1105419029962687,200
TKRR,1.9522805540514765,300
CDAR,5.677218496408053,300
DARC,33.72054478019207,300
VNCD_MDD,0.1247243539792748,300
M3SDA_Reg,0.1117193885993218,300
CMSS_Reg,0.1054899051825073,300
TKRR,1.878130926097502,500
CDAR,5.749801621744131,500
DARC,35.36959429387435,500
VNCD_MDD,0.1262480700189568,500
M3SDA_Reg,0.1149324313373715,500
CMSS_Reg,0.0999626370573132,500
XGBoost_Target_Only,0.1166782679353527,100
KRR_Target_Only,0.9710268394021518,100
NN_Target_Only,0.5562738952073454,100
XGBoost_Pool,0.1021667193579396,100
KRR_Pool,0.319119000982217,100
NN_Pool,0.1892354720494532,100
XGBoost_TLCQM,0.1022610135731158,100
KRR_TLCQM,0.1977278568260707,100
NN_TLCQM,0.1068512782964183,100
XGBoost_Target_Only,0.0990287628792244,200
KRR_Target_Only,0.4514919084996067,200
NN_Target_Only,0.3547127873904548,200
XGBoost_Pool,0.1016029286519641,200
KRR_Pool,0.3907251728046828,200
NN_Pool,0.1752169142452079,200
XGBoost_TLCQM,0.0989436814605347,200
KRR_TLCQM,0.1827730052250676,200
NN_TLCQM,0.1041830056008424,200
XGBoost_Target_Only,0.1010555451583249,300
KRR_Target_Only,0.3677168082705088,300
NN_Target_Only,0.2301491997303517,300
XGBoost_Pool,0.101404387740924,300
KRR_Pool,0.5129165746973555,300
NN_Pool,0.1734787198223903,300
XGBoost_TLCQM,0.1018550595507521,300
KRR_TLCQM,0.1812253581996828,300
NN_TLCQM,0.1079499740166252,300
XGBoost_Target_Only,0.1002079115961007,500
KRR_Target_Only,0.3246724348775079,500
NN_Target_Only,0.1776868595378823,500
XGBoost_Pool,0.0974669642566468,500
KRR_Pool,0.7186372180265048,500
NN_Pool,0.1476265615798274,500
XGBoost_TLCQM,0.0986192283300532,500
KRR_TLCQM,0.1866787297402843,500
NN_TLCQM,0.101982737677499,500
TKRR,2.068749567968112,100
CDAR,5.35203032826447,100
DARC,31.15443364816748,100
VNCD_MDD,0.1653584645213065,100
M3SDA_Reg,0.1180801694165625,100
CMSS_Reg,0.1121042655251534,100
TKRR,2.004129428976064,200
CDAR,5.417486859431811,200
DARC,34.579448623959806,200
VNCD_MDD,0.1768778797272328,200
M3SDA_Reg,0.1153452146002776,200
CMSS_Reg,0.1093633003334796,200
TKRR,1.8336666831820176,300
CDAR,5.419127179226698,300
DARC,35.005909008248864,300
VNCD_MDD,0.1609084840486608,300
M3SDA_Reg,0.1244807106354294,300
CMSS_Reg,0.1083918868306854,300
TKRR,1.773626732960915,500
CDAR,5.425528826188085,500
DARC,34.88527290513261,500
VNCD_MDD,0.1535557028722392,500
M3SDA_Reg,0.1161923993628774,500
CMSS_Reg,0.1087856573438802,500
XGBoost_Target_Only,0.1193899062639454,100
KRR_Target_Only,0.7517117753026211,100
NN_Target_Only,0.4783766787284255,100
XGBoost_Pool,0.1028727770029703,100
KRR_Pool,0.3181550514963217,100
NN_Pool,0.191383360446726,100
XGBoost_TLCQM,0.1021401049608631,100
KRR_TLCQM,0.3121837495974435,100
NN_TLCQM,0.1172312565016783,100
XGBoost_Target_Only,0.107734098744369,200
KRR_Target_Only,0.6569376854450605,200
NN_Target_Only,0.3739164449523327,200
XGBoost_Pool,0.09775537564692,200
KRR_Pool,0.3906113710053361,200
NN_Pool,0.1800972091608043,200
XGBoost_TLCQM,0.0990679910714401,200
KRR_TLCQM,0.2576739570505242,200
NN_TLCQM,0.10373934967881,200
XGBoost_Target_Only,0.1022610664229866,300
KRR_Target_Only,0.5808835486667181,300
NN_Target_Only,0.2923659340820637,300
XGBoost_Pool,0.0973593771169006,300
KRR_Pool,0.5119144479464126,300
NN_Pool,0.1983553189188136,300
XGBoost_TLCQM,0.101751629206128,300
KRR_TLCQM,0.2062780144993042,300
NN_TLCQM,0.1065358720149391,300
XGBoost_Target_Only,0.0973712602236093,500
KRR_Target_Only,0.5288218264246144,500
NN_Target_Only,0.197409105737762,500
XGBoost_Pool,0.0973222384642744,500
KRR_Pool,0.7210974239684894,500
NN_Pool,0.1493781958065426,500
XGBoost_TLCQM,0.0990787617051777,500
KRR_TLCQM,0.2092182011250861,500
NN_TLCQM,0.1039708996011043,500
TKRR,1.875696772306665,100
CDAR,5.499408409662872,100
DARC,35.70941818123317,100
VNCD_MDD,0.1540219950248937,100
M3SDA_Reg,0.1146705879584899,100
CMSS_Reg,0.1117718447426439,100
TKRR,1.866852683131771,200
CDAR,5.239070770232969,200
DARC,29.62631109955896,200
VNCD_MDD,0.1494851708890323,200
M3SDA_Reg,0.1105964683279942,200
CMSS_Reg,0.1090774844858625,200
TKRR,1.867108818467068,300
CDAR,5.378165047225835,300
DARC,29.73713999464925,300
VNCD_MDD,0.1417965799094558,300
M3SDA_Reg,0.1097884253929874,300
CMSS_Reg,0.1071233055252419,300
TKRR,1.8596360084218504,500
CDAR,5.337365059626826,500
DARC,29.802378245758455,500
VNCD_MDD,0.1292333716788376,500
M3SDA_Reg,0.116337618331414,500
CMSS_Reg,0.1017125196742841,500
XGBoost_Target_Only,0.1101656037924762,100
KRR_Target_Only,0.8306419209096845,100
NN_Target_Only,0.4218542938704354,100
XGBoost_Pool,0.0988083222695424,100
KRR_Pool,0.318320899719248,100
NN_Pool,0.1949398807530885,100
XGBoost_TLCQM,0.101443453739317,100
KRR_TLCQM,0.1908176318388603,100
NN_TLCQM,0.1189459893043465,100
XGBoost_Target_Only,0.1116736334943224,200
KRR_Target_Only,0.5323368991526584,200
NN_Target_Only,0.2881556079802974,200
XGBoost_Pool,0.0970084881669073,200
KRR_Pool,0.3902387568689905,200
NN_Pool,0.1768193384022658,200
XGBoost_TLCQM,0.0990499055305774,200
KRR_TLCQM,0.1848223038900242,200
NN_TLCQM,0.1144366665484336,200
XGBoost_Target_Only,0.0970236779911349,300
KRR_Target_Only,0.4485367982491341,300
NN_Target_Only,0.1871272183475535,300
XGBoost_Pool,0.0966858347709243,300
KRR_Pool,0.5097088872434079,300
NN_Pool,0.1718457926884102,300
XGBoost_TLCQM,0.0999594918999065,300
KRR_TLCQM,0.1840756500500005,300
NN_TLCQM,0.104024526222259,300
XGBoost_Target_Only,0.1003163139396295,500
KRR_Target_Only,0.3435946914355283,500
NN_Target_Only,0.1417864926913339,500
XGBoost_Pool,0.0933817316403032,500
KRR_Pool,0.7049092429293065,500
NN_Pool,0.1766831984368885,500
XGBoost_TLCQM,0.09774464842457,500
KRR_TLCQM,0.1728377235072786,500
NN_TLCQM,0.1027704115660775,500
TKRR,1.885642656494913,100
CDAR,5.7833051868363325,100
DARC,26.267865336001552,100
VNCD_MDD,0.1688553636619801,100
M3SDA_Reg,0.1089728576375881,100
CMSS_Reg,0.1134444620184351,100
TKRR,1.8484393160883823,200
CDAR,5.799156180909844,200
DARC,23.88979467611931,200
VNCD_MDD,0.1310921134405342,200
M3SDA_Reg,0.109785519398636,200
CMSS_Reg,0.1101405437736271,200
TKRR,1.830468053681452,300
CDAR,5.752760624417345,300
DARC,24.68336965601708,300
VNCD_MDD,0.1303935632511739,300
M3SDA_Reg,0.1138155416126365,300
CMSS_Reg,0.1028822954839646,300
TKRR,1.8331102169515323,500
CDAR,5.712613602150283,500
DARC,24.7244005348295,500
VNCD_MDD,0.1224868012978652,500
M3SDA_Reg,0.1185823720115458,500
CMSS_Reg,0.1021492413571775,500
XGBoost_Target_Only,0.1197902629337667,100
KRR_Target_Only,1.2635006192762168,100
NN_Target_Only,0.4594492650060914,100
XGBoost_Pool,0.0986496913194542,100
KRR_Pool,0.3175245970344105,100
NN_Pool,0.2029629216691818,100
XGBoost_TLCQM,0.1068314529539189,100
KRR_TLCQM,0.2018068235285844,100
NN_TLCQM,0.1785749573542071,100
XGBoost_Target_Only,0.106585101164809,200
KRR_Target_Only,0.4834218025238226,200
NN_Target_Only,0.2764341176113303,200
XGBoost_Pool,0.0998913354948966,200
KRR_Pool,0.3839753635145319,200
NN_Pool,0.1651146573672081,200
XGBoost_TLCQM,0.1065988365591737,200
KRR_TLCQM,0.1748398909457702,200
NN_TLCQM,0.127665956641001,200
XGBoost_Target_Only,0.0994343662851641,300
KRR_Target_Only,0.3864769617236057,300
NN_Target_Only,0.2089168914227148,300
XGBoost_Pool,0.0974316068460414,300
KRR_Pool,0.5022986662811372,300
NN_Pool,0.1831439111775579,300
XGBoost_TLCQM,0.1024645033527834,300
KRR_TLCQM,0.1748451228782802,300
NN_TLCQM,0.1183555713773535,300
XGBoost_Target_Only,0.0964841069424943,500
KRR_Target_Only,0.2697335906238059,500
NN_Target_Only,0.1363024330232784,500
XGBoost_Pool,0.0955963381443897,500
KRR_Pool,0.7039221695112772,500
NN_Pool,0.217642238250553,500
XGBoost_TLCQM,0.0978686994133088,500
KRR_TLCQM,0.1672656758724826,500
NN_TLCQM,0.108717863227242,500
TKRR,1.8814889986925696,100
CDAR,5.329569478291726,100
DARC,27.36601600966248,100
VNCD_MDD,0.1638767900030099,100
M3SDA_Reg,0.1162147896248797,100
CMSS_Reg,0.1183511833192305,100
TKRR,1.8819833308061888,200
CDAR,5.5413389117286425,200
DARC,32.29531939166374,200
VNCD_MDD,0.140481351203716,200
M3SDA_Reg,0.1174902243721513,200
CMSS_Reg,0.1242209183990818,200
TKRR,1.8514635823875976,300
CDAR,5.507753893972558,300
DARC,32.30867630922229,300
VNCD_MDD,0.1425520065689952,300
M3SDA_Reg,0.1173187138087091,300
CMSS_Reg,0.114935536951727,300
TKRR,1.805311418984744,500
CDAR,5.497989199783295,500
DARC,32.15538876938257,500
VNCD_MDD,0.1287550724682517,500
M3SDA_Reg,0.1222224298654473,500
CMSS_Reg,0.1050846593111392,500
XGBoost_Target_Only,0.1260038595020197,100
KRR_Target_Only,1.7791658161303998,100
NN_Target_Only,1.3768133131389904,100
XGBoost_Pool,0.1029723278360395,100
KRR_Pool,0.3187070331247555,100
NN_Pool,0.1976126452053624,100
XGBoost_TLCQM,0.1076609776044017,100
KRR_TLCQM,0.2254658086558229,100
NN_TLCQM,0.1538604423206739,100
XGBoost_Target_Only,0.1269027453678422,200
KRR_Target_Only,0.6959252556772612,200
NN_Target_Only,0.2827036384760643,200
XGBoost_Pool,0.0997606300305342,200
KRR_Pool,0.3895380319262723,200
NN_Pool,0.1937504277593921,200
XGBoost_TLCQM,0.1147326526925364,200
KRR_TLCQM,0.22196859161347,200
NN_TLCQM,0.1407783616095363,200
XGBoost_Target_Only,0.1060049669447985,300
KRR_Target_Only,0.5695993146475526,300
NN_Target_Only,0.2231371766906955,300
XGBoost_Pool,0.0993321511686584,300
KRR_Pool,0.5100047160940405,300
NN_Pool,0.1937220907560392,300
XGBoost_TLCQM,0.1077769631395856,300
KRR_TLCQM,0.2055380247824194,300
NN_TLCQM,0.1214568631773931,300
XGBoost_Target_Only,0.0989417757556664,500
KRR_Target_Only,0.3935786295868939,500
NN_Target_Only,0.1490822288923434,500
XGBoost_Pool,0.0953309722318687,500
KRR_Pool,0.7154889579443157,500
NN_Pool,0.1900002354853418,500
XGBoost_TLCQM,0.099725003094525,500
KRR_TLCQM,0.1914596941507526,500
NN_TLCQM,0.1092884463087896,500
TKRR,2.010591911126834,100
CDAR,6.608571612315919,100
DARC,22.40540472567245,100
VNCD_MDD,0.1759205215641301,100
M3SDA_Reg,0.1194006037108622,100
CMSS_Reg,0.1252354822677397,100
TKRR,1.9956107719545315,200
CDAR,6.349432149365581,200
DARC,31.38799888970612,200
VNCD_MDD,0.1428489017127498,200
M3SDA_Reg,0.1167848932006172,200
CMSS_Reg,0.121340979365327,200
TKRR,2.1075568032613825,300
CDAR,6.328161845639924,300
DARC,31.538657570388253,300
VNCD_MDD,0.1458023688281434,300
M3SDA_Reg,0.1234554451814939,300
CMSS_Reg,0.114894319406546,300
TKRR,1.8300939505862823,500
CDAR,6.32392523217572,500
DARC,31.28675309734562,500
VNCD_MDD,0.1496614093515746,500
M3SDA_Reg,0.1189529384849919,500
CMSS_Reg,0.109315814801873,500
XGBoost_Target_Only,0.1473285906608482,100
KRR_Target_Only,0.9425323000188404,100
NN_Target_Only,0.6912650091161467,100
XGBoost_Pool,0.1029059864455106,100
KRR_Pool,0.3180990411838607,100
NN_Pool,0.216640444799586,100
XGBoost_TLCQM,0.1026268747527241,100
KRR_TLCQM,0.2102930510154426,100
NN_TLCQM,0.1233727689600841,100
XGBoost_Target_Only,0.1172942782604753,200
KRR_Target_Only,0.633737794952384,200
NN_Target_Only,0.4806750607123203,200
XGBoost_Pool,0.1004146776551173,200
KRR_Pool,0.3891139581749998,200
NN_Pool,0.1910422347762639,200
XGBoost_TLCQM,0.098518205970399,200
KRR_TLCQM,0.2048865331191948,200
NN_TLCQM,0.1111338313590641,200
XGBoost_Target_Only,0.1041484436200641,300
KRR_Target_Only,0.4143693153721081,300
NN_Target_Only,0.2218829334206193,300
XGBoost_Pool,0.0988770195902596,300
KRR_Pool,0.5066655598898488,300
NN_Pool,0.1590507756170429,300
XGBoost_TLCQM,0.0973483970999745,300
KRR_TLCQM,0.1993856654320692,300
NN_TLCQM,0.1065088307949109,300
XGBoost_Target_Only,0.0952581810451878,500
KRR_Target_Only,0.3895409716657469,500
NN_Target_Only,0.1771716649048388,500
XGBoost_Pool,0.0974594796719592,500
KRR_Pool,0.7127952285131214,500
NN_Pool,0.1425531748575961,500
XGBoost_TLCQM,0.0971571974710198,500
KRR_TLCQM,0.1942497373660655,500
NN_TLCQM,0.1053036813373953,500
TKRR,1.8706720192986328,100
CDAR,5.775559086342872,100
DARC,30.96020236059142,100
VNCD_MDD,0.1554051168996652,100
M3SDA_Reg,0.1253209379562944,100
CMSS_Reg,0.1165953139849032,100
TKRR,1.848398237780364,200
CDAR,5.322589987254063,200
DARC,31.33736136734344,200
VNCD_MDD,0.1532864241223513,200
M3SDA_Reg,0.1243457360020026,200
CMSS_Reg,0.1101522766648176,200
TKRR,1.7955055291093436,300
CDAR,5.297930635903101,300
DARC,31.199251712106754,300
VNCD_MDD,0.1432862488784763,300
M3SDA_Reg,0.1220247088836871,300
CMSS_Reg,0.1081532935071214,300
TKRR,1.750732121004024,500
CDAR,5.34683812798815,500
DARC,31.191657009598043,500
VNCD_MDD,0.1386236394171644,500
M3SDA_Reg,0.1218933620206134,500
CMSS_Reg,0.10304481912564,500
XGBoost_Target_Only,0.1239380975673879,100
KRR_Target_Only,0.875575324583217,100
NN_Target_Only,0.6433972905812921,100
XGBoost_Pool,0.1022501227809416,100
KRR_Pool,0.3187640675723412,100
NN_Pool,0.212287490864455,100
XGBoost_TLCQM,0.1100657824371263,100
KRR_TLCQM,0.2272036775881243,100
NN_TLCQM,0.1240430197241733,100
XGBoost_Target_Only,0.100825657092353,200
KRR_Target_Only,0.3753375043796914,200
NN_Target_Only,0.2621461539810138,200
XGBoost_Pool,0.0998576255971619,200
KRR_Pool,0.3751623556677089,200
NN_Pool,0.1935513335263242,200
XGBoost_TLCQM,0.1008279188315911,200
KRR_TLCQM,0.179189906991325,200
NN_TLCQM,0.1078006936295774,200
XGBoost_Target_Only,0.1009715781125638,300
KRR_Target_Only,0.3774204338329994,300
NN_Target_Only,0.1728259228582493,300
XGBoost_Pool,0.0969444943276575,300
KRR_Pool,0.4931497977681892,300
NN_Pool,0.1874140554267793,300
XGBoost_TLCQM,0.1007814534097218,300
KRR_TLCQM,0.1878904230631702,300
NN_TLCQM,0.1035560323096911,300
XGBoost_Target_Only,0.0933163251579419,500
KRR_Target_Only,0.2602612553025714,500
NN_Target_Only,0.1560550102006326,500
XGBoost_Pool,0.0952877005510749,500
KRR_Pool,0.6932297691568577,500
NN_Pool,0.2094145941887326,500
XGBoost_TLCQM,0.1002174448858249,500
KRR_TLCQM,0.1571876870184544,500
NN_TLCQM,0.1063586483681699,500
TKRR,2.057561793773724,100
CDAR,5.296285485586868,100
DARC,35.456056178100454,100
VNCD_MDD,0.153724694682016,100
M3SDA_Reg,0.1131723557004124,100
CMSS_Reg,0.1166200609861994,100
TKRR,1.8673914824067264,200
CDAR,5.204913847864306,200
DARC,25.29381405935221,200
VNCD_MDD,0.1498917526094604,200
M3SDA_Reg,0.1169205556299781,200
CMSS_Reg,0.1167811360271447,200
TKRR,1.7830992668535288,300
CDAR,4.812778278144597,300
DARC,25.90426741776073,300
VNCD_MDD,0.1255780586828001,300
M3SDA_Reg,0.1116514497519754,300
CMSS_Reg,0.1085037642148674,300
TKRR,1.7647788745642288,500
CDAR,4.758761739073034,500
DARC,25.82306387143408,500
VNCD_MDD,0.1226825089795692,500
M3SDA_Reg,0.1173392267173585,500
CMSS_Reg,0.1054700634269545,500
XGBoost_Target_Only,0.1178306839278596,100
KRR_Target_Only,0.905586435724512,100
NN_Target_Only,0.5620203071451325,100
XGBoost_Pool,0.1020333162206381,100
KRR_Pool,0.3190703701261346,100
NN_Pool,0.2227354771352734,100
XGBoost_TLCQM,0.1001187441648144,100
KRR_TLCQM,0.1941178680932326,100
NN_TLCQM,0.1164105035912945,100
XGBoost_Target_Only,0.1074233727632911,200
KRR_Target_Only,0.5464732373329322,200
NN_Target_Only,0.2875790764406415,200
XGBoost_Pool,0.101390139002692,200
KRR_Pool,0.3909020671390494,200
NN_Pool,0.2225188059051203,200
XGBoost_TLCQM,0.1014753423790584,200
KRR_TLCQM,0.2097624122393011,200
NN_TLCQM,0.1060083431038223,200
XGBoost_Target_Only,0.0998605171775941,300
KRR_Target_Only,0.488212363702695,300
NN_Target_Only,0.2107887400030281,300
XGBoost_Pool,0.0999977363578727,300
KRR_Pool,0.5111539916888083,300
NN_Pool,0.2056690444730284,300
XGBoost_TLCQM,0.0998369532653841,300
KRR_TLCQM,0.1966267753542687,300
NN_TLCQM,0.1081252294586508,300
XGBoost_Target_Only,0.0982138348173327,500
KRR_Target_Only,0.4275991233702075,500
NN_Target_Only,0.1439995596083143,500
XGBoost_Pool,0.0989489280183843,500
KRR_Pool,0.7189834084971637,500
NN_Pool,0.2007732861645225,500
XGBoost_TLCQM,0.1003558418496372,500
KRR_TLCQM,0.1987188133616457,500
NN_TLCQM,0.108013355446205,500
TKRR,1.8991546975486917,100
CDAR,5.519717016977535,100
DARC,39.0050637822383,100
VNCD_MDD,0.1601334859497487,100
M3SDA_Reg,0.112772989947136,100
CMSS_Reg,0.1174978771048506,100
TKRR,1.8664377436137445,200
CDAR,6.525303572971152,200
DARC,29.117258239142917,200
VNCD_MDD,0.1470970971019107,200
M3SDA_Reg,0.1102990741469834,200
CMSS_Reg,0.1169239364457841,200
TKRR,1.8748690436173732,300
CDAR,6.618803525133121,300
DARC,29.52950164352886,300
VNCD_MDD,0.1461348966322908,300
M3SDA_Reg,0.1114223783741926,300
CMSS_Reg,0.1161703545159142,300
TKRR,1.806328576411529,500
CDAR,6.660211879727,500
DARC,29.725277937678324,500
VNCD_MDD,0.1319163256934489,500
M3SDA_Reg,0.1149036962824099,500
CMSS_Reg,0.1089047221280733,500
XGBoost_Target_Only,0.1126803916693701,100
KRR_Target_Only,0.9469661249853416,100
NN_Target_Only,0.5295930229223346,100
XGBoost_Pool,0.1000178290008369,100
KRR_Pool,0.3184618808522257,100
NN_Pool,0.1761275685235952,100
XGBoost_TLCQM,0.0998801737429307,100
KRR_TLCQM,0.2558060255404337,100
NN_TLCQM,0.1313786227237263,100
XGBoost_Target_Only,0.0996550826177603,200
KRR_Target_Only,0.6680834174822214,200
NN_Target_Only,0.313939195571441,200
XGBoost_Pool,0.0976741775713593,200
KRR_Pool,0.3909800971123416,200
NN_Pool,0.1813947277193652,200
XGBoost_TLCQM,0.099769396636643,200
KRR_TLCQM,0.222063833163552,200
NN_TLCQM,0.1086573400141745,200
XGBoost_Target_Only,0.0987944961929822,300
KRR_Target_Only,0.2750482848533233,300
NN_Target_Only,0.175575565006618,300
XGBoost_Pool,0.0980784375854791,300
KRR_Pool,0.4973737611277847,300
NN_Pool,0.174617683694925,300
XGBoost_TLCQM,0.0992525805711984,300
KRR_TLCQM,0.1833959967619877,300
NN_TLCQM,0.1120787169903916,300
XGBoost_Target_Only,0.0938439045911901,500
KRR_Target_Only,0.2214754074475945,500
NN_Target_Only,0.1602057482581986,500
XGBoost_Pool,0.0940089310782635,500
KRR_Pool,0.690204070491532,500
NN_Pool,0.1959105745578228,500
XGBoost_TLCQM,0.0997068988714801,500
KRR_TLCQM,0.1502591682563183,500
NN_TLCQM,0.1064619373543001,500
TKRR,1.8973066485770376,100
CDAR,5.951105479764788,100
DARC,25.991309038470437,100
VNCD_MDD,0.18325080329881,100
M3SDA_Reg,0.1188965840927377,100
CMSS_Reg,0.1154764288658954,100
TKRR,1.8382051496947835,200
CDAR,5.158804194776448,200
DARC,33.379914574583125,200
VNCD_MDD,0.1656076375830492,200
M3SDA_Reg,0.1190691508937679,200
CMSS_Reg,0.1193341746770094,200
TKRR,1.791684406431956,300
CDAR,5.340431258813283,300
DARC,34.13233223600193,300
VNCD_MDD,0.1437443336512904,300
M3SDA_Reg,0.1285874425840424,300
CMSS_Reg,0.1141750118067737,300
TKRR,1.6582411343608252,500
CDAR,5.257322975432587,500
DARC,34.185156630740444,500
VNCD_MDD,0.1322972708256211,500
M3SDA_Reg,0.1290721729312981,500
CMSS_Reg,0.106875079315263,500
XGBoost_Target_Only,0.1058716032427858,100
KRR_Target_Only,1.0423061068126271,100
NN_Target_Only,0.5952758147251562,100
XGBoost_Pool,0.1023913006081594,100
KRR_Pool,0.3184814121241281,100
NN_Pool,0.2155166188939119,100
XGBoost_TLCQM,0.1019355520741545,100
KRR_TLCQM,0.1926095516144379,100
NN_TLCQM,0.1187527785309233,100
XGBoost_Target_Only,0.1026955692124068,200
KRR_Target_Only,0.6812460854360282,200
NN_Target_Only,0.3522796044401998,200
XGBoost_Pool,0.1005810724625276,200
KRR_Pool,0.3904659976730508,200
NN_Pool,0.1829091872115069,200
XGBoost_TLCQM,0.1011235039162238,200
KRR_TLCQM,0.2180127597657686,200
NN_TLCQM,0.1133171884917885,200
XGBoost_Target_Only,0.0999617329606544,300
KRR_Target_Only,0.4611668943941149,300
NN_Target_Only,0.2060149129462763,300
XGBoost_Pool,0.0994786339504348,300
KRR_Pool,0.5102964182312986,300
NN_Pool,0.2072026141035518,300
XGBoost_TLCQM,0.1007208146615075,300
KRR_TLCQM,0.2044284063351133,300
NN_TLCQM,0.1072301699849138,300
XGBoost_Target_Only,0.0934328191348052,500
KRR_Target_Only,0.3685278136922449,500
NN_Target_Only,0.1593756160540983,500
XGBoost_Pool,0.0935961512279194,500
KRR_Pool,0.713593175296034,500
NN_Pool,0.2256183832678774,500
XGBoost_TLCQM,0.0981977164023643,500
KRR_TLCQM,0.187503176174882,500
NN_TLCQM,0.1039622626725993,500
TKRR,1.8602773217727917,100
CDAR,5.031835503891078,100
DARC,37.74178289985094,100
VNCD_MDD,0.1589202636373676,100
M3SDA_Reg,0.1132639817389341,100
CMSS_Reg,0.1114989238754114,100
TKRR,1.8916133721367872,200
CDAR,5.389831173421111,200
DARC,32.6211637986423,200
VNCD_MDD,0.1714744356905146,200
M3SDA_Reg,0.1144820016612765,200
CMSS_Reg,0.1103617970622142,200
TKRR,1.908059229842584,300
CDAR,5.374462316747685,300
DARC,32.62059322215808,300
VNCD_MDD,0.1670681496025672,300
M3SDA_Reg,0.1181231517170583,300
CMSS_Reg,0.1079325626852701,300
TKRR,1.831782050384994,500
CDAR,5.390326160341253,500
DARC,32.34534601704203,500
VNCD_MDD,0.1543639620442652,500
M3SDA_Reg,0.1159922276373111,500
CMSS_Reg,0.1042440276983431,500
XGBoost_Target_Only,0.1217550063105083,100
KRR_Target_Only,0.920395936692222,100
NN_Target_Only,0.9221178804307392,100
XGBoost_Pool,0.1005632227415771,100
KRR_Pool,0.3187580305345683,100
NN_Pool,0.2011205101617146,100
XGBoost_TLCQM,0.0979556629995557,100
KRR_TLCQM,0.2542691885757034,100
NN_TLCQM,0.127847720615942,100
XGBoost_Target_Only,0.1042965494225046,200
KRR_Target_Only,0.4459867985317665,200
NN_Target_Only,0.29822094261069,200
XGBoost_Pool,0.0999935273584103,200
KRR_Pool,0.3815633381123389,200
NN_Pool,0.190649143187231,200
XGBoost_TLCQM,0.0966097165947461,200
KRR_TLCQM,0.1724206732232975,200
NN_TLCQM,0.1133434069377231,200
XGBoost_Target_Only,0.0995450829230353,300
KRR_Target_Only,0.4542509889261824,300
NN_Target_Only,0.2584237646461786,300
XGBoost_Pool,0.0981579120239578,300
KRR_Pool,0.5007942824295238,300
NN_Pool,0.173130150597551,300
XGBoost_TLCQM,0.0972413100072739,300
KRR_TLCQM,0.1696329766815186,300
NN_TLCQM,0.1014680212335035,300
XGBoost_Target_Only,0.096738195922792,500
KRR_Target_Only,0.3547403963107604,500
NN_Target_Only,0.217408552179516,500
XGBoost_Pool,0.0964670307694763,500
KRR_Pool,0.7110875771149063,500
NN_Pool,0.1309459934450853,500
XGBoost_TLCQM,0.0967440808744336,500
KRR_TLCQM,0.1679943507378057,500
NN_TLCQM,0.0996243687818804,500
TKRR,1.9446588705583043,100
CDAR,6.073574942406955,100
DARC,32.72284211390589,100
VNCD_MDD,0.1957823181492338,100
M3SDA_Reg,0.1173547380130391,100
CMSS_Reg,0.1204894723451978,100
TKRR,1.8902334251489332,200
CDAR,5.57434939500851,200
DARC,32.58174594542914,200
VNCD_MDD,0.1679935179105548,200
M3SDA_Reg,0.1152556979969552,200
CMSS_Reg,0.1121829419312732,200
TKRR,1.8466558822920325,300
CDAR,5.574787903082365,300
DARC,32.36657175319715,300
VNCD_MDD,0.1592990151259857,300
M3SDA_Reg,0.1135356294391915,300
CMSS_Reg,0.1111873167728253,300
TKRR,1.851007053005804,500
CDAR,5.514916665844057,500
DARC,35.154087456158386,500
VNCD_MDD,0.1599785995655139,500
M3SDA_Reg,0.1133257809778726,500
CMSS_Reg,0.1053072435335769,500
XGBoost_Target_Only,0.1232922110011858,100
KRR_Target_Only,1.1335704066787329,100
NN_Target_Only,0.4703447499185797,100
XGBoost_Pool,0.1023923980658918,100
KRR_Pool,0.3189245532634856,100
NN_Pool,0.2038321970871266,100
XGBoost_TLCQM,0.1091739069666398,100
KRR_TLCQM,0.2353118160507682,100
NN_TLCQM,0.1361883858683863,100
XGBoost_Target_Only,0.1075010704886582,200
KRR_Target_Only,0.6140932156848012,200
NN_Target_Only,0.3139508396098934,200
XGBoost_Pool,0.099928672589852,200
KRR_Pool,0.390147442547806,200
NN_Pool,0.1695129054665373,200
XGBoost_TLCQM,0.1034580084621847,200
KRR_TLCQM,0.1885755326364418,200
NN_TLCQM,0.1180739380467092,200
XGBoost_Target_Only,0.1019411935393711,300
KRR_Target_Only,0.4492827243275779,300
NN_Target_Only,0.1797503304859634,300
XGBoost_Pool,0.0986399843531994,300
KRR_Pool,0.5128124698272428,300
NN_Pool,0.1926713639703219,300
XGBoost_TLCQM,0.0997304436258552,300
KRR_TLCQM,0.1911628875368292,300
NN_TLCQM,0.1076883113737226,300
XGBoost_Target_Only,0.0951531403094937,500
KRR_Target_Only,0.3233741552964246,500
NN_Target_Only,0.1644111186387467,500
XGBoost_Pool,0.0969763432521004,500
KRR_Pool,0.721090788303277,500
NN_Pool,0.1276409814519294,500
XGBoost_TLCQM,0.0979187296496155,500
KRR_TLCQM,0.1924760517446737,500
NN_TLCQM,0.1052958541762439,500
TKRR,2.234579370666917,100
CDAR,5.768774443737768,100
DARC,24.45959354646248,100
VNCD_MDD,0.1709215569581097,100
M3SDA_Reg,0.1236206503582036,100
CMSS_Reg,0.133412991319813,100
TKRR,1.8662868408449425,200
CDAR,5.724779694757603,200
DARC,39.66657023362722,200
VNCD_MDD,0.1593614840923811,200
M3SDA_Reg,0.122432676262987,200
CMSS_Reg,0.1198985276108523,200
TKRR,1.8732645910554893,300
CDAR,5.765615980143271,300
DARC,39.21909189854132,300
VNCD_MDD,0.1472471084612004,300
M3SDA_Reg,0.1131774644289289,300
CMSS_Reg,0.1116091699556766,300
TKRR,1.8683186854819045,500
CDAR,5.702340370846004,500
DARC,39.91193414684118,500
VNCD_MDD,0.1384029161368079,500
M3SDA_Reg,0.1173227017706947,500
CMSS_Reg,0.1015929028491457,500
XGBoost_Target_Only,0.1231452951024736,100
KRR_Target_Only,0.8924500979664325,100
NN_Target_Only,0.4923620313234623,100
XGBoost_Pool,0.1018971834183836,100
KRR_Pool,0.3187078175013433,100
NN_Pool,0.1862102560006108,100
XGBoost_TLCQM,0.1032459582038035,100
KRR_TLCQM,0.2115960974636334,100
NN_TLCQM,0.120070045567215,100
XGBoost_Target_Only,0.1030810105152276,200
KRR_Target_Only,0.4665448957648893,200
NN_Target_Only,0.2488136054167544,200
XGBoost_Pool,0.0994528233619169,200
KRR_Pool,0.3914279102585918,200
NN_Pool,0.1849351580966909,200
XGBoost_TLCQM,0.1018385180039702,200
KRR_TLCQM,0.211963865188812,200
NN_TLCQM,0.1041403037731849,200
XGBoost_Target_Only,0.1014326445907478,300
KRR_Target_Only,0.4274834795923974,300
NN_Target_Only,0.1670096285416842,300
XGBoost_Pool,0.097493735504783,300
KRR_Pool,0.5135703467617693,300
NN_Pool,0.1930198241889586,300
XGBoost_TLCQM,0.1011600275008509,300
KRR_TLCQM,0.2175793948071398,300
NN_TLCQM,0.1094920053803533,300
XGBoost_Target_Only,0.0966103755619263,500
KRR_Target_Only,0.3472858222375451,500
NN_Target_Only,0.1482371133501183,500
XGBoost_Pool,0.0950217589917298,500
KRR_Pool,0.7194507561549704,500
NN_Pool,0.1781630708787722,500
XGBoost_TLCQM,0.0980729870183335,500
KRR_TLCQM,0.215938586200391,500
NN_TLCQM,0.1031434287710868,500
TKRR,2.050796468395648,100
CDAR,5.661139079703439,100
DARC,40.68533977659448,100
VNCD_MDD,0.1825063418634422,100
M3SDA_Reg,0.1179485073012035,100
CMSS_Reg,0.1144700783215329,100
TKRR,1.8355117917799464,200
CDAR,5.999920910662134,200
DARC,26.99879436057897,200
VNCD_MDD,0.1526076251316016,200
M3SDA_Reg,0.1140228194771569,200
CMSS_Reg,0.1160387571093858,200
TKRR,1.7952337462398358,300
CDAR,6.02145114239622,300
DARC,27.252213164742358,300
VNCD_MDD,0.1476962556591143,300
M3SDA_Reg,0.117148559293863,300
CMSS_Reg,0.1124934542362612,300
TKRR,1.744412315516255,500
CDAR,6.066313582894678,500
DARC,26.964015148278605,500
VNCD_MDD,0.131634034775555,500
M3SDA_Reg,0.1210319453792787,500
CMSS_Reg,0.1069412718793117,500
XGBoost_Target_Only,0.1378045279707858,100
KRR_Target_Only,1.1535870849876408,100
NN_Target_Only,0.9069367998562224,100
XGBoost_Pool,0.0989993827506046,100
KRR_Pool,0.3126999254355086,100
NN_Pool,0.1912460049923457,100
XGBoost_TLCQM,0.0997596359641092,100
KRR_TLCQM,0.3483660353929464,100
NN_TLCQM,0.1274890505362755,100
XGBoost_Target_Only,0.110553439315033,200
KRR_Target_Only,0.7963354263366778,200
NN_Target_Only,0.5075670807411939,200
XGBoost_Pool,0.0951659821519199,200
KRR_Pool,0.3844201322725112,200
NN_Pool,0.1791200505057585,200
XGBoost_TLCQM,0.0982104119466841,200
KRR_TLCQM,0.2453527308271665,200
NN_TLCQM,0.1122399340526826,200
XGBoost_Target_Only,0.112639968155164,300
KRR_Target_Only,0.6972347749237906,300
NN_Target_Only,0.3536147309401448,300
XGBoost_Pool,0.0951911116331574,300
KRR_Pool,0.5034966097392634,300
NN_Pool,0.1837621172021309,300
XGBoost_TLCQM,0.0999540983749991,300
KRR_TLCQM,0.2495611431512212,300
NN_TLCQM,0.1087211727990991,300
XGBoost_Target_Only,0.0959164405393763,500
KRR_Target_Only,0.4100691575392857,500
NN_Target_Only,0.1564942475604494,500
XGBoost_Pool,0.096222562198255,500
KRR_Pool,0.7075916194206432,500
NN_Pool,0.2220794304244717,500
XGBoost_TLCQM,0.0972237222576445,500
KRR_TLCQM,0.1772313284232993,500
NN_TLCQM,0.1080811867362973,500
TKRR,1.887200342554556,100
CDAR,5.9870467191372185,100
DARC,33.72159514251132,100
VNCD_MDD,0.1610484350136641,100
M3SDA_Reg,0.1105772140054389,100
CMSS_Reg,0.1229552580870147,100
TKRR,1.8710335136391771,200
CDAR,5.298660975409206,200
DARC,38.93273001868598,200
VNCD_MDD,0.160154903680093,200
M3SDA_Reg,0.1139806863107382,200
CMSS_Reg,0.1157062567294333,200
TKRR,1.8993409350838808,300
CDAR,5.388711732015692,300
DARC,39.23710618516128,300
VNCD_MDD,0.1427179398256863,300
M3SDA_Reg,0.1150884690165802,300
CMSS_Reg,0.112872870140239,300
TKRR,1.9057034482249149,500
CDAR,5.298518787439705,500
DARC,39.37495112592674,500
VNCD_MDD,0.1409462141543456,500
M3SDA_Reg,0.123768287239727,500
CMSS_Reg,0.1014203509982708,500
XGBoost_Target_Only,0.121044894972826,100
KRR_Target_Only,1.2642111864252958,100
NN_Target_Only,0.4361381378736484,100
XGBoost_Pool,0.1020610715768988,100
KRR_Pool,0.3188255763600304,100
NN_Pool,0.1786413685422044,100
XGBoost_TLCQM,0.1040939564117727,100
KRR_TLCQM,0.2290649472123813,100
NN_TLCQM,0.1411843180143643,100
XGBoost_Target_Only,0.1073876963550735,200
KRR_Target_Only,0.6625273912417035,200
NN_Target_Only,0.3104963045616263,200
XGBoost_Pool,0.0997469071858643,200
KRR_Pool,0.3908776939063539,200
NN_Pool,0.1772132962055691,200
XGBoost_TLCQM,0.1006341736590898,200
KRR_TLCQM,0.2074935518143309,200
NN_TLCQM,0.1164475513029618,200
XGBoost_Target_Only,0.0997122962733092,300
KRR_Target_Only,0.3918227947493591,300
NN_Target_Only,0.181928347180498,300
XGBoost_Pool,0.0978964077073818,300
KRR_Pool,0.5038190833552763,300
NN_Pool,0.1850457054121393,300
XGBoost_TLCQM,0.0986934672854095,300
KRR_TLCQM,0.1887693300165671,300
NN_TLCQM,0.1176144552352936,300
XGBoost_Target_Only,0.0926447099697899,500
KRR_Target_Only,0.298429474058616,500
NN_Target_Only,0.1376005079297179,500
XGBoost_Pool,0.0954939777461636,500
KRR_Pool,0.7041191200684995,500
NN_Pool,0.1434101490675698,500
XGBoost_TLCQM,0.096582201205382,500
KRR_TLCQM,0.1680265087648472,500
NN_TLCQM,0.1092579597024693,500
TKRR,2.433457680924598,100
CDAR,6.250368755607702,100
DARC,22.28287548831039,100
VNCD_MDD,0.1491521757334009,100
M3SDA_Reg,0.1247742962387177,100
CMSS_Reg,0.1273976855928254,100
TKRR,1.8835641890913355,200
CDAR,6.613412720408181,200
DARC,31.52601193183313,200
VNCD_MDD,0.1501471345148934,200
M3SDA_Reg,0.111859228337023,200
CMSS_Reg,0.1196558255363424,200
TKRR,1.8586328105875192,300
CDAR,6.427850997958249,300
DARC,31.705167695934747,300
VNCD_MDD,0.1339232672990034,300
M3SDA_Reg,0.120748825222689,300
CMSS_Reg,0.1121674692429829,300
TKRR,1.8520255497728344,500
CDAR,6.3832622082415815,500
DARC,31.541208409694555,500
VNCD_MDD,0.1214804321466987,500
M3SDA_Reg,0.1197598687929475,500
CMSS_Reg,0.1044309331069458,500
XGBoost_Target_Only,0.1100650703466755,100
KRR_Target_Only,0.6912406285688895,100
NN_Target_Only,0.408801119827122,100
XGBoost_Pool,0.1002233013713135,100
KRR_Pool,0.3080300956040815,100
NN_Pool,0.2023599803299892,100
XGBoost_TLCQM,0.0994796096510281,100
KRR_TLCQM,0.1742316216778321,100
NN_TLCQM,0.121549501496749,100
XGBoost_Target_Only,0.1164594165243583,200
KRR_Target_Only,0.4838506591526231,200
NN_Target_Only,0.2388898680274196,200
XGBoost_Pool,0.0985209431524161,200
KRR_Pool,0.3791135254216952,200
NN_Pool,0.225331854509983,200
XGBoost_TLCQM,0.1024508017368279,200
KRR_TLCQM,0.179135358856341,200
NN_TLCQM,0.1260683436969975,200
XGBoost_Target_Only,0.0992748589865845,300
KRR_Target_Only,0.3467660219746236,300
NN_Target_Only,0.1730820968277261,300
XGBoost_Pool,0.1001156181303724,300
KRR_Pool,0.4926290151926796,300
NN_Pool,0.2002328571656655,300
XGBoost_TLCQM,0.096250053538618,300
KRR_TLCQM,0.1639937541943097,300
NN_TLCQM,0.1109981325710381,300
XGBoost_Target_Only,0.0981211264824032,500
KRR_Target_Only,0.2988742048354728,500
NN_Target_Only,0.1428281994141563,500
XGBoost_Pool,0.097820765891568,500
KRR_Pool,0.7000129256909039,500
NN_Pool,0.2035231434625227,500
XGBoost_TLCQM,0.0978847704757504,500
KRR_TLCQM,0.1885991505812081,500
NN_TLCQM,0.1043833675498057,500
TKRR,1.89995700492072,100
CDAR,7.43346438016926,100
DARC,33.636217452981604,100
VNCD_MDD,0.1852718385249207,100
M3SDA_Reg,0.1193081745731057,100
CMSS_Reg,0.1164307024560074,100
TKRR,1.9222812622302647,200
CDAR,6.261830792792851,200
DARC,36.425007822209984,200
VNCD_MDD,0.1775305898628398,200
M3SDA_Reg,0.1260084871888914,200
CMSS_Reg,0.1141556280232192,200
TKRR,1.8564714055942595,300
CDAR,6.306794831372882,300
DARC,12.306552626822077,300
VNCD_MDD,0.1507817788669804,300
M3SDA_Reg,0.126041316271348,300
CMSS_Reg,0.1051515795035457,300
TKRR,1.821607830207408,500
CDAR,6.090852442675515,500
DARC,39.77274892595904,500
VNCD_MDD,0.1365098817808749,500
M3SDA_Reg,0.1225613714993468,500
CMSS_Reg,0.1025950728062496,500
XGBoost_Target_Only,0.1192507454736445,100
KRR_Target_Only,1.6898526522041872,100
NN_Target_Only,1.0654926457539111,100
XGBoost_Pool,0.0985687742585671,100
KRR_Pool,0.3186983340911915,100
NN_Pool,0.1963811034994531,100
XGBoost_TLCQM,0.1008787753318725,100
KRR_TLCQM,0.3437580331618706,100
NN_TLCQM,0.1422532247239819,100
XGBoost_Target_Only,0.1156589750101472,200
KRR_Target_Only,0.7347390994515577,200
NN_Target_Only,0.4885097761368412,200
XGBoost_Pool,0.0989820486211771,200
KRR_Pool,0.3878544902129387,200
NN_Pool,0.1741309712767409,200
XGBoost_TLCQM,0.1014264968935559,200
KRR_TLCQM,0.2186511892049941,200
NN_TLCQM,0.119385317140956,200
XGBoost_Target_Only,0.1074871417973334,300
KRR_Target_Only,0.6224235349841359,300
NN_Target_Only,0.2975384414932043,300
XGBoost_Pool,0.098148057786654,300
KRR_Pool,0.506414749709481,300
NN_Pool,0.1757471885113434,300
XGBoost_TLCQM,0.100436504207926,300
KRR_TLCQM,0.2142792006003565,300
NN_TLCQM,0.1125853592112972,300
XGBoost_Target_Only,0.0946682870762048,500
KRR_Target_Only,0.4750466289526334,500
NN_Target_Only,0.2176628572550192,500
XGBoost_Pool,0.0966744674161298,500
KRR_Pool,0.7102868236306075,500
NN_Pool,0.2075273839938559,500
XGBoost_TLCQM,0.1005845011846541,500
KRR_TLCQM,0.1985130492078928,500
NN_TLCQM,0.1033693496869622,500
TKRR,1.8916499752579796,100
CDAR,5.640888737847413,100
DARC,32.25336060428446,100
VNCD_MDD,0.1474221388082106,100
M3SDA_Reg,0.1101102315306937,100
CMSS_Reg,0.1137364345068065,100
TKRR,1.87197758005318,200
CDAR,5.714462469738654,200
DARC,39.27205020694201,200
VNCD_MDD,0.1658307794247016,200
M3SDA_Reg,0.1146749032363781,200
CMSS_Reg,0.1167186796587187,200
TKRR,1.901059137136468,300
CDAR,5.782386596162042,300
DARC,39.65144414417911,300
VNCD_MDD,0.1458879211270263,300
M3SDA_Reg,0.1131126413987863,300
CMSS_Reg,0.1078152718765635,300
TKRR,1.9040805638438565,500
CDAR,5.8689389457247545,500
DARC,39.7085568566719,500
VNCD_MDD,0.1317627092818939,500
M3SDA_Reg,0.111302974212054,500
CMSS_Reg,0.1029186879500666,500
XGBoost_Target_Only,0.1193449258660463,100
KRR_Target_Only,1.030625337001693,100
NN_Target_Only,0.4470248246864231,100
XGBoost_Pool,0.1020838397538559,100
KRR_Pool,0.3189814330524569,100
NN_Pool,0.1878078419092508,100
XGBoost_TLCQM,0.1038369136240753,100
KRR_TLCQM,0.2253406831187849,100
NN_TLCQM,0.1200857327571715,100
XGBoost_Target_Only,0.1068721984172931,200
KRR_Target_Only,0.5160155038946086,200
NN_Target_Only,0.2477978804080621,200
XGBoost_Pool,0.1013977100732692,200
KRR_Pool,0.3894513668644002,200
NN_Pool,0.1834523965256863,200
XGBoost_TLCQM,0.0992560090283544,200
KRR_TLCQM,0.2068189989981229,200
NN_TLCQM,0.1105511786325792,200
XGBoost_Target_Only,0.1027504954356238,300
KRR_Target_Only,0.4773094628644588,300
NN_Target_Only,0.2025110237110039,300
XGBoost_Pool,0.0991777239917467,300
KRR_Pool,0.5134554666835778,300
NN_Pool,0.1733950353047897,300
XGBoost_TLCQM,0.0988353340225775,300
KRR_TLCQM,0.1812286701397613,300
NN_TLCQM,0.103172625872252,300
XGBoost_Target_Only,0.0936274124390215,500
KRR_Target_Only,0.3063919079751629,500
NN_Target_Only,0.1436465475915279,500
XGBoost_Pool,0.0971800291147293,500
KRR_Pool,0.7063075659072429,500
NN_Pool,0.1561195356848257,500
XGBoost_TLCQM,0.0980151992451439,500
KRR_TLCQM,0.1550948401198361,500
NN_TLCQM,0.1045339579593567,500
TKRR,1.974420289686008,100
CDAR,6.01768126682644,100
DARC,25.1080217099542,100
VNCD_MDD,0.1755992844569616,100
M3SDA_Reg,0.1176350542210742,100
CMSS_Reg,0.1133002436908027,100
TKRR,1.8060934643452975,200
CDAR,5.921076368244211,200
DARC,31.863047047676822,200
VNCD_MDD,0.1828250815842102,200
M3SDA_Reg,0.1242694953751263,200
CMSS_Reg,0.107037349262415,200
TKRR,1.756607448772854,300
CDAR,5.879529025355685,300
DARC,31.959441628612797,300
VNCD_MDD,0.1473492097018565,300
M3SDA_Reg,0.1240257803720353,300
CMSS_Reg,0.1092710186633388,300
TKRR,1.7323974675289768,500
CDAR,5.849672248805735,500
DARC,31.98008727512848,500
VNCD_MDD,0.1401952570098045,500
M3SDA_Reg,0.1275868783059179,500
CMSS_Reg,0.1034703656953619,500
XGBoost_Target_Only,0.106415341902424,100
KRR_Target_Only,0.947617352498336,100
NN_Target_Only,0.8356196907481462,100
XGBoost_Pool,0.1010673202090587,100
KRR_Pool,0.3190054029007702,100
NN_Pool,0.1964691305313172,100
XGBoost_TLCQM,0.0978621940195964,100
KRR_TLCQM,0.2143150104705142,100
NN_TLCQM,0.1235335814295828,100
XGBoost_Target_Only,0.1115509857705259,200
KRR_Target_Only,0.75093524682228,200
NN_Target_Only,0.5800945557278171,200
XGBoost_Pool,0.1016946349380198,200
KRR_Pool,0.3922160684655617,200
NN_Pool,0.1923924970623287,200
XGBoost_TLCQM,0.0988795040990519,200
KRR_TLCQM,0.2129543068036109,200
NN_TLCQM,0.1092441818977587,200
XGBoost_Target_Only,0.1075760268262065,300
KRR_Target_Only,0.5897814903511954,300
NN_Target_Only,0.317268114711967,300
XGBoost_Pool,0.0991242792227463,300
KRR_Pool,0.5153001723383467,300
NN_Pool,0.1671062892877417,300
XGBoost_TLCQM,0.0969063938199936,300
KRR_TLCQM,0.2049426494452249,300
NN_TLCQM,0.1059404743320567,300
XGBoost_Target_Only,0.1010437127461925,500
KRR_Target_Only,0.357931614328866,500
NN_Target_Only,0.1610168267910889,500
XGBoost_Pool,0.0967023860406045,500
KRR_Pool,0.7186058083930043,500
NN_Pool,0.2438933208035586,500
XGBoost_TLCQM,0.0978400222764705,500
KRR_TLCQM,0.1746997280556462,500
NN_TLCQM,0.1039798413213597,500
TKRR,1.8378567089358464,100
CDAR,5.413234167815549,100
DARC,22.470582588775255,100
VNCD_MDD,0.1642424084469715,100
M3SDA_Reg,0.109489819679573,100
CMSS_Reg,0.1066318992178753,100
TKRR,1.7793994615178157,200
CDAR,6.189936447161547,200
DARC,30.90599722998267,200
VNCD_MDD,0.1555238157398875,200
M3SDA_Reg,0.1153052325977701,200
CMSS_Reg,0.111129904497451,200
TKRR,1.7003103235897912,300
CDAR,6.154629921357445,300
DARC,30.975643085138454,300
VNCD_MDD,0.1502378012172446,300
M3SDA_Reg,0.1156661147784796,300
CMSS_Reg,0.1093424868908133,300
TKRR,1.6788744676771827,500
CDAR,6.098496022815444,500
DARC,31.369666902265475,500
VNCD_MDD,0.1235872243807048,500
M3SDA_Reg,0.1241720282846355,500
CMSS_Reg,0.101050774446742,500
XGBoost_Target_Only,0.1238324188868914,100
KRR_Target_Only,0.6176828020999011,100
NN_Target_Only,0.3301835907024468,100
XGBoost_Pool,0.1011098017033635,100
KRR_Pool,0.318408312001236,100
NN_Pool,0.1982028932723901,100
XGBoost_TLCQM,0.1048853134684525,100
KRR_TLCQM,0.2089364021670308,100
NN_TLCQM,0.1106172685354099,100
XGBoost_Target_Only,0.110069472147576,200
KRR_Target_Only,0.3909191685044724,200
NN_Target_Only,0.2539504901073993,200
XGBoost_Pool,0.1004725640303531,200
KRR_Pool,0.3899063708561357,200
NN_Pool,0.2189898195124605,200
XGBoost_TLCQM,0.1010572844740972,200
KRR_TLCQM,0.1970653962250189,200
NN_TLCQM,0.1098258546921458,200
XGBoost_Target_Only,0.1061926672725894,300
KRR_Target_Only,0.3216626438915301,300
NN_Target_Only,0.1743313808694892,300
XGBoost_Pool,0.0982889473856377,300
KRR_Pool,0.5104208294670122,300
NN_Pool,0.2085852681965279,300
XGBoost_TLCQM,0.0982531191815625,300
KRR_TLCQM,0.1824356123468126,300
NN_TLCQM,0.1095639512527522,300
XGBoost_Target_Only,0.0933221049343513,500
KRR_Target_Only,0.2965025045013182,500
NN_Target_Only,0.1503683532016454,500
XGBoost_Pool,0.0941449162358064,500
KRR_Pool,0.7119565942774969,500
NN_Pool,0.2181153743039528,500
XGBoost_TLCQM,0.0961906655002897,500
KRR_TLCQM,0.1756275325940803,500
NN_TLCQM,0.1055898318159783,500
TKRR,1.9170378894592084,100
CDAR,5.076040157685916,100
DARC,34.956678440678786,100
VNCD_MDD,0.1698172147721423,100
M3SDA_Reg,0.1150145958567317,100
CMSS_Reg,0.1202817822726191,100
TKRR,1.8906853864206608,200
CDAR,5.9187318588285205,200
DARC,29.077807380969848,200
VNCD_MDD,0.1652118669076555,200
M3SDA_Reg,0.1182831941212357,200
CMSS_Reg,0.1174237311185797,200
TKRR,1.8317725976478607,300
CDAR,5.897935155424283,300
DARC,28.42416278786968,300
VNCD_MDD,0.1488951188729189,300
M3SDA_Reg,0.1123247838336892,300
CMSS_Reg,0.113641146165255,300
TKRR,1.7993983284714792,500
CDAR,5.908344639017428,500
DARC,28.75834316358479,500
VNCD_MDD,0.1322816749724658,500
M3SDA_Reg,0.113122226670635,500
CMSS_Reg,0.1025803282682517,500
XGBoost_Target_Only,0.1134682612733593,100
KRR_Target_Only,1.689386817021871,100
NN_Target_Only,1.3794858269257206,100
XGBoost_Pool,0.0986973594415824,100
KRR_Pool,0.319555490604738,100
NN_Pool,0.1804182843965226,100
XGBoost_TLCQM,0.1055257319061655,100
KRR_TLCQM,0.2009783011833937,100
NN_TLCQM,0.1362954769682459,100
XGBoost_Target_Only,0.1136231824516531,200
KRR_Target_Only,0.9049794706258032,200
NN_Target_Only,0.2553319019795906,200
XGBoost_Pool,0.1000154574897104,200
KRR_Pool,0.3911594001062872,200
NN_Pool,0.2105446828434115,200
XGBoost_TLCQM,0.1039950960430104,200
KRR_TLCQM,0.2012249169398955,200
NN_TLCQM,0.1116232462699369,200
XGBoost_Target_Only,0.1098236467239699,300
KRR_Target_Only,0.5117804064340215,300
NN_Target_Only,0.2298607989641367,300
XGBoost_Pool,0.0992511719279171,300
KRR_Pool,0.4980629974824742,300
NN_Pool,0.2071198144067686,300
XGBoost_TLCQM,0.1016492371332618,300
KRR_TLCQM,0.1696677325549086,300
NN_TLCQM,0.1090959424603783,300
XGBoost_Target_Only,0.0946294334764812,500
KRR_Target_Only,0.3012025864128381,500
NN_Target_Only,0.1477635831149928,500
XGBoost_Pool,0.0973759886258412,500
KRR_Pool,0.7014501815940707,500
NN_Pool,0.2365851725175122,500
XGBoost_TLCQM,0.0976941780646639,500
KRR_TLCQM,0.1673429069345434,500
NN_TLCQM,0.1026496508044175,500
TKRR,1.9120454626099077,100
CDAR,5.691683047315254,100
DARC,30.799890563542277,100
VNCD_MDD,0.165366393068942,100
M3SDA_Reg,0.1135938098345032,100
CMSS_Reg,0.1152665512902793,100
TKRR,1.9341235021211531,200
CDAR,6.133383623582812,200
DARC,41.16049146732973,200
VNCD_MDD,0.1463508025762011,200
M3SDA_Reg,0.1218068958432324,200
CMSS_Reg,0.1165491418828222,200
TKRR,1.9177046067124464,300
CDAR,5.935024561009907,300
DARC,41.27586317766264,300
VNCD_MDD,0.1437901304845726,300
M3SDA_Reg,0.1243327097612606,300
CMSS_Reg,0.1137335283078233,300
TKRR,1.8741835046115136,500
CDAR,5.875467365610631,500
DARC,41.22729537916989,500
VNCD_MDD,0.1332618799588789,500
M3SDA_Reg,0.1225914348132404,500
CMSS_Reg,0.1046664451510992,500
XGBoost_Target_Only,0.1155221705365465,100
KRR_Target_Only,1.0225703555556025,100
NN_Target_Only,0.5603715072604198,100
XGBoost_Pool,0.1005014458378005,100
KRR_Pool,0.3101600056973499,100
NN_Pool,0.1928856975438522,100
XGBoost_TLCQM,0.1126180102657919,100
KRR_TLCQM,0.2162537120951581,100
NN_TLCQM,0.12671608644294,100
XGBoost_Target_Only,0.1045419137313976,200
KRR_Target_Only,0.5235290609690566,200
NN_Target_Only,0.235149061464795,200
XGBoost_Pool,0.1006784533698708,200
KRR_Pool,0.3795664897031789,200
NN_Pool,0.2002566419827157,200
XGBoost_TLCQM,0.1025133762633224,200
KRR_TLCQM,0.1742631103750401,200
NN_TLCQM,0.1149346924490461,200
XGBoost_Target_Only,0.0966081943591218,300
KRR_Target_Only,0.4038284465636713,300
NN_Target_Only,0.1682861135259483,300
XGBoost_Pool,0.0975590354541361,300
KRR_Pool,0.4936291113056841,300
NN_Pool,0.2140784331916614,300
XGBoost_TLCQM,0.0989886660452357,300
KRR_TLCQM,0.1667844662914516,300
NN_TLCQM,0.1107952811846051,300
XGBoost_Target_Only,0.093647272008612,500
KRR_Target_Only,0.3057446868194051,500
NN_Target_Only,0.1521266761497149,500
XGBoost_Pool,0.0964842520652589,500
KRR_Pool,0.6966477698690143,500
NN_Pool,0.2124378480437828,500
XGBoost_TLCQM,0.0997748326055156,500
KRR_TLCQM,0.1548350692743005,500
NN_TLCQM,0.1062547136788604,500
TKRR,2.069087094708226,100
CDAR,6.195005442195219,100
DARC,33.75298775105404,100
VNCD_MDD,0.1862572871504005,100
M3SDA_Reg,0.1267547688445031,100
CMSS_Reg,0.1207957808119847,100
TKRR,1.877815660664352,200
CDAR,5.467939654425494,200
DARC,32.55850431317901,200
VNCD_MDD,0.1559179593020018,200
M3SDA_Reg,0.1255001077642011,200
CMSS_Reg,0.1257856614793041,200
TKRR,1.8585081635903948,300
CDAR,5.366423910559813,300
DARC,32.37466798840428,300
VNCD_MDD,0.1408503431232992,300
M3SDA_Reg,0.1236917784207941,300
CMSS_Reg,0.1121683801204627,300
TKRR,1.7845066563629752,500
CDAR,5.178737520004235,500
DARC,32.91379691777892,500
VNCD_MDD,0.1237449043760791,500
M3SDA_Reg,0.1266227600533405,500
CMSS_Reg,0.104016188438985,500
XGBoost_Target_Only,0.1158711472027114,100
KRR_Target_Only,1.1709317492907336,100
NN_Target_Only,0.5460339149128204,100
XGBoost_Pool,0.0997969808722218,100
KRR_Pool,0.3176406505209271,100
NN_Pool,0.1905046970898422,100
XGBoost_TLCQM,0.1079742266626762,100
KRR_TLCQM,0.2021713871736707,100
NN_TLCQM,0.1240851813849326,100
XGBoost_Target_Only,0.1152578601096391,200
KRR_Target_Only,0.7481753425260876,200
NN_Target_Only,0.3234585422337087,200
XGBoost_Pool,0.1000134024253035,200
KRR_Pool,0.3901094165425455,200
NN_Pool,0.1909702352371442,200
XGBoost_TLCQM,0.1049231339646938,200
KRR_TLCQM,0.2194437302228644,200
NN_TLCQM,0.1242942746849375,200
XGBoost_Target_Only,0.1042149589793536,300
KRR_Target_Only,0.5160281926100386,300
NN_Target_Only,0.2266101752991166,300
XGBoost_Pool,0.0966868418718434,300
KRR_Pool,0.5100993943086287,300
NN_Pool,0.1678705228638389,300
XGBoost_TLCQM,0.0980647093374635,300
KRR_TLCQM,0.1960324724267637,300
NN_TLCQM,0.1116014335252451,300
XGBoost_Target_Only,0.0962014414216511,500
KRR_Target_Only,0.2730750492397677,500
NN_Target_Only,0.1553793299317046,500
XGBoost_Pool,0.0950250028966493,500
KRR_Pool,0.7130369743288092,500
NN_Pool,0.133427746175767,500
XGBoost_TLCQM,0.0977055320887085,500
KRR_TLCQM,0.1686787848696494,500
NN_TLCQM,0.1075389025423449,500
TKRR,2.044127355046579,100
CDAR,6.16236020768582,100
DARC,21.508048644677544,100
VNCD_MDD,0.1839712006663292,100
M3SDA_Reg,0.1174944280702746,100
CMSS_Reg,0.1176363834120302,100
TKRR,2.0418824859565903,200
CDAR,5.806027369082602,200
DARC,31.097237217074788,200
VNCD_MDD,0.1786971294375127,200
M3SDA_Reg,0.1164853382568861,200
CMSS_Reg,0.1085951940851186,200
TKRR,1.8265047810503836,300
CDAR,5.806916818412698,300
DARC,31.458052067433883,300
VNCD_MDD,0.1716695426755713,300
M3SDA_Reg,0.1204089308685173,300
CMSS_Reg,0.1033312651963203,300
TKRR,1.7583373058142795,500
CDAR,5.75508147007104,500
DARC,31.282226561536397,500
VNCD_MDD,0.1420629010727242,500
M3SDA_Reg,0.1238760135978958,500
CMSS_Reg,0.1036623610235821,500
XGBoost_Target_Only,0.1123576275007233,100
KRR_Target_Only,1.0000992186649351,100
NN_Target_Only,0.5909959771756863,100
XGBoost_Pool,0.1000913814024061,100
KRR_Pool,0.3174859619563977,100
NN_Pool,0.1909638191714704,100
XGBoost_TLCQM,0.0988934537888233,100
KRR_TLCQM,0.1932910417391707,100
NN_TLCQM,0.1174715270920564,100
XGBoost_Target_Only,0.099089245777382,200
KRR_Target_Only,0.5756494308661146,200
NN_Target_Only,0.3724941348546812,200
XGBoost_Pool,0.0970277567775465,200
KRR_Pool,0.3885025835799416,200
NN_Pool,0.1933220791470992,200
XGBoost_TLCQM,0.0994944345266974,200
KRR_TLCQM,0.1862586070610237,200
NN_TLCQM,0.1175750671621763,200
XGBoost_Target_Only,0.0986031664309126,300
KRR_Target_Only,0.453149234045446,300
NN_Target_Only,0.2598970910309385,300
XGBoost_Pool,0.0979964300768576,300
KRR_Pool,0.5093126844805506,300
NN_Pool,0.1955073009166978,300
XGBoost_TLCQM,0.0997023200753957,300
KRR_TLCQM,0.1897360677361519,300
NN_TLCQM,0.1081586178593705,300
XGBoost_Target_Only,0.094694058874327,500
KRR_Target_Only,0.3801674633229746,500
NN_Target_Only,0.179229746365605,500
XGBoost_Pool,0.0964342441385507,500
KRR_Pool,0.7074203726896116,500
NN_Pool,0.1751551888606459,500
XGBoost_TLCQM,0.0990715031709441,500
KRR_TLCQM,0.1874654361342634,500
NN_TLCQM,0.1045652203802096,500
TKRR,1.9646534308697257,100
CDAR,6.022264857290465,100
DARC,26.104372041831425,100
VNCD_MDD,0.1512977884143621,100
M3SDA_Reg,0.1148018522633961,100
CMSS_Reg,0.1179045643233722,100
TKRR,1.9728318537296292,200
CDAR,5.749102403144984,200
DARC,24.11671925079763,200
VNCD_MDD,0.1397973362122439,200
M3SDA_Reg,0.1146076957400866,200
CMSS_Reg,0.1133710535259946,200
TKRR,1.8424749230292192,300
CDAR,5.759192163807834,300
DARC,25.09477826428165,300
VNCD_MDD,0.136350350292385,300
M3SDA_Reg,0.1234031727676106,300
CMSS_Reg,0.1080351137763591,300
TKRR,1.8163131038791271,500
CDAR,5.743397959699085,500
DARC,24.353870375562224,500
VNCD_MDD,0.1267274622044171,500
M3SDA_Reg,0.1245019227447345,500
CMSS_Reg,0.1075485031517885,500
XGBoost_Target_Only,0.1134168834995865,100
KRR_Target_Only,0.7960246148573837,100
NN_Target_Only,0.4917340142123826,100
XGBoost_Pool,0.1005973162521124,100
KRR_Pool,0.3191323943285413,100
NN_Pool,0.2060571614581584,100
XGBoost_TLCQM,0.1002497255699976,100
KRR_TLCQM,0.1930897009511074,100
NN_TLCQM,0.1186569331219085,100
XGBoost_Target_Only,0.1139372767606963,200
KRR_Target_Only,0.5565291601782317,200
NN_Target_Only,0.2493368648775357,200
XGBoost_Pool,0.0998002108207411,200
KRR_Pool,0.3905375260794738,200
NN_Pool,0.1993573620207237,200
XGBoost_TLCQM,0.1101919535904448,200
KRR_TLCQM,0.2133660783978599,200
NN_TLCQM,0.1207892056055895,200
XGBoost_Target_Only,0.1021593107259571,300
KRR_Target_Only,0.3251569604644445,300
NN_Target_Only,0.1901725881799622,300
XGBoost_Pool,0.0988370813970597,300
KRR_Pool,0.5065537504555688,300
NN_Pool,0.1966099196137482,300
XGBoost_TLCQM,0.0998554293424179,300
KRR_TLCQM,0.1633971943799753,300
NN_TLCQM,0.1148308208911206,300
XGBoost_Target_Only,0.0971545029167912,500
KRR_Target_Only,0.339132917450066,500
NN_Target_Only,0.1561190552018831,500
XGBoost_Pool,0.0970146602486987,500
KRR_Pool,0.7081154115922714,500
NN_Pool,0.2134996981795303,500
XGBoost_TLCQM,0.10002426634957,500
KRR_TLCQM,0.1640539181612962,500
NN_TLCQM,0.1101725172863183,500
TKRR,1.8950854819308984,100
CDAR,6.137080285659344,100
DARC,38.34101235533365,100
VNCD_MDD,0.1369635724729798,100
M3SDA_Reg,0.1219231135229798,100
CMSS_Reg,0.1190204229349115,100
TKRR,1.8798200861779448,200
CDAR,5.881567167581234,200
DARC,10.422210951505702,200
VNCD_MDD,0.127894920102448,200
M3SDA_Reg,0.1304554902257936,200
CMSS_Reg,0.119963181034996,200
TKRR,1.838648736605037,300
CDAR,5.900630753356953,300
DARC,18.96212649696376,300
VNCD_MDD,0.1304534420388362,300
M3SDA_Reg,0.1242692575188632,300
CMSS_Reg,0.1120257883751224,300
TKRR,1.8540570117292916,500
CDAR,5.896981251856647,500
DARC,31.09642514252594,500
VNCD_MDD,0.1221790114980609,500
M3SDA_Reg,0.1298514026882637,500
CMSS_Reg,0.1094296812571245,500
XGBoost_Target_Only,0.1187424514341645,100
KRR_Target_Only,1.5289525239755135,100
NN_Target_Only,0.6084152049638323,100
XGBoost_Pool,0.0993365563309256,100
KRR_Pool,0.3191237866487642,100
NN_Pool,0.1925628551115549,100
XGBoost_TLCQM,0.1062090932537741,100
KRR_TLCQM,0.2090403717786005,100
NN_TLCQM,0.1445678162581652,100
XGBoost_Target_Only,0.1035783047881344,200
KRR_Target_Only,0.9321831465551168,200
NN_Target_Only,0.3428292707016174,200
XGBoost_Pool,0.0984613602187017,200
KRR_Pool,0.3917580251453008,200
NN_Pool,0.1993512397897481,200
XGBoost_TLCQM,0.1049768023601693,200
KRR_TLCQM,0.2173607351625694,200
NN_TLCQM,0.1112476698263259,200
XGBoost_Target_Only,0.0997057966977244,300
KRR_Target_Only,0.6531047480285155,300
NN_Target_Only,0.2427934826998367,300
XGBoost_Pool,0.0979354599736776,300
KRR_Pool,0.5119515241640885,300
NN_Pool,0.1556975232066161,300
XGBoost_TLCQM,0.101470164983441,300
KRR_TLCQM,0.207127052911711,300
NN_TLCQM,0.1099891715678063,300
XGBoost_Target_Only,0.1016438244709792,500
KRR_Target_Only,0.3759049782929106,500
NN_Target_Only,0.2041282418805996,500
XGBoost_Pool,0.0955900961261742,500
KRR_Pool,0.7165626581703749,500
NN_Pool,0.1909083996968238,500
XGBoost_TLCQM,0.0979584804616071,500
KRR_TLCQM,0.1847568873506591,500
NN_TLCQM,0.1029661014854754,500
TKRR,2.033006811709171,100
CDAR,5.60326260982659,100
DARC,26.096029455137323,100
VNCD_MDD,0.1975663820918228,100
M3SDA_Reg,0.1102560781539491,100
CMSS_Reg,0.1231429663106229,100
TKRR,2.0202779158761848,200
CDAR,5.968635472400662,200
DARC,30.096047447424244,200
VNCD_MDD,0.1792391354081155,200
M3SDA_Reg,0.1116178331158214,200
CMSS_Reg,0.1212189956299287,200
TKRR,2.0383931328999827,300
CDAR,5.881064148110301,300
DARC,29.848441038560008,300
VNCD_MDD,0.1478940503640484,300
M3SDA_Reg,0.1139135557990535,300
CMSS_Reg,0.1106427037548482,300
TKRR,1.8440746292822283,500
CDAR,5.842992037294969,500
DARC,29.669819996646204,500
VNCD_MDD,0.1351543796060674,500
M3SDA_Reg,0.1091978847215616,500
CMSS_Reg,0.1050643708493276,500
XGBoost_Target_Only,0.12206073012018,100
KRR_Target_Only,0.948644936390694,100
NN_Target_Only,0.4422979386236211,100
XGBoost_Pool,0.1034289941668865,100
KRR_Pool,0.3185699408229628,100
NN_Pool,0.2032247138970393,100
XGBoost_TLCQM,0.1060226720970289,100
KRR_TLCQM,0.1957038742013611,100
NN_TLCQM,0.1189361363204728,100
XGBoost_Target_Only,0.1071133197057336,200
KRR_Target_Only,0.6097958248058722,200
NN_Target_Only,0.2223625221628355,200
XGBoost_Pool,0.101451747871741,200
KRR_Pool,0.390210497957658,200
NN_Pool,0.2028593028749053,200
XGBoost_TLCQM,0.1025621527593529,200
KRR_TLCQM,0.1934297632052022,200
NN_TLCQM,0.1159467127792805,200
XGBoost_Target_Only,0.1039245329999107,300
KRR_Target_Only,0.5233744393555165,300
NN_Target_Only,0.1738800078028968,300
XGBoost_Pool,0.097522401507829,300
KRR_Pool,0.5110970979075421,300
NN_Pool,0.1784143499596952,300
XGBoost_TLCQM,0.0995965488982973,300
KRR_TLCQM,0.2035669765496765,300
NN_TLCQM,0.1131326671791097,300
XGBoost_Target_Only,0.094684461542807,500
KRR_Target_Only,0.3659176817217253,500
NN_Target_Only,0.1489760919952242,500
XGBoost_Pool,0.0967117926076573,500
KRR_Pool,0.717423196147808,500
NN_Pool,0.2050203754935379,500
XGBoost_TLCQM,0.0980729639632515,500
KRR_TLCQM,0.1824749649622615,500
NN_TLCQM,0.1060512566742197,500
TKRR,1.8448872501458369,100
CDAR,5.585972004105701,100
DARC,26.21333881825779,100
VNCD_MDD,0.1702339081866667,100
M3SDA_Reg,0.1297607601637613,100
CMSS_Reg,0.1118148241752724,100
TKRR,1.7880800639023835,200
CDAR,47.03655849950714,200
DARC,32.73751232648382,200
VNCD_MDD,0.1456491600157309,200
M3SDA_Reg,0.1310043672326108,200
CMSS_Reg,0.1113281479494796,200
TKRR,1.832589794737703,300
CDAR,47.03391965202334,300
DARC,32.70901023306044,300
VNCD_MDD,0.1385705116538686,300
M3SDA_Reg,0.1300313084613844,300
CMSS_Reg,0.107768701603065,300
TKRR,1.7455381828888177,500
CDAR,47.033273754379536,500
DARC,32.73170295700898,500
VNCD_MDD,0.1291278538745557,500
M3SDA_Reg,0.1300832459158294,500
CMSS_Reg,0.1033362081928081,500
XGBoost_Target_Only,0.1422637990165114,100
KRR_Target_Only,1.4658457705903227,100
NN_Target_Only,1.2437014049037654,100
XGBoost_Pool,0.1014070966639307,100
KRR_Pool,0.3193337082801728,100
NN_Pool,0.1897676143005198,100
XGBoost_TLCQM,0.1055071276631331,100
KRR_TLCQM,0.216270207472106,100
NN_TLCQM,0.129089876441043,100
XGBoost_Target_Only,0.1079274290319906,200
KRR_Target_Only,0.8035451242667642,200
NN_Target_Only,0.695221477513859,200
XGBoost_Pool,0.0986332818426757,200
KRR_Pool,0.3908502784812704,200
NN_Pool,0.1888003575419069,200
XGBoost_TLCQM,0.1024755791623781,200
KRR_TLCQM,0.201912723298607,200
NN_TLCQM,0.1155110716463665,200
XGBoost_Target_Only,0.1063345835279814,300
KRR_Target_Only,0.5695863593593209,300
NN_Target_Only,0.2454597917841986,300
XGBoost_Pool,0.0986116304237677,300
KRR_Pool,0.5104242934792731,300
NN_Pool,0.1704460165446007,300
XGBoost_TLCQM,0.1015025277944633,300
KRR_TLCQM,0.1946613394042438,300
NN_TLCQM,0.1099728011602856,300
XGBoost_Target_Only,0.096895119819343,500
KRR_Target_Only,0.3830627621105461,500
NN_Target_Only,0.1573166056684892,500
XGBoost_Pool,0.0991002847255545,500
KRR_Pool,0.714638641308895,500
NN_Pool,0.1684353885525965,500
XGBoost_TLCQM,0.1016030517891361,500
KRR_TLCQM,0.1789096704595043,500
NN_TLCQM,0.1055794875466668,500
TKRR,1.9204583549062708,100
CDAR,6.288747504039962,100
DARC,38.01145883396811,100
VNCD_MDD,0.1587701602745925,100
M3SDA_Reg,0.1189882684134752,100
CMSS_Reg,0.1231820877381752,100
TKRR,1.8573182469202636,200
CDAR,6.495101657219728,200
DARC,28.07102147309849,200
VNCD_MDD,0.1599668764331286,200
M3SDA_Reg,0.119789668698094,200
CMSS_Reg,0.1161561438884509,200
TKRR,1.9153183637061613,300
CDAR,6.43652668829811,300
DARC,25.8764301240108,300
VNCD_MDD,0.1370957017529221,300
M3SDA_Reg,0.1231266445976651,300
CMSS_Reg,0.1190362598796494,300
TKRR,1.8503036829243096,500
CDAR,6.510038411614557,500
DARC,25.428831731022232,500
VNCD_MDD,0.1309586440358293,500
M3SDA_Reg,0.1243899667340132,500
CMSS_Reg,0.1102853724228648,500
XGBoost_Target_Only,0.1178324344137923,100
KRR_Target_Only,0.9625884045745612,100
NN_Target_Only,0.4141009075589527,100
XGBoost_Pool,0.099390115499274,100
KRR_Pool,0.3110850848518105,100
NN_Pool,0.2012563410332727,100
XGBoost_TLCQM,0.1030314988568995,100
KRR_TLCQM,0.1991191591963707,100
NN_TLCQM,0.1193415925801435,100
XGBoost_Target_Only,0.1045805854125021,200
KRR_Target_Only,0.6237496257184876,200
NN_Target_Only,0.372601962990061,200
XGBoost_Pool,0.0980738786313297,200
KRR_Pool,0.3845685736279443,200
NN_Pool,0.2047975257554392,200
XGBoost_TLCQM,0.0993263752593751,200
KRR_TLCQM,0.1885919797262751,200
NN_TLCQM,0.1088031638726548,200
XGBoost_Target_Only,0.1012542007819393,300
KRR_Target_Only,0.5266770243366528,300
NN_Target_Only,0.2055620491645714,300
XGBoost_Pool,0.0979053492222912,300
KRR_Pool,0.5037976900991782,300
NN_Pool,0.2085645301879168,300
XGBoost_TLCQM,0.0980683522464243,300
KRR_TLCQM,0.1940157315235465,300
NN_TLCQM,0.1088483409489841,300
XGBoost_Target_Only,0.0935158282431959,500
KRR_Target_Only,0.4013588933538918,500
NN_Target_Only,0.1526751811984299,500
XGBoost_Pool,0.095563336564535,500
KRR_Pool,0.707379251828631,500
NN_Pool,0.2353320334023284,500
XGBoost_TLCQM,0.0970418721990005,500
KRR_TLCQM,0.1845124291943538,500
NN_TLCQM,0.1009829515908961,500
TKRR,1.8996882064634704,100
CDAR,6.838410849732934,100
DARC,19.819083399513847,100
VNCD_MDD,0.1828918968649659,100
M3SDA_Reg,0.1194560747650392,100
CMSS_Reg,0.1316066825909546,100
TKRR,1.9872719474467848,200
CDAR,5.216001015872839,200
DARC,24.6200993432985,200
VNCD_MDD,0.1470521670853061,200
M3SDA_Reg,0.1148194190943772,200
CMSS_Reg,0.1226257331000313,200
TKRR,1.8880787359549864,300
CDAR,5.195846142664615,300
DARC,24.664637114868057,300
VNCD_MDD,0.1462986360416825,300
M3SDA_Reg,0.1104672354438557,300
CMSS_Reg,0.1111087527794881,300
TKRR,1.9259290246658176,500
CDAR,5.211943942633913,500
DARC,24.28217416565013,500
VNCD_MDD,0.1444302661797009,500
M3SDA_Reg,0.1143255101393951,500
CMSS_Reg,0.104940825413754,500
XGBoost_Target_Only,0.1158365181873728,100
KRR_Target_Only,0.6724844343675508,100
NN_Target_Only,0.4526571448124056,100
XGBoost_Pool,0.1028655243467493,100
KRR_Pool,0.3196015516556571,100
NN_Pool,0.2135251142680511,100
XGBoost_TLCQM,0.1062033075809916,100
KRR_TLCQM,0.2124638700597337,100
NN_TLCQM,0.122051001429285,100
XGBoost_Target_Only,0.1128589934467984,200
KRR_Target_Only,0.4351237877670448,200
NN_Target_Only,0.2771486747311909,200
XGBoost_Pool,0.1019512844657884,200
KRR_Pool,0.3903099263428186,200
NN_Pool,0.177678091669107,200
XGBoost_TLCQM,0.1012434419613903,200
KRR_TLCQM,0.2207044355463723,200
NN_TLCQM,0.1139663449386433,200
XGBoost_Target_Only,0.1018313447181451,300
KRR_Target_Only,0.3333344204231818,300
NN_Target_Only,0.1786272829535503,300
XGBoost_Pool,0.1018870892687715,300
KRR_Pool,0.5019409923935582,300
NN_Pool,0.1831272838122192,300
XGBoost_TLCQM,0.102575761038686,300
KRR_TLCQM,0.1796961402779955,300
NN_TLCQM,0.1139622984392188,300
XGBoost_Target_Only,0.09658890691436,500
KRR_Target_Only,0.2482397762538165,500
NN_Target_Only,0.1407604596593504,500
XGBoost_Pool,0.1001722220313904,500
KRR_Pool,0.7017511118717271,500
NN_Pool,0.2161647012999852,500
XGBoost_TLCQM,0.1010004750386387,500
KRR_TLCQM,0.1596268779450151,500
NN_TLCQM,0.1110773332101738,500
TKRR,1.857033068172081,100
CDAR,5.301783050037698,100
DARC,25.51341385619472,100
VNCD_MDD,0.1936204769600798,100
M3SDA_Reg,0.1190291141864642,100
CMSS_Reg,0.1190833824885632,100
TKRR,1.8198330488863428,200
CDAR,5.903298081438428,200
DARC,23.466327136469975,200
VNCD_MDD,0.1420618716339706,200
M3SDA_Reg,0.1139049719295656,200
CMSS_Reg,0.1119705837097331,200
TKRR,1.836577931533536,300
CDAR,6.048688632662693,300
DARC,22.63114547913896,300
VNCD_MDD,0.1346628370156457,300
M3SDA_Reg,0.1172180102246359,300
CMSS_Reg,0.109163226166885,300
TKRR,1.6845643766115723,500
CDAR,5.989739370716992,500
DARC,23.842617630288043,500
VNCD_MDD,0.1287004965821646,500
M3SDA_Reg,0.1240957939657753,500
CMSS_Reg,0.1047205664578974,500
XGBoost_Target_Only,0.1060286335891049,100
KRR_Target_Only,0.6914720051919737,100
NN_Target_Only,0.4456746032628472,100
XGBoost_Pool,0.0993378557788151,100
KRR_Pool,0.317278919123081,100
NN_Pool,0.1929890827433415,100
XGBoost_TLCQM,0.0992668073661092,100
KRR_TLCQM,0.2066311084206783,100
NN_TLCQM,0.1136277866263878,100
XGBoost_Target_Only,0.1018259380721791,200
KRR_Target_Only,0.4199042741933271,200
NN_Target_Only,0.3060553504163266,200
XGBoost_Pool,0.1001100711315044,200
KRR_Pool,0.389239806033784,200
NN_Pool,0.1978185075310361,200
XGBoost_TLCQM,0.097610332716012,200
KRR_TLCQM,0.173824904213038,200
NN_TLCQM,0.1089178710260376,200
XGBoost_Target_Only,0.0993736466931741,300
KRR_Target_Only,0.3791085167177506,300
NN_Target_Only,0.1932464264836707,300
XGBoost_Pool,0.0986354576072643,300
KRR_Pool,0.5110032662790354,300
NN_Pool,0.1993910120143706,300
XGBoost_TLCQM,0.096532371004877,300
KRR_TLCQM,0.1935727064879826,300
NN_TLCQM,0.1095326715858255,300
XGBoost_Target_Only,0.0973616124214373,500
KRR_Target_Only,0.2619699307893644,500
NN_Target_Only,0.1346195517639971,500
XGBoost_Pool,0.0943346645330611,500
KRR_Pool,0.7128516652042044,500
NN_Pool,0.2076442655787975,500
XGBoost_TLCQM,0.0943906459055686,500
KRR_TLCQM,0.1613807416354026,500
NN_TLCQM,0.1036651586140116,500
TKRR,1.919925020196708,100
CDAR,6.006904712438809,100
DARC,24.92816448016761,100
VNCD_MDD,0.1436272211805209,100
M3SDA_Reg,0.1237214896894907,100
CMSS_Reg,0.1167347322936294,100
TKRR,1.8647986900512108,200
CDAR,5.600323034147919,200
DARC,34.74300096360269,200
VNCD_MDD,0.1401452458008071,200
M3SDA_Reg,0.1210041904178094,200
CMSS_Reg,0.1144598848298218,200
TKRR,1.878517426035844,300
CDAR,5.639301849544303,300
DARC,37.150560469621794,300
VNCD_MDD,0.1407466867327726,300
M3SDA_Reg,0.1227022722163731,300
CMSS_Reg,0.1123662772021025,300
TKRR,1.7874215776814504,500
CDAR,5.560405445756284,500
DARC,36.50824159005865,500
VNCD_MDD,0.1336034630379039,500
M3SDA_Reg,0.1226752168401687,500
CMSS_Reg,0.1075546944117082,500
XGBoost_Target_Only,0.1163843675390623,100
KRR_Target_Only,1.259177612021266,100
NN_Target_Only,0.6973596454082792,100
XGBoost_Pool,0.09772473306407,100
KRR_Pool,0.3189480106274586,100
NN_Pool,0.2124814793121714,100
XGBoost_TLCQM,0.1049035356324884,100
KRR_TLCQM,0.2454245867692156,100
NN_TLCQM,0.1418241677787962,100
XGBoost_Target_Only,0.1120504676371423,200
KRR_Target_Only,0.8238406344169399,200
NN_Target_Only,0.3825945871013236,200
XGBoost_Pool,0.0984935443050951,200
KRR_Pool,0.3901724478105992,200
NN_Pool,0.164161044138215,200
XGBoost_TLCQM,0.0993149693467413,200
KRR_TLCQM,0.2177790779082311,200
NN_TLCQM,0.113129737784469,200
XGBoost_Target_Only,0.1153906932482868,300
KRR_Target_Only,0.5711826515031911,300
NN_Target_Only,0.2532965737756827,300
XGBoost_Pool,0.0959463698958311,300
KRR_Pool,0.5100476877979618,300
NN_Pool,0.1792629297013757,300
XGBoost_TLCQM,0.0980267404412342,300
KRR_TLCQM,0.2080598755665384,300
NN_TLCQM,0.1143396821760626,300
XGBoost_Target_Only,0.0931156424169883,500
KRR_Target_Only,0.3428710671126675,500
NN_Target_Only,0.1524607427942596,500
XGBoost_Pool,0.0955227703551459,500
KRR_Pool,0.7062545936003604,500
NN_Pool,0.12951039746272,500
XGBoost_TLCQM,0.0977454657362388,500
KRR_TLCQM,0.1758496310724128,500
NN_TLCQM,0.1099720786402563,500
TKRR,1.941914156892796,100
CDAR,5.848628267838832,100
DARC,38.33010598217839,100
VNCD_MDD,0.1446020143332511,100
M3SDA_Reg,0.1146164525130771,100
CMSS_Reg,0.1194924147778752,100
TKRR,1.933269165817138,200
CDAR,6.147493878964156,200
DARC,37.17437124358972,200
VNCD_MDD,0.1582383196641359,200
M3SDA_Reg,0.1087478253792149,200
CMSS_Reg,0.1106362364067991,200
TKRR,2.104872270728021,300
CDAR,6.088336853499675,300
DARC,36.89139835103601,300
VNCD_MDD,0.1403959798168959,300
M3SDA_Reg,0.1163352203327508,300
CMSS_Reg,0.1064807819710146,300
TKRR,2.0513951282107183,500
CDAR,6.000751807859545,500
DARC,36.48259933206211,500
VNCD_MDD,0.1195557409263974,500
M3SDA_Reg,0.1150869474863599,500
CMSS_Reg,0.1004214092553439,500
XGBoost_Target_Only,0.1091094896680261,100
KRR_Target_Only,0.5396017191148699,100
NN_Target_Only,0.3729922310859619,100
XGBoost_Pool,0.1003728813166704,100
KRR_Pool,0.3098114816032602,100
NN_Pool,0.2019540470138855,100
XGBoost_TLCQM,0.1038060183811573,100
KRR_TLCQM,0.166950252840691,100
NN_TLCQM,0.1094305023924235,100
XGBoost_Target_Only,0.1011903264294331,200
KRR_Target_Only,0.3866605815050717,200
NN_Target_Only,0.2194734755716285,200
XGBoost_Pool,0.0991748981568568,200
KRR_Pool,0.3778526939329434,200
NN_Pool,0.1716319568963239,200
XGBoost_TLCQM,0.0979198984030737,200
KRR_TLCQM,0.1704235147547519,200
NN_TLCQM,0.1065682383715046,200
XGBoost_Target_Only,0.0917317203842531,300
KRR_Target_Only,0.3193981731392383,300
NN_Target_Only,0.1766962523221356,300
XGBoost_Pool,0.0973875623430787,300
KRR_Pool,0.4974316025894165,300
NN_Pool,0.1683686724080727,300
XGBoost_TLCQM,0.0963356991887598,300
KRR_TLCQM,0.1628395141304381,300
NN_TLCQM,0.1005923274161039,300
XGBoost_Target_Only,0.0943287809815644,500
KRR_Target_Only,0.2818330931901195,500
NN_Target_Only,0.1661850558432403,500
XGBoost_Pool,0.0958740064892327,500
KRR_Pool,0.7001029171106252,500
NN_Pool,0.1434012960519055,500
XGBoost_TLCQM,0.0966347285044072,500
KRR_TLCQM,0.1593013397395225,500
NN_TLCQM,0.1061870083953814,500
TKRR,1.9201333320668923,100
CDAR,6.529825203990062,100
DARC,34.40364460508856,100
VNCD_MDD,0.1781065434532649,100
M3SDA_Reg,0.1226156043679277,100
CMSS_Reg,0.1151704457427093,100
TKRR,1.891315607693123,200
CDAR,5.758071680264698,200
DARC,32.66859188177232,200
VNCD_MDD,0.1460736705082859,200
M3SDA_Reg,0.1176679176630925,200
CMSS_Reg,0.1087322334656088,200
TKRR,1.884946128974166,300
CDAR,5.714960567032311,300
DARC,32.23477781200397,300
VNCD_MDD,0.1380238821649352,300
M3SDA_Reg,0.1184932944248894,300
CMSS_Reg,0.1055585657732105,300
TKRR,1.83534886968157,500
CDAR,5.786936700964853,500
DARC,32.14988712644048,500
VNCD_MDD,0.1321737350849249,500
M3SDA_Reg,0.1185941670703415,500
CMSS_Reg,0.1040957528802841,500
XGBoost_Target_Only,0.1253951532918583,100
KRR_Target_Only,1.1880819154386233,100
NN_Target_Only,0.5694539895789449,100
XGBoost_Pool,0.0999509511996255,100
KRR_Pool,0.3186346774429558,100
NN_Pool,0.2087362157212756,100
XGBoost_TLCQM,0.1115337548727751,100
KRR_TLCQM,0.21445071851388,100
NN_TLCQM,0.1361356486432667,100
XGBoost_Target_Only,0.1065905296777135,200
KRR_Target_Only,0.7363198497870744,200
NN_Target_Only,0.4196255422508269,200
XGBoost_Pool,0.0972311104905398,200
KRR_Pool,0.38822489984768,200
NN_Pool,0.2045671188174954,200
XGBoost_TLCQM,0.0988940909096127,200
KRR_TLCQM,0.2114644032912336,200
NN_TLCQM,0.1205491285123314,200
XGBoost_Target_Only,0.1039957698813038,300
KRR_Target_Only,0.6506360865399694,300
NN_Target_Only,0.3062728784383539,300
XGBoost_Pool,0.0968304686722739,300
KRR_Pool,0.5087603248232703,300
NN_Pool,0.1902959283524548,300
XGBoost_TLCQM,0.0977399514676713,300
KRR_TLCQM,0.1969976672924593,300
NN_TLCQM,0.1122363202720409,300
XGBoost_Target_Only,0.0953357587450904,500
KRR_Target_Only,0.4179847888598464,500
NN_Target_Only,0.1679666181910798,500
XGBoost_Pool,0.0967904557153347,500
KRR_Pool,0.7088717606808881,500
NN_Pool,0.2122210499253996,500
XGBoost_TLCQM,0.0996857569234719,500
KRR_TLCQM,0.1904526305518218,500
NN_TLCQM,0.1089920807317059,500
TKRR,2.00967771816088,100
CDAR,5.217610422411245,100
DARC,31.913916560071964,100
VNCD_MDD,0.1866105101014437,100
M3SDA_Reg,0.1276020860230128,100
CMSS_Reg,0.1177080618330866,100
TKRR,2.021724164369018,200
CDAR,5.559046068496864,200
DARC,37.961118094374335,200
VNCD_MDD,0.1606721421235496,200
M3SDA_Reg,0.1165016956901236,200
CMSS_Reg,0.1110451111044794,200
TKRR,1.9424905855095784,300
CDAR,5.541780138775896,300
DARC,38.55138461828608,300
VNCD_MDD,0.1305605097025376,300
M3SDA_Reg,0.1177345446184653,300
CMSS_Reg,0.1060578474416838,300
TKRR,1.9401865727707028,500
CDAR,5.534407899452376,500
DARC,38.14447198761881,500
VNCD_MDD,0.141016985176189,500
M3SDA_Reg,0.1194760818086197,500
CMSS_Reg,0.1012134597360849,500
XGBoost_Target_Only,0.1123013475811971,100
KRR_Target_Only,0.8626739630588691,100
NN_Target_Only,0.4417706401654225,100
XGBoost_Pool,0.1000344346142495,100
KRR_Pool,0.3170629600920884,100
NN_Pool,0.2081913858168586,100
XGBoost_TLCQM,0.1082239427872474,100
KRR_TLCQM,0.2129772750119639,100
NN_TLCQM,0.1128556786152497,100
XGBoost_Target_Only,0.0973818058854895,200
KRR_Target_Only,0.4499473749774694,200
NN_Target_Only,0.2513628728604443,200
XGBoost_Pool,0.0986019833149076,200
KRR_Pool,0.3775041415137741,200
NN_Pool,0.229269796323511,200
XGBoost_TLCQM,0.1021655750828487,200
KRR_TLCQM,0.1848224937862232,200
NN_TLCQM,0.1138416867177672,200
XGBoost_Target_Only,0.0954259843313524,300
KRR_Target_Only,0.3573074052693443,300
NN_Target_Only,0.1950876092107916,300
XGBoost_Pool,0.0981526631503964,300
KRR_Pool,0.4964886980770623,300
NN_Pool,0.1841759302122835,300
XGBoost_TLCQM,0.0980820001282904,300
KRR_TLCQM,0.1679522947114571,300
NN_TLCQM,0.1104820464054827,300
XGBoost_Target_Only,0.0960069768615196,500
KRR_Target_Only,0.2970601862412854,500
NN_Target_Only,0.148693486028909,500
XGBoost_Pool,0.0963395715625913,500
KRR_Pool,0.6986456093176284,500
NN_Pool,0.1982076759203599,500
XGBoost_TLCQM,0.0986267344137445,500
KRR_TLCQM,0.1650770283305476,500
NN_TLCQM,0.107947027052739,500
TKRR,2.139130129771626,100
CDAR,6.397458370632888,100
DARC,33.04573906888316,100
VNCD_MDD,0.1719079766292532,100
M3SDA_Reg,0.1181474029123499,100
CMSS_Reg,0.1161932537628251,100
TKRR,1.7221730629502665,200
CDAR,5.669160745955846,200
DARC,35.2128858750698,200
VNCD_MDD,0.142445310883364,200
M3SDA_Reg,0.1266942924407632,200
CMSS_Reg,0.1136801144802305,200
TKRR,1.872921608308304,300
CDAR,5.368686942848144,300
DARC,34.859810929381275,300
VNCD_MDD,0.1240530558776469,300
M3SDA_Reg,0.1264137067998947,300
CMSS_Reg,0.1111534858772279,300
TKRR,1.7028288647507004,500
CDAR,5.213347051262419,500
DARC,34.878407425738935,500
VNCD_MDD,0.1259598240317262,500
M3SDA_Reg,0.1305756601997711,500
CMSS_Reg,0.1079375127982851,500
XGBoost_Target_Only,0.1332606825322187,100
KRR_Target_Only,0.8819199789783093,100
NN_Target_Only,0.8287418293221276,100
XGBoost_Pool,0.1006561185282267,100
KRR_Pool,0.3174562408381251,100
NN_Pool,0.193148523271305,100
XGBoost_TLCQM,0.1104954291377607,100
KRR_TLCQM,0.223483804244164,100
NN_TLCQM,0.1246051120375447,100
XGBoost_Target_Only,0.1083034656497741,200
KRR_Target_Only,0.8917556871261308,200
NN_Target_Only,0.5874232275893203,200
XGBoost_Pool,0.0985424213324768,200
KRR_Pool,0.3902473904933004,200
NN_Pool,0.1740613508971016,200
XGBoost_TLCQM,0.1064670927381253,200
KRR_TLCQM,0.2629780667580293,200
NN_TLCQM,0.1165951625170392,200
XGBoost_Target_Only,0.0994927726555253,300
KRR_Target_Only,0.54741113693759,300
NN_Target_Only,0.2805865570210134,300
XGBoost_Pool,0.0975437276744863,300
KRR_Pool,0.5059135423666609,300
NN_Pool,0.1880703122048113,300
XGBoost_TLCQM,0.0998612906957094,300
KRR_TLCQM,0.1845317430589826,300
NN_TLCQM,0.1070415091282534,300
XGBoost_Target_Only,0.0943242414892168,500
KRR_Target_Only,0.2720490933296812,500
NN_Target_Only,0.1301707686193404,500
XGBoost_Pool,0.0955629205769815,500
KRR_Pool,0.709682932755148,500
NN_Pool,0.1361124945547716,500
XGBoost_TLCQM,0.100907002966248,500
KRR_TLCQM,0.1636947990141518,500
NN_TLCQM,0.1105374556587872,500
TKRR,2.0065677848555032,100
CDAR,5.287908251064458,100
DARC,37.14396989928287,100
VNCD_MDD,0.221570857974772,100
M3SDA_Reg,0.1214535219548511,100
CMSS_Reg,0.1193565257681858,100
TKRR,1.9290022418411608,200
CDAR,5.819419741508247,200
DARC,35.95180129611004,200
VNCD_MDD,0.1828209532647073,200
M3SDA_Reg,0.1138763481188025,200
CMSS_Reg,0.1164773403434483,200
TKRR,1.8222011382001428,300
CDAR,5.46279768640412,300
DARC,36.09119945779102,300
VNCD_MDD,0.1403662257258624,300
M3SDA_Reg,0.1176864156185,300
CMSS_Reg,0.1099731142650344,300
TKRR,1.7740497230129837,500
CDAR,5.338986656068595,500
DARC,35.453496549175085,500
VNCD_MDD,0.1302140578488176,500
M3SDA_Reg,0.120289556438431,500
CMSS_Reg,0.1072391928904418,500
XGBoost_Target_Only,0.1249912756862253,100
KRR_Target_Only,0.9038735826450164,100
NN_Target_Only,0.3950982310768998,100
XGBoost_Pool,0.1009771784970671,100
KRR_Pool,0.3113100144932432,100
NN_Pool,0.2097521878640996,100
XGBoost_TLCQM,0.1017092248335958,100
KRR_TLCQM,0.2071434403819629,100
NN_TLCQM,0.1245722413746082,100
XGBoost_Target_Only,0.1094828946414142,200
KRR_Target_Only,0.6370164814675119,200
NN_Target_Only,0.3048792278139376,200
XGBoost_Pool,0.100813479913003,200
KRR_Pool,0.3806793933779475,200
NN_Pool,0.214110668920042,200
XGBoost_TLCQM,0.1029257147538833,200
KRR_TLCQM,0.1987923583662646,200
NN_TLCQM,0.1201210189657755,200
XGBoost_Target_Only,0.0986979378695955,300
KRR_Target_Only,0.4169813159269583,300
NN_Target_Only,0.1910971540537146,300
XGBoost_Pool,0.0986990025810403,300
KRR_Pool,0.4998934425833086,300
NN_Pool,0.20650029316479,300
XGBoost_TLCQM,0.1013669343502168,300
KRR_TLCQM,0.2068377394066351,300
NN_TLCQM,0.1208009901680376,300
XGBoost_Target_Only,0.0908970312306082,500
KRR_Target_Only,0.2992173337736342,500
NN_Target_Only,0.1452461492869098,500
XGBoost_Pool,0.0936860748105434,500
KRR_Pool,0.7005413783700819,500
NN_Pool,0.2049728243978535,500
XGBoost_TLCQM,0.095324709752672,500
KRR_TLCQM,0.167918467564242,500
NN_TLCQM,0.0996177755576463,500
TKRR,1.871295248261747,100
CDAR,6.6649161936400345,100
DARC,42.52508220652897,100
VNCD_MDD,0.1455849226551102,100
M3SDA_Reg,0.1233379317376547,100
CMSS_Reg,0.1158490477955886,100
TKRR,1.889347994514632,200
CDAR,5.310711344054202,200
DARC,25.50499348114335,200
VNCD_MDD,0.1606022420020159,200
M3SDA_Reg,0.1225484150300673,200
CMSS_Reg,0.1164689813119431,200
TKRR,1.8387763766915783,300
CDAR,5.185954364533844,300
DARC,26.835310868380542,300
VNCD_MDD,0.1335659279161037,300
M3SDA_Reg,0.1214091404299594,300
CMSS_Reg,0.1108523877233915,300
TKRR,1.7749390923142216,500
CDAR,5.188078543594394,500
DARC,29.34743573009092,500
VNCD_MDD,0.1300513164740552,500
M3SDA_Reg,0.1203502320642002,500
CMSS_Reg,0.1063319676959087,500
XGBoost_Target_Only,0.1101485191831814,100
KRR_Target_Only,0.9028566846404132,100
NN_Target_Only,0.7159131513497907,100
XGBoost_Pool,0.1004214299364483,100
KRR_Pool,0.3168294320825425,100
NN_Pool,0.1885206693011167,100
XGBoost_TLCQM,0.1001333898755645,100
KRR_TLCQM,0.1750155945490348,100
NN_TLCQM,0.1123161303575659,100
XGBoost_Target_Only,0.1047197306591196,200
KRR_Target_Only,0.6103823076482822,200
NN_Target_Only,0.3220443017008668,200
XGBoost_Pool,0.0994413720565538,200
KRR_Pool,0.3874494186190342,200
NN_Pool,0.2054434627573668,200
XGBoost_TLCQM,0.0984819525211692,200
KRR_TLCQM,0.1812426385031822,200
NN_TLCQM,0.106479918558956,200
XGBoost_Target_Only,0.10043989554662,300
KRR_Target_Only,0.3815941376526447,300
NN_Target_Only,0.1891890361977938,300
XGBoost_Pool,0.0972132457099434,300
KRR_Pool,0.504522863945698,300
NN_Pool,0.1771768042028882,300
XGBoost_TLCQM,0.0977811425611916,300
KRR_TLCQM,0.1665914946694705,300
NN_TLCQM,0.1033108409689023,300
XGBoost_Target_Only,0.0912766565324545,500
KRR_Target_Only,0.2871318807917134,500
NN_Target_Only,0.1348478780867854,500
XGBoost_Pool,0.096036101574715,500
KRR_Pool,0.705586118819433,500
NN_Pool,0.2008963740341318,500
XGBoost_TLCQM,0.0969076643358457,500
KRR_TLCQM,0.1604997758030759,500
NN_TLCQM,0.1006518876464498,500
TKRR,2.026477161966397,100
CDAR,6.018067562655779,100
DARC,23.625855343592043,100
VNCD_MDD,0.1849878017651052,100
M3SDA_Reg,0.119464087751306,100
CMSS_Reg,0.1155562248669516,100
TKRR,1.9433543131855324,200
CDAR,5.349699765728965,200
DARC,23.052809348817743,200
VNCD_MDD,0.1413073817562698,200
M3SDA_Reg,0.1202719333426325,200
CMSS_Reg,0.1082525338164426,200
TKRR,1.9027464089114705,300
CDAR,5.368304522913814,300
DARC,23.437374933421985,300
VNCD_MDD,0.1405821688762195,300
M3SDA_Reg,0.1187985193818486,300
CMSS_Reg,0.106819731282258,300
TKRR,1.873713782018116,500
CDAR,5.376012693209183,500
DARC,24.021782710283443,500
VNCD_MDD,0.1317666252112616,500
M3SDA_Reg,0.122751009741812,500
CMSS_Reg,0.1008164116240999,500
XGBoost_Target_Only,0.1134066415101008,100
KRR_Target_Only,0.7092986534635304,100
NN_Target_Only,0.4389908920321687,100
XGBoost_Pool,0.1006383010482646,100
KRR_Pool,0.3184035158390906,100
NN_Pool,0.2114089811542372,100
XGBoost_TLCQM,0.1010775024566605,100
KRR_TLCQM,0.1949977174424055,100
NN_TLCQM,0.1174202462298364,100
XGBoost_Target_Only,0.1085645345904534,200
KRR_Target_Only,0.6337419280735428,200
NN_Target_Only,0.3361006099714201,200
XGBoost_Pool,0.100186899944538,200
KRR_Pool,0.3899301635405326,200
NN_Pool,0.2216037723438514,200
XGBoost_TLCQM,0.1007862901832142,200
KRR_TLCQM,0.194457793430185,200
NN_TLCQM,0.1255708923161825,200
XGBoost_Target_Only,0.1058064028988044,300
KRR_Target_Only,0.5002719794246063,300
NN_Target_Only,0.2134244348578636,300
XGBoost_Pool,0.0999720376756869,300
KRR_Pool,0.5094967232834705,300
NN_Pool,0.1952387240538552,300
XGBoost_TLCQM,0.1017732124847601,300
KRR_TLCQM,0.222445372454236,300
NN_TLCQM,0.1217290179548086,300
XGBoost_Target_Only,0.1009819855381347,500
KRR_Target_Only,0.3544194183585417,500
NN_Target_Only,0.1711036060378889,500
XGBoost_Pool,0.0970874656732949,500
KRR_Pool,0.7093037225342556,500
NN_Pool,0.2421119223234912,500
XGBoost_TLCQM,0.1014426990886074,500
KRR_TLCQM,0.1698897085003151,500
NN_TLCQM,0.1126826756767045,500
TKRR,2.180154913313557,100
CDAR,6.26796348752762,100
DARC,30.263754374666267,100
VNCD_MDD,0.1534649038148799,100
M3SDA_Reg,0.117978366781984,100
CMSS_Reg,0.1119375781111199,100
TKRR,1.91139651773037,200
CDAR,6.1641243629423,200
DARC,28.0193263039353,200
VNCD_MDD,0.1372532723555511,200
M3SDA_Reg,0.1169572944525357,200
CMSS_Reg,0.1090316547453177,200
TKRR,2.174940961768524,300
CDAR,6.20442265559111,300
DARC,28.002244508308493,300
VNCD_MDD,0.1376375374965009,300
M3SDA_Reg,0.115427265626155,300
CMSS_Reg,0.1108412252993589,300
TKRR,1.7684888926852411,500
CDAR,6.142472713634858,500
DARC,27.745800276042576,500
VNCD_MDD,0.1338651204900372,500
M3SDA_Reg,0.1138322774699525,500
CMSS_Reg,0.1040941648334244,500
XGBoost_Target_Only,0.1199351510305082,100
KRR_Target_Only,0.7479484789922979,100
NN_Target_Only,0.4994967166144761,100
XGBoost_Pool,0.1025813748854443,100
KRR_Pool,0.3187783421864403,100
NN_Pool,0.2130631186590795,100
XGBoost_TLCQM,0.1040692694504782,100
KRR_TLCQM,0.1916442515000891,100
NN_TLCQM,0.1200985867099422,100
XGBoost_Target_Only,0.1040993229942897,200
KRR_Target_Only,0.4231653935059107,200
NN_Target_Only,0.2330342152308404,200
XGBoost_Pool,0.099605652112321,200
KRR_Pool,0.3881504308896259,200
NN_Pool,0.1972771892164344,200
XGBoost_TLCQM,0.1046028703068155,200
KRR_TLCQM,0.1864512370977828,200
NN_TLCQM,0.1112140312078828,200
XGBoost_Target_Only,0.0962014303902112,300
KRR_Target_Only,0.3593573944625643,300
NN_Target_Only,0.1770409208873479,300
XGBoost_Pool,0.0979228575039201,300
KRR_Pool,0.5054760171366884,300
NN_Pool,0.2049010437440435,300
XGBoost_TLCQM,0.10518798727087,300
KRR_TLCQM,0.1887115107839264,300
NN_TLCQM,0.118048908727346,300
XGBoost_Target_Only,0.0943599828546798,500
KRR_Target_Only,0.3277680136221769,500
NN_Target_Only,0.1491991135096051,500
XGBoost_Pool,0.095055341186828,500
KRR_Pool,0.7071868654938901,500
NN_Pool,0.2027584356337015,500
XGBoost_TLCQM,0.1044806666819455,500
KRR_TLCQM,0.1799216038637044,500
NN_TLCQM,0.116224264249156,500
TKRR,1.8916258321117043,100
CDAR,6.324483104907667,100
DARC,33.060850601063414,100
VNCD_MDD,0.1694625929351818,100
M3SDA_Reg,0.117517088536461,100
CMSS_Reg,0.1191269275459201,100
TKRR,1.8556194932759733,200
CDAR,5.596773038773247,200
DARC,27.20294631743032,200
VNCD_MDD,0.1554917427214449,200
M3SDA_Reg,0.1200113268725515,200
CMSS_Reg,0.1194457501875005,200
TKRR,1.8636273354737416,300
CDAR,5.603925128594786,300
DARC,27.48358918103652,300
VNCD_MDD,0.1305623123902747,300
M3SDA_Reg,0.1166261445720432,300
CMSS_Reg,0.1100289900600399,300
TKRR,1.7952484251516672,500
CDAR,5.610362285587047,500
DARC,27.81413102416714,500
VNCD_MDD,0.1288876160981135,500
M3SDA_Reg,0.1208513163688627,500
CMSS_Reg,0.106003960298795,500
XGBoost_Target_Only,0.1085838860349963,100
KRR_Target_Only,0.6857568582331935,100
NN_Target_Only,0.3336192378666783,100
XGBoost_Pool,0.0998795772541607,100
KRR_Pool,0.3182434766060164,100
NN_Pool,0.205204285595341,100
XGBoost_TLCQM,0.1028337714445294,100
KRR_TLCQM,0.2132151014451262,100
NN_TLCQM,0.1162806973074504,100
XGBoost_Target_Only,0.1009880667776017,200
KRR_Target_Only,0.443763093116581,200
NN_Target_Only,0.2387606912779592,200
XGBoost_Pool,0.0984994877044466,200
KRR_Pool,0.3892396967033137,200
NN_Pool,0.2107084432963751,200
XGBoost_TLCQM,0.1042096554771678,200
KRR_TLCQM,0.202013890166465,200
NN_TLCQM,0.1151348840203238,200
XGBoost_Target_Only,0.0993607181653611,300
KRR_Target_Only,0.4351020744982138,300
NN_Target_Only,0.1777442671315456,300
XGBoost_Pool,0.0964642632389509,300
KRR_Pool,0.5077882766637433,300
NN_Pool,0.2187907127754292,300
XGBoost_TLCQM,0.1020620860647824,300
KRR_TLCQM,0.2016803238230912,300
NN_TLCQM,0.1130337523062694,300
XGBoost_Target_Only,0.1006255485206296,500
KRR_Target_Only,0.3569944416013574,500
NN_Target_Only,0.1572262968287925,500
XGBoost_Pool,0.0947246397250468,500
KRR_Pool,0.715005808427484,500
NN_Pool,0.2342731267642411,500
XGBoost_TLCQM,0.0993269823708384,500
KRR_TLCQM,0.2301460924545123,500
NN_TLCQM,0.1107166963505769,500
TKRR,1.9327105577047905,100
CDAR,6.398914413774485,100
DARC,22.33717098187489,100
VNCD_MDD,0.1494304609347848,100
M3SDA_Reg,0.1141702381487065,100
CMSS_Reg,0.1186646311905142,100
TKRR,1.829771543585265,200
CDAR,5.381627352799805,200
DARC,34.121824468723915,200
VNCD_MDD,0.1352341674147154,200
M3SDA_Reg,0.1205825260062991,200
CMSS_Reg,0.1222525256974856,200
TKRR,1.8544489332659395,300
CDAR,5.361283207216771,300
DARC,34.50609765013266,300
VNCD_MDD,0.1343329728371181,300
M3SDA_Reg,0.121198271621107,300
CMSS_Reg,0.1186133970145238,300
TKRR,1.8214256108614195,500
CDAR,5.38783081832779,500
DARC,34.28046343971401,500
VNCD_MDD,0.1276704185059947,500
M3SDA_Reg,0.1157120112632091,500
CMSS_Reg,0.1087470874799431,500
XGBoost_Target_Only,0.1234602600361916,100
KRR_Target_Only,0.8998833694486119,100
NN_Target_Only,0.5089819363541735,100
XGBoost_Pool,0.1027619921624284,100
KRR_Pool,0.3188930301818284,100
NN_Pool,0.1949411024930679,100
XGBoost_TLCQM,0.1029983705867221,100
KRR_TLCQM,0.203157993577935,100
NN_TLCQM,0.1186212269397762,100
XGBoost_Target_Only,0.1126816471225734,200
KRR_Target_Only,0.4901703287502931,200
NN_Target_Only,0.3198747584360955,200
XGBoost_Pool,0.1001784042265615,200
KRR_Pool,0.3892260569599327,200
NN_Pool,0.1707011855789298,200
XGBoost_TLCQM,0.0994001396652945,200
KRR_TLCQM,0.1865395726019056,200
NN_TLCQM,0.107152924960479,200
XGBoost_Target_Only,0.1110189474774105,300
KRR_Target_Only,0.4451548884779903,300
NN_Target_Only,0.2202697207059617,300
XGBoost_Pool,0.0991681911087996,300
KRR_Pool,0.509158040801458,300
NN_Pool,0.1667729725032699,300
XGBoost_TLCQM,0.0986949729037878,300
KRR_TLCQM,0.1780434462947709,300
NN_TLCQM,0.1086814685021144,300
XGBoost_Target_Only,0.0975933896263936,500
KRR_Target_Only,0.3293940274506667,500
NN_Target_Only,0.1487838244664751,500
XGBoost_Pool,0.0971970597685693,500
KRR_Pool,0.7046004986330883,500
NN_Pool,0.2026534994873793,500
XGBoost_TLCQM,0.0986873177288859,500
KRR_TLCQM,0.1651934645185178,500
NN_TLCQM,0.1131421347013528,500
TKRR,1.8918599624772523,100
CDAR,5.812867790531792,100
DARC,40.21146293059866,100
VNCD_MDD,0.1464315060459136,100
M3SDA_Reg,0.1169696623417061,100
CMSS_Reg,0.1219075266940042,100
TKRR,1.880728488669352,200
CDAR,5.829132330598311,200
DARC,32.67327211487575,200
VNCD_MDD,0.1579811347459852,200
M3SDA_Reg,0.1133353098942198,200
CMSS_Reg,0.1169818440210774,200
TKRR,1.90060144996539,300
CDAR,5.846441188123493,300
DARC,34.32955667119441,300
VNCD_MDD,0.1581038621589404,300
M3SDA_Reg,0.1176540474112565,300
CMSS_Reg,0.1190136057932303,300
TKRR,1.8906267850076848,500
CDAR,5.775338305533862,500
DARC,34.10101153212885,500
VNCD_MDD,0.1363094714347221,500
M3SDA_Reg,0.1191904365223575,500
CMSS_Reg,0.1101389285107523,500
XGBoost_Target_Only,0.1224998988232303,100
KRR_Target_Only,0.7062908730761838,100
NN_Target_Only,0.5130769518977092,100
XGBoost_Pool,0.1039401310805694,100
KRR_Pool,0.3195338440561379,100
NN_Pool,0.1960914773383492,100
XGBoost_TLCQM,0.1085406372560885,100
KRR_TLCQM,0.2176756459998204,100
NN_TLCQM,0.112910653463868,100
XGBoost_Target_Only,0.1059654396859165,200
KRR_Target_Only,0.5414186190242577,200
NN_Target_Only,0.3288348932915111,200
XGBoost_Pool,0.1021177637518558,200
KRR_Pool,0.3923022116344526,200
NN_Pool,0.1825958803607228,200
XGBoost_TLCQM,0.1036336779691274,200
KRR_TLCQM,0.2032503146735495,200
NN_TLCQM,0.1071895789827145,200
XGBoost_Target_Only,0.1014957644112299,300
KRR_Target_Only,0.4422780239746838,300
NN_Target_Only,0.2371851382195955,300
XGBoost_Pool,0.1025351276223949,300
KRR_Pool,0.5126279572901874,300
NN_Pool,0.1850232881138624,300
XGBoost_TLCQM,0.10069100743759,300
KRR_TLCQM,0.1995627634221942,300
NN_TLCQM,0.1118143883069141,300
XGBoost_Target_Only,0.0945396839798473,500
KRR_Target_Only,0.3160381280176909,500
NN_Target_Only,0.1417752432766163,500
XGBoost_Pool,0.097811068446413,500
KRR_Pool,0.712414181270737,500
NN_Pool,0.1911879736961273,500
XGBoost_TLCQM,0.0982663826149825,500
KRR_TLCQM,0.1729864069039274,500
NN_TLCQM,0.1020422597398639,500
TKRR,1.8991568243801984,100
CDAR,5.883734487465286,100
DARC,24.841588164262383,100
VNCD_MDD,0.1598973817514316,100
M3SDA_Reg,0.1214954370981134,100
CMSS_Reg,0.1228646137340163,100
TKRR,1.918686741090767,200
CDAR,5.481838720816197,200
DARC,26.604563155834214,200
VNCD_MDD,0.1530584614489185,200
M3SDA_Reg,0.1235577058166516,200
CMSS_Reg,0.1160347226388781,200
TKRR,1.8829175239471123,300
CDAR,5.529621744799971,300
DARC,26.511297963512614,300
VNCD_MDD,0.1487766854716591,300
M3SDA_Reg,0.1160435485700355,300
CMSS_Reg,0.1118805716923878,300
TKRR,1.8456143201213149,500
CDAR,5.401121939279553,500
DARC,26.914047212291003,500
VNCD_MDD,0.1421836788672787,500
M3SDA_Reg,0.1182769495683694,500
CMSS_Reg,0.1070859311944457,500
XGBoost_Target_Only,0.1058333794318788,100
KRR_Target_Only,1.3280470138459917,100
NN_Target_Only,1.218733928901444,100
XGBoost_Pool,0.1007965616102389,100
KRR_Pool,0.3188227581781814,100
NN_Pool,0.2094095181550288,100
XGBoost_TLCQM,0.1007852784056232,100
KRR_TLCQM,0.2412527566988502,100
NN_TLCQM,0.118067619282749,100
XGBoost_Target_Only,0.1080509246654359,200
KRR_Target_Only,0.6481693687492873,200
NN_Target_Only,0.2768449800791082,200
XGBoost_Pool,0.096570224009893,200
KRR_Pool,0.3908617806665955,200
NN_Pool,0.2134427127214736,200
XGBoost_TLCQM,0.0992623777857247,200
KRR_TLCQM,0.2268412026519931,200
NN_TLCQM,0.107389790682066,200
XGBoost_Target_Only,0.0997121995046258,300
KRR_Target_Only,0.6132873526737471,300
NN_Target_Only,0.2392104978733374,300
XGBoost_Pool,0.096024688594339,300
KRR_Pool,0.5111965452121611,300
NN_Pool,0.1743698886550126,300
XGBoost_TLCQM,0.0980511749570981,300
KRR_TLCQM,0.2034612675064561,300
NN_TLCQM,0.1068850538924419,300
XGBoost_Target_Only,0.0938198210048099,500
KRR_Target_Only,0.3529029828572468,500
NN_Target_Only,0.1459215661740238,500
XGBoost_Pool,0.0936987533607092,500
KRR_Pool,0.7127806358060144,500
NN_Pool,0.2302537682123344,500
XGBoost_TLCQM,0.0971096981526392,500
KRR_TLCQM,0.1904517096823279,500
NN_TLCQM,0.1049331962326296,500
TKRR,1.8873995561040056,100
CDAR,6.246045839035065,100
DARC,33.03059267087865,100
VNCD_MDD,0.1703459761398595,100
M3SDA_Reg,0.1152939298987874,100
CMSS_Reg,0.1182413536258881,100
TKRR,1.9035725067863436,200
CDAR,5.271338355094884,200
DARC,38.19612740429071,200
VNCD_MDD,0.1421028517421609,200
M3SDA_Reg,0.1085166737792611,200
CMSS_Reg,0.1118071835396562,200
TKRR,1.870876496828059,300
CDAR,5.334742071766574,300
DARC,40.551905205724594,300
VNCD_MDD,0.1381554621327244,300
M3SDA_Reg,0.1094579917486208,300
CMSS_Reg,0.1065308735961685,300
TKRR,1.7447230772539155,500
CDAR,5.208410216825044,500
DARC,38.919247395750325,500
VNCD_MDD,0.1240592381535371,500
M3SDA_Reg,0.1174569851959179,500
CMSS_Reg,0.1041800659538632,500
XGBoost_Target_Only,0.1250813903841781,100
KRR_Target_Only,1.5815280642462457,100
NN_Target_Only,0.985392656640832,100
XGBoost_Pool,0.1010254269395317,100
KRR_Pool,0.3191263328445192,100
NN_Pool,0.199049930521681,100
XGBoost_TLCQM,0.1049777898746344,100
KRR_TLCQM,0.2065434434722224,100
NN_TLCQM,0.1133516775883313,100
XGBoost_Target_Only,0.1104729578252542,200
KRR_Target_Only,0.5801890246595625,200
NN_Target_Only,0.2386709164019024,200
XGBoost_Pool,0.0985295494224173,200
KRR_Pool,0.3905524695359538,200
NN_Pool,0.1948975626429457,200
XGBoost_TLCQM,0.1008150616685681,200
KRR_TLCQM,0.199932796831761,200
NN_TLCQM,0.111393372381468,200
XGBoost_Target_Only,0.1058882967040121,300
KRR_Target_Only,0.4822328094300329,300
NN_Target_Only,0.2074425004585372,300
XGBoost_Pool,0.0970005586260796,300
KRR_Pool,0.5123552139111784,300
NN_Pool,0.1779516720532518,300
XGBoost_TLCQM,0.0993123159953355,300
KRR_TLCQM,0.1933073413555909,300
NN_TLCQM,0.1145541906104234,300
XGBoost_Target_Only,0.0958220685936363,500
KRR_Target_Only,0.4143784684881472,500
NN_Target_Only,0.1752260186629055,500
XGBoost_Pool,0.0975719012620797,500
KRR_Pool,0.7218229698117774,500
NN_Pool,0.1246689422721432,500
XGBoost_TLCQM,0.0996356250527171,500
KRR_TLCQM,0.2144968670529741,500
NN_TLCQM,0.1065118237607148,500
TKRR,1.927331517727434,100
CDAR,6.070474675262325,100
DARC,27.393878891156746,100
VNCD_MDD,0.1843389507716896,100
M3SDA_Reg,0.1179062632421545,100
CMSS_Reg,0.1219367772539898,100
TKRR,1.859173009966821,200
CDAR,6.202991102285686,200
DARC,28.112202591310005,200
VNCD_MDD,0.1546756148690226,200
M3SDA_Reg,0.119399953854124,200
CMSS_Reg,0.1186875351383572,200
TKRR,1.8819710461311168,300
CDAR,6.274768184922202,300
DARC,29.43022594093044,300
VNCD_MDD,0.1416555895280934,300
M3SDA_Reg,0.1195497930697315,300
CMSS_Reg,0.1115485655972257,300
TKRR,1.8735074197165305,500
CDAR,6.411210153465429,500
DARC,28.77048736206324,500
VNCD_MDD,0.1306135983187062,500
M3SDA_Reg,0.1244698695844063,500
CMSS_Reg,0.1089232519780334,500
XGBoost_Target_Only,0.1081758586340216,100
KRR_Target_Only,0.9765308555300444,100
NN_Target_Only,0.710939740860621,100
XGBoost_Pool,0.1035517977607029,100
KRR_Pool,0.3183299803905132,100
NN_Pool,0.2176189643152276,100
XGBoost_TLCQM,0.1105461737617326,100
KRR_TLCQM,0.2296043390286521,100
NN_TLCQM,0.1231070319622237,100
XGBoost_Target_Only,0.1096978066373674,200
KRR_Target_Only,0.5407771281848539,200
NN_Target_Only,0.2650367974466218,200
XGBoost_Pool,0.0981156148455013,200
KRR_Pool,0.3882460504165307,200
NN_Pool,0.2073271493520435,200
XGBoost_TLCQM,0.1038050741940308,200
KRR_TLCQM,0.2409442007795543,200
NN_TLCQM,0.1167500144953661,200
XGBoost_Target_Only,0.1040038947975217,300
KRR_Target_Only,0.395104081755093,300
NN_Target_Only,0.170284997969455,300
XGBoost_Pool,0.0996320242237043,300
KRR_Pool,0.5084434086153865,300
NN_Pool,0.1953516012262199,300
XGBoost_TLCQM,0.1047699465212856,300
KRR_TLCQM,0.1912253470808358,300
NN_TLCQM,0.1124755179959808,300
XGBoost_Target_Only,0.1007251313316134,500
KRR_Target_Only,0.3087797414475348,500
NN_Target_Only,0.1489468431729101,500
XGBoost_Pool,0.0948996782260383,500
KRR_Pool,0.7043878915207885,500
NN_Pool,0.211155160951795,500
XGBoost_TLCQM,0.1030488450056136,500
KRR_TLCQM,0.1781568820219122,500
NN_TLCQM,0.1067215589521126,500
TKRR,2.076308868075391,100
CDAR,5.262903865782513,100
DARC,28.073105992991756,100
VNCD_MDD,0.1703538104354165,100
M3SDA_Reg,0.1145132523190621,100
CMSS_Reg,0.1200151196192298,100
TKRR,1.909818832524382,200
CDAR,6.231274558049303,200
DARC,32.960739328694736,200
VNCD_MDD,0.1595530808973896,200
M3SDA_Reg,0.1171451210678654,200
CMSS_Reg,0.1182621948888815,200
TKRR,1.871687274072039,300
CDAR,6.214982595688347,300
DARC,31.897064144671813,300
VNCD_MDD,0.1410719251224352,300
M3SDA_Reg,0.1173882673630496,300
CMSS_Reg,0.1125721425146925,300
TKRR,1.807000598047772,500
CDAR,6.186515089297366,500
DARC,31.112068142262626,500
VNCD_MDD,0.1344745896393448,500
M3SDA_Reg,0.1148665572432067,500
CMSS_Reg,0.1045211429175137,500
XGBoost_Target_Only,0.1396623960056048,100
KRR_Target_Only,0.7589456603110187,100
NN_Target_Only,0.5453854567726638,100
XGBoost_Pool,0.0984732470686907,100
KRR_Pool,0.3134815681788739,100
NN_Pool,0.1984988449137203,100
XGBoost_TLCQM,0.101459034438027,100
KRR_TLCQM,0.23493143015393,100
NN_TLCQM,0.1207125659982331,100
XGBoost_Target_Only,0.1161911082676345,200
KRR_Target_Only,0.630577573026678,200
NN_Target_Only,0.3871418988940105,200
XGBoost_Pool,0.0979051348005771,200
KRR_Pool,0.3860755623336473,200
NN_Pool,0.1717298564546168,200
XGBoost_TLCQM,0.0993002094471569,200
KRR_TLCQM,0.2272681853350791,200
NN_TLCQM,0.1196921034000316,200
XGBoost_Target_Only,0.1040817384236745,300
KRR_Target_Only,0.4750998630100709,300
NN_Target_Only,0.207039415127874,300
XGBoost_Pool,0.0978050609063731,300
KRR_Pool,0.5027738055904846,300
NN_Pool,0.1711623869591415,300
XGBoost_TLCQM,0.0990896938999094,300
KRR_TLCQM,0.192305696938194,300
NN_TLCQM,0.1155172557415022,300
XGBoost_Target_Only,0.1025522244292333,500
KRR_Target_Only,0.3793470198134774,500
NN_Target_Only,0.173309351624604,500
XGBoost_Pool,0.0944068445633857,500
KRR_Pool,0.7150648844583648,500
NN_Pool,0.2103773189302684,500
XGBoost_TLCQM,0.0956163293182255,500
KRR_TLCQM,0.1778967731355014,500
NN_TLCQM,0.1046712347740181,500
TKRR,2.0382682865552173,100
CDAR,5.629115044695264,100
DARC,37.353081788757166,100
VNCD_MDD,0.1561285939881564,100
M3SDA_Reg,0.111581411778588,100
CMSS_Reg,0.1153173972581747,100
TKRR,1.901364495418463,200
CDAR,6.020060759697162,200
DARC,34.44618931489467,200
VNCD_MDD,0.1467024074558689,200
M3SDA_Reg,0.1114211658044064,200
CMSS_Reg,0.1129524319285873,200
TKRR,1.8657311340800036,300
CDAR,5.829600621872959,300
DARC,34.73671539043541,300
VNCD_MDD,0.1346965059675145,300
M3SDA_Reg,0.1160553506542052,300
CMSS_Reg,0.1098837899779617,300
TKRR,1.853821429231248,500
CDAR,5.779082656035143,500
DARC,34.64987064027213,500
VNCD_MDD,0.1227563269847336,500
M3SDA_Reg,0.115956524901741,500
CMSS_Reg,0.108776559176619,500
XGBoost_Target_Only,0.1037170815602687,100
KRR_Target_Only,1.077033613793663,100
NN_Target_Only,0.4699075352371518,100
XGBoost_Pool,0.1001776724699761,100
KRR_Pool,0.3174739403664473,100
NN_Pool,0.2080805258564692,100
XGBoost_TLCQM,0.0999323751292996,100
KRR_TLCQM,0.1730113156796614,100
NN_TLCQM,0.1208408790061295,100
XGBoost_Target_Only,0.100239292566865,200
KRR_Target_Only,0.7040259986526052,200
NN_Target_Only,0.4087112448777966,200
XGBoost_Pool,0.1000576598190613,200
KRR_Pool,0.386669334276732,200
NN_Pool,0.2215755363021884,200
XGBoost_TLCQM,0.0993688188268573,200
KRR_TLCQM,0.1758596926090253,200
NN_TLCQM,0.1163571586938301,200
XGBoost_Target_Only,0.0967610806272286,300
KRR_Target_Only,0.4208345095890648,300
NN_Target_Only,0.241823199714597,300
XGBoost_Pool,0.0988939824864593,300
KRR_Pool,0.5063819329974683,300
NN_Pool,0.2054758162732731,300
XGBoost_TLCQM,0.0978132378323607,300
KRR_TLCQM,0.165003877326466,300
NN_TLCQM,0.1185804310335808,300
XGBoost_Target_Only,0.0980689835508671,500
KRR_Target_Only,0.3287970587965067,500
NN_Target_Only,0.1629093731619608,500
XGBoost_Pool,0.0991953637384036,500
KRR_Pool,0.7107981557720054,500
NN_Pool,0.1862939817717471,500
XGBoost_TLCQM,0.0992610941201147,500
KRR_TLCQM,0.1616651785295203,500
NN_TLCQM,0.1121959944160849,500
TKRR,2.1310975951493054,100
CDAR,6.331983378570405,100
DARC,43.28005386021321,100
VNCD_MDD,0.1602284861986996,100
M3SDA_Reg,0.1182057444499905,100
CMSS_Reg,0.1106824244109868,100
TKRR,2.1571092178529465,200
CDAR,5.984246306422263,200
DARC,33.64079168528276,200
VNCD_MDD,0.164273528730269,200
M3SDA_Reg,0.1158300076967542,200
CMSS_Reg,0.1090815345372776,200
TKRR,1.7792226617450917,300
CDAR,5.915800339699008,300
DARC,34.19496912548856,300
VNCD_MDD,0.1537169356962991,300
M3SDA_Reg,0.1205587145747247,300
CMSS_Reg,0.105582920496531,300
TKRR,1.724589202294176,500
CDAR,5.932151324552376,500
DARC,29.188123110127883,500
VNCD_MDD,0.1243975249722517,500
M3SDA_Reg,0.1326219454912845,500
CMSS_Reg,0.1032499948421386,500
XGBoost_Target_Only,0.1200933215024926,100
KRR_Target_Only,1.5322764457496076,100
NN_Target_Only,0.8808489814193475,100
XGBoost_Pool,0.1002852209742986,100
KRR_Pool,0.3188042059931008,100
NN_Pool,0.2005048026088079,100
XGBoost_TLCQM,0.107871564361882,100
KRR_TLCQM,0.3077975256169877,100
NN_TLCQM,0.1330645398969029,100
XGBoost_Target_Only,0.1157842042855447,200
KRR_Target_Only,0.950363314036582,200
NN_Target_Only,0.6151294139674238,200
XGBoost_Pool,0.0983802078504619,200
KRR_Pool,0.3907273375139728,200
NN_Pool,0.165157226226141,200
XGBoost_TLCQM,0.1009434634141327,200
KRR_TLCQM,0.2624080553285718,200
NN_TLCQM,0.1158772166481396,200
XGBoost_Target_Only,0.1076502336862575,300
KRR_Target_Only,0.6595447066139413,300
NN_Target_Only,0.2712019708626186,300
XGBoost_Pool,0.0979980757535552,300
KRR_Pool,0.4985993373000474,300
NN_Pool,0.1600557265324136,300
XGBoost_TLCQM,0.0990828793213142,300
KRR_TLCQM,0.1882821203294384,300
NN_TLCQM,0.1137252574510302,300
XGBoost_Target_Only,0.0961765994999502,500
KRR_Target_Only,0.4529574462714593,500
NN_Target_Only,0.1917432340791429,500
XGBoost_Pool,0.0971571028683369,500
KRR_Pool,0.7001782075438769,500
NN_Pool,0.179579149088154,500
XGBoost_TLCQM,0.1000752291729303,500
KRR_TLCQM,0.1823492842401747,500
NN_TLCQM,0.1119612289909318,500
TKRR,2.108622982515965,100
CDAR,5.514368486327248,100
DARC,29.078060060230243,100
VNCD_MDD,0.1682002712253864,100
M3SDA_Reg,0.1249851786240134,100
CMSS_Reg,0.1313738634155875,100
TKRR,1.896765545118272,200
CDAR,5.836266735036458,200
DARC,45.23473799029109,200
VNCD_MDD,0.1379412159027687,200
M3SDA_Reg,0.1206361808512793,200
CMSS_Reg,0.118638598864251,200
TKRR,1.928044580955812,300
CDAR,5.562762633634269,300
DARC,44.66083210318298,300
VNCD_MDD,0.1337901764106554,300
M3SDA_Reg,0.1173652538660067,300
CMSS_Reg,0.1131086250742101,300
TKRR,1.8089432211303025,500
CDAR,5.558509818741161,500
DARC,44.92152685418304,500
VNCD_MDD,0.1433871634978,500
M3SDA_Reg,0.1211499298572316,500
CMSS_Reg,0.1064157977044859,500
XGBoost_Target_Only,0.1231769255621144,100
KRR_Target_Only,1.490445087583366,100
NN_Target_Only,1.102612087589243,100
XGBoost_Pool,0.1010099207357559,100
KRR_Pool,0.3188530272551043,100
NN_Pool,0.1920535380734458,100
XGBoost_TLCQM,0.0963904904194726,100
KRR_TLCQM,0.2074004201013547,100
NN_TLCQM,0.1367666215320267,100
XGBoost_Target_Only,0.1080646746105796,200
KRR_Target_Only,0.9196869505685192,200
NN_Target_Only,0.6605160285129613,200
XGBoost_Pool,0.0973373347513232,200
KRR_Pool,0.3904751269723205,200
NN_Pool,0.1801033623837878,200
XGBoost_TLCQM,0.0967646294219305,200
KRR_TLCQM,0.2556723591622312,200
NN_TLCQM,0.1125615969495004,200
XGBoost_Target_Only,0.0991857066417918,300
KRR_Target_Only,0.6004481244422084,300
NN_Target_Only,0.2603745972636057,300
XGBoost_Pool,0.0961023880784777,300
KRR_Pool,0.5116555859321177,300
NN_Pool,0.1823127922194374,300
XGBoost_TLCQM,0.0954691557076782,300
KRR_TLCQM,0.2092725844633744,300
NN_TLCQM,0.1101276003660069,300
XGBoost_Target_Only,0.101656141019548,500
KRR_Target_Only,0.4657393774174226,500
NN_Target_Only,0.2077443122751123,500
XGBoost_Pool,0.0949884777477111,500
KRR_Pool,0.7181228570170048,500
NN_Pool,0.2337905060252045,500
XGBoost_TLCQM,0.0955897936070472,500
KRR_TLCQM,0.2094341307826898,500
NN_TLCQM,0.1039253999027471,500
TKRR,2.0557775054691003,100
CDAR,6.235447232287901,100
DARC,19.000074803477503,100
VNCD_MDD,0.1711540686493592,100
M3SDA_Reg,0.111583730176174,100
CMSS_Reg,0.1107665475192596,100
TKRR,2.086899265312385,200
CDAR,6.608660330369013,200
DARC,26.25164718788146,200
VNCD_MDD,0.1808809052735641,200
M3SDA_Reg,0.1131453251584376,200
CMSS_Reg,0.1081886157954097,200
TKRR,1.948834072158856,300
CDAR,6.420363420437899,300
DARC,26.233185995118586,300
VNCD_MDD,0.1856891591825458,300
M3SDA_Reg,0.1106543833308527,300
CMSS_Reg,0.1092700347822545,300
TKRR,1.901027405253672,500
CDAR,6.353120435142819,500
DARC,26.3566776298753,500
VNCD_MDD,0.1349940401599832,500
M3SDA_Reg,0.1149324856399989,500
CMSS_Reg,0.1052879393214165,500
XGBoost_Target_Only,0.1097123310656456,100
KRR_Target_Only,0.7006261249752239,100
NN_Target_Only,0.4524703908021302,100
XGBoost_Pool,0.1017558888625484,100
KRR_Pool,0.3080884897509611,100
NN_Pool,0.2004282355433552,100
XGBoost_TLCQM,0.1002927790495048,100
KRR_TLCQM,0.1899263041481923,100
NN_TLCQM,0.1174072012142827,100
XGBoost_Target_Only,0.1037514445564793,200
KRR_Target_Only,0.4195094719822209,200
NN_Target_Only,0.2189206237839478,200
XGBoost_Pool,0.0972786711000333,200
KRR_Pool,0.3782591897922694,200
NN_Pool,0.2008896338510729,200
XGBoost_TLCQM,0.1003974523144225,200
KRR_TLCQM,0.1697878507377369,200
NN_TLCQM,0.1130231507150973,200
XGBoost_Target_Only,0.0981007839375101,300
KRR_Target_Only,0.3205647353057458,300
NN_Target_Only,0.1463465686781383,300
XGBoost_Pool,0.0970500253101836,300
KRR_Pool,0.4968921460489062,300
NN_Pool,0.1989645167912774,300
XGBoost_TLCQM,0.102422605057389,300
KRR_TLCQM,0.1682572804216373,300
NN_TLCQM,0.1142683509873011,300
XGBoost_Target_Only,0.0915856226010187,500
KRR_Target_Only,0.2647404710815796,500
NN_Target_Only,0.1407837222197674,500
XGBoost_Pool,0.0947161436276359,500
KRR_Pool,0.7008467342653052,500
NN_Pool,0.2045728910168587,500
XGBoost_TLCQM,0.0964362585525231,500
KRR_TLCQM,0.1730299743968302,500
NN_TLCQM,0.1063961511981626,500
TKRR,1.8940933779384053,100
CDAR,6.701302556945932,100
DARC,30.961588387185643,100
VNCD_MDD,0.1707328564925897,100
M3SDA_Reg,0.1145246858268494,100
CMSS_Reg,0.115403794638478,100
TKRR,1.897934432940081,200
CDAR,5.924963542179727,200
DARC,31.929044343651736,200
VNCD_MDD,0.1473749914488483,200
M3SDA_Reg,0.1236137053259031,200
CMSS_Reg,0.1092277646184004,200
TKRR,1.8740438335174296,300
CDAR,5.682537145386732,300
DARC,31.899001525635697,300
VNCD_MDD,0.1315684275324926,300
M3SDA_Reg,0.1270107621888908,300
CMSS_Reg,0.1062141079879122,300
TKRR,1.7975985128702088,500
CDAR,5.4664872445284,500
DARC,31.888460822729755,500
VNCD_MDD,0.1267505771439378,500
M3SDA_Reg,0.1229620002271872,500
CMSS_Reg,0.1024814348392874,500
XGBoost_Target_Only,0.1079590591924554,100
KRR_Target_Only,1.467582434530763,100
NN_Target_Only,0.8952260836315238,100
XGBoost_Pool,0.1019344946700173,100
KRR_Pool,0.3192487043505589,100
NN_Pool,0.185565515053062,100
XGBoost_TLCQM,0.1037746556944741,100
KRR_TLCQM,0.2578434697810214,100
NN_TLCQM,0.1331078070642519,100
XGBoost_Target_Only,0.1088633512643668,200
KRR_Target_Only,0.948975918157213,200
NN_Target_Only,0.392767658517678,200
XGBoost_Pool,0.1000635073985862,200
KRR_Pool,0.3930198571779748,200
NN_Pool,0.1758707364014047,200
XGBoost_TLCQM,0.1025525502041975,200
KRR_TLCQM,0.2537352419911752,200
NN_TLCQM,0.1091134498920506,200
XGBoost_Target_Only,0.1113553373473395,300
KRR_Target_Only,0.7171633243084024,300
NN_Target_Only,0.2965266349657074,300
XGBoost_Pool,0.099807764224641,300
KRR_Pool,0.515088540927787,300
NN_Pool,0.1841689558198106,300
XGBoost_TLCQM,0.0990382247122541,300
KRR_TLCQM,0.2290303183026117,300
NN_TLCQM,0.1131567352164376,300
XGBoost_Target_Only,0.0982090314336287,500
KRR_Target_Only,0.439439017201421,500
NN_Target_Only,0.1903156474686273,500
XGBoost_Pool,0.0978461906557911,500
KRR_Pool,0.7265695466305113,500
NN_Pool,0.2189457832700185,500
XGBoost_TLCQM,0.0976721803999774,500
KRR_TLCQM,0.2165320812419264,500
NN_TLCQM,0.1008722454413829,500
TKRR,2.3765016069616336,100
CDAR,6.094513337439246,100
DARC,31.540198483184696,100
VNCD_MDD,0.1764347028677268,100
M3SDA_Reg,0.1150753424987333,100
CMSS_Reg,0.1361658897288933,100
TKRR,1.911459232652832,200
CDAR,6.761538664088247,200
DARC,14.6774152851467,200
VNCD_MDD,0.1752035900897953,200
M3SDA_Reg,0.117866729932775,200
CMSS_Reg,0.1269911598154005,200
TKRR,1.840036020069428,300
CDAR,6.357939067844403,300
DARC,32.336352514344235,300
VNCD_MDD,0.1822105396824405,300
M3SDA_Reg,0.1195188537440481,300
CMSS_Reg,0.1214798931704164,300
TKRR,1.8469904048450936,500
CDAR,6.01290739796193,500
DARC,30.649261219512784,500
VNCD_MDD,0.1743607492961906,500
M3SDA_Reg,0.1226085489418173,500
CMSS_Reg,0.110532687172471,500
XGBoost_Target_Only,0.1099315116115578,100
KRR_Target_Only,0.9659690434021738,100
NN_Target_Only,0.5316319749628621,100
XGBoost_Pool,0.1004441811750071,100
KRR_Pool,0.3194160546192062,100
NN_Pool,0.2031204433033314,100
XGBoost_TLCQM,0.1014629999957411,100
KRR_TLCQM,0.2506500857122064,100
NN_TLCQM,0.1275291552497173,100
XGBoost_Target_Only,0.0967867319630736,200
KRR_Target_Only,0.7070805337720486,200
NN_Target_Only,0.4681769746658918,200
XGBoost_Pool,0.1001444513487774,200
KRR_Pool,0.3928239719579438,200
NN_Pool,0.1908408913319912,200
XGBoost_TLCQM,0.0987458895017019,200
KRR_TLCQM,0.2129824806641465,200
NN_TLCQM,0.1243336598021907,200
XGBoost_Target_Only,0.1012470715871228,300
KRR_Target_Only,0.6009220386210404,300
NN_Target_Only,0.3363814055864645,300
XGBoost_Pool,0.0986725657568016,300
KRR_Pool,0.5153363821081329,300
NN_Pool,0.1871439281819323,300
XGBoost_TLCQM,0.0980912773412508,300
KRR_TLCQM,0.1922054483899754,300
NN_TLCQM,0.1167042952169657,300
XGBoost_Target_Only,0.0948986640580712,500
KRR_Target_Only,0.4018773775698137,500
NN_Target_Only,0.1533482880667812,500
XGBoost_Pool,0.0982385422208768,500
KRR_Pool,0.7204926001275661,500
NN_Pool,0.2058487169953255,500
XGBoost_TLCQM,0.0981281583678966,500
KRR_TLCQM,0.2008064204758143,500
NN_TLCQM,0.1074267896734257,500
TKRR,1.9108042977644877,100
CDAR,5.211616633542003,100
DARC,31.214809521205407,100
VNCD_MDD,0.1709715581771818,100
M3SDA_Reg,0.1125127921222817,100
CMSS_Reg,0.1109451497718284,100
TKRR,1.8910420366427187,200
CDAR,6.763496442214134,200
DARC,25.4677002334178,200
VNCD_MDD,0.1295976056390866,200
M3SDA_Reg,0.1135732316921151,200
CMSS_Reg,0.1062241260113845,200
TKRR,1.8831501463369535,300
CDAR,6.875234556816348,300
DARC,25.76945729991052,300
VNCD_MDD,0.1359532599321161,300
M3SDA_Reg,0.113324925775744,300
CMSS_Reg,0.1029540241619641,300
TKRR,1.771712603490351,500
CDAR,6.580018030069113,500
DARC,26.24382783510962,500
VNCD_MDD,0.123128790449675,500
M3SDA_Reg,0.125710580996977,500
CMSS_Reg,0.1009946079509543,500
XGBoost_Target_Only,0.1195613428220066,100
KRR_Target_Only,0.945233952816952,100
NN_Target_Only,0.8358042684359048,100
XGBoost_Pool,0.0988766489594352,100
KRR_Pool,0.3182293028185052,100
NN_Pool,0.1802327278251366,100
XGBoost_TLCQM,0.1002070219933844,100
KRR_TLCQM,0.1929459635136701,100
NN_TLCQM,0.1106134742541873,100
XGBoost_Target_Only,0.102739603920529,200
KRR_Target_Only,0.692861192031337,200
NN_Target_Only,0.3803335861341667,200
XGBoost_Pool,0.0994082880483103,200
KRR_Pool,0.3904024057990077,200
NN_Pool,0.184992916966638,200
XGBoost_TLCQM,0.0988671653780606,200
KRR_TLCQM,0.1956744482227027,200
NN_TLCQM,0.1105866192554032,200
XGBoost_Target_Only,0.1014379307415287,300
KRR_Target_Only,0.4616917066255172,300
NN_Target_Only,0.2340016438898028,300
XGBoost_Pool,0.0990451789600831,300
KRR_Pool,0.5080607065099064,300
NN_Pool,0.1865467626543317,300
XGBoost_TLCQM,0.0977855671068,300
KRR_TLCQM,0.1683362902979269,300
NN_TLCQM,0.10533358981442,300
XGBoost_Target_Only,0.0952884951104374,500
KRR_Target_Only,0.396396455534501,500
NN_Target_Only,0.1940640419350157,500
XGBoost_Pool,0.0963204499743817,500
KRR_Pool,0.7194272274881136,500
NN_Pool,0.1878826752062926,500
XGBoost_TLCQM,0.097900873920029,500
KRR_TLCQM,0.1675257051078369,500
NN_TLCQM,0.100856583676175,500
TKRR,1.8828142637192389,100
CDAR,5.521511595037846,100
DARC,19.63077930676622,100
VNCD_MDD,0.1600895267547072,100
M3SDA_Reg,0.1108575996859003,100
CMSS_Reg,0.123135519257408,100
TKRR,1.8856779647535795,200
CDAR,6.341002735814434,200
DARC,32.76428817862709,200
VNCD_MDD,0.1542351449852451,200
M3SDA_Reg,0.1106291292077881,200
CMSS_Reg,0.1112308546173302,200
TKRR,1.832840429687325,300
CDAR,6.256146693848061,300
DARC,33.13980690890447,300
VNCD_MDD,0.1540372422617253,300
M3SDA_Reg,0.1152291511208652,300
CMSS_Reg,0.1098204015663085,300
TKRR,1.858053703508208,500
CDAR,6.349733868730729,500
DARC,33.21334696011971,500
VNCD_MDD,0.1349766154959402,500
M3SDA_Reg,0.114466334266937,500
CMSS_Reg,0.1063701120128334,500
XGBoost_Target_Only,0.1145823123600515,100
KRR_Target_Only,1.1405988781536098,100
NN_Target_Only,1.116764530250317,100
XGBoost_Pool,0.0986963189536756,100
KRR_Pool,0.3180976756568646,100
NN_Pool,0.1832761649624195,100
XGBoost_TLCQM,0.0999766648721974,100
KRR_TLCQM,0.1998654687770954,100
NN_TLCQM,0.1315510883024571,100
XGBoost_Target_Only,0.1049837968480066,200
KRR_Target_Only,0.505344830212945,200
NN_Target_Only,0.2368979214460806,200
XGBoost_Pool,0.0996347389528578,200
KRR_Pool,0.3883639429758715,200
NN_Pool,0.1906687770620746,200
XGBoost_TLCQM,0.1001794421817637,200
KRR_TLCQM,0.1965555535713241,200
NN_TLCQM,0.1151401969747777,200
XGBoost_Target_Only,0.0988679803399132,300
KRR_Target_Only,0.4053143787229569,300
NN_Target_Only,0.1857788555142972,300
XGBoost_Pool,0.0971382694714586,300
KRR_Pool,0.4999816331410878,300
NN_Pool,0.1899937231063632,300
XGBoost_TLCQM,0.0990397515666001,300
KRR_TLCQM,0.1789046779964725,300
NN_TLCQM,0.1088736572725608,300
XGBoost_Target_Only,0.0941813274999708,500
KRR_Target_Only,0.3310163268289903,500
NN_Target_Only,0.1484230050638397,500
XGBoost_Pool,0.0942312056705501,500
KRR_Pool,0.7026304431385838,500
NN_Pool,0.2338463880714925,500
XGBoost_TLCQM,0.0975545241601357,500
KRR_TLCQM,0.1796743836566922,500
NN_TLCQM,0.1098376906273154,500
TKRR,1.8719083216006576,100
CDAR,5.828922590150972,100
DARC,27.879516850974213,100
VNCD_MDD,0.184091747984904,100
M3SDA_Reg,0.11504104078455,100
CMSS_Reg,0.1141603165913461,100
TKRR,1.8325944716136184,200
CDAR,5.547985641953408,200
DARC,30.194236918715045,200
VNCD_MDD,0.1789058904992388,200
M3SDA_Reg,0.1175465459204876,200
CMSS_Reg,0.1147691706633345,200
TKRR,1.8640192472421464,300
CDAR,5.548448754036626,300
DARC,30.15164741040988,300
VNCD_MDD,0.1738133801006484,300
M3SDA_Reg,0.1150408498104978,300
CMSS_Reg,0.104210653914072,300
TKRR,1.8092911186398497,500
CDAR,5.546852260630608,500
DARC,30.026483328336944,500
VNCD_MDD,0.146157550197326,500
M3SDA_Reg,0.1092179194046397,500
CMSS_Reg,0.1026912524288022,500
XGBoost_Target_Only,0.124283097521269,100
KRR_Target_Only,0.9982596930322376,100
NN_Target_Only,0.5340776320223302,100
XGBoost_Pool,0.0988928471390644,100
KRR_Pool,0.3182708591456457,100
NN_Pool,0.2060006969754977,100
XGBoost_TLCQM,0.102615129019748,100
KRR_TLCQM,0.2582006737242844,100
NN_TLCQM,0.1296816685421578,100
XGBoost_Target_Only,0.1127476741821983,200
KRR_Target_Only,0.6827201862972393,200
NN_Target_Only,0.3014632855487434,200
XGBoost_Pool,0.0998313842991746,200
KRR_Pool,0.3919213165978281,200
NN_Pool,0.1953354463984536,200
XGBoost_TLCQM,0.0968128552912468,200
KRR_TLCQM,0.2389895056093159,200
NN_TLCQM,0.1115044232531538,200
XGBoost_Target_Only,0.1104556397888972,300
KRR_Target_Only,0.5404016417649934,300
NN_Target_Only,0.210711118707425,300
XGBoost_Pool,0.0979479381633052,300
KRR_Pool,0.5149130779373353,300
NN_Pool,0.1788013258789671,300
XGBoost_TLCQM,0.0964690826279996,300
KRR_TLCQM,0.2563728208795243,300
NN_TLCQM,0.1103182698350883,300
XGBoost_Target_Only,0.0985770215131073,500
KRR_Target_Only,0.4752965581445261,500
NN_Target_Only,0.167444677406153,500
XGBoost_Pool,0.0936771538753158,500
KRR_Pool,0.7276806501801426,500
NN_Pool,0.1465663510491814,500
XGBoost_TLCQM,0.0946450034465121,500
KRR_TLCQM,0.2307878257210842,500
NN_TLCQM,0.1057525382419335,500
TKRR,1.880726094971913,100
CDAR,54.93267487175779,100
DARC,36.00292477153713,100
VNCD_MDD,0.1652653733346127,100
M3SDA_Reg,0.1180768952989626,100
CMSS_Reg,0.1228300428006232,100
TKRR,1.876633377174668,200
CDAR,6.109087469913873,200
DARC,35.83721343973565,200
VNCD_MDD,0.1416982493494404,200
M3SDA_Reg,0.1181780496594099,200
CMSS_Reg,0.1161654806544112,200
TKRR,1.886344097232679,300
CDAR,6.102551342784683,300
DARC,35.89282072692479,300
VNCD_MDD,0.1286886311492443,300
M3SDA_Reg,0.1164204651596624,300
CMSS_Reg,0.1140375171038175,300
TKRR,1.920408964460428,500
CDAR,6.18491496192705,500
DARC,35.93090027354925,500
VNCD_MDD,0.1283931934664432,500
M3SDA_Reg,0.121986127859129,500
CMSS_Reg,0.1064510250856906,500
XGBoost_Target_Only,0.1364144182843001,100
KRR_Target_Only,0.854488761989298,100
NN_Target_Only,0.6085668151302661,100
XGBoost_Pool,0.1013017345788492,100
KRR_Pool,0.3180030559739043,100
NN_Pool,0.216323821901489,100
XGBoost_TLCQM,0.099618075545908,100
KRR_TLCQM,0.1910716000230973,100
NN_TLCQM,0.1131455225511468,100
XGBoost_Target_Only,0.1097319094042211,200
KRR_Target_Only,0.6015186749621008,200
NN_Target_Only,0.3505884031377261,200
XGBoost_Pool,0.099679317003653,200
KRR_Pool,0.3903990991834564,200
NN_Pool,0.1679500637169684,200
XGBoost_TLCQM,0.1039981840654991,200
KRR_TLCQM,0.1994225382467704,200
NN_TLCQM,0.1164058937460728,200
XGBoost_Target_Only,0.1038717843527842,300
KRR_Target_Only,0.4140324215506872,300
NN_Target_Only,0.2199560969743735,300
XGBoost_Pool,0.0971931156873686,300
KRR_Pool,0.5039287423734822,300
NN_Pool,0.1822780031624793,300
XGBoost_TLCQM,0.0987384845911292,300
KRR_TLCQM,0.1727311822500956,300
NN_TLCQM,0.1086424442867946,300
XGBoost_Target_Only,0.101949774433085,500
KRR_Target_Only,0.2896135186371424,500
NN_Target_Only,0.1816161661275381,500
XGBoost_Pool,0.0971864512855045,500
KRR_Pool,0.7033528288862915,500
NN_Pool,0.2244370495732632,500
XGBoost_TLCQM,0.0989931849326002,500
KRR_TLCQM,0.1858818187068817,500
NN_TLCQM,0.1045269585948297,500
TKRR,1.847894013135912,100
CDAR,5.798862939200414,100
DARC,23.34109893803045,100
VNCD_MDD,0.1724598410858312,100
M3SDA_Reg,0.1183563869739739,100
CMSS_Reg,0.1108467123003461,100
TKRR,1.874942357015007,200
CDAR,52.55628551405603,200
DARC,32.31752862021255,200
VNCD_MDD,0.1338572476778336,200
M3SDA_Reg,0.1209050899988698,200
CMSS_Reg,0.1121428948205423,200
TKRR,1.8341828787110837,300
CDAR,52.558048544124894,300
DARC,34.84128661232561,300
VNCD_MDD,0.1364640720600769,300
M3SDA_Reg,0.1237009252571705,300
CMSS_Reg,0.1123113046465051,300
TKRR,1.9723765287454789,500
CDAR,52.56593372727207,500
DARC,35.84124653851723,500
VNCD_MDD,0.1189773207041048,500
M3SDA_Reg,0.1205358434283491,500
CMSS_Reg,0.1041706052411394,500
XGBoost_Target_Only,0.1186056336463827,100
KRR_Target_Only,1.5640720971301514,100
NN_Target_Only,0.906288429584053,100
XGBoost_Pool,0.1003393041697045,100
KRR_Pool,0.3184000816867817,100
NN_Pool,0.1942536604078006,100
XGBoost_TLCQM,0.1111287542078704,100
KRR_TLCQM,0.3362853994342604,100
NN_TLCQM,0.1403376474875531,100
XGBoost_Target_Only,0.1055114341453289,200
KRR_Target_Only,0.5332283102521793,200
NN_Target_Only,0.2870024178326016,200
XGBoost_Pool,0.0999493765477356,200
KRR_Pool,0.3865157285800416,200
NN_Pool,0.2075645375505894,200
XGBoost_TLCQM,0.1043359856536533,200
KRR_TLCQM,0.2139160513979516,200
NN_TLCQM,0.1179454259374839,200
XGBoost_Target_Only,0.1158097224217698,300
KRR_Target_Only,0.4234760243538489,300
NN_Target_Only,0.1998002971607758,300
XGBoost_Pool,0.0982368696688045,300
KRR_Pool,0.5054154579603038,300
NN_Pool,0.2271073899407064,300
XGBoost_TLCQM,0.1031898341346571,300
KRR_TLCQM,0.2063071724393992,300
NN_TLCQM,0.1156340528031805,300
XGBoost_Target_Only,0.0932481194059049,500
KRR_Target_Only,0.2693500164959806,500
NN_Target_Only,0.1475065901127338,500
XGBoost_Pool,0.0964671597965941,500
KRR_Pool,0.6988933271984353,500
NN_Pool,0.2133521016885153,500
XGBoost_TLCQM,0.0980241419052612,500
KRR_TLCQM,0.1497117892946565,500
NN_TLCQM,0.1086519315390878,500
TKRR,1.923429007512813,100
CDAR,5.807028072181054,100
DARC,4.52233235401893,100
VNCD_MDD,0.1994448391218343,100
M3SDA_Reg,0.1119958860442416,100
CMSS_Reg,0.1236082979818611,100
TKRR,1.9017353152712,200
CDAR,6.373167917533468,200
DARC,35.42623015692553,200
VNCD_MDD,0.1488028378016618,200
M3SDA_Reg,0.1137841994495881,200
CMSS_Reg,0.1156602368797165,200
TKRR,1.8561050170444409,300
CDAR,6.389039188470288,300
DARC,35.1590043664238,300
VNCD_MDD,0.1454349139977112,300
M3SDA_Reg,0.1169780974735254,300
CMSS_Reg,0.1093469160736247,300
TKRR,1.767971321800016,500
CDAR,6.3089505748263575,500
DARC,35.31906135673901,500
VNCD_MDD,0.1252452434957209,500
M3SDA_Reg,0.1225398591878915,500
CMSS_Reg,0.1031711158943478,500
XGBoost_Target_Only,0.1191522390266387,100
KRR_Target_Only,0.7196407851813745,100
NN_Target_Only,0.4847797660742663,100
XGBoost_Pool,0.1035492445767739,100
KRR_Pool,0.3192352719367376,100
NN_Pool,0.2042535716998624,100
XGBoost_TLCQM,0.0993335609734757,100
KRR_TLCQM,0.1960122603116073,100
NN_TLCQM,0.1066551620947103,100
XGBoost_Target_Only,0.1009539649306619,200
KRR_Target_Only,0.5266591391407492,200
NN_Target_Only,0.2867924462215336,200
XGBoost_Pool,0.1007118125516723,200
KRR_Pool,0.3923873923968994,200
NN_Pool,0.1849905356276939,200
XGBoost_TLCQM,0.0979110645357571,200
KRR_TLCQM,0.1930272474034609,200
NN_TLCQM,0.1074807917821277,200
XGBoost_Target_Only,0.0986983782544956,300
KRR_Target_Only,0.3742495324036356,300
NN_Target_Only,0.1726482060160083,300
XGBoost_Pool,0.0974233354101186,300
KRR_Pool,0.5084336131109758,300
NN_Pool,0.179678219258037,300
XGBoost_TLCQM,0.0977195937148917,300
KRR_TLCQM,0.1727134839277231,300
NN_TLCQM,0.10348891759398,300
XGBoost_Target_Only,0.0938377885800376,500
KRR_Target_Only,0.2928737474831806,500
NN_Target_Only,0.1417874198211267,500
XGBoost_Pool,0.0950276502428222,500
KRR_Pool,0.7116323218457723,500
NN_Pool,0.2098686142458839,500
XGBoost_TLCQM,0.0968549552341834,500
KRR_TLCQM,0.1567014234167333,500
NN_TLCQM,0.1065753432797716,500
TKRR,1.9552743075509085,100
CDAR,52.88784963389515,100
DARC,28.957689976090155,100
VNCD_MDD,0.1622885656158458,100
M3SDA_Reg,0.1106535613619962,100
CMSS_Reg,0.1092778122240353,100
TKRR,1.9131003361995051,200
CDAR,5.351918952581059,200
DARC,30.25792484737892,200
VNCD_MDD,0.1509441736847106,200
M3SDA_Reg,0.1106833195238403,200
CMSS_Reg,0.1075034893672353,200
TKRR,1.903430955473186,300
CDAR,5.3031346347139845,300
DARC,28.97536500487255,300
VNCD_MDD,0.1523210125137163,300
M3SDA_Reg,0.1149682507985627,300
CMSS_Reg,0.1021993764768804,300
TKRR,1.788279544173994,500
CDAR,5.302526546686908,500
DARC,29.369399298148423,500
VNCD_MDD,0.1294832324221142,500
M3SDA_Reg,0.1170394345809402,500
CMSS_Reg,0.1027787456565873,500
XGBoost_Target_Only,0.1150667602169376,100
KRR_Target_Only,0.9568102893980084,100
NN_Target_Only,0.4630237971472259,100
XGBoost_Pool,0.0991222629473643,100
KRR_Pool,0.3165717357454268,100
NN_Pool,0.2015233512934248,100
XGBoost_TLCQM,0.1032220036049214,100
KRR_TLCQM,0.1932066298880186,100
NN_TLCQM,0.1118930011877114,100
XGBoost_Target_Only,0.1165313520360985,200
KRR_Target_Only,0.4205551692754306,200
NN_Target_Only,0.3405139941202948,200
XGBoost_Pool,0.0997274299026291,200
KRR_Pool,0.3850532435101724,200
NN_Pool,0.2011088804326023,200
XGBoost_TLCQM,0.1045496420046031,200
KRR_TLCQM,0.1874089086721962,200
NN_TLCQM,0.1106317507822283,200
XGBoost_Target_Only,0.1056009426284202,300
KRR_Target_Only,0.2866672609776801,300
NN_Target_Only,0.2279308570158262,300
XGBoost_Pool,0.1009957571407107,300
KRR_Pool,0.4939379611385623,300
NN_Pool,0.1636055829220348,300
XGBoost_TLCQM,0.1007377202308231,300
KRR_TLCQM,0.168835855664616,300
NN_TLCQM,0.1158188317278488,300
XGBoost_Target_Only,0.1041471320973467,500
KRR_Target_Only,0.2484868158776885,500
NN_Target_Only,0.1505854726440303,500
XGBoost_Pool,0.0990012565462114,500
KRR_Pool,0.7009471895066434,500
NN_Pool,0.2074875344383272,500
XGBoost_TLCQM,0.098379066916311,500
KRR_TLCQM,0.1601396525974516,500
NN_TLCQM,0.1091411004864873,500
TKRR,2.843210583559403,100
CDAR,5.932855049780734,100
DARC,36.010945408181136,100
VNCD_MDD,0.152806520643243,100
M3SDA_Reg,0.1237925786722949,100
CMSS_Reg,0.1219413218806422,100
TKRR,1.8573220435606743,200
CDAR,5.670735683620767,200
DARC,35.29897861338716,200
VNCD_MDD,0.1587484376170174,200
M3SDA_Reg,0.1212570826981554,200
CMSS_Reg,0.1144728362022698,200
TKRR,1.8181843826116932,300
CDAR,5.80217521888028,300
DARC,34.5218907880746,300
VNCD_MDD,0.1342747899409179,300
M3SDA_Reg,0.1236654891181211,300
CMSS_Reg,0.1128966219454857,300
TKRR,1.817691044518678,500
CDAR,5.565892054814159,500
DARC,34.415710293249326,500
VNCD_MDD,0.1293455175142122,500
M3SDA_Reg,0.1219534747895634,500
CMSS_Reg,0.1111636090972517,500
XGBoost_Target_Only,0.123463218150567,100
KRR_Target_Only,0.6570116961144404,100
NN_Target_Only,0.4605344747178174,100
XGBoost_Pool,0.1008045888268188,100
KRR_Pool,0.318961358438525,100
NN_Pool,0.2007189229404172,100
XGBoost_TLCQM,0.1097679393694482,100
KRR_TLCQM,0.2156482143498222,100
NN_TLCQM,0.1246519411807139,100
XGBoost_Target_Only,0.1034340276009505,200
KRR_Target_Only,0.4317771409041483,200
NN_Target_Only,0.2302540855660275,200
XGBoost_Pool,0.1002062861425014,200
KRR_Pool,0.3897653104967899,200
NN_Pool,0.1968252311699416,200
XGBoost_TLCQM,0.1028359909150869,200
KRR_TLCQM,0.1904995941205115,200
NN_TLCQM,0.1207108100934515,200
XGBoost_Target_Only,0.1036902828174139,300
KRR_Target_Only,0.4085615104945653,300
NN_Target_Only,0.1804284671989053,300
XGBoost_Pool,0.0980251298504694,300
KRR_Pool,0.5101871344768648,300
NN_Pool,0.192537305127369,300
XGBoost_TLCQM,0.1031671989679267,300
KRR_TLCQM,0.1968846988099825,300
NN_TLCQM,0.1195976236345118,300
XGBoost_Target_Only,0.0989549682423287,500
KRR_Target_Only,0.3628702856141491,500
NN_Target_Only,0.1497790069450709,500
XGBoost_Pool,0.0985868810170148,500
KRR_Pool,0.7177140219469349,500
NN_Pool,0.2004168277882832,500
XGBoost_TLCQM,0.1039183416810666,500
KRR_TLCQM,0.1894479237074696,500
NN_TLCQM,0.1156065550714007,500
TKRR,1.8709662640867624,100
CDAR,6.186701499855341,100
DARC,28.057224941906902,100
VNCD_MDD,0.1719606267949437,100
M3SDA_Reg,0.1215687140976385,100
CMSS_Reg,0.1131618490531999,100
TKRR,1.8274682403732567,200
CDAR,5.776563647026058,200
DARC,30.11918717003732,200
VNCD_MDD,0.1434760383551897,200
M3SDA_Reg,0.1257771846856589,200
CMSS_Reg,0.1118101072097496,200
TKRR,1.7760640851433245,300
CDAR,5.784383899009002,300
DARC,30.11704982360772,300
VNCD_MDD,0.1553875552515329,300
M3SDA_Reg,0.1209348360037005,300
CMSS_Reg,0.1105357568718313,300
TKRR,1.767458721328025,500
CDAR,5.747683294014086,500
DARC,29.93408152982269,500
VNCD_MDD,0.1321870746019376,500
M3SDA_Reg,0.1237316433344338,500
CMSS_Reg,0.1043202783565197,500
XGBoost_Target_Only,0.1066703301154239,100
KRR_Target_Only,0.5225865177804432,100
NN_Target_Only,0.430667824475885,100
XGBoost_Pool,0.1015391865541875,100
KRR_Pool,0.3157753658952627,100
NN_Pool,0.2012561313889605,100
XGBoost_TLCQM,0.1032480629085719,100
KRR_TLCQM,0.1660829413098221,100
NN_TLCQM,0.1194758944574519,100
XGBoost_Target_Only,0.1018975252370112,200
KRR_Target_Only,0.4513147252046227,200
NN_Target_Only,0.2781420831774253,200
XGBoost_Pool,0.1007471101306639,200
KRR_Pool,0.3861333401800596,200
NN_Pool,0.242117329102567,200
XGBoost_TLCQM,0.1006449003254364,200
KRR_TLCQM,0.169750904239419,200
NN_TLCQM,0.1086919658697383,200
XGBoost_Target_Only,0.1016574283120264,300
KRR_Target_Only,0.3438188962478516,300
NN_Target_Only,0.256907953340273,300
XGBoost_Pool,0.1001610198862,300
KRR_Pool,0.5049746992680108,300
NN_Pool,0.1918875808289527,300
XGBoost_TLCQM,0.1026688930225483,300
KRR_TLCQM,0.1609498743087019,300
NN_TLCQM,0.1122870072997646,300
XGBoost_Target_Only,0.0972073340596542,500
KRR_Target_Only,0.2552962005356188,500
NN_Target_Only,0.1693829824404648,500
XGBoost_Pool,0.0971994011875525,500
KRR_Pool,0.7000373564484527,500
NN_Pool,0.1256013522576841,500
XGBoost_TLCQM,0.1029175898881622,500
KRR_TLCQM,0.1520915823284297,500
NN_TLCQM,0.1089014392599507,500
TKRR,1.8931543203652503,100
CDAR,5.287379694706845,100
DARC,19.68202218209575,100
VNCD_MDD,0.1960063482352162,100
M3SDA_Reg,0.1221751931293031,100
CMSS_Reg,0.107448393640084,100
TKRR,1.8743051088576648,200
CDAR,6.345931806971065,200
DARC,32.02784494979645,200
VNCD_MDD,0.1457362876263945,200
M3SDA_Reg,0.1194731819468142,200
CMSS_Reg,0.1050855213103225,200
TKRR,1.8667683575991212,300
CDAR,6.361505935373084,300
DARC,32.35138558180472,300
VNCD_MDD,0.1464812863346286,300
M3SDA_Reg,0.117859100043376,300
CMSS_Reg,0.1052780851409093,300
TKRR,1.828733830388536,500
CDAR,6.247756206570102,500
DARC,34.24023128503095,500
VNCD_MDD,0.1427937424832751,500
M3SDA_Reg,0.1220482608120164,500
CMSS_Reg,0.1016249785645938,500
XGBoost_Target_Only,0.1235966260830693,100
KRR_Target_Only,0.964940633339709,100
NN_Target_Only,0.6873805784132194,100
XGBoost_Pool,0.1013842189971007,100
KRR_Pool,0.3189695409557281,100
NN_Pool,0.1926218169374862,100
XGBoost_TLCQM,0.0999707181803827,100
KRR_TLCQM,0.2612517784290065,100
NN_TLCQM,0.1275461379709612,100
XGBoost_Target_Only,0.1101922185742181,200
KRR_Target_Only,0.7121996062064059,200
NN_Target_Only,0.6792918622568247,200
XGBoost_Pool,0.1006087426960727,200
KRR_Pool,0.391495049795426,200
NN_Pool,0.1793820116155577,200
XGBoost_TLCQM,0.100028107477813,200
KRR_TLCQM,0.2039045379395299,200
NN_TLCQM,0.1137790734246382,200
XGBoost_Target_Only,0.1009588240455673,300
KRR_Target_Only,0.6294625814090755,300
NN_Target_Only,0.5063387182694385,300
XGBoost_Pool,0.0975123013969957,300
KRR_Pool,0.5127386230042265,300
NN_Pool,0.1821556600807677,300
XGBoost_TLCQM,0.1003094335543662,300
KRR_TLCQM,0.2357811675821178,300
NN_TLCQM,0.1087703005639988,300
XGBoost_Target_Only,0.0954709884387544,500
KRR_Target_Only,0.38903808711909,500
NN_Target_Only,0.1755103968058139,500
XGBoost_Pool,0.0966592605926887,500
KRR_Pool,0.7226876125423792,500
NN_Pool,0.175979169177372,500
XGBoost_TLCQM,0.0997667857055981,500
KRR_TLCQM,0.1891111405469555,500
NN_TLCQM,0.1109585632054543,500
TKRR,1.888117205076004,100
CDAR,6.113183428133817,100
DARC,28.413655662151967,100
VNCD_MDD,0.153020628508241,100
M3SDA_Reg,0.1078855102486664,100
CMSS_Reg,0.1194768663423304,100
TKRR,1.883432562232191,200
CDAR,6.12413171671008,200
DARC,24.38912474010418,200
VNCD_MDD,0.1442834304887946,200
M3SDA_Reg,0.1099725108550087,200
CMSS_Reg,0.1139067631828918,200
TKRR,1.865884864616753,300
CDAR,6.135146113246639,300
DARC,24.909593647061115,300
VNCD_MDD,0.1390949057169708,300
M3SDA_Reg,0.1118482630408337,300
CMSS_Reg,0.1090856028962256,300
TKRR,1.7941984920985268,500
CDAR,5.985943175527426,500
DARC,24.407764651159795,500
VNCD_MDD,0.1236553737902983,500
M3SDA_Reg,0.1212242392657666,500
CMSS_Reg,0.1061170520861601,500
XGBoost_Target_Only,0.109568254723869,100
KRR_Target_Only,0.7140561229110793,100
NN_Target_Only,0.4086516153144343,100
XGBoost_Pool,0.0971913868980104,100
KRR_Pool,0.3183035213929328,100
NN_Pool,0.2000996057662126,100
XGBoost_TLCQM,0.0992392085926565,100
KRR_TLCQM,0.2329594761795914,100
NN_TLCQM,0.1111947598107224,100
XGBoost_Target_Only,0.108167631818831,200
KRR_Target_Only,0.4827794481670001,200
NN_Target_Only,0.3259095467445642,200
XGBoost_Pool,0.0971251109079708,200
KRR_Pool,0.3904463975524431,200
NN_Pool,0.1903556780685448,200
XGBoost_TLCQM,0.1027742040608073,200
KRR_TLCQM,0.2082938670655876,200
NN_TLCQM,0.1171019361966914,200
XGBoost_Target_Only,0.099533060080573,300
KRR_Target_Only,0.3859081609151095,300
NN_Target_Only,0.2034000163455541,300
XGBoost_Pool,0.0983613236300459,300
KRR_Pool,0.5027771677524204,300
NN_Pool,0.1823991823396257,300
XGBoost_TLCQM,0.1009996973138212,300
KRR_TLCQM,0.1878518894282549,300
NN_TLCQM,0.1108732276166885,300
XGBoost_Target_Only,0.0988635579784255,500
KRR_Target_Only,0.3664716601264126,500
NN_Target_Only,0.1628646527589992,500
XGBoost_Pool,0.0957433423647451,500
KRR_Pool,0.7052107545893224,500
NN_Pool,0.1616620630478937,500
XGBoost_TLCQM,0.0998859414701129,500
KRR_TLCQM,0.1942286371415954,500
NN_TLCQM,0.10840163458433,500
TKRR,1.8900283683210084,100
CDAR,5.238045455171761,100
DARC,31.20269716005824,100
VNCD_MDD,0.1599143355904068,100
M3SDA_Reg,0.1105061002146025,100
CMSS_Reg,0.1125574282985511,100
TKRR,1.881644038393334,200
CDAR,5.11526535981468,200
DARC,25.15599793286282,200
VNCD_MDD,0.1238485014874447,200
M3SDA_Reg,0.1127781668859233,200
CMSS_Reg,0.1042848622085965,200
TKRR,1.879562334537273,300
CDAR,5.105841736982563,300
DARC,25.237892015048164,300
VNCD_MDD,0.1340246087290098,300
M3SDA_Reg,0.1194232656717273,300
CMSS_Reg,0.1036117706284373,300
TKRR,1.902973722041464,500
CDAR,5.1662628642394175,500
DARC,25.80933904742133,500
VNCD_MDD,0.1258610525254067,500
M3SDA_Reg,0.1165216470692043,500
CMSS_Reg,0.1034085691879818,500
XGBoost_Target_Only,0.1103446640131606,100
KRR_Target_Only,0.951486261919552,100
NN_Target_Only,0.4024799757813939,100
XGBoost_Pool,0.0991113766618566,100
KRR_Pool,0.3181057768918222,100
NN_Pool,0.2001964609515453,100
XGBoost_TLCQM,0.1006229425756472,100
KRR_TLCQM,0.2247490942993512,100
NN_TLCQM,0.1167236084619679,100
XGBoost_Target_Only,0.1053081770358973,200
KRR_Target_Only,0.5801515675520065,200
NN_Target_Only,0.2727052452207688,200
XGBoost_Pool,0.0990956058916747,200
KRR_Pool,0.3870630276539137,200
NN_Pool,0.1896031368248283,200
XGBoost_TLCQM,0.0984801955644302,200
KRR_TLCQM,0.2011528979302546,200
NN_TLCQM,0.1101498165833435,200
XGBoost_Target_Only,0.1061203692006479,300
KRR_Target_Only,0.5238492587833616,300
NN_Target_Only,0.1949951590872874,300
XGBoost_Pool,0.0956714258453972,300
KRR_Pool,0.5061413924065744,300
NN_Pool,0.1817647338198642,300
XGBoost_TLCQM,0.0973298767237348,300
KRR_TLCQM,0.2069596028927017,300
NN_TLCQM,0.1123970622111065,300
XGBoost_Target_Only,0.0948209424835861,500
KRR_Target_Only,0.3648206985260047,500
NN_Target_Only,0.1474843548060905,500
XGBoost_Pool,0.0938658117799433,500
KRR_Pool,0.7093552914217827,500
NN_Pool,0.1475493929008965,500
XGBoost_TLCQM,0.0979934113160938,500
KRR_TLCQM,0.1820562677021571,500
NN_TLCQM,0.1089358909912163,500
TKRR,1.871874269169523,100
CDAR,5.416294357631826,100
DARC,28.66936343144029,100
VNCD_MDD,0.1680532072935386,100
M3SDA_Reg,0.1110760223068211,100
CMSS_Reg,0.1195214225150987,100
TKRR,1.8479519136156817,200
CDAR,5.979528399708226,200
DARC,32.811420212424395,200
VNCD_MDD,0.1602774460939446,200
M3SDA_Reg,0.1120616561733087,200
CMSS_Reg,0.1162061265536789,200
TKRR,1.85190345585304,300
CDAR,6.085015384298353,300
DARC,32.85766438560355,300
VNCD_MDD,0.1457895074509193,300
M3SDA_Reg,0.1131361431367856,300
CMSS_Reg,0.1082670375378526,300
TKRR,1.7718625409854576,500
CDAR,6.09691021375136,500
DARC,32.80878656703127,500
VNCD_MDD,0.1376735070286155,500
M3SDA_Reg,0.1097147982151983,500
CMSS_Reg,0.100391829854568,500
XGBoost_Target_Only,0.1109098936383793,100
KRR_Target_Only,0.5841255381010388,100
NN_Target_Only,0.4634259848740184,100
XGBoost_Pool,0.0990772701301884,100
KRR_Pool,0.3157465827943289,100
NN_Pool,0.1962072532919488,100
XGBoost_TLCQM,0.1043823911922699,100
KRR_TLCQM,0.2225733874139392,100
NN_TLCQM,0.1201009630545381,100
XGBoost_Target_Only,0.1067944987718094,200
KRR_Target_Only,0.4336711584695745,200
NN_Target_Only,0.2348024902665923,200
XGBoost_Pool,0.0996569049693072,200
KRR_Pool,0.3856330003688353,200
NN_Pool,0.194814131855113,200
XGBoost_TLCQM,0.0993744223162678,200
KRR_TLCQM,0.2189113489379985,200
NN_TLCQM,0.1154720845653342,200
XGBoost_Target_Only,0.1113579078600036,300
KRR_Target_Only,0.4181747774633347,300
NN_Target_Only,0.1988124806418633,300
XGBoost_Pool,0.0979417241893415,300
KRR_Pool,0.5039574056168005,300
NN_Pool,0.1792657104839438,300
XGBoost_TLCQM,0.0995968751072708,300
KRR_TLCQM,0.2128209542976711,300
NN_TLCQM,0.1106910050592567,300
XGBoost_Target_Only,0.0936571815312991,500
KRR_Target_Only,0.3277051304841082,500
NN_Target_Only,0.1554423316051056,500
XGBoost_Pool,0.0971727092219624,500
KRR_Pool,0.7066360793083888,500
NN_Pool,0.1583750401763468,500
XGBoost_TLCQM,0.0973533806692241,500
KRR_TLCQM,0.1781400829524076,500
NN_TLCQM,0.1061498452933403,500
TKRR,1.9328270885630872,100
CDAR,5.503505761890222,100
DARC,26.93831992517523,100
VNCD_MDD,0.1682909562000656,100
M3SDA_Reg,0.1160622865768849,100
CMSS_Reg,0.1113833505415523,100
TKRR,1.8694038081493016,200
CDAR,5.687659684393584,200
DARC,24.927375517391567,200
VNCD_MDD,0.1510779709822186,200
M3SDA_Reg,0.1155711812644165,200
CMSS_Reg,0.1110071829350126,200
TKRR,1.9494323032033505,300
CDAR,5.721615309363972,300
DARC,25.164231693983,300
VNCD_MDD,0.1435649864166668,300
M3SDA_Reg,0.1181920026310713,300
CMSS_Reg,0.111614162727217,300
TKRR,1.8904780730272697,500
CDAR,5.788620712302111,500
DARC,25.27625260744868,500
VNCD_MDD,0.1363268847866542,500
M3SDA_Reg,0.1182891194871845,500
CMSS_Reg,0.1056570131216861,500
XGBoost_Target_Only,0.1315262577906998,100
KRR_Target_Only,0.971679058223242,100
NN_Target_Only,0.5430367756179821,100
XGBoost_Pool,0.1029630958258651,100
KRR_Pool,0.3181000300879972,100
NN_Pool,0.1861537660348621,100
XGBoost_TLCQM,0.1138153489069826,100
KRR_TLCQM,0.2031771163531246,100
NN_TLCQM,0.1289489524327156,100
XGBoost_Target_Only,0.1165907319058784,200
KRR_Target_Only,0.6186109212772686,200
NN_Target_Only,0.3108976455948084,200
XGBoost_Pool,0.1009825274163092,200
KRR_Pool,0.3904057449571299,200
NN_Pool,0.2067401026241676,200
XGBoost_TLCQM,0.1057737071877637,200
KRR_TLCQM,0.1901546650791081,200
NN_TLCQM,0.115433201528477,200
XGBoost_Target_Only,0.1065150927361478,300
KRR_Target_Only,0.5359231018327727,300
NN_Target_Only,0.2097143200142125,300
XGBoost_Pool,0.0999800255441545,300
KRR_Pool,0.5122211203274337,300
NN_Pool,0.1881788735327988,300
XGBoost_TLCQM,0.1054846476034712,300
KRR_TLCQM,0.1931316700570942,300
NN_TLCQM,0.1139888495167318,300
XGBoost_Target_Only,0.1021432846527402,500
KRR_Target_Only,0.4546207843388382,500
NN_Target_Only,0.1585435502253342,500
XGBoost_Pool,0.098434889410947,500
KRR_Pool,0.7233714720849536,500
NN_Pool,0.2214595374706533,500
XGBoost_TLCQM,0.098000462637655,500
KRR_TLCQM,0.1993003073393145,500
NN_TLCQM,0.107145153511243,500
TKRR,1.8883137723532184,100
CDAR,6.461327711467429,100
DARC,21.12340443331333,100
VNCD_MDD,0.2398395507367896,100
M3SDA_Reg,0.1215295740177396,100
CMSS_Reg,0.1195065755613137,100
TKRR,1.892932117821291,200
CDAR,5.579792098331105,200
DARC,25.77557695324289,200
VNCD_MDD,0.1717761957386733,200
M3SDA_Reg,0.1212579025347458,200
CMSS_Reg,0.114756208834437,200
TKRR,1.8777672181414475,300
CDAR,5.595818320307201,300
DARC,25.856935251260907,300
VNCD_MDD,0.1433698798672794,300
M3SDA_Reg,0.1222834327480392,300
CMSS_Reg,0.1085301136393807,300
TKRR,1.8072099017962704,500
CDAR,5.716024788119268,500
DARC,25.766501716908905,500
VNCD_MDD,0.1353122017831631,500
M3SDA_Reg,0.1275594391527828,500
CMSS_Reg,0.1042236065720889,500
XGBoost_Target_Only,0.1172049284101614,100
KRR_Target_Only,0.7455088589183615,100
NN_Target_Only,0.4377246456527977,100
XGBoost_Pool,0.0972592099349243,100
KRR_Pool,0.3160440253802157,100
NN_Pool,0.2080694374374692,100
XGBoost_TLCQM,0.1026826632511143,100
KRR_TLCQM,0.1900585323872103,100
NN_TLCQM,0.1214295337280391,100
XGBoost_Target_Only,0.1000401660073899,200
KRR_Target_Only,0.5225863667014222,200
NN_Target_Only,0.2542030896839719,200
XGBoost_Pool,0.0961875626186473,200
KRR_Pool,0.3867198237563486,200
NN_Pool,0.2176794810409877,200
XGBoost_TLCQM,0.1065952720463928,200
KRR_TLCQM,0.2004720975061735,200
NN_TLCQM,0.1242760039874567,200
XGBoost_Target_Only,0.0964107398202196,300
KRR_Target_Only,0.4030736465185116,300
NN_Target_Only,0.2022317370291551,300
XGBoost_Pool,0.098548165372791,300
KRR_Pool,0.5079839717382725,300
NN_Pool,0.2287513781222709,300
XGBoost_TLCQM,0.1048179351645141,300
KRR_TLCQM,0.1984369741388827,300
NN_TLCQM,0.1180462878498152,300
XGBoost_Target_Only,0.0972904220713391,500
KRR_Target_Only,0.3778400603800736,500
NN_Target_Only,0.1438676381467563,500
XGBoost_Pool,0.096201302085582,500
KRR_Pool,0.7177217396699096,500
NN_Pool,0.1974369470848904,500
XGBoost_TLCQM,0.103464942430735,500
KRR_TLCQM,0.2016581028290862,500
NN_TLCQM,0.1084639629728957,500
TKRR,1.9373161200303528,100
CDAR,6.149637253055298,100
DARC,43.2931177657236,100
VNCD_MDD,0.1526950262791916,100
M3SDA_Reg,0.1112876662522947,100
CMSS_Reg,0.1113339024604169,100
TKRR,1.9998300093399133,200
CDAR,5.301125040467288,200
DARC,31.84583585579077,200
VNCD_MDD,0.1466410627295073,200
M3SDA_Reg,0.1191752604244456,200
CMSS_Reg,0.1130909110102082,200
TKRR,1.8698911653725396,300
CDAR,5.381719734874914,300
DARC,31.92904862332404,300
VNCD_MDD,0.1459745304667788,300
M3SDA_Reg,0.1185910484663175,300
CMSS_Reg,0.1113475519129612,300
TKRR,1.8754009027213108,500
CDAR,5.440846430550325,500
DARC,32.00438476181703,500
VNCD_MDD,0.1324711207769631,500
M3SDA_Reg,0.1143822219296608,500
CMSS_Reg,0.1080924301746485,500
XGBoost_Target_Only,0.1264275803105616,100
KRR_Target_Only,1.126565057759327,100
NN_Target_Only,0.6569944248184241,100
XGBoost_Pool,0.1007676320621433,100
KRR_Pool,0.3183335161399401,100
NN_Pool,0.1764841292109834,100
XGBoost_TLCQM,0.0996913249201601,100
KRR_TLCQM,0.3003701291232263,100
NN_TLCQM,0.1239786082461562,100
XGBoost_Target_Only,0.108746555246581,200
KRR_Target_Only,0.5382257316432538,200
NN_Target_Only,0.2768931671088929,200
XGBoost_Pool,0.1001343612869747,200
KRR_Pool,0.3795843203406179,200
NN_Pool,0.1829053707775196,200
XGBoost_TLCQM,0.1010181551766629,200
KRR_TLCQM,0.2348839575447609,200
NN_TLCQM,0.1195299816616288,200
XGBoost_Target_Only,0.1069745407601025,300
KRR_Target_Only,0.3753417153264789,300
NN_Target_Only,0.1781028876030616,300
XGBoost_Pool,0.0989881317220017,300
KRR_Pool,0.4987708903385011,300
NN_Pool,0.2046039546046306,300
XGBoost_TLCQM,0.1002563901364753,300
KRR_TLCQM,0.2218017360015045,300
NN_TLCQM,0.1036523735199838,300
XGBoost_Target_Only,0.0987632964846746,500
KRR_Target_Only,0.2517987957753642,500
NN_Target_Only,0.134151701282305,500
XGBoost_Pool,0.095294342210047,500
KRR_Pool,0.685098419551384,500
NN_Pool,0.1660076117613563,500
XGBoost_TLCQM,0.0982308413382211,500
KRR_TLCQM,0.1672327055922189,500
NN_TLCQM,0.1016166371080227,500
TKRR,1.834867834370061,100
CDAR,6.264724077751069,100
DARC,26.27837587126852,100
VNCD_MDD,0.1742600855547754,100
M3SDA_Reg,0.1168355884739713,100
CMSS_Reg,0.1204505420805839,100
TKRR,1.8193678203514407,200
CDAR,5.075122968909456,200
DARC,37.81326702377221,200
VNCD_MDD,0.1579279647963704,200
M3SDA_Reg,0.1170537325859842,200
CMSS_Reg,0.1133402838241486,200
TKRR,1.7521051619927843,300
CDAR,5.016031760098727,300
DARC,38.47339290768027,300
VNCD_MDD,0.1465892318740611,300
M3SDA_Reg,0.1158364052443643,300
CMSS_Reg,0.1110908723944016,300
TKRR,1.687443537356232,500
CDAR,5.044125927470868,500
DARC,38.80708563021447,500
VNCD_MDD,0.1203659963973144,500
M3SDA_Reg,0.1262510331309771,500
CMSS_Reg,0.101135775879738,500
XGBoost_Target_Only,0.1069372710836647,100
KRR_Target_Only,0.7437477747809673,100
NN_Target_Only,0.6234368992415594,100
XGBoost_Pool,0.0982567711313861,100
KRR_Pool,0.3180852081172516,100
NN_Pool,0.2047234220634143,100
XGBoost_TLCQM,0.0995058099622085,100
KRR_TLCQM,0.2339312167108829,100
NN_TLCQM,0.120169177943309,100
XGBoost_Target_Only,0.1028868876797932,200
KRR_Target_Only,0.4718638807411884,200
NN_Target_Only,0.2472689945190717,200
XGBoost_Pool,0.0989065998947786,200
KRR_Pool,0.3873931721096256,200
NN_Pool,0.2002240345881277,200
XGBoost_TLCQM,0.0980038797437422,200
KRR_TLCQM,0.1872358439915336,200
NN_TLCQM,0.1077262642404792,200
XGBoost_Target_Only,0.097287132581801,300
KRR_Target_Only,0.4091796586301592,300
NN_Target_Only,0.220723657031884,300
XGBoost_Pool,0.0969984820647911,300
KRR_Pool,0.5070533435176452,300
NN_Pool,0.1803367916873541,300
XGBoost_TLCQM,0.0966817430658505,300
KRR_TLCQM,0.1884511442546936,300
NN_TLCQM,0.106672946379968,300
XGBoost_Target_Only,0.0954156037914558,500
KRR_Target_Only,0.3401486137371106,500
NN_Target_Only,0.1662577971851518,500
XGBoost_Pool,0.0938249314853108,500
KRR_Pool,0.715385779415409,500
NN_Pool,0.2053189835887806,500
XGBoost_TLCQM,0.0963963049359723,500
KRR_TLCQM,0.1913182841578768,500
NN_TLCQM,0.1044035092686334,500
TKRR,1.8584102243350744,100
CDAR,5.440915833580372,100
DARC,35.21197248053634,100
VNCD_MDD,0.1597594179058893,100
M3SDA_Reg,0.1186509331936011,100
CMSS_Reg,0.1155251138797691,100
TKRR,1.7569157869125556,200
CDAR,5.810838376039107,200
DARC,20.594544779720287,200
VNCD_MDD,0.1385867103077587,200
M3SDA_Reg,0.1225116414765902,200
CMSS_Reg,0.1130810381609461,200
TKRR,1.8143241464125612,300
CDAR,5.720800407255019,300
DARC,21.610974229933763,300
VNCD_MDD,0.1278553735376961,300
M3SDA_Reg,0.126864257940536,300
CMSS_Reg,0.1084042477908244,300
TKRR,1.732647894910668,500
CDAR,5.772705092891144,500
DARC,21.09245801275348,500
VNCD_MDD,0.1266313882562809,500
M3SDA_Reg,0.1324868446134446,500
CMSS_Reg,0.1072693477852202,500
XGBoost_Target_Only,0.1091488022928978,100
KRR_Target_Only,0.7517951670568205,100
NN_Target_Only,0.6565731974841562,100
XGBoost_Pool,0.0997782416495198,100
KRR_Pool,0.3121046074532211,100
NN_Pool,0.1854200807820759,100
XGBoost_TLCQM,0.1021309925024251,100
KRR_TLCQM,0.2083272881130059,100
NN_TLCQM,0.1192840423477396,100
XGBoost_Target_Only,0.1046026911634369,200
KRR_Target_Only,0.4896007912867715,200
NN_Target_Only,0.2502507222386567,200
XGBoost_Pool,0.0983401167870997,200
KRR_Pool,0.3816725081933453,200
NN_Pool,0.1858957140324874,200
XGBoost_TLCQM,0.099184963014456,200
KRR_TLCQM,0.1690594305233923,200
NN_TLCQM,0.110552815470748,200
XGBoost_Target_Only,0.0991076123635193,300
KRR_Target_Only,0.4611919505038078,300
NN_Target_Only,0.1847215815966287,300
XGBoost_Pool,0.0970794283486629,300
KRR_Pool,0.5005274616593891,300
NN_Pool,0.1617388860359057,300
XGBoost_TLCQM,0.0977566213017445,300
KRR_TLCQM,0.1750638853531819,300
NN_TLCQM,0.1071986960218157,300
XGBoost_Target_Only,0.0921970191260861,500
KRR_Target_Only,0.3171793410380298,500
NN_Target_Only,0.1613352649960837,500
XGBoost_Pool,0.0941627512372206,500
KRR_Pool,0.6961528735768802,500
NN_Pool,0.1909674470203687,500
XGBoost_TLCQM,0.0998732109016766,500
KRR_TLCQM,0.1616244124027753,500
NN_TLCQM,0.1050291089854029,500
TKRR,1.8944007861581351,100
CDAR,5.758962755056415,100
DARC,33.82469387382207,100
VNCD_MDD,0.1575065442677545,100
M3SDA_Reg,0.1248416645792383,100
CMSS_Reg,0.1127075991255966,100
TKRR,1.8848783894240535,200
CDAR,5.647753759030656,200
DARC,21.27239627313691,200
VNCD_MDD,0.1445307553864677,200
M3SDA_Reg,0.1261526103364173,200
CMSS_Reg,0.1089346168612707,200
TKRR,1.8666917768061173,300
CDAR,5.671366652007975,300
DARC,21.186095836990216,300
VNCD_MDD,0.1348075909682347,300
M3SDA_Reg,0.1268582647690785,300
CMSS_Reg,0.1066733021215328,300
TKRR,1.7476290295134922,500
CDAR,5.615532403339882,500
DARC,22.42545149152248,500
VNCD_MDD,0.1431734326305411,500
M3SDA_Reg,0.1281606648159202,500
CMSS_Reg,0.1045740093265848,500
XGBoost_Target_Only,0.1216183194260764,100
KRR_Target_Only,1.0072500527699744,100
NN_Target_Only,0.7442650517390099,100
XGBoost_Pool,0.1035146391330223,100
KRR_Pool,0.3189480475541375,100
NN_Pool,0.2060979334344868,100
XGBoost_TLCQM,0.1048282965089055,100
KRR_TLCQM,0.2209823229590574,100
NN_TLCQM,0.1257721433669021,100
XGBoost_Target_Only,0.1011696216401884,200
KRR_Target_Only,0.6812923244794573,200
NN_Target_Only,0.4449863104308812,200
XGBoost_Pool,0.1000974448762707,200
KRR_Pool,0.3923609211320689,200
NN_Pool,0.1660436800659882,200
XGBoost_TLCQM,0.0994716652590804,200
KRR_TLCQM,0.2374765746722533,200
NN_TLCQM,0.1118814151491676,200
XGBoost_Target_Only,0.1004259788206855,300
KRR_Target_Only,0.4445158148698892,300
NN_Target_Only,0.2338520670518277,300
XGBoost_Pool,0.0978207239196383,300
KRR_Pool,0.5140078324199928,300
NN_Pool,0.1716856933589555,300
XGBoost_TLCQM,0.0985053095392941,300
KRR_TLCQM,0.2176063105316793,300
NN_TLCQM,0.1117904391462261,300
XGBoost_Target_Only,0.0968080229043369,500
KRR_Target_Only,0.4199997320861888,500
NN_Target_Only,0.1707008879113374,500
XGBoost_Pool,0.0960284948915498,500
KRR_Pool,0.7249466480266107,500
NN_Pool,0.1422616125398134,500
XGBoost_TLCQM,0.0973723412666132,500
KRR_TLCQM,0.1958020590256372,500
NN_TLCQM,0.1131462684039176,500
TKRR,1.907074720171918,100
CDAR,5.217016384734619,100
DARC,24.278579144209097,100
VNCD_MDD,0.1469435037771537,100
M3SDA_Reg,0.1212994311617874,100
CMSS_Reg,0.1213212956854303,100
TKRR,1.891998729562782,200
CDAR,6.019040243110116,200
DARC,37.57625377017651,200
VNCD_MDD,0.1422215019404689,200
M3SDA_Reg,0.1167502926987076,200
CMSS_Reg,0.1194630440692173,200
TKRR,1.932337088825464,300
CDAR,5.919526669089641,300
DARC,36.63809628613623,300
VNCD_MDD,0.1477360494689517,300
M3SDA_Reg,0.1184426256323264,300
CMSS_Reg,0.1174841213252148,300
TKRR,1.764809604136679,500
CDAR,5.959227616832516,500
DARC,37.61343982298436,500
VNCD_MDD,0.1264527210112885,500
M3SDA_Reg,0.1188689753323889,500
CMSS_Reg,0.1074597486510398,500
XGBoost_Target_Only,0.1049757057914158,100
KRR_Target_Only,1.1040554265501097,100
NN_Target_Only,0.5158487444992097,100
XGBoost_Pool,0.1003075250932806,100
KRR_Pool,0.3185683313310499,100
NN_Pool,0.1744272313510611,100
XGBoost_TLCQM,0.1008906725289716,100
KRR_TLCQM,0.2211983674582457,100
NN_TLCQM,0.1547465565235643,100
XGBoost_Target_Only,0.1003131143798214,200
KRR_Target_Only,0.6189241713522593,200
NN_Target_Only,0.2900968122320001,200
XGBoost_Pool,0.0993117506586063,200
KRR_Pool,0.3906553793215958,200
NN_Pool,0.1777575431696394,200
XGBoost_TLCQM,0.0998905263857674,200
KRR_TLCQM,0.2174158812613361,200
NN_TLCQM,0.1195214220054904,200
XGBoost_Target_Only,0.0999733647547714,300
KRR_Target_Only,0.5413025626340482,300
NN_Target_Only,0.2041093911687901,300
XGBoost_Pool,0.0982683766554975,300
KRR_Pool,0.5118871742424527,300
NN_Pool,0.1778328667975757,300
XGBoost_TLCQM,0.1002772138246688,300
KRR_TLCQM,0.1913818077288972,300
NN_TLCQM,0.1139394610382819,300
XGBoost_Target_Only,0.0986505455584662,500
KRR_Target_Only,0.4258631630925829,500
NN_Target_Only,0.1564962637566843,500
XGBoost_Pool,0.095609790495299,500
KRR_Pool,0.7183067512746553,500
NN_Pool,0.1962935605087457,500
XGBoost_TLCQM,0.0975552758339273,500
KRR_TLCQM,0.1981098988383627,500
NN_TLCQM,0.108312829216941,500
TKRR,1.878747832794351,100
CDAR,5.963085696533584,100
DARC,35.5366031385713,100
VNCD_MDD,0.1510725817094322,100
M3SDA_Reg,0.1194388294454158,100
CMSS_Reg,0.112427673883344,100
TKRR,1.8331291939494745,200
CDAR,6.228623826556987,200
DARC,46.76360809216119,200
VNCD_MDD,0.1308408632354493,200
M3SDA_Reg,0.1264763158135353,200
CMSS_Reg,0.1099322778088867,200
TKRR,1.8021239804255635,300
CDAR,6.246817500399279,300
DARC,47.05286565749341,300
VNCD_MDD,0.1277699260027539,300
M3SDA_Reg,0.1179089459904372,300
CMSS_Reg,0.1080964380930936,300
TKRR,1.802983479593328,500
CDAR,6.265778691831562,500
DARC,47.60073979372266,500
VNCD_MDD,0.1281292004612978,500
M3SDA_Reg,0.1182165778771984,500
CMSS_Reg,0.106498629862813,500
XGBoost_Target_Only,0.1171832072301973,100
KRR_Target_Only,0.8722270262176736,100
NN_Target_Only,0.570017115090896,100
XGBoost_Pool,0.0999186828738372,100
KRR_Pool,0.3168842155720745,100
NN_Pool,0.1825953828771193,100
XGBoost_TLCQM,0.1046023038971849,100
KRR_TLCQM,0.1998597193770273,100
NN_TLCQM,0.1296825957246593,100
XGBoost_Target_Only,0.1167544662615386,200
KRR_Target_Only,0.4562118233613321,200
NN_Target_Only,0.3098796800692369,200
XGBoost_Pool,0.0992752629609853,200
KRR_Pool,0.3844113466094716,200
NN_Pool,0.199769629699091,200
XGBoost_TLCQM,0.1027343043796863,200
KRR_TLCQM,0.1811728517945077,200
NN_TLCQM,0.1214153223658156,200
XGBoost_Target_Only,0.1167540655552536,300
KRR_Target_Only,0.418393185836542,300
NN_Target_Only,0.2239474512991632,300
XGBoost_Pool,0.0978494818616676,300
KRR_Pool,0.5017480564341802,300
NN_Pool,0.1951022241101122,300
XGBoost_TLCQM,0.0994632809238893,300
KRR_TLCQM,0.1628572734648662,300
NN_TLCQM,0.1100247851752837,300
XGBoost_Target_Only,0.0951025141585088,500
KRR_Target_Only,0.3717872038498067,500
NN_Target_Only,0.2014694061893552,500
XGBoost_Pool,0.0971916866398806,500
KRR_Pool,0.7041639602916481,500
NN_Pool,0.1400805799275714,500
XGBoost_TLCQM,0.1003697520246785,500
KRR_TLCQM,0.1654359419061389,500
NN_TLCQM,0.1113152569777459,500
TKRR,1.9194549001787409,100
CDAR,5.613153596281086,100
DARC,26.96468079588622,100
VNCD_MDD,0.1589388061567982,100
M3SDA_Reg,0.1198202152403151,100
CMSS_Reg,0.1203727356436977,100
TKRR,1.9055759247790744,200
CDAR,5.6352594112103,200
DARC,34.322448868674826,200
VNCD_MDD,0.1726111006238616,200
M3SDA_Reg,0.1222256205968436,200
CMSS_Reg,0.111479368605577,200
TKRR,1.842514809435791,300
CDAR,5.6541608448834975,300
DARC,33.182868006852225,300
VNCD_MDD,0.1495846760388049,300
M3SDA_Reg,0.1210294567695304,300
CMSS_Reg,0.1045609554036243,300
TKRR,1.8609116885092385,500
CDAR,5.682051050604293,500
DARC,33.3313362775986,500
VNCD_MDD,0.1507676946821969,500
M3SDA_Reg,0.1166610483544002,500
CMSS_Reg,0.0994940066752281,500
XGBoost_Target_Only,0.1217175756540925,100
KRR_Target_Only,0.9629178790167188,100
NN_Target_Only,0.5031049723924791,100
XGBoost_Pool,0.1026142424151949,100
KRR_Pool,0.3188861055080011,100
NN_Pool,0.2075113264721176,100
XGBoost_TLCQM,0.1037276276810463,100
KRR_TLCQM,0.2122102948936091,100
NN_TLCQM,0.1174429351526474,100
XGBoost_Target_Only,0.100934707926365,200
KRR_Target_Only,0.3179354331915376,200
NN_Target_Only,0.2520109860701203,200
XGBoost_Pool,0.0991443966817484,200
KRR_Pool,0.3776070964772573,200
NN_Pool,0.182403280542911,200
XGBoost_TLCQM,0.099371670201092,200
KRR_TLCQM,0.1548153319538313,200
NN_TLCQM,0.105123566726258,200
XGBoost_Target_Only,0.0974553250565143,300
KRR_Target_Only,0.2652327978104246,300
NN_Target_Only,0.1831817268959612,300
XGBoost_Pool,0.0984036666511215,300
KRR_Pool,0.4967505562440868,300
NN_Pool,0.1837773625318896,300
XGBoost_TLCQM,0.097963208957767,300
KRR_TLCQM,0.1521837518546285,300
NN_TLCQM,0.1031015126553441,300
XGBoost_Target_Only,0.0933654840508875,500
KRR_Target_Only,0.230393567236971,500
NN_Target_Only,0.1408218809809761,500
XGBoost_Pool,0.0950751469096248,500
KRR_Pool,0.6944550942425611,500
NN_Pool,0.210833883476586,500
XGBoost_TLCQM,0.0961330152218673,500
KRR_TLCQM,0.1383238126866126,500
NN_TLCQM,0.1010545276794822,500
TKRR,1.8884719568756057,100
CDAR,5.435134375316682,100
DARC,27.042352652469464,100
VNCD_MDD,0.1745230745202573,100
M3SDA_Reg,0.1238241244755425,100
CMSS_Reg,0.1199995274751783,100
TKRR,1.9259487903300132,200
CDAR,5.547488601119353,200
DARC,34.02706110342905,200
VNCD_MDD,0.1415124750669399,200
M3SDA_Reg,0.1201922192590511,200
CMSS_Reg,0.1116022076688286,200
TKRR,1.7531156689280192,300
CDAR,5.490782281914234,300
DARC,32.52143740311529,300
VNCD_MDD,0.141453352695046,300
M3SDA_Reg,0.1210904447888011,300
CMSS_Reg,0.1086397107289388,300
TKRR,1.745440119300223,500
CDAR,5.373443297163585,500
DARC,34.27216331356746,500
VNCD_MDD,0.1316008647924156,500
M3SDA_Reg,0.1227181963433993,500
CMSS_Reg,0.1005576438494001,500
XGBoost_Target_Only,0.1091576849031675,100
KRR_Target_Only,0.6752102014975883,100
NN_Target_Only,0.5210051244423821,100
XGBoost_Pool,0.1040989023301707,100
KRR_Pool,0.3191312675944914,100
NN_Pool,0.2109741363475391,100
XGBoost_TLCQM,0.0998710643223253,100
KRR_TLCQM,0.1930624619620718,100
NN_TLCQM,0.1064183532589075,100
XGBoost_Target_Only,0.1041201909392739,200
KRR_Target_Only,0.5048912176801104,200
NN_Target_Only,0.3215823286937342,200
XGBoost_Pool,0.1006112999004266,200
KRR_Pool,0.3904579045570679,200
NN_Pool,0.1799224323840998,200
XGBoost_TLCQM,0.1046311031764277,200
KRR_TLCQM,0.2082350021714224,200
NN_TLCQM,0.1151710719571951,200
XGBoost_Target_Only,0.1023643165949589,300
KRR_Target_Only,0.5172434217506877,300
NN_Target_Only,0.2667261312212123,300
XGBoost_Pool,0.1004484948294515,300
KRR_Pool,0.5100361085644024,300
NN_Pool,0.1909679493230205,300
XGBoost_TLCQM,0.1046260327735494,300
KRR_TLCQM,0.212861344898238,300
NN_TLCQM,0.1111633739033806,300
XGBoost_Target_Only,0.0975202636908544,500
KRR_Target_Only,0.3539409951830129,500
NN_Target_Only,0.1708489390504031,500
XGBoost_Pool,0.0934497565421942,500
KRR_Pool,0.7185440599770087,500
NN_Pool,0.1515232211434167,500
XGBoost_TLCQM,0.0969955354484997,500
KRR_TLCQM,0.1860025323304213,500
NN_TLCQM,0.1066912833684308,500
TKRR,1.8195838735615455,100
CDAR,5.659870000139215,100
DARC,23.903386102986868,100
VNCD_MDD,0.1666749839340218,100
M3SDA_Reg,0.1246306959432839,100
CMSS_Reg,0.1204212976291661,100
TKRR,1.792618652021196,200
CDAR,5.846317024333376,200
DARC,37.27980262335215,200
VNCD_MDD,0.1629270778742993,200
M3SDA_Reg,0.1182676261564535,200
CMSS_Reg,0.1097775813088295,200
TKRR,1.827115519858144,300
CDAR,5.90061197889052,300
DARC,37.39229546165352,300
VNCD_MDD,0.1673970795147974,300
M3SDA_Reg,0.1191671952505163,300
CMSS_Reg,0.1075403150760085,300
TKRR,1.7578649513455735,500
CDAR,5.896727270122547,500
DARC,37.23880273281651,500
VNCD_MDD,0.1378233405140647,500
M3SDA_Reg,0.1207093019424094,500
CMSS_Reg,0.1025660965009495,500
XGBoost_Target_Only,0.1159476806900486,100
KRR_Target_Only,0.5723468013927085,100
NN_Target_Only,0.3735598897529956,100
XGBoost_Pool,0.1013543387187395,100
KRR_Pool,0.3112082457929851,100
NN_Pool,0.1857683252455053,100
XGBoost_TLCQM,0.1018471285284346,100
KRR_TLCQM,0.1959100106597676,100
NN_TLCQM,0.1131883290872918,100
XGBoost_Target_Only,0.1016040267667901,200
KRR_Target_Only,0.4399126131511925,200
NN_Target_Only,0.2337549360865571,200
XGBoost_Pool,0.1000901924250855,200
KRR_Pool,0.3830830245582215,200
NN_Pool,0.2051836442990719,200
XGBoost_TLCQM,0.0993115364349049,200
KRR_TLCQM,0.1733412061661481,200
NN_TLCQM,0.1094298965658278,200
XGBoost_Target_Only,0.0982116771073697,300
KRR_Target_Only,0.4001022380229465,300
NN_Target_Only,0.1814229312783105,300
XGBoost_Pool,0.099602074703812,300
KRR_Pool,0.5018349133893779,300
NN_Pool,0.1548330721597302,300
XGBoost_TLCQM,0.099603203314638,300
KRR_TLCQM,0.1678051119265765,300
NN_TLCQM,0.1102704963202941,300
XGBoost_Target_Only,0.0962343006090789,500
KRR_Target_Only,0.3920718046585826,500
NN_Target_Only,0.1554570527144945,500
XGBoost_Pool,0.0974235569978801,500
KRR_Pool,0.7112406459171964,500
NN_Pool,0.146554182597751,500
XGBoost_TLCQM,0.0977826109370354,500
KRR_TLCQM,0.1705202402097679,500
NN_TLCQM,0.1012862416475511,500
TKRR,1.928637817587036,100
CDAR,6.219770039188284,100
DARC,37.41667327109251,100
VNCD_MDD,0.1639090170384672,100
M3SDA_Reg,0.1161117635121578,100
CMSS_Reg,0.1162592611056395,100
TKRR,1.8612505101128731,200
CDAR,47.56386144183544,200
DARC,30.145186687146605,200
VNCD_MDD,0.1591516667669589,200
M3SDA_Reg,0.1266671968598721,200
CMSS_Reg,0.1125319743445992,200
TKRR,1.829902123553251,300
CDAR,47.55960059408699,300
DARC,30.38968087351694,300
VNCD_MDD,0.1687724847642169,300
M3SDA_Reg,0.123913881209782,300
CMSS_Reg,0.1092414218201111,300
TKRR,1.7750461406146978,500
CDAR,47.54381968593651,500
DARC,31.58273631550661,500
VNCD_MDD,0.1267439425215815,500
M3SDA_Reg,0.1175450693081766,500
CMSS_Reg,0.1039440387381688,500
XGBoost_Target_Only,0.1190897098316287,100
KRR_Target_Only,1.3212639028358122,100
NN_Target_Only,1.354445007248512,100
XGBoost_Pool,0.1004593854823178,100
KRR_Pool,0.3190122550685786,100
NN_Pool,0.2002806307593074,100
XGBoost_TLCQM,0.1071505289232843,100
KRR_TLCQM,0.2199898233832138,100
NN_TLCQM,0.1133393475049402,100
XGBoost_Target_Only,0.105290677963724,200
KRR_Target_Only,0.7089239168620752,200
NN_Target_Only,0.3154174444660662,200
XGBoost_Pool,0.0993990858423289,200
KRR_Pool,0.3858911431827594,200
NN_Pool,0.2263614015806743,200
XGBoost_TLCQM,0.1009030659885634,200
KRR_TLCQM,0.1691165852484319,200
NN_TLCQM,0.1070172470543844,200
XGBoost_Target_Only,0.0998626549295449,300
KRR_Target_Only,0.4684634810851821,300
NN_Target_Only,0.209796783710961,300
XGBoost_Pool,0.0997361917997956,300
KRR_Pool,0.5069505674918904,300
NN_Pool,0.1871991567475195,300
XGBoost_TLCQM,0.0989084337974467,300
KRR_TLCQM,0.1824862104571542,300
NN_TLCQM,0.1041342959004804,300
XGBoost_Target_Only,0.0996395389495868,500
KRR_Target_Only,0.358403728955751,500
NN_Target_Only,0.167277645080974,500
XGBoost_Pool,0.0957872989691031,500
KRR_Pool,0.709607872219651,500
NN_Pool,0.1626119342959025,500
XGBoost_TLCQM,0.0988335466111745,500
KRR_TLCQM,0.1728814126605498,500
NN_TLCQM,0.1030120663383136,500
TKRR,1.9508628514705035,100
CDAR,6.484418146164433,100
DARC,38.855704885737374,100
VNCD_MDD,0.184234974278907,100
M3SDA_Reg,0.1134562626081311,100
CMSS_Reg,0.1191816387453168,100
TKRR,1.9451503157619527,200
CDAR,5.635332653050681,200
DARC,26.78922331351316,200
VNCD_MDD,0.1394281993402819,200
M3SDA_Reg,0.1121594094029499,200
CMSS_Reg,0.1157954290750771,200
TKRR,1.8789708017652016,300
CDAR,5.636388919717181,300
DARC,26.721096151975654,300
VNCD_MDD,0.1174374450966586,300
M3SDA_Reg,0.1111640276897288,300
CMSS_Reg,0.1077088333824801,300
TKRR,1.8484444550125847,500
CDAR,5.592764739312219,500
DARC,26.36098872070584,500
VNCD_MDD,0.1270706553915184,500
M3SDA_Reg,0.1164674875778261,500
CMSS_Reg,0.1047348135059996,500
XGBoost_Target_Only,0.114896935478057,100
KRR_Target_Only,0.9289615805412113,100
NN_Target_Only,0.7057948514102217,100
XGBoost_Pool,0.1002509592643615,100
KRR_Pool,0.3105444898315073,100
NN_Pool,0.2101224247070113,100
XGBoost_TLCQM,0.0990882807630912,100
KRR_TLCQM,0.1658704603735037,100
NN_TLCQM,0.1046058681471005,100
XGBoost_Target_Only,0.1000783464215234,200
KRR_Target_Only,0.8430537779445232,200
NN_Target_Only,0.4537493913866631,200
XGBoost_Pool,0.0993842992131826,200
KRR_Pool,0.3806052336965336,200
NN_Pool,0.2131602939150625,200
XGBoost_TLCQM,0.0981784509035552,200
KRR_TLCQM,0.1738177502609804,200
NN_TLCQM,0.1081157342970249,200
XGBoost_Target_Only,0.1016860077768507,300
KRR_Target_Only,0.4932441647459515,300
NN_Target_Only,0.2784459936560977,300
XGBoost_Pool,0.0977183717448886,300
KRR_Pool,0.4943017293036557,300
NN_Pool,0.1931176643987887,300
XGBoost_TLCQM,0.0981632257305921,300
KRR_TLCQM,0.1547447185312179,300
NN_TLCQM,0.1072959661443986,300
XGBoost_Target_Only,0.0926381852409124,500
KRR_Target_Only,0.2988094400071707,500
NN_Target_Only,0.1661899762121182,500
XGBoost_Pool,0.0970274167540945,500
KRR_Pool,0.6913510828995053,500
NN_Pool,0.1868647826396824,500
XGBoost_TLCQM,0.0989827715813858,500
KRR_TLCQM,0.1448159158190053,500
NN_TLCQM,0.101558916958352,500
TKRR,1.9015597118694136,100
CDAR,6.261890523381924,100
DARC,36.77760374635744,100
VNCD_MDD,0.1728206001805783,100
M3SDA_Reg,0.1183346745308737,100
CMSS_Reg,0.1162677036010914,100
TKRR,1.9641549047358315,200
CDAR,6.132791468694472,200
DARC,28.073699144047943,200
VNCD_MDD,0.1732992959836605,200
M3SDA_Reg,0.1152180562342661,200
CMSS_Reg,0.1176726869803295,200
TKRR,1.9132975749330836,300
CDAR,6.126396127426034,300
DARC,27.97477011836308,300
VNCD_MDD,0.1644731518161195,300
M3SDA_Reg,0.1116396226868811,300
CMSS_Reg,0.1071350836559774,300
TKRR,1.8236657598653336,500
CDAR,6.095083756545417,500
DARC,28.23245113076317,500
VNCD_MDD,0.1529044480550073,500
M3SDA_Reg,0.1152510045219602,500
CMSS_Reg,0.1040872456061789,500
XGBoost_Target_Only,0.1112304428067734,100
KRR_Target_Only,0.7356100363577633,100
NN_Target_Only,0.4100032165821362,100
XGBoost_Pool,0.0993330503164634,100
KRR_Pool,0.31812567438082,100
NN_Pool,0.1997401748407288,100
XGBoost_TLCQM,0.0995485259380269,100
KRR_TLCQM,0.2051841704148566,100
NN_TLCQM,0.1237841151276041,100
XGBoost_Target_Only,0.1131253576440343,200
KRR_Target_Only,0.4869442781869027,200
NN_Target_Only,0.344181828458571,200
XGBoost_Pool,0.1007840604747446,200
KRR_Pool,0.3895584656567009,200
NN_Pool,0.2105070871845717,200
XGBoost_TLCQM,0.1001037427877851,200
KRR_TLCQM,0.1968441555579852,200
NN_TLCQM,0.1187439094425623,200
XGBoost_Target_Only,0.1083011757672119,300
KRR_Target_Only,0.3242847905213813,300
NN_Target_Only,0.1986007928213511,300
XGBoost_Pool,0.0995737392952249,300
KRR_Pool,0.5081834910568584,300
NN_Pool,0.1848732654241278,300
XGBoost_TLCQM,0.1045200631865119,300
KRR_TLCQM,0.1749907169199967,300
NN_TLCQM,0.1124082319662481,300
XGBoost_Target_Only,0.0977020184881247,500
KRR_Target_Only,0.2437716932897075,500
NN_Target_Only,0.1505755512103285,500
XGBoost_Pool,0.0968593899298946,500
KRR_Pool,0.699556376422112,500
NN_Pool,0.2679225298634319,500
XGBoost_TLCQM,0.1040849224091786,500
KRR_TLCQM,0.1602551415285877,500
NN_TLCQM,0.1170076896627517,500
TKRR,2.151571642949087,100
CDAR,6.81041340396708,100
DARC,20.4931385038531,100
VNCD_MDD,0.1634267492910485,100
M3SDA_Reg,0.1144446124369463,100
CMSS_Reg,0.1186308403127279,100
TKRR,1.8382282130352443,200
CDAR,5.647094466069101,200
DARC,34.22057983022566,200
VNCD_MDD,0.1433910200385738,200
M3SDA_Reg,0.1171709532266889,200
CMSS_Reg,0.1164341997692172,200
TKRR,1.7625878463182758,300
CDAR,5.627290910460551,300
DARC,34.15482193855689,300
VNCD_MDD,0.1393371190670096,300
M3SDA_Reg,0.1184852372446246,300
CMSS_Reg,0.1082447885264159,300
TKRR,1.7636372045535698,500
CDAR,5.563869923472434,500
DARC,34.12588434684895,500
VNCD_MDD,0.1374350209156233,500
M3SDA_Reg,0.1163946142163774,500
CMSS_Reg,0.1031066865887623,500
XGBoost_Target_Only,0.1065605796806941,100
KRR_Target_Only,0.8386884734820639,100
NN_Target_Only,0.3936461961783133,100
XGBoost_Pool,0.1003745797125066,100
KRR_Pool,0.3188207412469979,100
NN_Pool,0.1926166159093888,100
XGBoost_TLCQM,0.1030915582385385,100
KRR_TLCQM,0.2068781630835768,100
NN_TLCQM,0.1244449346185962,100
XGBoost_Target_Only,0.1059767825612759,200
KRR_Target_Only,0.4790124106243352,200
NN_Target_Only,0.2705203085659925,200
XGBoost_Pool,0.0983518031047379,200
KRR_Pool,0.3899602497946638,200
NN_Pool,0.1685122988141645,200
XGBoost_TLCQM,0.1022394338001731,200
KRR_TLCQM,0.2018366117935666,200
NN_TLCQM,0.1085359275804264,200
XGBoost_Target_Only,0.103920675222492,300
KRR_Target_Only,0.4447675649119887,300
NN_Target_Only,0.2122969948571808,300
XGBoost_Pool,0.0973228308813817,300
KRR_Pool,0.5122954880435441,300
NN_Pool,0.1776617559007343,300
XGBoost_TLCQM,0.1043055430212341,300
KRR_TLCQM,0.2090690532518948,300
NN_TLCQM,0.1128585796086118,300
XGBoost_Target_Only,0.0967613092840878,500
KRR_Target_Only,0.3714812059530741,500
NN_Target_Only,0.1879362090355082,500
XGBoost_Pool,0.0957767287031484,500
KRR_Pool,0.7245688523923327,500
NN_Pool,0.202848965011628,500
XGBoost_TLCQM,0.0982990745253427,500
KRR_TLCQM,0.203952750064782,500
NN_TLCQM,0.109297881753393,500
TKRR,1.9102833482957928,100
CDAR,5.499577459565211,100
DARC,27.65576560248921,100
VNCD_MDD,0.151179173628337,100
M3SDA_Reg,0.1084650280812063,100
CMSS_Reg,0.1151695119334409,100
TKRR,1.8689742085440904,200
CDAR,5.225189655565188,200
DARC,32.47663492746548,200
VNCD_MDD,0.1496223758316954,200
M3SDA_Reg,0.1094815733851305,200
CMSS_Reg,0.1145136535832457,200
TKRR,1.874909244539393,300
CDAR,5.282652524760602,300
DARC,32.78878569230148,300
VNCD_MDD,0.1307915676818874,300
M3SDA_Reg,0.1114833988686803,300
CMSS_Reg,0.1105230270010524,300
TKRR,1.7802148959421742,500
CDAR,5.321362404521708,500
DARC,32.71807077629996,500
VNCD_MDD,0.1192041441038449,500
M3SDA_Reg,0.1151179179513059,500
CMSS_Reg,0.1070846948557502,500
XGBoost_Target_Only,0.110561940906041,100
KRR_Target_Only,0.9411813435434746,100
NN_Target_Only,0.7061870935935932,100
XGBoost_Pool,0.0993951679905867,100
KRR_Pool,0.3180436113882978,100
NN_Pool,0.1865114319620984,100
XGBoost_TLCQM,0.0982683205521568,100
KRR_TLCQM,0.2062910021999598,100
NN_TLCQM,0.113618840749549,100
XGBoost_Target_Only,0.1114777084871204,200
KRR_Target_Only,0.5642542353889854,200
NN_Target_Only,0.2778520781159418,200
XGBoost_Pool,0.0985758244059189,200
KRR_Pool,0.3905599546269781,200
NN_Pool,0.1810748007486036,200
XGBoost_TLCQM,0.0999422928660263,200
KRR_TLCQM,0.1982763960929502,200
NN_TLCQM,0.1095617460666471,200
XGBoost_Target_Only,0.1007321695348491,300
KRR_Target_Only,0.5066615035335607,300
NN_Target_Only,0.191668589488437,300
XGBoost_Pool,0.0979741169628548,300
KRR_Pool,0.5116806190428785,300
NN_Pool,0.1792458929769353,300
XGBoost_TLCQM,0.0987280784923441,300
KRR_TLCQM,0.1809461984619081,300
NN_TLCQM,0.1077998704953363,300
XGBoost_Target_Only,0.097753912399336,500
KRR_Target_Only,0.4435127354553735,500
NN_Target_Only,0.1657223609883154,500
XGBoost_Pool,0.0971162721625049,500
KRR_Pool,0.7209703782693067,500
NN_Pool,0.1407954235769644,500
XGBoost_TLCQM,0.0984129201220229,500
KRR_TLCQM,0.1929313270790016,500
NN_TLCQM,0.1062557719374793,500
TKRR,1.880044379341048,100
CDAR,4.967165508463864,100
DARC,22.75961318380561,100
VNCD_MDD,0.158106810482837,100
M3SDA_Reg,0.1109699007968509,100
CMSS_Reg,0.1137661313225928,100
TKRR,1.8032032025886533,200
CDAR,5.159246941720118,200
DARC,28.22415558686538,200
VNCD_MDD,0.1412470253102271,200
M3SDA_Reg,0.118642327159952,200
CMSS_Reg,0.1138905013034549,200
TKRR,1.7963937597335882,300
CDAR,5.152048429050389,300
DARC,28.312684317407676,300
VNCD_MDD,0.1499098706100012,300
M3SDA_Reg,0.1162691467868318,300
CMSS_Reg,0.107391856354311,300
TKRR,1.7587920276282365,500
CDAR,5.206135970707551,500
DARC,28.174373328983226,500
VNCD_MDD,0.14895621120648,500
M3SDA_Reg,0.1161484710514569,500
CMSS_Reg,0.1047156436007776,500
XGBoost_Target_Only,0.1197996024277261,100
KRR_Target_Only,1.0383590817629815,100
NN_Target_Only,0.5117566764376545,100
XGBoost_Pool,0.1052889465016617,100
KRR_Pool,0.3166118011088619,100
NN_Pool,0.1940933449238504,100
XGBoost_TLCQM,0.0970631963395303,100
KRR_TLCQM,0.2670317739572165,100
NN_TLCQM,0.1166374777525194,100
XGBoost_Target_Only,0.1090934103888267,200
KRR_Target_Only,0.5583312618153129,200
NN_Target_Only,0.3009159149205093,200
XGBoost_Pool,0.0956482413442177,200
KRR_Pool,0.3795725967377823,200
NN_Pool,0.1894997087400561,200
XGBoost_TLCQM,0.0974625541279275,200
KRR_TLCQM,0.2014151347446175,200
NN_TLCQM,0.1098238387841424,200
XGBoost_Target_Only,0.0973087974011273,300
KRR_Target_Only,0.3384946361126588,300
NN_Target_Only,0.1912346049500245,300
XGBoost_Pool,0.0977335348369847,300
KRR_Pool,0.5025524100012387,300
NN_Pool,0.2081165824176898,300
XGBoost_TLCQM,0.0954321537030017,300
KRR_TLCQM,0.2277000710220495,300
NN_TLCQM,0.1075574076998768,300
XGBoost_Target_Only,0.0938917726143494,500
KRR_Target_Only,0.2897135917257545,500
NN_Target_Only,0.1638021757370009,500
XGBoost_Pool,0.0942975622290583,500
KRR_Pool,0.7063073126930826,500
NN_Pool,0.2231054536451505,500
XGBoost_TLCQM,0.0936889501358991,500
KRR_TLCQM,0.1876345041509954,500
NN_TLCQM,0.1023504749293787,500
TKRR,2.0454253571924053,100
CDAR,5.964475159961243,100
DARC,39.93690550299782,100
VNCD_MDD,0.1770448311478106,100
M3SDA_Reg,0.1157522442053576,100
CMSS_Reg,0.1225697578124983,100
TKRR,1.8388796704896389,200
CDAR,6.692402964142311,200
DARC,33.2116105569963,200
VNCD_MDD,0.1520943564733231,200
M3SDA_Reg,0.1215242002730246,200
CMSS_Reg,0.1081420196445821,200
TKRR,1.815990604944722,300
CDAR,6.284243956999938,300
DARC,35.406667566374765,300
VNCD_MDD,0.1332759593219719,300
M3SDA_Reg,0.1185166515330324,300
CMSS_Reg,0.1033468995835057,300
TKRR,1.772972825374706,500
CDAR,6.156992992937732,500
DARC,33.68981069175594,500
VNCD_MDD,0.1215332527354632,500
M3SDA_Reg,0.1190853536039921,500
CMSS_Reg,0.0970985554237526,500
XGBoost_Target_Only,0.1111463962957628,100
KRR_Target_Only,0.6490601234958047,100
NN_Target_Only,0.3266006138220661,100
XGBoost_Pool,0.103546631389536,100
KRR_Pool,0.3190785102581995,100
NN_Pool,0.2062341621517187,100
XGBoost_TLCQM,0.1009976063677312,100
KRR_TLCQM,0.1838813978973298,100
NN_TLCQM,0.1206679178019492,100
XGBoost_Target_Only,0.1037407001345455,200
KRR_Target_Only,0.5383981820689726,200
NN_Target_Only,0.2535308417443637,200
XGBoost_Pool,0.0997292291220561,200
KRR_Pool,0.3914402711589684,200
NN_Pool,0.1853748283960507,200
XGBoost_TLCQM,0.0997603242369561,200
KRR_TLCQM,0.1912740202854736,200
NN_TLCQM,0.1224651279567865,200
XGBoost_Target_Only,0.1013297390970671,300
KRR_Target_Only,0.4884505137154942,300
NN_Target_Only,0.2111424382695834,300
XGBoost_Pool,0.1005544937615209,300
KRR_Pool,0.5156912117323835,300
NN_Pool,0.1812255290026024,300
XGBoost_TLCQM,0.1025326206894103,300
KRR_TLCQM,0.1916551137355214,300
NN_TLCQM,0.1185150880849205,300
XGBoost_Target_Only,0.0984408693165807,500
KRR_Target_Only,0.4333752524610195,500
NN_Target_Only,0.1801597726238999,500
XGBoost_Pool,0.099841837399312,500
KRR_Pool,0.7270689356702206,500
NN_Pool,0.1207284888045552,500
XGBoost_TLCQM,0.1035167841491619,500
KRR_TLCQM,0.1948624521035554,500
NN_TLCQM,0.1173051662177422,500
TKRR,2.065203852008401,100
CDAR,5.95132058468965,100
DARC,31.916408081151417,100
VNCD_MDD,0.1646068205535349,100
M3SDA_Reg,0.1136231736274656,100
CMSS_Reg,0.1107931011579951,100
TKRR,1.9490694787310956,200
CDAR,5.285777905214906,200
DARC,37.80189069548908,200
VNCD_MDD,0.146373748903651,200
M3SDA_Reg,0.1136542920229108,200
CMSS_Reg,0.1145102458228711,200
TKRR,1.857015633495475,300
CDAR,5.3208348451457805,300
DARC,29.57170547435976,300
VNCD_MDD,0.1485536622876819,300
M3SDA_Reg,0.1155210798404631,300
CMSS_Reg,0.113815534147596,300
TKRR,1.8546002448347385,500
CDAR,5.384550275614599,500
DARC,26.91964214338453,500
VNCD_MDD,0.1271387535667713,500
M3SDA_Reg,0.1150848494181332,500
CMSS_Reg,0.1066857495847321,500
XGBoost_Target_Only,0.1190496297400892,100
KRR_Target_Only,0.5840309692314971,100
NN_Target_Only,0.3135291206540266,100
XGBoost_Pool,0.1001532186086677,100
KRR_Pool,0.3189089981367107,100
NN_Pool,0.1906359553081233,100
XGBoost_TLCQM,0.102639822058769,100
KRR_TLCQM,0.2074271389218268,100
NN_TLCQM,0.117157622731354,100
XGBoost_Target_Only,0.1089824963569967,200
KRR_Target_Only,0.531551576686745,200
NN_Target_Only,0.2301540200603246,200
XGBoost_Pool,0.1005208659639334,200
KRR_Pool,0.3915758054232844,200
NN_Pool,0.1827575147920813,200
XGBoost_TLCQM,0.0999328885606333,200
KRR_TLCQM,0.2029873428002524,200
NN_TLCQM,0.1124461929765609,200
XGBoost_Target_Only,0.0984693483915587,300
KRR_Target_Only,0.431581441357237,300
NN_Target_Only,0.1865084003987248,300
XGBoost_Pool,0.0982341442669233,300
KRR_Pool,0.5115326368664765,300
NN_Pool,0.1687911426049577,300
XGBoost_TLCQM,0.0977282657172003,300
KRR_TLCQM,0.1834672563527872,300
NN_TLCQM,0.1022355761742979,300
XGBoost_Target_Only,0.0946749850166967,500
KRR_Target_Only,0.322264322212055,500
NN_Target_Only,0.1387932975244572,500
XGBoost_Pool,0.0948902765035611,500
KRR_Pool,0.7137965031517279,500
NN_Pool,0.1756835137867599,500
XGBoost_TLCQM,0.0967851727414886,500
KRR_TLCQM,0.1709027912009719,500
NN_TLCQM,0.1035637275625134,500
TKRR,1.871271180369926,100
CDAR,5.241254129339769,100
DARC,25.069161585443418,100
VNCD_MDD,0.1516663719634138,100
M3SDA_Reg,0.1223951441776355,100
CMSS_Reg,0.1201180088507099,100
TKRR,1.8765710199099168,200
CDAR,5.494389634154798,200
DARC,26.494996211914117,200
VNCD_MDD,0.1305013757141866,200
M3SDA_Reg,0.120016827584347,200
CMSS_Reg,0.1113660999535977,200
TKRR,1.9468632189552535,300
CDAR,5.531708558908891,300
DARC,26.64976989559937,300
VNCD_MDD,0.123619502621496,300
M3SDA_Reg,0.1189817367715047,300
CMSS_Reg,0.1119448068684122,300
TKRR,1.88613021936156,500
CDAR,5.503903123694055,500
DARC,27.20397335650902,500
VNCD_MDD,0.1183807578900468,500
M3SDA_Reg,0.1229409205599214,500
CMSS_Reg,0.1035003944060655,500
XGBoost_Target_Only,0.1121304051886343,100
KRR_Target_Only,1.273026935768086,100
NN_Target_Only,1.0149867265532997,100
XGBoost_Pool,0.0987063655257082,100
KRR_Pool,0.3183725359876883,100
NN_Pool,0.1952566810171154,100
XGBoost_TLCQM,0.1024246143246273,100
KRR_TLCQM,0.2868607179898036,100
NN_TLCQM,0.1245734784617507,100
XGBoost_Target_Only,0.1074455851730587,200
KRR_Target_Only,0.4452758567614348,200
NN_Target_Only,0.2635793970603614,200
XGBoost_Pool,0.0988057001680826,200
KRR_Pool,0.3901993581908778,200
NN_Pool,0.1885213239299564,200
XGBoost_TLCQM,0.0988710767479691,200
KRR_TLCQM,0.213490009229925,200
NN_TLCQM,0.108777907783571,200
XGBoost_Target_Only,0.1011824204514094,300
KRR_Target_Only,0.4029890258370949,300
NN_Target_Only,0.232951852989606,300
XGBoost_Pool,0.0961458677628418,300
KRR_Pool,0.5100643168704924,300
NN_Pool,0.1823413639170966,300
XGBoost_TLCQM,0.0980296627536325,300
KRR_TLCQM,0.1922628579103745,300
NN_TLCQM,0.1112499083323847,300
XGBoost_Target_Only,0.0984374301982481,500
KRR_Target_Only,0.3084702723937451,500
NN_Target_Only,0.1481355365739372,500
XGBoost_Pool,0.094294551571552,500
KRR_Pool,0.7169802825561287,500
NN_Pool,0.1981987830668026,500
XGBoost_TLCQM,0.0965773417639638,500
KRR_TLCQM,0.1749736443956723,500
NN_TLCQM,0.1039868306023063,500
TKRR,2.3149347190847487,100
CDAR,6.427843798115396,100
DARC,38.68874950706557,100
VNCD_MDD,0.1969217886222823,100
M3SDA_Reg,0.1090118165103432,100
CMSS_Reg,0.1266468549929278,100
TKRR,1.9756398855833848,200
CDAR,5.335269619299512,200
DARC,41.01646048260649,200
VNCD_MDD,0.166649265785318,200
M3SDA_Reg,0.1177789285693271,200
CMSS_Reg,0.1141837063131571,200
TKRR,1.9733380685739383,300
CDAR,5.320591275795263,300
DARC,33.886006356646,300
VNCD_MDD,0.1510140209614821,300
M3SDA_Reg,0.1154350869000135,300
CMSS_Reg,0.115625938854616,300
TKRR,1.915943812031848,500
CDAR,5.380084764537608,500
DARC,13.454420366343973,500
VNCD_MDD,0.1261832085655229,500
M3SDA_Reg,0.1176980761271799,500
CMSS_Reg,0.1023342984100414,500
XGBoost_Target_Only,0.1102774169065429,100
KRR_Target_Only,0.6031524138900021,100
NN_Target_Only,0.5240571229093502,100
XGBoost_Pool,0.1003071983601265,100
KRR_Pool,0.3184705079846138,100
NN_Pool,0.1844014147799422,100
XGBoost_TLCQM,0.1053432076363018,100
KRR_TLCQM,0.2281202781168221,100
NN_TLCQM,0.115065976962222,100
XGBoost_Target_Only,0.1011642668594479,200
KRR_Target_Only,0.5063064981561001,200
NN_Target_Only,0.3285636330605087,200
XGBoost_Pool,0.0981004340997005,200
KRR_Pool,0.38468738431963,200
NN_Pool,0.1496357423155469,200
XGBoost_TLCQM,0.0995171812125897,200
KRR_TLCQM,0.2128190235208826,200
NN_TLCQM,0.1040822167941727,200
XGBoost_Target_Only,0.0959739429426161,300
KRR_Target_Only,0.4098342577297211,300
NN_Target_Only,0.2127280680575378,300
XGBoost_Pool,0.0952056067897335,300
KRR_Pool,0.5056812741470776,300
NN_Pool,0.1460572718275493,300
XGBoost_TLCQM,0.0968823133569845,300
KRR_TLCQM,0.2069270503587951,300
NN_TLCQM,0.1092873832004942,300
XGBoost_Target_Only,0.0941764904667749,500
KRR_Target_Only,0.378268989955543,500
NN_Target_Only,0.1833346589444205,500
XGBoost_Pool,0.0941436721182878,500
KRR_Pool,0.716167295261524,500
NN_Pool,0.124177367511297,500
XGBoost_TLCQM,0.0955112676219339,500
KRR_TLCQM,0.182359609999974,500
NN_TLCQM,0.1048566557879684,500
TKRR,1.8881257945461305,100
CDAR,5.627732056773479,100
DARC,36.2730298347321,100
VNCD_MDD,0.1714002763845363,100
M3SDA_Reg,0.1189819854180802,100
CMSS_Reg,0.1171091160302774,100
TKRR,1.904924246693051,200
CDAR,5.738194520088347,200
DARC,21.83990858841916,200
VNCD_MDD,0.172757377971839,200
M3SDA_Reg,0.1211051217968963,200
CMSS_Reg,0.1150839121230438,200
TKRR,1.87982992464879,300
CDAR,5.761345081114875,300
DARC,25.581708047744048,300
VNCD_MDD,0.1442231715008148,300
M3SDA_Reg,0.1167134590834825,300
CMSS_Reg,0.1138374302993651,300
TKRR,1.913674083627939,500
CDAR,5.894766583390143,500
DARC,23.70279205819223,500
VNCD_MDD,0.1489456521492757,500
M3SDA_Reg,0.1111571131718139,500
CMSS_Reg,0.1024919802590799,500
XGBoost_Target_Only,0.1073762722378845,100
KRR_Target_Only,0.9293957358256736,100
NN_Target_Only,0.7213662897693406,100
XGBoost_Pool,0.100571351280538,100
KRR_Pool,0.3179051766324159,100
NN_Pool,0.1994033143859255,100
XGBoost_TLCQM,0.107535319693956,100
KRR_TLCQM,0.246528496923071,100
NN_TLCQM,0.1203334462632887,100
XGBoost_Target_Only,0.1073041318264395,200
KRR_Target_Only,0.657841114163699,200
NN_Target_Only,0.5019042068570383,200
XGBoost_Pool,0.099541127256501,200
KRR_Pool,0.388591007981942,200
NN_Pool,0.1796599350925555,200
XGBoost_TLCQM,0.0983101826180964,200
KRR_TLCQM,0.2221980361985313,200
NN_TLCQM,0.1167246103752765,200
XGBoost_Target_Only,0.0985889103938296,300
KRR_Target_Only,0.4269717552707903,300
NN_Target_Only,0.165242481453912,300
XGBoost_Pool,0.0966266373975443,300
KRR_Pool,0.5080542760974738,300
NN_Pool,0.1879316947364502,300
XGBoost_TLCQM,0.0963372950471916,300
KRR_TLCQM,0.2063538866238042,300
NN_TLCQM,0.1047219787008501,300
XGBoost_Target_Only,0.0930557960842044,500
KRR_Target_Only,0.4329340693896468,500
NN_Target_Only,0.1466822137497068,500
XGBoost_Pool,0.0943233210308978,500
KRR_Pool,0.716650510433818,500
NN_Pool,0.1596280817753849,500
XGBoost_TLCQM,0.0951330262234999,500
KRR_TLCQM,0.2235174984825915,500
NN_TLCQM,0.1022678680338471,500
TKRR,1.850146246192468,100
CDAR,5.921292961107044,100
DARC,29.78745960513404,100
VNCD_MDD,0.1524790246938656,100
M3SDA_Reg,0.1122707570562009,100
CMSS_Reg,0.1204901076874413,100
TKRR,1.876355032756136,200
CDAR,5.7360537294824345,200
DARC,29.458463377018024,200
VNCD_MDD,0.1598099802947302,200
M3SDA_Reg,0.1151909190518006,200
CMSS_Reg,0.1173151494833306,200
TKRR,1.8316306370300164,300
CDAR,5.659245560024966,300
DARC,30.38233688891917,300
VNCD_MDD,0.1438702246350215,300
M3SDA_Reg,0.1146069785417933,300
CMSS_Reg,0.1116749621179118,300
TKRR,1.7588192138033434,500
CDAR,5.675563536694782,500
DARC,29.60314529637787,500
VNCD_MDD,0.1182263380157317,500
M3SDA_Reg,0.113401888932861,500
CMSS_Reg,0.1056446604689737,500
XGBoost_Target_Only,0.1081152424095893,100
KRR_Target_Only,1.7178217311665784,100
NN_Target_Only,0.6334926293491695,100
XGBoost_Pool,0.1015631907120761,100
KRR_Pool,0.3192926264457076,100
NN_Pool,0.2029096868088367,100
XGBoost_TLCQM,0.1034537262003408,100
KRR_TLCQM,0.206658336134934,100
NN_TLCQM,0.1421813187217718,100
XGBoost_Target_Only,0.0993304665885271,200
KRR_Target_Only,0.6338501096057728,200
NN_Target_Only,0.2990569515463973,200
XGBoost_Pool,0.0991821744104357,200
KRR_Pool,0.3911547202195322,200
NN_Pool,0.1903881971175299,200
XGBoost_TLCQM,0.1020421755162316,200
KRR_TLCQM,0.2299868443118604,200
NN_TLCQM,0.1127607110253486,200
XGBoost_Target_Only,0.0997588973934492,300
KRR_Target_Only,0.5872472659455975,300
NN_Target_Only,0.2303219755972128,300
XGBoost_Pool,0.09775332348892,300
KRR_Pool,0.5117477010231599,300
NN_Pool,0.192315340775535,300
XGBoost_TLCQM,0.102430828269201,300
KRR_TLCQM,0.234631623786233,300
NN_TLCQM,0.1118846707587178,300
XGBoost_Target_Only,0.0954502210766422,500
KRR_Target_Only,0.3291166681993208,500
NN_Target_Only,0.1540746346072043,500
XGBoost_Pool,0.0947668666573217,500
KRR_Pool,0.7042034043054118,500
NN_Pool,0.2033954243521341,500
XGBoost_TLCQM,0.0949797688161622,500
KRR_TLCQM,0.1572284427157874,500
NN_TLCQM,0.1001280548120494,500
TKRR,1.8607981978536736,100
CDAR,5.610264414590884,100
DARC,25.475521350370308,100
VNCD_MDD,0.1585742729439066,100
M3SDA_Reg,0.1149678509871972,100
CMSS_Reg,0.1163517631595322,100
TKRR,1.8497019377599293,200
CDAR,6.135614554645327,200
DARC,42.47872600851658,200
VNCD_MDD,0.1422731038699657,200
M3SDA_Reg,0.115674118636688,200
CMSS_Reg,0.1104865858952475,200
TKRR,1.8492012684874135,300
CDAR,6.2341943301352005,300
DARC,44.237237005565234,300
VNCD_MDD,0.1381793845524233,300
M3SDA_Reg,0.1162265605441039,300
CMSS_Reg,0.1091137393205377,300
TKRR,1.7668721557225755,500
CDAR,6.079277819092222,500
DARC,44.88830443966657,500
VNCD_MDD,0.1312706728431538,500
M3SDA_Reg,0.1166422978104891,500
CMSS_Reg,0.1019194877081968,500
XGBoost_Target_Only,0.1484269439793428,100
KRR_Target_Only,0.7446668562617582,100
NN_Target_Only,0.39415751927641,100
XGBoost_Pool,0.1028167319744318,100
KRR_Pool,0.3103996682884649,100
NN_Pool,0.1880116780686628,100
XGBoost_TLCQM,0.1024373166109037,100
KRR_TLCQM,0.1891588807745304,100
NN_TLCQM,0.1061977335377348,100
XGBoost_Target_Only,0.1056214828497199,200
KRR_Target_Only,0.5022303311776494,200
NN_Target_Only,0.3225400300995225,200
XGBoost_Pool,0.0961239501651084,200
KRR_Pool,0.380154409510164,200
NN_Pool,0.194026670030533,200
XGBoost_TLCQM,0.0977120711660378,200
KRR_TLCQM,0.1902374301098547,200
NN_TLCQM,0.1053754265324387,200
XGBoost_Target_Only,0.0967709139301886,300
KRR_Target_Only,0.385417090761747,300
NN_Target_Only,0.1987278637866694,300
XGBoost_Pool,0.0983303097278686,300
KRR_Pool,0.5020680556176594,300
NN_Pool,0.167688132015051,300
XGBoost_TLCQM,0.097814915873385,300
KRR_TLCQM,0.170527139905553,300
NN_TLCQM,0.1067421207267966,300
XGBoost_Target_Only,0.0983383131865587,500
KRR_Target_Only,0.2570788508786642,500
NN_Target_Only,0.1487113924046465,500
XGBoost_Pool,0.0948191522541867,500
KRR_Pool,0.7012422921184662,500
NN_Pool,0.2095470825464159,500
XGBoost_TLCQM,0.0969133463095495,500
KRR_TLCQM,0.149879902128861,500
NN_TLCQM,0.1056472704852607,500
TKRR,1.940321170216568,100
CDAR,5.354921546017454,100
DARC,28.85928800277801,100
VNCD_MDD,0.1759526952751896,100
M3SDA_Reg,0.1195788841519148,100
CMSS_Reg,0.1221318219627153,100
TKRR,1.869689653832029,200
CDAR,5.455746981425983,200
DARC,21.51293978428311,200
VNCD_MDD,0.1775292682195967,200
M3SDA_Reg,0.1132067095783368,200
CMSS_Reg,0.119730045494668,200
TKRR,1.8353542352255288,300
CDAR,5.431757105418122,300
DARC,21.64482319125713,300
VNCD_MDD,0.1499373385632573,300
M3SDA_Reg,0.1167685059090527,300
CMSS_Reg,0.1119523495553498,300
TKRR,1.722125974128631,500
CDAR,5.395808549495593,500
DARC,21.56204750870155,500
VNCD_MDD,0.1192147041721636,500
M3SDA_Reg,0.1229996389685832,500
CMSS_Reg,0.1103023824961134,500
XGBoost_Target_Only,0.1088747147333798,100
KRR_Target_Only,0.5665090734530868,100
NN_Target_Only,0.425346605200734,100
XGBoost_Pool,0.1019453165565963,100
KRR_Pool,0.3118232720289698,100
NN_Pool,0.2043159920296555,100
XGBoost_TLCQM,0.1032885349226662,100
KRR_TLCQM,0.2057661505369698,100
NN_TLCQM,0.1096279770572127,100
XGBoost_Target_Only,0.1106439353623502,200
KRR_Target_Only,0.595710932731908,200
NN_Target_Only,0.2957161681924219,200
XGBoost_Pool,0.101865319001994,200
KRR_Pool,0.3833205024217515,200
NN_Pool,0.2024756356896834,200
XGBoost_TLCQM,0.1011005192130709,200
KRR_TLCQM,0.1887932075060504,200
NN_TLCQM,0.1095469669850442,200
XGBoost_Target_Only,0.1008307118656496,300
KRR_Target_Only,0.5361064358609885,300
NN_Target_Only,0.2228561285217052,300
XGBoost_Pool,0.0995266244770414,300
KRR_Pool,0.5025618976578737,300
NN_Pool,0.190924204302883,300
XGBoost_TLCQM,0.0986095747816289,300
KRR_TLCQM,0.1941834948720038,300
NN_TLCQM,0.1053687457994227,300
XGBoost_Target_Only,0.0938392699966086,500
KRR_Target_Only,0.3374628540690992,500
NN_Target_Only,0.1687821838409494,500
XGBoost_Pool,0.0972071513491471,500
KRR_Pool,0.7050574353151016,500
NN_Pool,0.2296212673669914,500
XGBoost_TLCQM,0.0970997724770693,500
KRR_TLCQM,0.1833256792660819,500
NN_TLCQM,0.1026337125582246,500
TKRR,1.9457180418841864,100
CDAR,6.680891818025112,100
DARC,30.05228134965284,100
VNCD_MDD,0.1753604690295855,100
M3SDA_Reg,0.1210021596796027,100
CMSS_Reg,0.1208202127645484,100
TKRR,1.9800273333356035,200
CDAR,5.842584243238266,200
DARC,24.893876966572,200
VNCD_MDD,0.1681729081515602,200
M3SDA_Reg,0.1218094102674097,200
CMSS_Reg,0.1173414820029384,200
TKRR,1.9263703727250383,300
CDAR,5.870947495961832,300
DARC,24.9125076326898,300
VNCD_MDD,0.1671239617422558,300
M3SDA_Reg,0.1180003514529541,300
CMSS_Reg,0.111895167271226,300
TKRR,1.8463787275775307,500
CDAR,5.926556244090616,500
DARC,24.849562088526028,500
VNCD_MDD,0.1389253136680196,500
M3SDA_Reg,0.1190998739195551,500
CMSS_Reg,0.1060980643713997,500
XGBoost_Target_Only,0.1101122898163426,100
KRR_Target_Only,0.9779976542347968,100
NN_Target_Only,0.6644834470403491,100
XGBoost_Pool,0.0983570088728398,100
KRR_Pool,0.3179184822881977,100
NN_Pool,0.2339974040474798,100
XGBoost_TLCQM,0.1047251901786098,100
KRR_TLCQM,0.2195199094971953,100
NN_TLCQM,0.1283076008914441,100
XGBoost_Target_Only,0.1094698655284317,200
KRR_Target_Only,0.4814770384092021,200
NN_Target_Only,0.3339165438117024,200
XGBoost_Pool,0.0970963573326998,200
KRR_Pool,0.3884972837451533,200
NN_Pool,0.2299879133714233,200
XGBoost_TLCQM,0.1050667425162159,200
KRR_TLCQM,0.1943491733735241,200
NN_TLCQM,0.1184545290385697,200
XGBoost_Target_Only,0.0962820921680837,300
KRR_Target_Only,0.4439404200913796,300
NN_Target_Only,0.2132077169514767,300
XGBoost_Pool,0.0978234236857191,300
KRR_Pool,0.5123297598789489,300
NN_Pool,0.1836571700892895,300
XGBoost_TLCQM,0.1036036975983329,300
KRR_TLCQM,0.1905294680521952,300
NN_TLCQM,0.1139979301525467,300
XGBoost_Target_Only,0.0946977994876519,500
KRR_Target_Only,0.3176708441754183,500
NN_Target_Only,0.176869619506012,500
XGBoost_Pool,0.0965121328048416,500
KRR_Pool,0.7116282774652221,500
NN_Pool,0.1364927915900798,500
XGBoost_TLCQM,0.0974099525643371,500
KRR_TLCQM,0.179181780158056,500
NN_TLCQM,0.1103368123152584,500
TKRR,1.976540295898298,100
CDAR,6.332118931486518,100
DARC,45.350072304036686,100
VNCD_MDD,0.2189793608950613,100
M3SDA_Reg,0.107311142444542,100
CMSS_Reg,0.1142526093609996,100
TKRR,1.865027791682788,200
CDAR,5.459940466629102,200
DARC,36.105524929842254,200
VNCD_MDD,0.1577954197672576,200
M3SDA_Reg,0.1127314249719127,200
CMSS_Reg,0.1109881681514171,200
TKRR,1.8724925675090216,300
CDAR,5.483157517564859,300
DARC,36.02807250708655,300
VNCD_MDD,0.1451868785593457,300
M3SDA_Reg,0.1136411782001887,300
CMSS_Reg,0.1066121227576944,300
TKRR,1.8786849946464532,500
CDAR,5.431332774242206,500
DARC,36.2920844995169,500
VNCD_MDD,0.1278769560057354,500
M3SDA_Reg,0.1120514999482053,500
CMSS_Reg,0.1045446604022303,500
XGBoost_Target_Only,0.1210705002937888,100
KRR_Target_Only,1.6969941518437066,100
NN_Target_Only,0.839727089612384,100
XGBoost_Pool,0.1001113674521996,100
KRR_Pool,0.3190158403556636,100
NN_Pool,0.21070970640752,100
XGBoost_TLCQM,0.0992262614272316,100
KRR_TLCQM,0.1915568764172734,100
NN_TLCQM,0.1153446126749572,100
XGBoost_Target_Only,0.1064443435832007,200
KRR_Target_Only,0.7121902415185679,200
NN_Target_Only,0.4710999141564451,200
XGBoost_Pool,0.0970441381631376,200
KRR_Pool,0.390354259763318,200
NN_Pool,0.17540228772756,200
XGBoost_TLCQM,0.0997640127004681,200
KRR_TLCQM,0.2019152208060131,200
NN_TLCQM,0.1173820935552784,200
XGBoost_Target_Only,0.1003962807873383,300
KRR_Target_Only,0.5259987819310347,300
NN_Target_Only,0.2176311176895414,300
XGBoost_Pool,0.0962005534296533,300
KRR_Pool,0.503183180687188,300
NN_Pool,0.181523872001153,300
XGBoost_TLCQM,0.0987037951006617,300
KRR_TLCQM,0.1733341611526543,300
NN_TLCQM,0.1085435440679196,300
XGBoost_Target_Only,0.0943867339461067,500
KRR_Target_Only,0.3371240414181316,500
NN_Target_Only,0.1760526749931309,500
XGBoost_Pool,0.0938757002945818,500
KRR_Pool,0.7014303689859509,500
NN_Pool,0.1327762739604264,500
XGBoost_TLCQM,0.0962993150606251,500
KRR_TLCQM,0.1567375095230466,500
NN_TLCQM,0.1077517959511371,500
TKRR,1.8939821614949488,100
CDAR,5.833431250824969,100
DARC,31.35069323074112,100
VNCD_MDD,0.1597717988597033,100
M3SDA_Reg,0.1161459908287473,100
CMSS_Reg,0.1127743873099362,100
TKRR,1.958988991878293,200
CDAR,6.177752959173248,200
DARC,30.99149643453393,200
VNCD_MDD,0.1361089796547585,200
M3SDA_Reg,0.1169036132870963,200
CMSS_Reg,0.1122858135440743,200
TKRR,1.8794738232156492,300
CDAR,6.02883763477928,300
DARC,31.166522011152946,300
VNCD_MDD,0.1341088066084772,300
M3SDA_Reg,0.1100516911833161,300
CMSS_Reg,0.1112710190183441,300
TKRR,1.850711607176024,500
CDAR,5.965834066746694,500
DARC,31.273718386134817,500
VNCD_MDD,0.1300503037255048,500
M3SDA_Reg,0.1183305126538292,500
CMSS_Reg,0.1010748065573614,500
XGBoost_Target_Only,0.118404908165925,100
KRR_Target_Only,1.239345198685614,100
NN_Target_Only,1.1791274633969138,100
XGBoost_Pool,0.1012926223506252,100
KRR_Pool,0.3194881052038327,100
NN_Pool,0.1996297152522983,100
XGBoost_TLCQM,0.0996738434364441,100
KRR_TLCQM,0.2693845254513123,100
NN_TLCQM,0.1267925638147368,100
XGBoost_Target_Only,0.1104228191342449,200
KRR_Target_Only,0.8871187342855578,200
NN_Target_Only,0.4594892808784032,200
XGBoost_Pool,0.0998417408191858,200
KRR_Pool,0.3909189090107073,200
NN_Pool,0.1976824018310272,200
XGBoost_TLCQM,0.1000054330415907,200
KRR_TLCQM,0.2241362938210511,200
NN_TLCQM,0.1081939562821545,200
XGBoost_Target_Only,0.1167891260605128,300
KRR_Target_Only,0.6155881785791036,300
NN_Target_Only,0.2921889374903184,300
XGBoost_Pool,0.0983155138765464,300
KRR_Pool,0.5127209463430098,300
NN_Pool,0.1893546047010579,300
XGBoost_TLCQM,0.0994320890508869,300
KRR_TLCQM,0.1949594769530391,300
NN_TLCQM,0.1180433900204717,300
XGBoost_Target_Only,0.1048462835984837,500
KRR_Target_Only,0.5692762865515557,500
NN_Target_Only,0.239688378326703,500
XGBoost_Pool,0.0995469186947206,500
KRR_Pool,0.7175785365677317,500
NN_Pool,0.2082132835586392,500
XGBoost_TLCQM,0.1023942812243505,500
KRR_TLCQM,0.200326982704472,500
NN_TLCQM,0.1131333411645085,500
TKRR,2.1294940710758947,100
CDAR,5.994311820377321,100
DARC,27.97380228237972,100
VNCD_MDD,0.1563212788935989,100
M3SDA_Reg,0.1151217745122306,100
CMSS_Reg,0.1148716719015198,100
TKRR,1.9688469182046624,200
CDAR,6.121314283816326,200
DARC,29.87436030372989,200
VNCD_MDD,0.1611931512364559,200
M3SDA_Reg,0.1131630517478534,200
CMSS_Reg,0.1175991878387046,200
TKRR,2.0285173668647176,300
CDAR,6.088323220407889,300
DARC,30.39161168789188,300
VNCD_MDD,0.1473593644544348,300
M3SDA_Reg,0.1094119954886518,300
CMSS_Reg,0.1099989957845222,300
TKRR,2.0677675792368952,500
CDAR,6.243102669528374,500
DARC,30.11606895790792,500
VNCD_MDD,0.1334082874328129,500
M3SDA_Reg,0.1137471846964782,500
CMSS_Reg,0.1093015926128961,500
XGBoost_Target_Only,0.1215307581811058,100
KRR_Target_Only,1.1573805833251627,100
NN_Target_Only,0.5586526237289279,100
XGBoost_Pool,0.1006258998136908,100
KRR_Pool,0.3189474558865901,100
NN_Pool,0.21763733704955,100
XGBoost_TLCQM,0.1128446069999636,100
KRR_TLCQM,0.2087943111401928,100
NN_TLCQM,0.132400628021761,100
XGBoost_Target_Only,0.1108509333039543,200
KRR_Target_Only,0.7354861394048308,200
NN_Target_Only,0.3208881478448103,200
XGBoost_Pool,0.1005893923604175,200
KRR_Pool,0.3905958558654139,200
NN_Pool,0.2164139255580607,200
XGBoost_TLCQM,0.1078580366552339,200
KRR_TLCQM,0.2401486093875296,200
NN_TLCQM,0.116116347380075,200
XGBoost_Target_Only,0.1043122083054087,300
KRR_Target_Only,0.615609035480206,300
NN_Target_Only,0.1735670754173623,300
XGBoost_Pool,0.0980823011192498,300
KRR_Pool,0.5115151780877248,300
NN_Pool,0.2039804555798545,300
XGBoost_TLCQM,0.1037071586214623,300
KRR_TLCQM,0.2372649006250257,300
NN_TLCQM,0.1135107569142642,300
XGBoost_Target_Only,0.0999892879150633,500
KRR_Target_Only,0.3659840404499952,500
NN_Target_Only,0.1362098391220496,500
XGBoost_Pool,0.0977806297686887,500
KRR_Pool,0.7174342048760831,500
NN_Pool,0.1417562894490734,500
XGBoost_TLCQM,0.105063644368989,500
KRR_TLCQM,0.2049337539296137,500
NN_TLCQM,0.1114497578018088,500
TKRR,1.875588985652524,100
CDAR,5.791461103951325,100
DARC,35.71048755190336,100
VNCD_MDD,0.1596086073532135,100
M3SDA_Reg,0.1231216072981297,100
CMSS_Reg,0.1160173768305169,100
TKRR,1.8740718293306369,200
CDAR,5.092070601639507,200
DARC,42.098964886123966,200
VNCD_MDD,0.1530554064984941,200
M3SDA_Reg,0.1170715859729947,200
CMSS_Reg,0.1155963463702735,200
TKRR,1.8319072934992464,300
CDAR,5.117739446171214,300
DARC,41.86406723488065,300
VNCD_MDD,0.1318663948421336,300
M3SDA_Reg,0.1154393995194624,300
CMSS_Reg,0.1076557253022725,300
TKRR,1.7622570115193072,500
CDAR,4.763106052801319,500
DARC,41.755794312078,500
VNCD_MDD,0.1287325530255505,500
M3SDA_Reg,0.1174993595549419,500
CMSS_Reg,0.1031864282108022,500
XGBoost_Target_Only,0.12099440175231,100
KRR_Target_Only,1.5750196570514898,100
NN_Target_Only,1.0721027503032197,100
XGBoost_Pool,0.1024238085271856,100
KRR_Pool,0.3180041205132642,100
NN_Pool,0.2178221238544058,100
XGBoost_TLCQM,0.1135045409147309,100
KRR_TLCQM,0.2295471998356008,100
NN_TLCQM,0.1353848934429513,100
XGBoost_Target_Only,0.1172286086712952,200
KRR_Target_Only,1.0871687327861452,200
NN_Target_Only,0.7367184332845204,200
XGBoost_Pool,0.0978365652759455,200
KRR_Pool,0.3899566878693666,200
NN_Pool,0.2257168103696525,200
XGBoost_TLCQM,0.1106751185847968,200
KRR_TLCQM,0.2297900499586871,200
NN_TLCQM,0.115890495027943,200
XGBoost_Target_Only,0.1051153784017406,300
KRR_Target_Only,0.7148433956189926,300
NN_Target_Only,0.3686722738068441,300
XGBoost_Pool,0.0979522563005913,300
KRR_Pool,0.5080648712136027,300
NN_Pool,0.1973312647106269,300
XGBoost_TLCQM,0.1060320790334614,300
KRR_TLCQM,0.2128491112293271,300
NN_TLCQM,0.1140967456234326,300
XGBoost_Target_Only,0.0917254945633249,500
KRR_Target_Only,0.3988127540525698,500
NN_Target_Only,0.2114995964475699,500
XGBoost_Pool,0.0932406841226465,500
KRR_Pool,0.7105170715801447,500
NN_Pool,0.1840008890386275,500
XGBoost_TLCQM,0.0975701312243811,500
KRR_TLCQM,0.1884036325419983,500
NN_TLCQM,0.1023695461242333,500
TKRR,1.901600040938816,100
CDAR,5.85622032669534,100
DARC,29.52834724451764,100
VNCD_MDD,0.1367835850181596,100
M3SDA_Reg,0.111657739720316,100
CMSS_Reg,0.1113347012528866,100
TKRR,2.023558007763388,200
CDAR,6.132050335745237,200
DARC,26.56752192492616,200
VNCD_MDD,0.1367436435918626,200
M3SDA_Reg,0.1149297891713909,200
CMSS_Reg,0.1135607423752003,200
TKRR,1.9042730806979604,300
CDAR,5.934416586689753,300
DARC,26.636469683454663,300
VNCD_MDD,0.1407755970961315,300
M3SDA_Reg,0.1089751736036322,300
CMSS_Reg,0.107300450218388,300
TKRR,1.7967723904984625,500
CDAR,5.861073927246723,500
DARC,26.46924210922197,500
VNCD_MDD,0.122620359047842,500
M3SDA_Reg,0.1115498377094429,500
CMSS_Reg,0.1036802019143375,500
XGBoost_Target_Only,0.1224831901597147,100
KRR_Target_Only,1.0901454685933871,100
NN_Target_Only,0.4458816187809269,100
XGBoost_Pool,0.101847444911858,100
KRR_Pool,0.3186989097338606,100
NN_Pool,0.1972794169233798,100
XGBoost_TLCQM,0.1086570368530375,100
KRR_TLCQM,0.2052978312680065,100
NN_TLCQM,0.1374065656713343,100
XGBoost_Target_Only,0.1036480052233794,200
KRR_Target_Only,0.4842953112173246,200
NN_Target_Only,0.2577844992912218,200
XGBoost_Pool,0.0993839482828197,200
KRR_Pool,0.387892454486627,200
NN_Pool,0.2017784692509575,200
XGBoost_TLCQM,0.1032086238190417,200
KRR_TLCQM,0.1889217326712796,200
NN_TLCQM,0.1182548697886785,200
XGBoost_Target_Only,0.0997268273122163,300
KRR_Target_Only,0.4518471970824662,300
NN_Target_Only,0.1868984088738373,300
XGBoost_Pool,0.098623960104817,300
KRR_Pool,0.5055350673929977,300
NN_Pool,0.1885629954582516,300
XGBoost_TLCQM,0.0993009813444771,300
KRR_TLCQM,0.1868014181749314,300
NN_TLCQM,0.1120377867470667,300
XGBoost_Target_Only,0.0961904093237493,500
KRR_Target_Only,0.3795356088657737,500
NN_Target_Only,0.1827508134057639,500
XGBoost_Pool,0.0957836020885291,500
KRR_Pool,0.7081357114839226,500
NN_Pool,0.1446390543756536,500
XGBoost_TLCQM,0.0969286866368405,500
KRR_TLCQM,0.178183438164352,500
NN_TLCQM,0.1071734055866983,500
TKRR,1.884452930666512,100
CDAR,5.8878782183497815,100
DARC,24.15057225424489,100
VNCD_MDD,0.1777190845969099,100
M3SDA_Reg,0.1181619387456804,100
CMSS_Reg,0.1169562716619673,100
TKRR,1.859128143991419,200
CDAR,5.578220123992624,200
DARC,38.51552695941861,200
VNCD_MDD,0.1484209229258743,200
M3SDA_Reg,0.1153676418700815,200
CMSS_Reg,0.1080697140933318,200
TKRR,1.8064641299928563,300
CDAR,5.592353790150596,300
DARC,38.373351502654025,300
VNCD_MDD,0.1431862763905866,300
M3SDA_Reg,0.1165503186554133,300
CMSS_Reg,0.1065854243522658,300
TKRR,1.906309986761001,500
CDAR,5.670030711900601,500
DARC,36.25901191608488,500
VNCD_MDD,0.1410283459833744,500
M3SDA_Reg,0.1164246822510307,500
CMSS_Reg,0.1044126718147574,500
XGBoost_Target_Only,0.1073666746690018,100
KRR_Target_Only,0.8273900944029523,100
NN_Target_Only,0.358138004108873,100
XGBoost_Pool,0.0986379964720256,100
KRR_Pool,0.3175627311996291,100
NN_Pool,0.2266476700038777,100
XGBoost_TLCQM,0.0985478069935927,100
KRR_TLCQM,0.1913665120495431,100
NN_TLCQM,0.1075554505695449,100
XGBoost_Target_Only,0.0991595496373342,200
KRR_Target_Only,0.5551693355770444,200
NN_Target_Only,0.2208666819168703,200
XGBoost_Pool,0.0987266293267633,200
KRR_Pool,0.3893421921992747,200
NN_Pool,0.1888812615197055,200
XGBoost_TLCQM,0.1024532273710281,200
KRR_TLCQM,0.1787540174023132,200
NN_TLCQM,0.1071495206767057,200
XGBoost_Target_Only,0.1005410164133848,300
KRR_Target_Only,0.4300410021376954,300
NN_Target_Only,0.1603921305961125,300
XGBoost_Pool,0.0956821218019617,300
KRR_Pool,0.5099442672524149,300
NN_Pool,0.1801225100980255,300
XGBoost_TLCQM,0.0980073777709068,300
KRR_TLCQM,0.191345310570277,300
NN_TLCQM,0.1073705619951019,300
XGBoost_Target_Only,0.0948781857048906,500
KRR_Target_Only,0.3605317959423703,500
NN_Target_Only,0.150237518768284,500
XGBoost_Pool,0.0953267457590826,500
KRR_Pool,0.7121091871308768,500
NN_Pool,0.1799097444593058,500
XGBoost_TLCQM,0.0960015329172542,500
KRR_TLCQM,0.1746048234972115,500
NN_TLCQM,0.1033499709566679,500
TKRR,2.1359388671220016,100
CDAR,5.887366141226546,100
DARC,26.96069079516263,100
VNCD_MDD,0.1748891444343223,100
M3SDA_Reg,0.1155064130758413,100
CMSS_Reg,0.120156636757094,100
TKRR,2.033383292235535,200
CDAR,5.744627038292664,200
DARC,23.71827030447301,200
VNCD_MDD,0.140824806470775,200
M3SDA_Reg,0.116064109926336,200
CMSS_Reg,0.1073988583411625,200
TKRR,1.894206234257268,300
CDAR,5.661892747724831,300
DARC,23.488543301673804,300
VNCD_MDD,0.1412459788948601,300
M3SDA_Reg,0.1184805412210486,300
CMSS_Reg,0.1066896837177706,300
TKRR,1.834417391483918,500
CDAR,5.613505374283807,500
DARC,23.644361722463668,500
VNCD_MDD,0.1422863894429215,500
M3SDA_Reg,0.1207412232344161,500
CMSS_Reg,0.104069795892688,500
XGBoost_Target_Only,0.1253492144106789,100
KRR_Target_Only,1.134054494314982,100
NN_Target_Only,0.6556501840495884,100
XGBoost_Pool,0.1011428845092318,100
KRR_Pool,0.3189590581606297,100
NN_Pool,0.1759585935850389,100
XGBoost_TLCQM,0.0994015890257913,100
KRR_TLCQM,0.2447872893088919,100
NN_TLCQM,0.1319765103028046,100
XGBoost_Target_Only,0.1145243131760546,200
KRR_Target_Only,0.86576338973336,200
NN_Target_Only,0.5520695235350404,200
XGBoost_Pool,0.0980259657614862,200
KRR_Pool,0.3906363389107913,200
NN_Pool,0.2061631415196448,200
XGBoost_TLCQM,0.1039702330704418,200
KRR_TLCQM,0.2511673171876076,200
NN_TLCQM,0.1363400000835689,200
XGBoost_Target_Only,0.1018450550719483,300
KRR_Target_Only,0.5328181165438347,300
NN_Target_Only,0.2176146817982614,300
XGBoost_Pool,0.096131474145881,300
KRR_Pool,0.5074532140117942,300
NN_Pool,0.1787698149174602,300
XGBoost_TLCQM,0.1050552259513621,300
KRR_TLCQM,0.2190113710424346,300
NN_TLCQM,0.1127972055426119,300
XGBoost_Target_Only,0.0949102745730516,500
KRR_Target_Only,0.4204115025542292,500
NN_Target_Only,0.1708099561992462,500
XGBoost_Pool,0.0979649348822928,500
KRR_Pool,0.710936463351898,500
NN_Pool,0.1966602104623085,500
XGBoost_TLCQM,0.1023775759848082,500
KRR_TLCQM,0.1943427803966363,500
NN_TLCQM,0.1083316094872096,500
TKRR,1.844856881362732,100
CDAR,5.55209187429118,100
DARC,29.566400749023444,100
VNCD_MDD,0.1832787269517995,100
M3SDA_Reg,0.1176730007922861,100
CMSS_Reg,0.1218843469536279,100
TKRR,1.8423528558529003,200
CDAR,5.870137211852516,200
DARC,24.146905094757905,200
VNCD_MDD,0.1461462032323788,200
M3SDA_Reg,0.1166007395654138,200
CMSS_Reg,0.1169496273927137,200
TKRR,1.7989034486227695,300
CDAR,5.695774198337634,300
DARC,23.73930515797976,300
VNCD_MDD,0.1427976135422411,300
M3SDA_Reg,0.1121431009901525,300
CMSS_Reg,0.1071088557637259,300
TKRR,1.7435159264912596,500
CDAR,5.758066147266364,500
DARC,23.802814562727107,500
VNCD_MDD,0.1304687889916888,500
M3SDA_Reg,0.1140952626690312,500
CMSS_Reg,0.1054327618047801,500
XGBoost_Target_Only,0.1098159991118531,100
KRR_Target_Only,0.55306137473632,100
NN_Target_Only,0.456827046943338,100
XGBoost_Pool,0.1044492648460989,100
KRR_Pool,0.3174485793647175,100
NN_Pool,0.207288218829115,100
XGBoost_TLCQM,0.1027620624398421,100
KRR_TLCQM,0.1778306692326059,100
NN_TLCQM,0.1162640018111671,100
XGBoost_Target_Only,0.1119719160131273,200
KRR_Target_Only,0.3968339700522761,200
NN_Target_Only,0.2478003078591297,200
XGBoost_Pool,0.1004401837850268,200
KRR_Pool,0.3885822579954887,200
NN_Pool,0.2132137924629261,200
XGBoost_TLCQM,0.0977390777179952,200
KRR_TLCQM,0.1757347657780967,200
NN_TLCQM,0.1134286567205819,200
XGBoost_Target_Only,0.1014793219526525,300
KRR_Target_Only,0.3256669579827278,300
NN_Target_Only,0.1913111609313144,300
XGBoost_Pool,0.0969725378395524,300
KRR_Pool,0.5045397572242352,300
NN_Pool,0.204402275477347,300
XGBoost_TLCQM,0.0955461514575989,300
KRR_TLCQM,0.1630302715627787,300
NN_TLCQM,0.1108246486207978,300
XGBoost_Target_Only,0.0917025793894589,500
KRR_Target_Only,0.2648650944767969,500
NN_Target_Only,0.1542135535759564,500
XGBoost_Pool,0.0932211009086452,500
KRR_Pool,0.7111473284173583,500
NN_Pool,0.2171819204839158,500
XGBoost_TLCQM,0.0936604208470295,500
KRR_TLCQM,0.1590173077108693,500
NN_TLCQM,0.1031440000107606,500
TKRR,1.8607032213313777,100
CDAR,5.662343147826685,100
DARC,25.37075258223953,100
VNCD_MDD,0.1626580051491437,100
M3SDA_Reg,0.1241977719138489,100
CMSS_Reg,0.1140170352505128,100
TKRR,1.8264057812222223,200
CDAR,5.354982069170276,200
DARC,30.363117100055817,200
VNCD_MDD,0.1592376439011195,200
M3SDA_Reg,0.1123373129037479,200
CMSS_Reg,0.110579145126026,200
TKRR,1.789978506284984,300
CDAR,5.307940064049097,300
DARC,30.52977311947919,300
VNCD_MDD,0.1383158492660659,300
M3SDA_Reg,0.1093840778664216,300
CMSS_Reg,0.1113751785838307,300
TKRR,1.746444036733045,500
CDAR,5.303763947446251,500
DARC,31.1588223849388,500
VNCD_MDD,0.1278123440629419,500
M3SDA_Reg,0.1090001136571156,500
CMSS_Reg,0.1025905888917925,500
XGBoost_Target_Only,0.1189685416845955,100
KRR_Target_Only,0.995084150065412,100
NN_Target_Only,0.4387565805568297,100
XGBoost_Pool,0.0999182777238978,100
KRR_Pool,0.3179503830398545,100
NN_Pool,0.2069389919044693,100
XGBoost_TLCQM,0.103923401431244,100
KRR_TLCQM,0.2134890322169504,100
NN_TLCQM,0.1142194598726895,100
XGBoost_Target_Only,0.1023027604571902,200
KRR_Target_Only,0.5593087465133346,200
NN_Target_Only,0.2865051267831432,200
XGBoost_Pool,0.1007410624463733,200
KRR_Pool,0.3896361361285602,200
NN_Pool,0.1830779765102123,200
XGBoost_TLCQM,0.1038280739423699,200
KRR_TLCQM,0.2326401743167112,200
NN_TLCQM,0.1126041573171026,200
XGBoost_Target_Only,0.0994338407208893,300
KRR_Target_Only,0.460609782359425,300
NN_Target_Only,0.1924338749101195,300
XGBoost_Pool,0.0989393035373782,300
KRR_Pool,0.5097814637604875,300
NN_Pool,0.1543452151949396,300
XGBoost_TLCQM,0.0993665435771551,300
KRR_TLCQM,0.2304684591164453,300
NN_TLCQM,0.1074868494703074,300
XGBoost_Target_Only,0.0970907316285406,500
KRR_Target_Only,0.446296854161705,500
NN_Target_Only,0.1975881921162778,500
XGBoost_Pool,0.0953146696715215,500
KRR_Pool,0.7192591665109966,500
NN_Pool,0.1476065614070018,500
XGBoost_TLCQM,0.098734559317605,500
KRR_TLCQM,0.204352379916159,500
NN_TLCQM,0.1052563081810016,500
TKRR,1.840746393343412,100
CDAR,5.724378894622941,100
DARC,38.04537754580984,100
VNCD_MDD,0.1529160372997923,100
M3SDA_Reg,0.1171919193806797,100
CMSS_Reg,0.1119616451825261,100
TKRR,1.869906111803944,200
CDAR,6.0403891993813845,200
DARC,21.010875780725183,200
VNCD_MDD,0.1397482698791254,200
M3SDA_Reg,0.1175433809043743,200
CMSS_Reg,0.1065621861495895,200
TKRR,1.840657360220218,300
CDAR,6.054169275031442,300
DARC,21.249820063054475,300
VNCD_MDD,0.1416042567894758,300
M3SDA_Reg,0.1179621567349022,300
CMSS_Reg,0.1065559585252981,300
TKRR,1.8781601792384448,500
CDAR,6.150783672702945,500
DARC,21.2619280312542,500
VNCD_MDD,0.134320482634227,500
M3SDA_Reg,0.1212631746135105,500
CMSS_Reg,0.1064067189245057,500
XGBoost_Target_Only,0.1150245827673285,100
KRR_Target_Only,1.7091271743455636,100
NN_Target_Only,0.8929691691626939,100
XGBoost_Pool,0.1006527876469263,100
KRR_Pool,0.3192087449684143,100
NN_Pool,0.2151015076060408,100
XGBoost_TLCQM,0.1081529569721999,100
KRR_TLCQM,0.2198948523276644,100
NN_TLCQM,0.129557559335069,100
XGBoost_Target_Only,0.1106218760209411,200
KRR_Target_Only,0.6520146952013686,200
NN_Target_Only,0.3679517490567881,200
XGBoost_Pool,0.0961382028158228,200
KRR_Pool,0.3889050675381459,200
NN_Pool,0.2457327723765006,200
XGBoost_TLCQM,0.1069410306986754,200
KRR_TLCQM,0.2095181874949813,200
NN_TLCQM,0.1217401400167473,200
XGBoost_Target_Only,0.0992286125864982,300
KRR_Target_Only,0.4212748752197761,300
NN_Target_Only,0.1935950452134247,300
XGBoost_Pool,0.0953352728739425,300
KRR_Pool,0.5086122367157071,300
NN_Pool,0.2559168033104884,300
XGBoost_TLCQM,0.1061403806513689,300
KRR_TLCQM,0.206699635721327,300
NN_TLCQM,0.11592636954566,300
XGBoost_Target_Only,0.0959944941232646,500
KRR_Target_Only,0.3096771111606017,500
NN_Target_Only,0.1434180562891778,500
XGBoost_Pool,0.096748704841992,500
KRR_Pool,0.7141965772758923,500
NN_Pool,0.2119489382786669,500
XGBoost_TLCQM,0.103056133404936,500
KRR_TLCQM,0.1889645260795576,500
NN_TLCQM,0.1111093935359627,500
TKRR,1.945220517532668,100
CDAR,5.647902866588009,100
DARC,30.424825064795403,100
VNCD_MDD,0.1605081247246788,100
M3SDA_Reg,0.1108380262976461,100
CMSS_Reg,0.1169940999689795,100
TKRR,1.904768813344034,200
CDAR,5.209347050369242,200
DARC,31.685956147568845,200
VNCD_MDD,0.1827162308082048,200
M3SDA_Reg,0.1069085470219323,200
CMSS_Reg,0.1093853084444557,200
TKRR,1.9037301611764703,300
CDAR,5.211381861778344,300
DARC,30.92604237638747,300
VNCD_MDD,0.1277779658017442,300
M3SDA_Reg,0.1095463044652488,300
CMSS_Reg,0.1073899375264554,300
TKRR,1.904809950395575,500
CDAR,5.139343565687778,500
DARC,30.768881908137693,500
VNCD_MDD,0.1279578044229294,500
M3SDA_Reg,0.1135738049495636,500
CMSS_Reg,0.10628876678241,500
XGBoost_Target_Only,0.114362354551175,100
KRR_Target_Only,0.9818529757945564,100
NN_Target_Only,0.6017396442202508,100
XGBoost_Pool,0.1011101683360731,100
KRR_Pool,0.31932575001504,100
NN_Pool,0.1983745529047169,100
XGBoost_TLCQM,0.0998293691934939,100
KRR_TLCQM,0.2810312839340404,100
NN_TLCQM,0.1304327086972202,100
XGBoost_Target_Only,0.1049567603005681,200
KRR_Target_Only,0.8253591523273048,200
NN_Target_Only,0.4593163015753652,200
XGBoost_Pool,0.0992807143441546,200
KRR_Pool,0.3916902159761905,200
NN_Pool,0.1840672232620522,200
XGBoost_TLCQM,0.1008378070110107,200
KRR_TLCQM,0.2732173619234809,200
NN_TLCQM,0.1184685889270527,200
XGBoost_Target_Only,0.104068376842222,300
KRR_Target_Only,0.6159908443990113,300
NN_Target_Only,0.2863294827933914,300
XGBoost_Pool,0.0980648228542382,300
KRR_Pool,0.5122668282455978,300
NN_Pool,0.1931620443377288,300
XGBoost_TLCQM,0.1002810560971713,300
KRR_TLCQM,0.2162031135193832,300
NN_TLCQM,0.1152979128286416,300
XGBoost_Target_Only,0.0981936967811157,500
KRR_Target_Only,0.4528401496562213,500
NN_Target_Only,0.1603519196055569,500
XGBoost_Pool,0.0955807810555569,500
KRR_Pool,0.7171913481763715,500
NN_Pool,0.1490173837300928,500
XGBoost_TLCQM,0.0992715975165743,500
KRR_TLCQM,0.2020382261310634,500
NN_TLCQM,0.1077644509563834,500
TKRR,1.8703349714296027,100
CDAR,5.7645329629018285,100
DARC,29.934215991560784,100
VNCD_MDD,0.1813082484553851,100
M3SDA_Reg,0.108762548764788,100
CMSS_Reg,0.1102112927038041,100
TKRR,2.0666925174718256,200
CDAR,5.613529984564247,200
DARC,30.44557223842879,200
VNCD_MDD,0.1517941402235816,200
M3SDA_Reg,0.1174852895080652,200
CMSS_Reg,0.1068752816418323,200
TKRR,1.8960572884183544,300
CDAR,5.560827909738154,300
DARC,30.368972700254208,300
VNCD_MDD,0.1323915637146292,300
M3SDA_Reg,0.1139616790904865,300
CMSS_Reg,0.1007399090146409,300
TKRR,1.8519296352537025,500
CDAR,5.494734412612583,500
DARC,28.557338343240502,500
VNCD_MDD,0.1333019126363687,500
M3SDA_Reg,0.120388021638277,500
CMSS_Reg,0.1020158053293818,500
XGBoost_Target_Only,0.1094027153595674,100
KRR_Target_Only,0.7308523244626882,100
NN_Target_Only,0.4504679540569983,100
XGBoost_Pool,0.0977148872976369,100
KRR_Pool,0.3180248496580326,100
NN_Pool,0.1967215100831698,100
XGBoost_TLCQM,0.1068342859488522,100
KRR_TLCQM,0.2172915658459201,100
NN_TLCQM,0.1232873905956197,100
XGBoost_Target_Only,0.1003144839208612,200
KRR_Target_Only,0.3968255960094512,200
NN_Target_Only,0.2450997444896466,200
XGBoost_Pool,0.0982748759421269,200
KRR_Pool,0.3882960374519889,200
NN_Pool,0.191329518504148,200
XGBoost_TLCQM,0.1009240302627685,200
KRR_TLCQM,0.1798030481901,200
NN_TLCQM,0.1144174808567111,200
XGBoost_Target_Only,0.1009544263198293,300
KRR_Target_Only,0.3899391870745799,300
NN_Target_Only,0.2162995554184625,300
XGBoost_Pool,0.0987441340056392,300
KRR_Pool,0.5081921921686883,300
NN_Pool,0.1607313454215895,300
XGBoost_TLCQM,0.1001997412705607,300
KRR_TLCQM,0.1799977408011098,300
NN_TLCQM,0.1145150171805865,300
XGBoost_Target_Only,0.096434284835328,500
KRR_Target_Only,0.3163317299212727,500
NN_Target_Only,0.1522723169600994,500
XGBoost_Pool,0.0973956582101797,500
KRR_Pool,0.7125497031465743,500
NN_Pool,0.1258438750199697,500
XGBoost_TLCQM,0.1005608693748313,500
KRR_TLCQM,0.1787673166076916,500
NN_TLCQM,0.1091153470715605,500
TKRR,1.8965612678863235,100
CDAR,5.305661344779553,100
DARC,34.7664270566313,100
VNCD_MDD,0.1759848692557316,100
M3SDA_Reg,0.1193609536294814,100
CMSS_Reg,0.1124775613654539,100
TKRR,1.9113048526966407,200
CDAR,5.413076998084038,200
DARC,20.28445354490477,200
VNCD_MDD,0.1617135272299184,200
M3SDA_Reg,0.1219158307025981,200
CMSS_Reg,0.1084496162515656,200
TKRR,1.8914427261365028,300
CDAR,5.351167608133095,300
DARC,20.46858302320293,300
VNCD_MDD,0.1321043125635414,300
M3SDA_Reg,0.119349395851436,300
CMSS_Reg,0.1057050788585804,300
TKRR,1.871611363483619,500
CDAR,5.344542971475446,500
DARC,20.3014181601386,500
VNCD_MDD,0.1342574945250978,500
M3SDA_Reg,0.1228316999813498,500
CMSS_Reg,0.1033450405672073,500
XGBoost_Target_Only,0.1207714881383149,100
KRR_Target_Only,1.2327003662909015,100
NN_Target_Only,0.4268710527801513,100
XGBoost_Pool,0.1018249189015979,100
KRR_Pool,0.3186730956245787,100
NN_Pool,0.1976352079123955,100
XGBoost_TLCQM,0.1027329096143837,100
KRR_TLCQM,0.2091383073673736,100
NN_TLCQM,0.1289231067911582,100
XGBoost_Target_Only,0.098429122693019,200
KRR_Target_Only,0.5023637868842225,200
NN_Target_Only,0.2653026559082701,200
XGBoost_Pool,0.0964419870223971,200
KRR_Pool,0.3850258867398879,200
NN_Pool,0.1862250992421018,200
XGBoost_TLCQM,0.1034426054087899,200
KRR_TLCQM,0.1768267964159233,200
NN_TLCQM,0.1159220244979965,200
XGBoost_Target_Only,0.0947011652845326,300
KRR_Target_Only,0.4519266915490655,300
NN_Target_Only,0.2042908150104595,300
XGBoost_Pool,0.0954676332934164,300
KRR_Pool,0.5034888463828443,300
NN_Pool,0.1873636087391022,300
XGBoost_TLCQM,0.1023650181599933,300
KRR_TLCQM,0.180629897861116,300
NN_TLCQM,0.1138890347825416,300
XGBoost_Target_Only,0.0964351914738496,500
KRR_Target_Only,0.3348986906210094,500
NN_Target_Only,0.1639866422868202,500
XGBoost_Pool,0.0926628183185408,500
KRR_Pool,0.7139609322749481,500
NN_Pool,0.2104013386904114,500
XGBoost_TLCQM,0.1007766193401672,500
KRR_TLCQM,0.1788798353296029,500
NN_TLCQM,0.1066466458264524,500
TKRR,1.8995968703600152,100
CDAR,5.608959776105312,100
DARC,24.546286948760983,100
VNCD_MDD,0.1745306296005614,100
M3SDA_Reg,0.120897093627412,100
CMSS_Reg,0.1188438702696369,100
TKRR,1.839692814239291,200
CDAR,6.138319081089117,200
DARC,25.74339594492369,200
VNCD_MDD,0.1443495096051752,200
M3SDA_Reg,0.1200010082852169,200
CMSS_Reg,0.1081680158836882,200
TKRR,2.019419318084696,300
CDAR,6.080360231451063,300
DARC,24.106750606806006,300
VNCD_MDD,0.1309169495006742,300
M3SDA_Reg,0.1211704092843589,300
CMSS_Reg,0.1075023126450516,300
TKRR,1.7326348774515905,500
CDAR,6.077386056433847,500
DARC,27.940865568886363,500
VNCD_MDD,0.1412337633771906,500
M3SDA_Reg,0.1196789054649297,500
CMSS_Reg,0.101714561607231,500
XGBoost_Target_Only,0.1147696083029758,100
KRR_Target_Only,0.7808636135963152,100
NN_Target_Only,0.4474285008925288,100
XGBoost_Pool,0.101436850486981,100
KRR_Pool,0.3188826051486794,100
NN_Pool,0.1892075318113638,100
XGBoost_TLCQM,0.1028340843468959,100
KRR_TLCQM,0.2102953168811978,100
NN_TLCQM,0.1107278380851046,100
XGBoost_Target_Only,0.1037014208665015,200
KRR_Target_Only,0.4999132523180376,200
NN_Target_Only,0.2495453010057476,200
XGBoost_Pool,0.0999671234463375,200
KRR_Pool,0.3915007415570667,200
NN_Pool,0.1947615819804005,200
XGBoost_TLCQM,0.1067357609247671,200
KRR_TLCQM,0.2159075830116454,200
NN_TLCQM,0.1189240607473144,200
XGBoost_Target_Only,0.1033355127170949,300
KRR_Target_Only,0.4303234762480113,300
NN_Target_Only,0.2077728330864329,300
XGBoost_Pool,0.0995694165642337,300
KRR_Pool,0.5089266433039569,300
NN_Pool,0.188344714407236,300
XGBoost_TLCQM,0.1065422335927724,300
KRR_TLCQM,0.1788205721032866,300
NN_TLCQM,0.1139875495279445,300
XGBoost_Target_Only,0.1005106966302508,500
KRR_Target_Only,0.3833552352395104,500
NN_Target_Only,0.1678567819783587,500
XGBoost_Pool,0.0979303923454645,500
KRR_Pool,0.7147916934652406,500
NN_Pool,0.1565213904973614,500
XGBoost_TLCQM,0.1059845187381211,500
KRR_TLCQM,0.1724790521168079,500
NN_TLCQM,0.1080969329875048,500
TKRR,1.8670913009716463,100
CDAR,5.9939958881787625,100
DARC,40.22929660543055,100
VNCD_MDD,0.1651467183607357,100
M3SDA_Reg,0.119046967021751,100
CMSS_Reg,0.1203716580647649,100
TKRR,1.9598050977722823,200
CDAR,5.8806009036562665,200
DARC,39.43588876146297,200
VNCD_MDD,0.1527301302445307,200
M3SDA_Reg,0.1164134478773316,200
CMSS_Reg,0.1170098501366696,200
TKRR,1.9825531031646384,300
CDAR,5.863185568174094,300
DARC,39.65784028583688,300
VNCD_MDD,0.130504532731901,300
M3SDA_Reg,0.1137681253789706,300
CMSS_Reg,0.1132608531371709,300
TKRR,1.9129621275672943,500
CDAR,5.922325165455751,500
DARC,39.46626904394364,500
VNCD_MDD,0.1692017632785557,500
M3SDA_Reg,0.1229121007874528,500
CMSS_Reg,0.1045538895511145,500
XGBoost_Target_Only,0.1192552517692504,100
KRR_Target_Only,1.044144341157658,100
NN_Target_Only,0.5717931429883482,100
XGBoost_Pool,0.1026638461853635,100
KRR_Pool,0.3192592432206306,100
NN_Pool,0.1972413834968071,100
XGBoost_TLCQM,0.1057142684936605,100
KRR_TLCQM,0.2352400533988545,100
NN_TLCQM,0.1272207430918043,100
XGBoost_Target_Only,0.1027569705709212,200
KRR_Target_Only,0.5062528322404678,200
NN_Target_Only,0.2319698646497448,200
XGBoost_Pool,0.0996634669020678,200
KRR_Pool,0.3883460383350079,200
NN_Pool,0.1977011645155096,200
XGBoost_TLCQM,0.0992507735312049,200
KRR_TLCQM,0.2085613884488447,200
NN_TLCQM,0.1121136687986423,200
XGBoost_Target_Only,0.0972508944580346,300
KRR_Target_Only,0.3898077821015256,300
NN_Target_Only,0.1634463152844259,300
XGBoost_Pool,0.0974046361160071,300
KRR_Pool,0.4996392576272838,300
NN_Pool,0.1957070960431705,300
XGBoost_TLCQM,0.0979922261970664,300
KRR_TLCQM,0.2121861146862261,300
NN_TLCQM,0.1072301845155544,300
XGBoost_Target_Only,0.0918815912077629,500
KRR_Target_Only,0.3938976690810918,500
NN_Target_Only,0.1505595262833974,500
XGBoost_Pool,0.0949191239099542,500
KRR_Pool,0.707803487794025,500
NN_Pool,0.1827375297344229,500
XGBoost_TLCQM,0.0992350036210295,500
KRR_TLCQM,0.2083884706450695,500
NN_TLCQM,0.1057328737584158,500
TKRR,1.887569112215308,100
CDAR,6.014472440540319,100
DARC,39.18415064947999,100
VNCD_MDD,0.170240446909662,100
M3SDA_Reg,0.1150661302230619,100
CMSS_Reg,0.1149047503024414,100
TKRR,1.866892224530275,200
CDAR,5.849427205465575,200
DARC,38.15357827166631,200
VNCD_MDD,0.1638634109814151,200
M3SDA_Reg,0.1132030850558623,200
CMSS_Reg,0.1100531256128669,200
TKRR,1.8896952658302844,300
CDAR,5.826950546517946,300
DARC,36.93027028958548,300
VNCD_MDD,0.1224597840328391,300
M3SDA_Reg,0.1162376352337524,300
CMSS_Reg,0.1085920687639994,300
TKRR,1.918199535027932,500
CDAR,5.840278980142702,500
DARC,37.414792224860825,500
VNCD_MDD,0.1249858061514532,500
M3SDA_Reg,0.1092418131237212,500
CMSS_Reg,0.1037859955444937,500
XGBoost_Target_Only,0.130691910407135,100
KRR_Target_Only,1.1391769213886505,100
NN_Target_Only,0.6584446641147208,100
XGBoost_Pool,0.0989408521464672,100
KRR_Pool,0.3160233594442991,100
NN_Pool,0.1933366631575904,100
XGBoost_TLCQM,0.1060569121740184,100
KRR_TLCQM,0.1976342701997943,100
NN_TLCQM,0.1149985596931913,100
XGBoost_Target_Only,0.1174592503708366,200
KRR_Target_Only,0.5596213635070979,200
NN_Target_Only,0.3093172632975611,200
XGBoost_Pool,0.1006440646702096,200
KRR_Pool,0.3880669854883796,200
NN_Pool,0.2041862837501641,200
XGBoost_TLCQM,0.0993078941386432,200
KRR_TLCQM,0.2002873344065092,200
NN_TLCQM,0.1114004491055132,200
XGBoost_Target_Only,0.1050001714129338,300
KRR_Target_Only,0.430018386337974,300
NN_Target_Only,0.2027815966650542,300
XGBoost_Pool,0.0987828132056531,300
KRR_Pool,0.5053448597023662,300
NN_Pool,0.1934900226779453,300
XGBoost_TLCQM,0.1018148429518102,300
KRR_TLCQM,0.1942333069075433,300
NN_TLCQM,0.1092410094313723,300
XGBoost_Target_Only,0.0961135181285399,500
KRR_Target_Only,0.2762523181003223,500
NN_Target_Only,0.1556620806789896,500
XGBoost_Pool,0.0963273100901405,500
KRR_Pool,0.7008449924854719,500
NN_Pool,0.2344950821058027,500
XGBoost_TLCQM,0.0979656012193788,500
KRR_TLCQM,0.1570062539946597,500
NN_TLCQM,0.1041446650776146,500
TKRR,1.9023752776499612,100
CDAR,5.966651046270587,100
DARC,28.521362819277364,100
VNCD_MDD,0.1834596473491305,100
M3SDA_Reg,0.1233154926927711,100
CMSS_Reg,0.125553209214115,100
TKRR,1.8469793019046643,200
CDAR,6.27719953943069,200
DARC,26.8951859976992,200
VNCD_MDD,0.1645414321979623,200
M3SDA_Reg,0.1260050891949683,200
CMSS_Reg,0.1210267860577205,200
TKRR,1.7914606872853056,300
CDAR,6.246110547941799,300
DARC,26.823973392279918,300
VNCD_MDD,0.1395818824349217,300
M3SDA_Reg,0.1368395473593782,300
CMSS_Reg,0.1178772694036024,300
TKRR,1.809263449439664,500
CDAR,6.237791490823239,500
DARC,27.071773558268983,500
VNCD_MDD,0.1321255728385507,500
M3SDA_Reg,0.1232934193586068,500
CMSS_Reg,0.1106459479061241,500
XGBoost_Target_Only,0.1102237381897783,100
KRR_Target_Only,0.5852176761855602,100
NN_Target_Only,0.3154990674992519,100
XGBoost_Pool,0.1021515244438059,100
KRR_Pool,0.3138027628514606,100
NN_Pool,0.2119068018503189,100
XGBoost_TLCQM,0.1025177160594336,100
KRR_TLCQM,0.1919388771134433,100
NN_TLCQM,0.1291089637086911,100
XGBoost_Target_Only,0.1019117523532479,200
KRR_Target_Only,0.4434481660350799,200
NN_Target_Only,0.2511952685701265,200
XGBoost_Pool,0.0997957169048422,200
KRR_Pool,0.3834462300016055,200
NN_Pool,0.1795475964513281,200
XGBoost_TLCQM,0.1003467576239802,200
KRR_TLCQM,0.1915558501382128,200
NN_TLCQM,0.1130097290929742,200
XGBoost_Target_Only,0.1028658435858242,300
KRR_Target_Only,0.4005881073023082,300
NN_Target_Only,0.1975223826382171,300
XGBoost_Pool,0.099984779853572,300
KRR_Pool,0.5023614690720662,300
NN_Pool,0.1862479876063555,300
XGBoost_TLCQM,0.1007060167360069,300
KRR_TLCQM,0.1967613984291774,300
NN_TLCQM,0.1234730843036605,300
XGBoost_Target_Only,0.0965650637988244,500
KRR_Target_Only,0.3166811098013852,500
NN_Target_Only,0.1583532210423957,500
XGBoost_Pool,0.0971484951701768,500
KRR_Pool,0.7071209935552183,500
NN_Pool,0.1944977199497722,500
XGBoost_TLCQM,0.0999659500814039,500
KRR_TLCQM,0.1914690454708654,500
NN_TLCQM,0.1118859786175549,500
TKRR,1.8616379187573844,100
CDAR,5.48448767239566,100
DARC,34.89990842997611,100
VNCD_MDD,0.1633400288246879,100
M3SDA_Reg,0.121828222848513,100
CMSS_Reg,0.1056046079815955,100
TKRR,1.8720870281760489,200
CDAR,5.248631841154011,200
DARC,28.680096022946195,200
VNCD_MDD,0.1718457979711108,200
M3SDA_Reg,0.1217012465470396,200
CMSS_Reg,0.1027979115461437,200
TKRR,1.8329008966353035,300
CDAR,5.208567492401858,300
DARC,29.18310759627763,300
VNCD_MDD,0.1471981287430792,300
M3SDA_Reg,0.1135041407672647,300
CMSS_Reg,0.1017867978901809,300
TKRR,1.8050540895361504,500
CDAR,5.223408259975305,500
DARC,28.93655909754926,500
VNCD_MDD,0.1213941256370008,500
M3SDA_Reg,0.1242684984589026,500
CMSS_Reg,0.0984588717890875,500
XGBoost_Target_Only,0.1197349044558499,100
KRR_Target_Only,1.2789407708392253,100
NN_Target_Only,0.8063251064198309,100
XGBoost_Pool,0.1029229455349225,100
KRR_Pool,0.318571400742157,100
NN_Pool,0.2059322837425684,100
XGBoost_TLCQM,0.1043751713863524,100
KRR_TLCQM,0.1957855431935155,100
NN_TLCQM,0.1135112063552394,100
XGBoost_Target_Only,0.105769263830025,200
KRR_Target_Only,0.6644724871715353,200
NN_Target_Only,0.4724289252626534,200
XGBoost_Pool,0.0980140826152574,200
KRR_Pool,0.3897322951237027,200
NN_Pool,0.1942024338468533,200
XGBoost_TLCQM,0.1010211690360805,200
KRR_TLCQM,0.2122233556020567,200
NN_TLCQM,0.1057199746392436,200
XGBoost_Target_Only,0.1043039191902763,300
KRR_Target_Only,0.5071271344078971,300
NN_Target_Only,0.2578005721655699,300
XGBoost_Pool,0.0977435468587178,300
KRR_Pool,0.510670827367148,300
NN_Pool,0.198194897533851,300
XGBoost_TLCQM,0.1030897157931006,300
KRR_TLCQM,0.200152949902922,300
NN_TLCQM,0.10651023855995,300
XGBoost_Target_Only,0.103233054882365,500
KRR_Target_Only,0.4746806351835855,500
NN_Target_Only,0.1782122819160733,500
XGBoost_Pool,0.0992708785555215,500
KRR_Pool,0.7172958706927567,500
NN_Pool,0.2062177866718938,500
XGBoost_TLCQM,0.103393520165572,500
KRR_TLCQM,0.2044759591852355,500
NN_TLCQM,0.1102812435294869,500
TKRR,1.9427756330596364,100
CDAR,6.768173233518832,100
DARC,25.790780005617183,100
VNCD_MDD,0.1607699607689189,100
M3SDA_Reg,0.1119570506513655,100
CMSS_Reg,0.1323470890448984,100
TKRR,1.899739293675526,200
CDAR,6.530722307186332,200
DARC,27.02724934454311,200
VNCD_MDD,0.1441000584108085,200
M3SDA_Reg,0.1093640817347322,200
CMSS_Reg,0.1135994988225981,200
TKRR,1.83870192152085,300
CDAR,6.475945794555012,300
DARC,27.41293912680767,300
VNCD_MDD,0.1361949890782021,300
M3SDA_Reg,0.1147831798589481,300
CMSS_Reg,0.1130654201838759,300
TKRR,1.817559756743564,500
CDAR,6.579886913417591,500
DARC,27.660239826922798,500
VNCD_MDD,0.1327099038339,500
M3SDA_Reg,0.1217543029302586,500
CMSS_Reg,0.1070610751382671,500
XGBoost_Target_Only,0.1189891335067247,100
KRR_Target_Only,0.8552523405588744,100
NN_Target_Only,0.801818891717187,100
XGBoost_Pool,0.1009132245456018,100
KRR_Pool,0.3186233823672111,100
NN_Pool,0.1956581542660749,100
XGBoost_TLCQM,0.1051616576496911,100
KRR_TLCQM,0.2057388863991507,100
NN_TLCQM,0.1194941643936972,100
XGBoost_Target_Only,0.1053648321132818,200
KRR_Target_Only,0.475032225965028,200
NN_Target_Only,0.3031377386623765,200
XGBoost_Pool,0.0989197513655728,200
KRR_Pool,0.3865331155898577,200
NN_Pool,0.1785289457452578,200
XGBoost_TLCQM,0.10420566338235,200
KRR_TLCQM,0.1776729302285218,200
NN_TLCQM,0.1183017041602345,200
XGBoost_Target_Only,0.1021029284483803,300
KRR_Target_Only,0.402545816717082,300
NN_Target_Only,0.2325328772871335,300
XGBoost_Pool,0.098496672055371,300
KRR_Pool,0.5045858080506599,300
NN_Pool,0.2102314652997721,300
XGBoost_TLCQM,0.1034271089824565,300
KRR_TLCQM,0.20920037085958,300
NN_TLCQM,0.1222190684128976,300
XGBoost_Target_Only,0.0943695091409417,500
KRR_Target_Only,0.2886111092038,500
NN_Target_Only,0.15914113452827,500
XGBoost_Pool,0.0957391313891309,500
KRR_Pool,0.7061601623218892,500
NN_Pool,0.2283860643666003,500
XGBoost_TLCQM,0.0978041636089912,500
KRR_TLCQM,0.1914683132171345,500
NN_TLCQM,0.1049651207675742,500
TKRR,1.878954720804644,100
CDAR,5.667005393025635,100
DARC,27.218336078563134,100
VNCD_MDD,0.1693332842401186,100
M3SDA_Reg,0.1165469274652173,100
CMSS_Reg,0.1165605864849591,100
TKRR,1.8700157786437024,200
CDAR,5.280800672988727,200
DARC,31.86344669965508,200
VNCD_MDD,0.1291434055401069,200
M3SDA_Reg,0.1199507877958551,200
CMSS_Reg,0.1178510403501176,200
TKRR,1.8778092746067057,300
CDAR,5.251988529888604,300
DARC,31.98749697578646,300
VNCD_MDD,0.1195613723761168,300
M3SDA_Reg,0.1179045140927492,300
CMSS_Reg,0.1093079649134114,300
TKRR,1.8078260245318785,500
CDAR,5.19785393070261,500
DARC,32.098737447222184,500
VNCD_MDD,0.1151821363105013,500
M3SDA_Reg,0.1188734131088852,500
CMSS_Reg,0.1030534051754001,500
XGBoost_Target_Only,0.1231628295046396,100
KRR_Target_Only,0.6180475494277802,100
NN_Target_Only,0.4087495213241441,100
XGBoost_Pool,0.1013355530957485,100
KRR_Pool,0.3172974137425265,100
NN_Pool,0.2009932109648537,100
XGBoost_TLCQM,0.1073183682497541,100
KRR_TLCQM,0.1787864548837447,100
NN_TLCQM,0.1137446299027556,100
XGBoost_Target_Only,0.1044115484613822,200
KRR_Target_Only,0.5224169091331423,200
NN_Target_Only,0.3417894866272714,200
XGBoost_Pool,0.0997195343532736,200
KRR_Pool,0.3872799251156452,200
NN_Pool,0.2227126057002,200
XGBoost_TLCQM,0.1046169936684977,200
KRR_TLCQM,0.1806701516042884,200
NN_TLCQM,0.1138117453101042,200
XGBoost_Target_Only,0.0995590627031163,300
KRR_Target_Only,0.4499430322191162,300
NN_Target_Only,0.1889469622096531,300
XGBoost_Pool,0.0973292644634218,300
KRR_Pool,0.5060262887860607,300
NN_Pool,0.2071348180621622,300
XGBoost_TLCQM,0.1024894768035374,300
KRR_TLCQM,0.1791911660049028,300
NN_TLCQM,0.1150074913907828,300
XGBoost_Target_Only,0.0965692264876021,500
KRR_Target_Only,0.3169346188801912,500
NN_Target_Only,0.13583485982922,500
XGBoost_Pool,0.0957544935813842,500
KRR_Pool,0.711773066780905,500
NN_Pool,0.2412453237057393,500
XGBoost_TLCQM,0.0981831955737958,500
KRR_TLCQM,0.1705002451382507,500
NN_TLCQM,0.1022919741010573,500
TKRR,1.9646476525828216,100
CDAR,5.918806956359643,100
DARC,31.08588469473689,100
VNCD_MDD,0.1784610674720369,100
M3SDA_Reg,0.1247154698864017,100
CMSS_Reg,0.1192267403338477,100
TKRR,2.024412016199648,200
CDAR,6.138216589529153,200
DARC,25.94475443579635,200
VNCD_MDD,0.1506125503005564,200
M3SDA_Reg,0.1158732865257612,200
CMSS_Reg,0.1127654819594074,200
TKRR,1.856935111452486,300
CDAR,6.192424363405769,300
DARC,26.30069381992757,300
VNCD_MDD,0.1452816399023762,300
M3SDA_Reg,0.1183959178042139,300
CMSS_Reg,0.1105805235138274,300
TKRR,1.8031419728419755,500
CDAR,6.128846043117051,500
DARC,25.780542696619012,500
VNCD_MDD,0.1362118234392786,500
M3SDA_Reg,0.1259552302623055,500
CMSS_Reg,0.106964378006006,500
XGBoost_Target_Only,0.1029879960828854,100
KRR_Target_Only,0.456412875919446,100
NN_Target_Only,0.42712152658158,100
XGBoost_Pool,0.1002741285934559,100
KRR_Pool,0.2984940718887348,100
NN_Pool,0.217457824551858,100
XGBoost_TLCQM,0.1056317419464907,100
KRR_TLCQM,0.1708481633173636,100
NN_TLCQM,0.1223029378129411,100
XGBoost_Target_Only,0.1017472428782454,200
KRR_Target_Only,0.3778717699410711,200
NN_Target_Only,0.1938082856589027,200
XGBoost_Pool,0.0990739625255813,200
KRR_Pool,0.368439452945134,200
NN_Pool,0.1881494966224557,200
XGBoost_TLCQM,0.1036655238126214,200
KRR_TLCQM,0.181132573404101,200
NN_TLCQM,0.1109008002895033,200
XGBoost_Target_Only,0.0965044409431918,300
KRR_Target_Only,0.3751410224206565,300
NN_Target_Only,0.1442252176059535,300
XGBoost_Pool,0.0977710650673026,300
KRR_Pool,0.4881132800696021,300
NN_Pool,0.1986712170135779,300
XGBoost_TLCQM,0.0974594681651874,300
KRR_TLCQM,0.1817780853250545,300
NN_TLCQM,0.105439929757345,300
XGBoost_Target_Only,0.0922338768315114,500
KRR_Target_Only,0.3025645665960816,500
NN_Target_Only,0.1563418204350417,500
XGBoost_Pool,0.0960807718149306,500
KRR_Pool,0.6932869854222391,500
NN_Pool,0.2160866492395939,500
XGBoost_TLCQM,0.0980982168695577,500
KRR_TLCQM,0.1709987733564388,500
NN_TLCQM,0.1058505058569211,500
TKRR,1.8201318836867688,100
CDAR,7.6478180811949,100
DARC,29.42213057318297,100
VNCD_MDD,0.1622190558498817,100
M3SDA_Reg,0.1300882313882369,100
CMSS_Reg,0.108857515642903,100
TKRR,1.9011649247541085,200
CDAR,6.613299209658687,200
DARC,30.455248930193022,200
VNCD_MDD,0.1578232572339516,200
M3SDA_Reg,0.1220609203354249,200
CMSS_Reg,0.1147179827137721,200
TKRR,1.843858899738108,300
CDAR,5.839883336563927,300
DARC,31.37649929708341,300
VNCD_MDD,0.1516248035402103,300
M3SDA_Reg,0.1178556162313246,300
CMSS_Reg,0.1080420488854954,300
TKRR,1.81239450750861,500
CDAR,5.460320210746909,500
DARC,30.514445226712706,500
VNCD_MDD,0.1430869924172275,500
M3SDA_Reg,0.1143939894562482,500
CMSS_Reg,0.1018997063139929,500
XGBoost_Target_Only,0.1038658812007974,100
KRR_Target_Only,0.5879706742601297,100
NN_Target_Only,0.4935966797609347,100
XGBoost_Pool,0.1010141081275179,100
KRR_Pool,0.3085913378664617,100
NN_Pool,0.212632758508894,100
XGBoost_TLCQM,0.0995075023219525,100
KRR_TLCQM,0.2187674691325037,100
NN_TLCQM,0.11926261347474,100
XGBoost_Target_Only,0.1011830808783504,200
KRR_Target_Only,0.4782751319060679,200
NN_Target_Only,0.342296760423692,200
XGBoost_Pool,0.0991086048409294,200
KRR_Pool,0.378744264876057,200
NN_Pool,0.2189202990479623,200
XGBoost_TLCQM,0.098730087644924,200
KRR_TLCQM,0.1598318623084604,200
NN_TLCQM,0.1216705895009362,200
XGBoost_Target_Only,0.0984745702911577,300
KRR_Target_Only,0.3898919448573799,300
NN_Target_Only,0.2314716225868177,300
XGBoost_Pool,0.0976581957294044,300
KRR_Pool,0.497058917019033,300
NN_Pool,0.181776075132534,300
XGBoost_TLCQM,0.0990113222482462,300
KRR_TLCQM,0.1623053606322653,300
NN_TLCQM,0.1141793584723736,300
XGBoost_Target_Only,0.0961867564447524,500
KRR_Target_Only,0.2757146787963433,500
NN_Target_Only,0.1455002770457086,500
XGBoost_Pool,0.096888972774919,500
KRR_Pool,0.699227556171702,500
NN_Pool,0.2147709104709714,500
XGBoost_TLCQM,0.098672296455606,500
KRR_TLCQM,0.1518615858582079,500
NN_TLCQM,0.1103975484544462,500
TKRR,1.866961046100844,100
CDAR,6.567860625340789,100
DARC,34.63951247926248,100
VNCD_MDD,0.1823142042138038,100
M3SDA_Reg,0.1225822400605416,100
CMSS_Reg,0.1182430135426109,100
TKRR,1.8890709174108635,200
CDAR,5.915501348974279,200
DARC,42.842624829080656,200
VNCD_MDD,0.1600535538181788,200
M3SDA_Reg,0.1146683291055122,200
CMSS_Reg,0.1113557782768474,200
TKRR,1.8155574916255532,300
CDAR,5.867554232645089,300
DARC,43.390264439806586,300
VNCD_MDD,0.1568461313898687,300
M3SDA_Reg,0.1198803186480333,300
CMSS_Reg,0.1050024191085177,300
TKRR,1.7723722911795858,500
CDAR,5.778243381604073,500
DARC,43.03993262046884,500
VNCD_MDD,0.1607532504480222,500
M3SDA_Reg,0.1209472832675964,500
CMSS_Reg,0.1029099241491722,500
XGBoost_Target_Only,0.1260905527136099,100
KRR_Target_Only,1.4312971287535987,100
NN_Target_Only,1.0131712256254974,100
XGBoost_Pool,0.0993959813827985,100
KRR_Pool,0.3181108443055935,100
NN_Pool,0.1985606452358608,100
XGBoost_TLCQM,0.101142508514492,100
KRR_TLCQM,0.1919656031131199,100
NN_TLCQM,0.132849127216675,100
XGBoost_Target_Only,0.1157223641976954,200
KRR_Target_Only,0.98267489577666,200
NN_Target_Only,0.8053413951291687,200
XGBoost_Pool,0.1007432744684967,200
KRR_Pool,0.3911888704864312,200
NN_Pool,0.1801681314771175,200
XGBoost_TLCQM,0.1004466349069282,200
KRR_TLCQM,0.1974610745879541,200
NN_TLCQM,0.1209375794251309,200
XGBoost_Target_Only,0.102902782035644,300
KRR_Target_Only,0.7299068076228646,300
NN_Target_Only,0.3073984472189869,300
XGBoost_Pool,0.099240466228506,300
KRR_Pool,0.5085815996334786,300
NN_Pool,0.1698611030537925,300
XGBoost_TLCQM,0.0991910014131733,300
KRR_TLCQM,0.2044380596007156,300
NN_TLCQM,0.1179747529599251,300
XGBoost_Target_Only,0.0953200377465561,500
KRR_Target_Only,0.4974762324390724,500
NN_Target_Only,0.2078093408824004,500
XGBoost_Pool,0.0946621210907557,500
KRR_Pool,0.7159935530672757,500
NN_Pool,0.1255997799861721,500
XGBoost_TLCQM,0.0993256197828438,500
KRR_TLCQM,0.2095895471394237,500
NN_TLCQM,0.1102253974453902,500
TKRR,1.9595700040110176,100
CDAR,5.655150689122163,100
DARC,35.53110201193319,100
VNCD_MDD,0.152661643888477,100
M3SDA_Reg,0.1202399823292016,100
CMSS_Reg,0.1156992866749292,100
TKRR,1.934556174317137,200
CDAR,56.4427359770564,200
DARC,27.097046086702875,200
VNCD_MDD,0.1553823049887092,200
M3SDA_Reg,0.1110555038752073,200
CMSS_Reg,0.1166024873609675,200
TKRR,2.1189331421860143,300
CDAR,56.4434719228637,300
DARC,26.928704903241258,300
VNCD_MDD,0.1470338582481472,300
M3SDA_Reg,0.1114848466252776,300
CMSS_Reg,0.1108341331161206,300
TKRR,1.933024811546335,500
CDAR,56.445959414785946,500
DARC,27.04067424383802,500
VNCD_MDD,0.1328535128634095,500
M3SDA_Reg,0.1120173102589646,500
CMSS_Reg,0.1051708033926575,500
XGBoost_Target_Only,0.1231161084219615,100
KRR_Target_Only,0.5438572981872704,100
NN_Target_Only,0.3890541319638103,100
XGBoost_Pool,0.1051784452827814,100
KRR_Pool,0.3077562767379201,100
NN_Pool,0.2163184484655695,100
XGBoost_TLCQM,0.0992438362614586,100
KRR_TLCQM,0.1841416096349015,100
NN_TLCQM,0.1177993663623181,100
XGBoost_Target_Only,0.1128692940030743,200
KRR_Target_Only,0.2504256358554501,200
NN_Target_Only,0.2173990582618405,200
XGBoost_Pool,0.0998365661150123,200
KRR_Pool,0.3664294140792814,200
NN_Pool,0.1944857870203876,200
XGBoost_TLCQM,0.0973994986932233,200
KRR_TLCQM,0.1456528139694625,200
NN_TLCQM,0.1096000799102519,200
XGBoost_Target_Only,0.102088553741447,300
KRR_Target_Only,0.2434069050483862,300
NN_Target_Only,0.1809802268612865,300
XGBoost_Pool,0.098102411190814,300
KRR_Pool,0.4857697815919204,300
NN_Pool,0.1711951037609801,300
XGBoost_TLCQM,0.0985129471333118,300
KRR_TLCQM,0.1380116383887146,300
NN_TLCQM,0.1076599151111183,300
XGBoost_Target_Only,0.0937873765041125,500
KRR_Target_Only,0.2174016440358009,500
NN_Target_Only,0.149627382024969,500
XGBoost_Pool,0.0955068351521662,500
KRR_Pool,0.6896640201324098,500
NN_Pool,0.1997101561406983,500
XGBoost_TLCQM,0.0972683270971531,500
KRR_TLCQM,0.1390964725146682,500
NN_TLCQM,0.1033222345586217,500
TKRR,1.856696557246527,100
CDAR,7.511072550342657,100
DARC,32.31346972842743,100
VNCD_MDD,0.1551178925124928,100
M3SDA_Reg,0.1185221486006875,100
CMSS_Reg,0.1133034177348359,100
TKRR,1.8334023176612768,200
CDAR,6.136017814407511,200
DARC,28.632813259889648,200
VNCD_MDD,0.1430541859047158,200
M3SDA_Reg,0.1147883278686975,200
CMSS_Reg,0.1109999311004606,200
TKRR,1.7898618471643064,300
CDAR,5.602426564137996,300
DARC,28.78016959014409,300
VNCD_MDD,0.1292970663213342,300
M3SDA_Reg,0.1121776857687997,300
CMSS_Reg,0.107044116556357,300
TKRR,1.7620847268225197,500
CDAR,5.278955564083151,500
DARC,28.928645895034684,500
VNCD_MDD,0.123097499036845,500
M3SDA_Reg,0.1115539296492942,500
CMSS_Reg,0.1042299616346199,500
XGBoost_Target_Only,0.1402347606531202,100
KRR_Target_Only,0.8749157599620917,100
NN_Target_Only,0.4655308928873888,100
XGBoost_Pool,0.1006558497466543,100
KRR_Pool,0.3188403365849473,100
NN_Pool,0.2026864372557078,100
XGBoost_TLCQM,0.1034118773359693,100
KRR_TLCQM,0.2077043169139172,100
NN_TLCQM,0.124387019716776,100
XGBoost_Target_Only,0.1031160870631928,200
KRR_Target_Only,0.3720149680205856,200
NN_Target_Only,0.2612920079593274,200
XGBoost_Pool,0.0998439166348764,200
KRR_Pool,0.3841535297515973,200
NN_Pool,0.1966534416086101,200
XGBoost_TLCQM,0.1008504045855979,200
KRR_TLCQM,0.1832087516314967,200
NN_TLCQM,0.1073204152178242,200
XGBoost_Target_Only,0.1019131777498647,300
KRR_Target_Only,0.3339576098908234,300
NN_Target_Only,0.1966014727618271,300
XGBoost_Pool,0.0982894460872509,300
KRR_Pool,0.5026989478599453,300
NN_Pool,0.1920801960859728,300
XGBoost_TLCQM,0.1010270835965856,300
KRR_TLCQM,0.1794395911258719,300
NN_TLCQM,0.1106588355482807,300
XGBoost_Target_Only,0.0985831924547793,500
KRR_Target_Only,0.2413946343646732,500
NN_Target_Only,0.1662494326977492,500
XGBoost_Pool,0.0977050882538628,500
KRR_Pool,0.699987999559827,500
NN_Pool,0.2236615323597684,500
XGBoost_TLCQM,0.0988360918443742,500
KRR_TLCQM,0.1620804666718031,500
NN_TLCQM,0.1057739846346177,500
TKRR,1.9083280973079817,100
CDAR,5.6167536645137774,100
DARC,27.071906218314776,100
VNCD_MDD,0.1582815114353039,100
M3SDA_Reg,0.1218117180258234,100
CMSS_Reg,0.120725018583023,100
TKRR,1.862498531708057,200
CDAR,6.1320979625872,200
DARC,31.09433977252993,200
VNCD_MDD,0.2006654845438103,200
M3SDA_Reg,0.1256732107547759,200
CMSS_Reg,0.1162872670332493,200
TKRR,1.7749367661650552,300
CDAR,6.066006415427018,300
DARC,31.74288381671749,300
VNCD_MDD,0.1543128177340739,300
M3SDA_Reg,0.1279869406750859,300
CMSS_Reg,0.1168825228421371,300
TKRR,1.7497946671801736,500
CDAR,6.092403947739926,500
DARC,31.94720192196236,500
VNCD_MDD,0.1484751959603352,500
M3SDA_Reg,0.1261567362662717,500
CMSS_Reg,0.1092823807590498,500
XGBoost_Target_Only,0.1122929311119979,100
KRR_Target_Only,0.8247379290902976,100
NN_Target_Only,0.6896098680805978,100
XGBoost_Pool,0.1021984779923861,100
KRR_Pool,0.3188924266872468,100
NN_Pool,0.1815842577633552,100
XGBoost_TLCQM,0.1037932921085712,100
KRR_TLCQM,0.2612239672971536,100
NN_TLCQM,0.1196594042209502,100
XGBoost_Target_Only,0.1127850192252185,200
KRR_Target_Only,0.6102034503527912,200
NN_Target_Only,0.3057232411170552,200
XGBoost_Pool,0.1004476922770114,200
KRR_Pool,0.3913533166455534,200
NN_Pool,0.1859889135811476,200
XGBoost_TLCQM,0.1002371144889,200
KRR_TLCQM,0.2173549523280407,200
NN_TLCQM,0.1059422467898333,200
XGBoost_Target_Only,0.1115566613519443,300
KRR_Target_Only,0.540751704166432,300
NN_Target_Only,0.2603311241048187,300
XGBoost_Pool,0.0997210750510619,300
KRR_Pool,0.5133873824223367,300
NN_Pool,0.211152616897515,300
XGBoost_TLCQM,0.100669049576102,300
KRR_TLCQM,0.2249194600892659,300
NN_TLCQM,0.1080865835912431,300
XGBoost_Target_Only,0.0961373754915275,500
KRR_Target_Only,0.3755303158074534,500
NN_Target_Only,0.1950136390968533,500
XGBoost_Pool,0.0978413735926761,500
KRR_Pool,0.7201016722227005,500
NN_Pool,0.1966815521418142,500
XGBoost_TLCQM,0.095520340546221,500
KRR_TLCQM,0.1826367409903869,500
NN_TLCQM,0.1045581001550658,500
TKRR,1.975160729637221,100
CDAR,6.351790757232122,100
DARC,28.087107314369,100
VNCD_MDD,0.2034736363963731,100
M3SDA_Reg,0.1124757321294734,100
CMSS_Reg,0.1139623877009067,100
TKRR,1.8974775426816264,200
CDAR,5.624673682818596,200
DARC,23.524065003710376,200
VNCD_MDD,0.1693702362937238,200
M3SDA_Reg,0.1189860512901761,200
CMSS_Reg,0.1121154936139398,200
TKRR,1.9474186010510357,300
CDAR,5.670628593941311,300
DARC,24.052926726528668,300
VNCD_MDD,0.1578627391337507,300
M3SDA_Reg,0.1215118157947036,300
CMSS_Reg,0.1152177017062193,300
TKRR,1.889227649388396,500
CDAR,5.649199254761021,500
DARC,23.57858617928015,500
VNCD_MDD,0.1410669997861185,500
M3SDA_Reg,0.1210582527972565,500
CMSS_Reg,0.103421373543845,500
XGBoost_Target_Only,0.1115431409573249,100
KRR_Target_Only,1.3760623679137725,100
NN_Target_Only,0.7022450785707206,100
XGBoost_Pool,0.1003689089496394,100
KRR_Pool,0.3190150331013989,100
NN_Pool,0.2056421294088546,100
XGBoost_TLCQM,0.1019720809342581,100
KRR_TLCQM,0.1883060106688049,100
NN_TLCQM,0.1428472186864978,100
XGBoost_Target_Only,0.1053110218920282,200
KRR_Target_Only,0.5426510024294607,200
NN_Target_Only,0.29527659838005,200
XGBoost_Pool,0.0997393061496558,200
KRR_Pool,0.3905595229854434,200
NN_Pool,0.2128669391269828,200
XGBoost_TLCQM,0.1016009572814151,200
KRR_TLCQM,0.1916844719015537,200
NN_TLCQM,0.1122720740429508,200
XGBoost_Target_Only,0.1005810921569407,300
KRR_Target_Only,0.4916758950838274,300
NN_Target_Only,0.2120554983611667,300
XGBoost_Pool,0.0978021374587711,300
KRR_Pool,0.5133326495411625,300
NN_Pool,0.1685712192745379,300
XGBoost_TLCQM,0.0986912978718886,300
KRR_TLCQM,0.1911729408580504,300
NN_TLCQM,0.1106904602072311,300
XGBoost_Target_Only,0.0955328218805572,500
KRR_Target_Only,0.3653376176711798,500
NN_Target_Only,0.1857697746465659,500
XGBoost_Pool,0.0938925936065656,500
KRR_Pool,0.7149493433940989,500
NN_Pool,0.177297682506575,500
XGBoost_TLCQM,0.1003726946000923,500
KRR_TLCQM,0.1805587132216291,500
NN_TLCQM,0.1087805266358832,500
TKRR,1.8982825198262296,100
CDAR,5.4413750703440265,100
DARC,39.70455701819679,100
VNCD_MDD,0.1901548263446106,100
M3SDA_Reg,0.1111216104115715,100
CMSS_Reg,0.1096558362475384,100
TKRR,1.884695331359171,200
CDAR,6.151582448767776,200
DARC,26.171869388883916,200
VNCD_MDD,0.1542905583945554,200
M3SDA_Reg,0.1146875426161524,200
CMSS_Reg,0.1114697490873153,200
TKRR,1.8307818652541905,300
CDAR,6.280073523652621,300
DARC,26.77789229824595,300
VNCD_MDD,0.130934723798282,300
M3SDA_Reg,0.113125051696021,300
CMSS_Reg,0.1118667174091315,300
TKRR,1.844126177863572,500
CDAR,6.316958407400901,500
DARC,26.870897823784023,500
VNCD_MDD,0.1284996971617537,500
M3SDA_Reg,0.1130982541941559,500
CMSS_Reg,0.1035198092167657,500
XGBoost_Target_Only,0.113473024125393,100
KRR_Target_Only,1.2240695255447165,100
NN_Target_Only,0.7972669836929224,100
XGBoost_Pool,0.0994898941470596,100
KRR_Pool,0.3186721586447592,100
NN_Pool,0.1956630593852253,100
XGBoost_TLCQM,0.1001933025662123,100
KRR_TLCQM,0.1952135721490139,100
NN_TLCQM,0.1243063984406861,100
XGBoost_Target_Only,0.1109520115860844,200
KRR_Target_Only,0.5942912687056242,200
NN_Target_Only,0.3824472146950168,200
XGBoost_Pool,0.0971630338651392,200
KRR_Pool,0.3890611571143855,200
NN_Pool,0.1911766202703665,200
XGBoost_TLCQM,0.0995927035329622,200
KRR_TLCQM,0.1864295176296589,200
NN_TLCQM,0.1148557433039531,200
XGBoost_Target_Only,0.1024992081592617,300
KRR_Target_Only,0.5194054369954657,300
NN_Target_Only,0.3191358999604103,300
XGBoost_Pool,0.0971574856005964,300
KRR_Pool,0.510206001646645,300
NN_Pool,0.1799814420390555,300
XGBoost_TLCQM,0.0980303493902951,300
KRR_TLCQM,0.2013684096013052,300
NN_TLCQM,0.1160190769154516,300
XGBoost_Target_Only,0.0967316006708455,500
KRR_Target_Only,0.502373984081068,500
NN_Target_Only,0.2994541094563136,500
XGBoost_Pool,0.0965011798008721,500
KRR_Pool,0.7122678587848269,500
NN_Pool,0.1541720166458661,500
XGBoost_TLCQM,0.096877501940579,500
KRR_TLCQM,0.2101309861215813,500
NN_TLCQM,0.1099452409207298,500
TKRR,1.9662467542854865,100
CDAR,7.2580757159075215,100
DARC,31.107326566643778,100
VNCD_MDD,0.1568461016394325,100
M3SDA_Reg,0.1105078166211742,100
CMSS_Reg,0.1259085314871251,100
TKRR,1.9667381549419916,200
CDAR,6.109841119361425,200
DARC,35.72045439222057,200
VNCD_MDD,0.1656402329149972,200
M3SDA_Reg,0.1110994999165064,200
CMSS_Reg,0.1148274774433939,200
TKRR,1.9459630220706063,300
CDAR,6.145284677980274,300
DARC,38.58071577809935,300
VNCD_MDD,0.1677999966454492,300
M3SDA_Reg,0.1133794814542651,300
CMSS_Reg,0.1118230620195315,300
TKRR,1.8205319833288636,500
CDAR,6.28776987019234,500
DARC,32.55172871485302,500
VNCD_MDD,0.1454510355955306,500
M3SDA_Reg,0.1102058681841312,500
CMSS_Reg,0.1058780222869558,500
XGBoost_Target_Only,0.1120975835121455,100
KRR_Target_Only,1.3290915079157242,100
NN_Target_Only,0.9872284793877832,100
XGBoost_Pool,0.1017023327737459,100
KRR_Pool,0.3196775489355372,100
NN_Pool,0.2043914501315734,100
XGBoost_TLCQM,0.1026580367216966,100
KRR_TLCQM,0.2036424496798063,100
NN_TLCQM,0.1222874771648026,100
XGBoost_Target_Only,0.1065128953648408,200
KRR_Target_Only,0.6750777726343318,200
NN_Target_Only,0.3809970086233633,200
XGBoost_Pool,0.1012286776413903,200
KRR_Pool,0.3922916277925125,200
NN_Pool,0.1693435663003447,200
XGBoost_TLCQM,0.1000942285827984,200
KRR_TLCQM,0.1912989211000047,200
NN_TLCQM,0.1116322331819611,200
XGBoost_Target_Only,0.0990198353264628,300
KRR_Target_Only,0.6276434266905498,300
NN_Target_Only,0.2975766651109319,300
XGBoost_Pool,0.098526886929315,300
KRR_Pool,0.5141038889987396,300
NN_Pool,0.180923323983361,300
XGBoost_TLCQM,0.098586992513019,300
KRR_TLCQM,0.19955698308467,300
NN_TLCQM,0.1105379557822872,300
XGBoost_Target_Only,0.0988526644170549,500
KRR_Target_Only,0.4592662718152464,500
NN_Target_Only,0.2286592726188135,500
XGBoost_Pool,0.0966664293317965,500
KRR_Pool,0.7173291563761377,500
NN_Pool,0.1561138345485679,500
XGBoost_TLCQM,0.100522665600897,500
KRR_TLCQM,0.2010411962000118,500
NN_TLCQM,0.110266429526134,500
TKRR,1.915826948594397,100
CDAR,5.850731903477439,100
DARC,33.59179361204641,100
VNCD_MDD,0.1649479162020091,100
M3SDA_Reg,0.1192804084337666,100
CMSS_Reg,0.1189611033731292,100
TKRR,1.9543716827167097,200
CDAR,5.622260641092238,200
DARC,27.92084880564168,200
VNCD_MDD,0.1598873330380998,200
M3SDA_Reg,0.1188644775813111,200
CMSS_Reg,0.1103916016708385,200
TKRR,1.9327600723143112,300
CDAR,5.717627841444698,300
DARC,27.529288497121637,300
VNCD_MDD,0.1429002837893603,300
M3SDA_Reg,0.115665835847316,300
CMSS_Reg,0.1054863082165657,300
TKRR,1.9168915294437576,500
CDAR,5.687462868004377,500
DARC,27.49694952328406,500
VNCD_MDD,0.1351248859298396,500
M3SDA_Reg,0.1169220130139775,500
CMSS_Reg,0.0998282758744995,500
XGBoost_Target_Only,0.1220377253855632,100
KRR_Target_Only,0.9626784670931876,100
NN_Target_Only,0.5446419641494068,100
XGBoost_Pool,0.0990919790051336,100
KRR_Pool,0.3177833902665873,100
NN_Pool,0.1872013194270689,100
XGBoost_TLCQM,0.1181920179445343,100
KRR_TLCQM,0.3029970037805003,100
NN_TLCQM,0.1294890182382188,100
XGBoost_Target_Only,0.1081265575528496,200
KRR_Target_Only,0.6424760572603011,200
NN_Target_Only,0.3897526685230968,200
XGBoost_Pool,0.0969643556274512,200
KRR_Pool,0.3876058249907365,200
NN_Pool,0.1905668897739126,200
XGBoost_TLCQM,0.1095965125133939,200
KRR_TLCQM,0.2312828331378843,200
NN_TLCQM,0.1203718268589897,200
XGBoost_Target_Only,0.1000136086598361,300
KRR_Target_Only,0.4776560155552862,300
NN_Target_Only,0.2336918730098362,300
XGBoost_Pool,0.0947411607151537,300
KRR_Pool,0.4882507491956088,300
NN_Pool,0.1697665428004564,300
XGBoost_TLCQM,0.0988035241782791,300
KRR_TLCQM,0.1661266996227186,300
NN_TLCQM,0.1069577128928908,300
XGBoost_Target_Only,0.0955770089321972,500
KRR_Target_Only,0.4012059881914162,500
NN_Target_Only,0.1696657411570851,500
XGBoost_Pool,0.0941870117278742,500
KRR_Pool,0.6868657276865517,500
NN_Pool,0.1702592983001072,500
XGBoost_TLCQM,0.0991542889700548,500
KRR_TLCQM,0.1604278281685896,500
NN_TLCQM,0.1057767941427672,500
TKRR,2.091348487829248,100
CDAR,6.044161604464596,100
DARC,32.56370570328074,100
VNCD_MDD,0.1787549527093317,100
M3SDA_Reg,0.1090648902894369,100
CMSS_Reg,0.1167812246297968,100
TKRR,2.0576299425094247,200
CDAR,6.253362763120713,200
DARC,32.54941795345354,200
VNCD_MDD,0.2049173533879283,200
M3SDA_Reg,0.1103062996235807,200
CMSS_Reg,0.1073155146736944,200
TKRR,2.001087070418116,300
CDAR,6.075504698909304,300
DARC,31.950557241793906,300
VNCD_MDD,0.1638793613102562,300
M3SDA_Reg,0.1147517782716852,300
CMSS_Reg,0.1008950757388654,300
TKRR,1.9582876316013644,500
CDAR,6.189897020134963,500
DARC,32.13886106883522,500
VNCD_MDD,0.1444457573512098,500
M3SDA_Reg,0.1150910005516544,500
CMSS_Reg,0.0987952403820479,500
XGBoost_Target_Only,0.1085879787369395,100
KRR_Target_Only,0.4146988143691577,100
NN_Target_Only,0.3081461929850044,100
XGBoost_Pool,0.0994661153904838,100
KRR_Pool,0.3110763233091824,100
NN_Pool,0.1949845798722568,100
XGBoost_TLCQM,0.1020425354624998,100
KRR_TLCQM,0.16778920810515,100
NN_TLCQM,0.1190135722557996,100
XGBoost_Target_Only,0.0984717240608508,200
KRR_Target_Only,0.3515454795642943,200
NN_Target_Only,0.2001508090971788,200
XGBoost_Pool,0.0989889265082626,200
KRR_Pool,0.3793533210291647,200
NN_Pool,0.1719713714987835,200
XGBoost_TLCQM,0.1061916731590861,200
KRR_TLCQM,0.1739046197582175,200
NN_TLCQM,0.1154356236982052,200
XGBoost_Target_Only,0.0975898254897939,300
KRR_Target_Only,0.3507097148615095,300
NN_Target_Only,0.1545565086397619,300
XGBoost_Pool,0.0988626912183555,300
KRR_Pool,0.4951462880183813,300
NN_Pool,0.1729874823876201,300
XGBoost_TLCQM,0.1042654666640854,300
KRR_TLCQM,0.1684684507875871,300
NN_TLCQM,0.1127592886494222,300
XGBoost_Target_Only,0.0969550819432634,500
KRR_Target_Only,0.2679945782282015,500
NN_Target_Only,0.1543520096697126,500
XGBoost_Pool,0.0948694840618811,500
KRR_Pool,0.6903850984023312,500
NN_Pool,0.1879844002995121,500
XGBoost_TLCQM,0.1020773371321651,500
KRR_TLCQM,0.1527077263424127,500
NN_TLCQM,0.1068457414629866,500
TKRR,1.8786342195850456,100
CDAR,6.183031093578792,100
DARC,33.88905364011643,100
VNCD_MDD,0.1620140668814313,100
M3SDA_Reg,0.1216888330054364,100
CMSS_Reg,0.1082018766410124,100
TKRR,1.8997698817634252,200
CDAR,6.202357819078386,200
DARC,30.227048255331823,200
VNCD_MDD,0.1516166650598145,200
M3SDA_Reg,0.1143333817893251,200
CMSS_Reg,0.1048825552680313,200
TKRR,1.9193885101909764,300
CDAR,6.192853149986223,300
DARC,30.64508464975562,300
VNCD_MDD,0.1553564657645548,300
M3SDA_Reg,0.1186541011562727,300
CMSS_Reg,0.1047664242371048,300
TKRR,1.8324655057304933,500
CDAR,5.968404244602632,500
DARC,30.47169461138093,500
VNCD_MDD,0.130490191149685,500
M3SDA_Reg,0.1198761172213195,500
CMSS_Reg,0.1049113239153549,500
XGBoost_Target_Only,0.1241184426028653,100
KRR_Target_Only,0.8453232033790401,100
NN_Target_Only,0.537719578234905,100
XGBoost_Pool,0.1008572345415026,100
KRR_Pool,0.3180147533690243,100
NN_Pool,0.2054667515681278,100
XGBoost_TLCQM,0.1034676394840744,100
KRR_TLCQM,0.1724827813134126,100
NN_TLCQM,0.1163925921313218,100
XGBoost_Target_Only,0.1117291919168106,200
KRR_Target_Only,0.428637984791989,200
NN_Target_Only,0.2976783884729638,200
XGBoost_Pool,0.0996826346639844,200
KRR_Pool,0.3888338877686682,200
NN_Pool,0.1921067733609717,200
XGBoost_TLCQM,0.1012794998095871,200
KRR_TLCQM,0.1758118020791285,200
NN_TLCQM,0.1115804510252365,200
XGBoost_Target_Only,0.0991756419933878,300
KRR_Target_Only,0.3491175057768592,300
NN_Target_Only,0.219503527888382,300
XGBoost_Pool,0.0970966748359259,300
KRR_Pool,0.5085161984549185,300
NN_Pool,0.149162489059131,300
XGBoost_TLCQM,0.100363163633525,300
KRR_TLCQM,0.1780832231589919,300
NN_TLCQM,0.1050574292166425,300
XGBoost_Target_Only,0.0949856509558759,500
KRR_Target_Only,0.2884075242602362,500
NN_Target_Only,0.1527864829127078,500
XGBoost_Pool,0.095091332060544,500
KRR_Pool,0.7155309938611605,500
NN_Pool,0.1866102301553563,500
XGBoost_TLCQM,0.0993104714364343,500
KRR_TLCQM,0.1649635589437515,500
NN_TLCQM,0.1053994913434407,500
TKRR,1.841174139942917,100
CDAR,5.94908370060767,100
DARC,30.51307059348149,100
VNCD_MDD,0.1644517108278473,100
M3SDA_Reg,0.1188292445733926,100
CMSS_Reg,0.1222220778929769,100
TKRR,1.830825509917164,200
CDAR,6.184345131381988,200
DARC,36.06731418186719,200
VNCD_MDD,0.1523222470463061,200
M3SDA_Reg,0.1173196158866247,200
CMSS_Reg,0.1193864295317908,200
TKRR,1.961445101648708,300
CDAR,6.173971938400414,300
DARC,36.09727436523536,300
VNCD_MDD,0.1460428551114659,300
M3SDA_Reg,0.1170421774749859,300
CMSS_Reg,0.1158756562674055,300
TKRR,1.7405774350183794,500
CDAR,6.122703148767243,500
DARC,36.3941836425134,500
VNCD_MDD,0.1368288265436346,500
M3SDA_Reg,0.1183592425060149,500
CMSS_Reg,0.1057764169061523,500
XGBoost_Target_Only,0.1212879551528333,100
KRR_Target_Only,0.7513041934691761,100
NN_Target_Only,0.3682280689804588,100
XGBoost_Pool,0.1000146786402666,100
KRR_Pool,0.3181214448935617,100
NN_Pool,0.1994571754117804,100
XGBoost_TLCQM,0.1064121506677133,100
KRR_TLCQM,0.2087247954962026,100
NN_TLCQM,0.1175254267311939,100
XGBoost_Target_Only,0.1057528607479751,200
KRR_Target_Only,0.6618026587001824,200
NN_Target_Only,0.2992737200636085,200
XGBoost_Pool,0.0980453703113456,200
KRR_Pool,0.3896154570515471,200
NN_Pool,0.193448943611173,200
XGBoost_TLCQM,0.1043175054772459,200
KRR_TLCQM,0.206093515596576,200
NN_TLCQM,0.1215643213222133,200
XGBoost_Target_Only,0.0977834868192447,300
KRR_Target_Only,0.547592028077281,300
NN_Target_Only,0.2418900006350536,300
XGBoost_Pool,0.0959714438192575,300
KRR_Pool,0.5085621005425373,300
NN_Pool,0.1855278136077136,300
XGBoost_TLCQM,0.1004071585913731,300
KRR_TLCQM,0.1969150227036441,300
NN_TLCQM,0.1160211019606717,300
XGBoost_Target_Only,0.0969611762702315,500
KRR_Target_Only,0.3662125879701964,500
NN_Target_Only,0.1426833389666683,500
XGBoost_Pool,0.093955313862634,500
KRR_Pool,0.7120978378594194,500
NN_Pool,0.1426080601012093,500
XGBoost_TLCQM,0.1026369108918462,500
KRR_TLCQM,0.1943768539565339,500
NN_TLCQM,0.1122328137099875,500
TKRR,1.9021467731198995,100
CDAR,5.9158763563389405,100
DARC,36.2221912851288,100
VNCD_MDD,0.1727201459502082,100
M3SDA_Reg,0.1163196141863422,100
CMSS_Reg,0.1223328785566707,100
TKRR,1.9041824566050265,200
CDAR,6.354095778956026,200
DARC,35.7826844138912,200
VNCD_MDD,0.154655769106825,200
M3SDA_Reg,0.114040268308322,200
CMSS_Reg,0.1174324326839207,200
TKRR,1.8604805779721,300
CDAR,6.32580636506385,300
DARC,35.45839082752356,300
VNCD_MDD,0.1257737614928011,300
M3SDA_Reg,0.1128763239572682,300
CMSS_Reg,0.1102131827226836,300
TKRR,1.7935937406990567,500
CDAR,6.167735386174773,500
DARC,14.99547476163193,500
VNCD_MDD,0.1226550720158862,500
M3SDA_Reg,0.1188692653323682,500
CMSS_Reg,0.1079546185462402,500
XGBoost_Target_Only,0.1203967804471074,100
KRR_Target_Only,1.1838407659605654,100
NN_Target_Only,0.9510976149932872,100
XGBoost_Pool,0.0996751934647506,100
KRR_Pool,0.3189784882815327,100
NN_Pool,0.2020700020004619,100
XGBoost_TLCQM,0.1015035829905189,100
KRR_TLCQM,0.2378343883072369,100
NN_TLCQM,0.13247079525818,100
XGBoost_Target_Only,0.1041565121525726,200
KRR_Target_Only,0.6150697283610962,200
NN_Target_Only,0.3895695303389493,200
XGBoost_Pool,0.1017790952692332,200
KRR_Pool,0.3868811334371779,200
NN_Pool,0.1889547066294939,200
XGBoost_TLCQM,0.0979105331808979,200
KRR_TLCQM,0.2083261471835566,200
NN_TLCQM,0.1164985965612739,200
XGBoost_Target_Only,0.096222411972449,300
KRR_Target_Only,0.4514623319508926,300
NN_Target_Only,0.2580390370375363,300
XGBoost_Pool,0.0994764652284062,300
KRR_Pool,0.503240924627565,300
NN_Pool,0.1762917845326514,300
XGBoost_TLCQM,0.0974153356993618,300
KRR_TLCQM,0.1761703485004681,300
NN_TLCQM,0.1062603224054966,300
XGBoost_Target_Only,0.1044642202919837,500
KRR_Target_Only,0.3469351363554375,500
NN_Target_Only,0.1988978374458869,500
XGBoost_Pool,0.0954570959392989,500
KRR_Pool,0.7110656547016501,500
NN_Pool,0.1915327265605591,500
XGBoost_TLCQM,0.0967561146870938,500
KRR_TLCQM,0.1928615611566285,500
NN_TLCQM,0.1042784485712389,500
TKRR,1.9037559665006716,100
CDAR,5.41767315530896,100
DARC,24.67021191507056,100
VNCD_MDD,0.1526117269804657,100
M3SDA_Reg,0.1124990128627943,100
CMSS_Reg,0.1166251717642507,100
TKRR,1.915469214825117,200
CDAR,5.25671421264839,200
DARC,26.60538796943141,200
VNCD_MDD,0.1348208126062581,200
M3SDA_Reg,0.1132744733265572,200
CMSS_Reg,0.1116123546260737,200
TKRR,1.8985757817257112,300
CDAR,5.252667140780206,300
DARC,13.49555789061932,300
VNCD_MDD,0.1343188040924913,300
M3SDA_Reg,0.1133823541536863,300
CMSS_Reg,0.1097812263782324,300
TKRR,1.868957428598474,500
CDAR,5.2993100645717615,500
DARC,24.729307973400505,500
VNCD_MDD,0.1258395441993766,500
M3SDA_Reg,0.1156672111496433,500
CMSS_Reg,0.1060229035511364,500
XGBoost_Target_Only,0.1195808153330844,100
KRR_Target_Only,1.140822305857151,100
NN_Target_Only,0.8943821148042317,100
XGBoost_Pool,0.1018202272032468,100
KRR_Pool,0.3189173552731668,100
NN_Pool,0.1865434279483509,100
XGBoost_TLCQM,0.1073198111849576,100
KRR_TLCQM,0.1928366999440121,100
NN_TLCQM,0.1335056265147363,100
XGBoost_Target_Only,0.1155163635610697,200
KRR_Target_Only,0.761623917547772,200
NN_Target_Only,0.3627678324985498,200
XGBoost_Pool,0.0970662717914095,200
KRR_Pool,0.3867509096528463,200
NN_Pool,0.2102143506317459,200
XGBoost_TLCQM,0.104599514200464,200
KRR_TLCQM,0.1818817331464092,200
NN_TLCQM,0.1171819649714392,200
XGBoost_Target_Only,0.1026235359038385,300
KRR_Target_Only,0.5516377213982792,300
NN_Target_Only,0.2449148270221574,300
XGBoost_Pool,0.0980745876870114,300
KRR_Pool,0.5058946808104303,300
NN_Pool,0.1420377556119809,300
XGBoost_TLCQM,0.1022636590298929,300
KRR_TLCQM,0.1787575836951827,300
NN_TLCQM,0.1137581939105735,300
XGBoost_Target_Only,0.0947614643211186,500
KRR_Target_Only,0.3039514417981107,500
NN_Target_Only,0.18866677734468,500
XGBoost_Pool,0.0945792402286314,500
KRR_Pool,0.7072855300658385,500
NN_Pool,0.1445783362881554,500
XGBoost_TLCQM,0.0990931099298436,500
KRR_TLCQM,0.1634848795861256,500
NN_TLCQM,0.1091710226305213,500
TKRR,1.8981896132456089,100
CDAR,6.02090709192226,100
DARC,42.53555002310155,100
VNCD_MDD,0.1577178076802684,100
M3SDA_Reg,0.1168547142555865,100
CMSS_Reg,0.1217811364088807,100
TKRR,1.9016546748327208,200
CDAR,6.19616987157249,200
DARC,36.4422943484711,200
VNCD_MDD,0.1577543117036542,200
M3SDA_Reg,0.1123406677799303,200
CMSS_Reg,0.1205185612846378,200
TKRR,1.8785082075541808,300
CDAR,6.21054648634942,300
DARC,36.8645684023976,300
VNCD_MDD,0.1435410451253652,300
M3SDA_Reg,0.1141970013473006,300
CMSS_Reg,0.1149854765977346,300
TKRR,1.7918525574908135,500
CDAR,6.178221559901504,500
DARC,37.08807760626481,500
VNCD_MDD,0.1195117303260081,500
M3SDA_Reg,0.1186457502313959,500
CMSS_Reg,0.1079781796138974,500
XGBoost_Target_Only,0.1271207366829956,100
KRR_Target_Only,0.7238026192362813,100
NN_Target_Only,0.4380843976585525,100
XGBoost_Pool,0.1030855744330547,100
KRR_Pool,0.3194383634837374,100
NN_Pool,0.176317134919207,100
XGBoost_TLCQM,0.1048270867387925,100
KRR_TLCQM,0.211824667105691,100
NN_TLCQM,0.1314303083300057,100
XGBoost_Target_Only,0.1030329368665269,200
KRR_Target_Only,0.3147674372211173,200
NN_Target_Only,0.2299879232802134,200
XGBoost_Pool,0.0995172840107944,200
KRR_Pool,0.3730214256215921,200
NN_Pool,0.1699022754090564,200
XGBoost_TLCQM,0.0996928853506397,200
KRR_TLCQM,0.1575976297036594,200
NN_TLCQM,0.1119807510253669,200
XGBoost_Target_Only,0.0967358821423232,300
KRR_Target_Only,0.2644474082479307,300
NN_Target_Only,0.2036440112752787,300
XGBoost_Pool,0.0966776356082818,300
KRR_Pool,0.4911076405537347,300
NN_Pool,0.1688442246307385,300
XGBoost_TLCQM,0.0986607898996019,300
KRR_TLCQM,0.1659388922403858,300
NN_TLCQM,0.108751397444479,300
XGBoost_Target_Only,0.0914853021874748,500
KRR_Target_Only,0.2506873994490419,500
NN_Target_Only,0.1470022495463879,500
XGBoost_Pool,0.0982199551644651,500
KRR_Pool,0.6990594155272257,500
NN_Pool,0.1531758190608651,500
XGBoost_TLCQM,0.0987345027706345,500
KRR_TLCQM,0.1587943463861017,500
NN_TLCQM,0.1073056130731549,500
TKRR,1.8989424558354768,100
CDAR,6.390660728302477,100
DARC,29.73278746879986,100
VNCD_MDD,0.1725516416530274,100
M3SDA_Reg,0.1264062404708873,100
CMSS_Reg,0.119889287419122,100
TKRR,1.8281650739873017,200
CDAR,6.492471023731687,200
DARC,31.512570070501383,200
VNCD_MDD,0.1446476644414525,200
M3SDA_Reg,0.1211656277087456,200
CMSS_Reg,0.1133614268765132,200
TKRR,1.839481563607163,300
CDAR,6.088812500391398,300
DARC,31.90522183165688,300
VNCD_MDD,0.1403422352935897,300
M3SDA_Reg,0.1192072831118334,300
CMSS_Reg,0.1086616730204408,300
TKRR,1.7048032168760314,500
CDAR,5.970657838251857,500
DARC,31.54080911305892,500
VNCD_MDD,0.1328854568043173,500
M3SDA_Reg,0.1173625196544227,500
CMSS_Reg,0.1025471690309512,500
XGBoost_Target_Only,0.1102528945367473,100
KRR_Target_Only,0.6565921218341443,100
NN_Target_Only,0.4066265782318796,100
XGBoost_Pool,0.0987954496978335,100
KRR_Pool,0.3173165017677332,100
NN_Pool,0.1909102221177513,100
XGBoost_TLCQM,0.103683424284354,100
KRR_TLCQM,0.1815386775326152,100
NN_TLCQM,0.116424277563151,100
XGBoost_Target_Only,0.104489796225681,200
KRR_Target_Only,0.5171944049439567,200
NN_Target_Only,0.3313773336556082,200
XGBoost_Pool,0.097550819345295,200
KRR_Pool,0.3884978067620722,200
NN_Pool,0.2085138623403918,200
XGBoost_TLCQM,0.1024766915771794,200
KRR_TLCQM,0.1949716337329529,200
NN_TLCQM,0.1249356429833247,200
XGBoost_Target_Only,0.1008955203335109,300
KRR_Target_Only,0.442963727064898,300
NN_Target_Only,0.245825316102755,300
XGBoost_Pool,0.097162836209408,300
KRR_Pool,0.5089760253944207,300
NN_Pool,0.1998144238487459,300
XGBoost_TLCQM,0.0979824501768918,300
KRR_TLCQM,0.1995283932250464,300
NN_TLCQM,0.1055044682472158,300
XGBoost_Target_Only,0.0933087231548077,500
KRR_Target_Only,0.4348913346414309,500
NN_Target_Only,0.189599402241749,500
XGBoost_Pool,0.092843985254056,500
KRR_Pool,0.7147228754338385,500
NN_Pool,0.1524625382743186,500
XGBoost_TLCQM,0.0961712982818667,500
KRR_TLCQM,0.1856274454222717,500
NN_TLCQM,0.1021866044269465,500
TKRR,1.8175596315770848,100
CDAR,5.64958536202114,100
DARC,28.047244199669723,100
VNCD_MDD,0.178541438995706,100
M3SDA_Reg,0.1069137993956348,100
CMSS_Reg,0.1091333510024752,100
TKRR,1.7935031042302392,200
CDAR,6.075785261436762,200
DARC,33.46538692426714,200
VNCD_MDD,0.1538019328847052,200
M3SDA_Reg,0.1132547383697235,200
CMSS_Reg,0.1103173803608491,200
TKRR,1.822392462870195,300
CDAR,6.155724881165674,300
DARC,34.97971983804886,300
VNCD_MDD,0.1533898963044228,300
M3SDA_Reg,0.1135379137540174,300
CMSS_Reg,0.105919755622158,300
TKRR,1.7524072931160617,500
CDAR,6.207533296256259,500
DARC,32.63996913943835,500
VNCD_MDD,0.1444060134378325,500
M3SDA_Reg,0.1141184857183677,500
CMSS_Reg,0.1003945299627938,500
XGBoost_Target_Only,0.1145606279181415,100
KRR_Target_Only,3.5642194260758444,100
NN_Target_Only,0.6000565315668981,100
XGBoost_Pool,0.1010799806187446,100
KRR_Pool,0.3190556272809221,100
NN_Pool,0.2030720763483677,100
XGBoost_TLCQM,0.0994702937371868,100
KRR_TLCQM,0.2126474985883208,100
NN_TLCQM,0.1517398549656316,100
XGBoost_Target_Only,0.1042221059884176,200
KRR_Target_Only,0.9958798317607832,200
NN_Target_Only,0.4950161840766804,200
XGBoost_Pool,0.0999280242582126,200
KRR_Pool,0.3924845046759655,200
NN_Pool,0.1877024998691566,200
XGBoost_TLCQM,0.098236258643441,200
KRR_TLCQM,0.2144677461862759,200
NN_TLCQM,0.1155055630695557,200
XGBoost_Target_Only,0.0993935368258668,300
KRR_Target_Only,0.4593147883278456,300
NN_Target_Only,0.2349899978447697,300
XGBoost_Pool,0.1008816619936389,300
KRR_Pool,0.5115516452232751,300
NN_Pool,0.1771307393152381,300
XGBoost_TLCQM,0.0994737674466621,300
KRR_TLCQM,0.1914070456223902,300
NN_TLCQM,0.1089353558564855,300
XGBoost_Target_Only,0.096046056868055,500
KRR_Target_Only,0.3268942237226988,500
NN_Target_Only,0.1725757290162936,500
XGBoost_Pool,0.0968321652509365,500
KRR_Pool,0.7113916650569566,500
NN_Pool,0.2019753688145868,500
XGBoost_TLCQM,0.0969352847909911,500
KRR_TLCQM,0.1685967497557783,500
NN_TLCQM,0.104698358644111,500
TKRR,1.969354156711924,100
CDAR,5.319727206799648,100
DARC,33.701111646069435,100
VNCD_MDD,0.1599531424803853,100
M3SDA_Reg,0.1199828660126667,100
CMSS_Reg,0.1134052253321751,100
TKRR,2.024997191616401,200
CDAR,6.336536310960343,200
DARC,30.30684830784873,200
VNCD_MDD,0.1455898735909747,200
M3SDA_Reg,0.124078465231079,200
CMSS_Reg,0.1054144854340812,200
TKRR,1.8532048591471968,300
CDAR,6.217090919251247,300
DARC,30.65894117301576,300
VNCD_MDD,0.1504410666490346,300
M3SDA_Reg,0.1195395528961229,300
CMSS_Reg,0.1026754722685515,300
TKRR,1.8030029720608984,500
CDAR,6.15923990342134,500
DARC,30.653031247902117,500
VNCD_MDD,0.1361049692518154,500
M3SDA_Reg,0.1192324832157586,500
CMSS_Reg,0.1038676959421134,500
XGBoost_Target_Only,0.1105550423778287,100
KRR_Target_Only,0.7313074646839507,100
NN_Target_Only,0.3939923951096044,100
XGBoost_Pool,0.0995131030080457,100
KRR_Pool,0.3178435713415213,100
NN_Pool,0.2192639671184117,100
XGBoost_TLCQM,0.0992876160247448,100
KRR_TLCQM,0.1801534642717688,100
NN_TLCQM,0.1181449450020636,100
XGBoost_Target_Only,0.1171754718552095,200
KRR_Target_Only,0.6754256039188888,200
NN_Target_Only,0.3033969195954166,200
XGBoost_Pool,0.1015734313808126,200
KRR_Pool,0.3887664964594527,200
NN_Pool,0.1975951267897834,200
XGBoost_TLCQM,0.0994144360852201,200
KRR_TLCQM,0.1972822656743414,200
NN_TLCQM,0.1128618872555375,200
XGBoost_Target_Only,0.0967439310930513,300
KRR_Target_Only,0.3949884840096433,300
NN_Target_Only,0.1774421131728166,300
XGBoost_Pool,0.0980125035532113,300
KRR_Pool,0.4977133832104164,300
NN_Pool,0.1864310693392894,300
XGBoost_TLCQM,0.0958080000389528,300
KRR_TLCQM,0.1728135587043849,300
NN_TLCQM,0.1079909732368986,300
XGBoost_Target_Only,0.0937639481018803,500
KRR_Target_Only,0.316700205319657,500
NN_Target_Only,0.1520261566627941,500
XGBoost_Pool,0.0966109114438126,500
KRR_Pool,0.7035240161572222,500
NN_Pool,0.2033678836898681,500
XGBoost_TLCQM,0.097353236504176,500
KRR_TLCQM,0.1523106053085418,500
NN_TLCQM,0.1068014608080459,500
TKRR,1.9375718896739824,100
CDAR,5.505030742140772,100
DARC,34.78879939121598,100
VNCD_MDD,0.1506879838492467,100
M3SDA_Reg,0.1147305246932926,100
CMSS_Reg,0.1204706052989542,100
TKRR,2.052620569753597,200
CDAR,5.435092137151096,200
DARC,42.26212532428544,200
VNCD_MDD,0.1453503117834403,200
M3SDA_Reg,0.1157235706995593,200
CMSS_Reg,0.1199902151259549,200
TKRR,1.878261870612212,300
CDAR,5.232074426711303,300
DARC,42.61529604865715,300
VNCD_MDD,0.1233969716587465,300
M3SDA_Reg,0.1185720727684518,300
CMSS_Reg,0.1167876291864428,300
TKRR,1.8059375778553808,500
CDAR,5.324078150441094,500
DARC,43.494416579082376,500
VNCD_MDD,0.1204046210901685,500
M3SDA_Reg,0.1173937211217026,500
CMSS_Reg,0.1070563993067894,500
XGBoost_Target_Only,0.1172472296333765,100
KRR_Target_Only,1.1789235415308963,100
NN_Target_Only,0.8932167508938655,100
XGBoost_Pool,0.1029780837947937,100
KRR_Pool,0.3194139532869346,100
NN_Pool,0.1926459884059086,100
XGBoost_TLCQM,0.1001403214471629,100
KRR_TLCQM,0.1993265684445598,100
NN_TLCQM,0.1173116974803656,100
XGBoost_Target_Only,0.0998137221926908,200
KRR_Target_Only,0.5108256537087543,200
NN_Target_Only,0.2149505543486705,200
XGBoost_Pool,0.1002521592553628,200
KRR_Pool,0.3790271061468431,200
NN_Pool,0.2172866315018625,200
XGBoost_TLCQM,0.0985953458840104,200
KRR_TLCQM,0.1748818987913875,200
NN_TLCQM,0.1128402292443088,200
XGBoost_Target_Only,0.0959695098598273,300
KRR_Target_Only,0.390740245840573,300
NN_Target_Only,0.1608895347731598,300
XGBoost_Pool,0.0970180742850839,300
KRR_Pool,0.4990194002906659,300
NN_Pool,0.1866441330462249,300
XGBoost_TLCQM,0.098160871307773,300
KRR_TLCQM,0.1691290960295634,300
NN_TLCQM,0.1073118263968701,300
XGBoost_Target_Only,0.0920964525093761,500
KRR_Target_Only,0.251204144930883,500
NN_Target_Only,0.1340552837420942,500
XGBoost_Pool,0.0937267342211337,500
KRR_Pool,0.699851943400551,500
NN_Pool,0.2094301886440023,500
XGBoost_TLCQM,0.0963694607548014,500
KRR_TLCQM,0.1522948219543043,500
NN_TLCQM,0.106679565060653,500
TKRR,1.90162820698748,100
CDAR,6.284986408279925,100
DARC,36.583774557901336,100
VNCD_MDD,0.159883997356191,100
M3SDA_Reg,0.1166376813479447,100
CMSS_Reg,0.1159597058282151,100
TKRR,1.8824189451700648,200
CDAR,6.059490082776341,200
DARC,25.98468843575693,200
VNCD_MDD,0.151202752391443,200
M3SDA_Reg,0.1125956504357535,200
CMSS_Reg,0.1077193861845457,200
TKRR,1.7694431565955362,300
CDAR,5.9954850872794605,300
DARC,26.48496079467012,300
VNCD_MDD,0.1542066602230104,300
M3SDA_Reg,0.1119745882478472,300
CMSS_Reg,0.1088079233085472,300
TKRR,1.7690201311577871,500
CDAR,5.968860306082254,500
DARC,26.61871990800018,500
VNCD_MDD,0.1602299340532224,500
M3SDA_Reg,0.1158503184186428,500
CMSS_Reg,0.1026580878903397,500
XGBoost_Target_Only,0.1205142773912578,100
KRR_Target_Only,0.6088901474149047,100
NN_Target_Only,0.5950829460010509,100
XGBoost_Pool,0.0994249235936828,100
KRR_Pool,0.3182001746726473,100
NN_Pool,0.1986256267550216,100
XGBoost_TLCQM,0.0997976852657457,100
KRR_TLCQM,0.1809926942849763,100
NN_TLCQM,0.1179669469268306,100
XGBoost_Target_Only,0.1105821437415701,200
KRR_Target_Only,0.4722918649878624,200
NN_Target_Only,0.411886845670721,200
XGBoost_Pool,0.0978192012274493,200
KRR_Pool,0.3889392434431123,200
NN_Pool,0.132050317362319,200
XGBoost_TLCQM,0.1020011568925275,200
KRR_TLCQM,0.1923044700872237,200
NN_TLCQM,0.1074453784018209,200
XGBoost_Target_Only,0.1034981454281249,300
KRR_Target_Only,0.3478139745065985,300
NN_Target_Only,0.2306579772084995,300
XGBoost_Pool,0.0980154756606154,300
KRR_Pool,0.5104704286162141,300
NN_Pool,0.1453517609547651,300
XGBoost_TLCQM,0.1019551290233965,300
KRR_TLCQM,0.1903499565917923,300
NN_TLCQM,0.1078625970673358,300
XGBoost_Target_Only,0.0980646203523751,500
KRR_Target_Only,0.2664994831601621,500
NN_Target_Only,0.1607183020801957,500
XGBoost_Pool,0.093220988127884,500
KRR_Pool,0.7032524761759186,500
NN_Pool,0.1445148675908636,500
XGBoost_TLCQM,0.0994062639642168,500
KRR_TLCQM,0.1734965707269989,500
NN_TLCQM,0.1091516819657325,500
TKRR,1.958800983001457,100
CDAR,5.264043841350524,100
DARC,33.10300406010925,100
VNCD_MDD,0.1604659064842814,100
M3SDA_Reg,0.1148585836845473,100
CMSS_Reg,0.1170959358872931,100
TKRR,1.8681981593436496,200
CDAR,6.201366354696369,200
DARC,33.86813118088429,200
VNCD_MDD,0.1655400418030852,200
M3SDA_Reg,0.1138476991221876,200
CMSS_Reg,0.1140835378086382,200
TKRR,1.8429984899388112,300
CDAR,6.178617400715845,300
DARC,34.34515918631875,300
VNCD_MDD,0.1583401373322508,300
M3SDA_Reg,0.1184271870782385,300
CMSS_Reg,0.1105648913272168,300
TKRR,1.7735713635780124,500
CDAR,6.138072983208835,500
DARC,34.38793028712087,500
VNCD_MDD,0.1556519849728818,500
M3SDA_Reg,0.1208194247460848,500
CMSS_Reg,0.1036840732195077,500
XGBoost_Target_Only,0.12410524534104,100
KRR_Target_Only,1.166523577880964,100
NN_Target_Only,0.9369012256812914,100
XGBoost_Pool,0.1018955840300672,100
KRR_Pool,0.3189518166742178,100
NN_Pool,0.1975328330883008,100
XGBoost_TLCQM,0.1021313234529874,100
KRR_TLCQM,0.2158794687261666,100
NN_TLCQM,0.1272583872298008,100
XGBoost_Target_Only,0.1248541926398986,200
KRR_Target_Only,0.394534332209718,200
NN_Target_Only,0.3156034700335165,200
XGBoost_Pool,0.0998337710287545,200
KRR_Pool,0.3839140956415163,200
NN_Pool,0.1662504505682947,200
XGBoost_TLCQM,0.0996275547916128,200
KRR_TLCQM,0.1960417164193298,200
NN_TLCQM,0.1077243335624886,200
XGBoost_Target_Only,0.0971744150088954,300
KRR_Target_Only,0.3447851282762063,300
NN_Target_Only,0.211774469687281,300
XGBoost_Pool,0.0963108802912608,300
KRR_Pool,0.5013007269065777,300
NN_Pool,0.170500369616908,300
XGBoost_TLCQM,0.1003023473998202,300
KRR_TLCQM,0.1718338764407857,300
NN_TLCQM,0.1029699110071602,300
XGBoost_Target_Only,0.0932360580612912,500
KRR_Target_Only,0.250339327420192,500
NN_Target_Only,0.1401470726805483,500
XGBoost_Pool,0.0949404276948443,500
KRR_Pool,0.7008957037075635,500
NN_Pool,0.2149011740161949,500
XGBoost_TLCQM,0.0979628634850167,500
KRR_TLCQM,0.1536641952096292,500
NN_TLCQM,0.1083078304508881,500
TKRR,1.9458329224699231,100
CDAR,6.474815827048955,100
DARC,38.342387278003415,100
VNCD_MDD,0.2019655885360617,100
M3SDA_Reg,0.1120176862642042,100
CMSS_Reg,0.1141026699937168,100
TKRR,1.8826812351937336,200
CDAR,5.314802595720505,200
DARC,24.58184248343805,200
VNCD_MDD,0.161151950835695,200
M3SDA_Reg,0.1149457461932787,200
CMSS_Reg,0.1145432637995781,200
TKRR,1.8764447935978288,300
CDAR,5.2805251096070585,300
DARC,24.89565140405124,300
VNCD_MDD,0.1520213971671543,300
M3SDA_Reg,0.1143271471257941,300
CMSS_Reg,0.1072006935568036,300
TKRR,1.7750708244621562,500
CDAR,5.191007611245453,500
DARC,25.013826458820414,500
VNCD_MDD,0.1407681940869245,500
M3SDA_Reg,0.1200457204238292,500
CMSS_Reg,0.0997091177665439,500
XGBoost_Target_Only,0.1202047590984025,100
KRR_Target_Only,0.9980982034606402,100
NN_Target_Only,0.5590401414664267,100
XGBoost_Pool,0.099913319692279,100
KRR_Pool,0.3188799137432634,100
NN_Pool,0.2080822547743064,100
XGBoost_TLCQM,0.1073146981540432,100
KRR_TLCQM,0.2150639121599701,100
NN_TLCQM,0.11473390596404,100
XGBoost_Target_Only,0.1090124804706732,200
KRR_Target_Only,0.5470872766456981,200
NN_Target_Only,0.2627566622774634,200
XGBoost_Pool,0.0977400363665755,200
KRR_Pool,0.3884914927655088,200
NN_Pool,0.1901485809628585,200
XGBoost_TLCQM,0.0958724195665322,200
KRR_TLCQM,0.1801850732023023,200
NN_TLCQM,0.1074010518373365,200
XGBoost_Target_Only,0.0979061610837502,300
KRR_Target_Only,0.3302939512965073,300
NN_Target_Only,0.1871079762045032,300
XGBoost_Pool,0.0958928408265837,300
KRR_Pool,0.5003226309568499,300
NN_Pool,0.1990305155737995,300
XGBoost_TLCQM,0.0956009041421346,300
KRR_TLCQM,0.1713077119949161,300
NN_TLCQM,0.1050142124098903,300
XGBoost_Target_Only,0.0932269094240442,500
KRR_Target_Only,0.2970221809366309,500
NN_Target_Only,0.1518980024563724,500
XGBoost_Pool,0.0947928627066256,500
KRR_Pool,0.7059650281286042,500
NN_Pool,0.2133303080466781,500
XGBoost_TLCQM,0.1006498007509588,500
KRR_TLCQM,0.1592627037719718,500
NN_TLCQM,0.1070013819646929,500
TKRR,1.894237916474248,100
CDAR,6.090419449371234,100
DARC,39.36844756854092,100
VNCD_MDD,0.177363915462794,100
M3SDA_Reg,0.1150035145639072,100
CMSS_Reg,0.1207792258380033,100
TKRR,1.850436063194946,200
CDAR,5.342034461201352,200
DARC,27.49742617138248,200
VNCD_MDD,0.1688494856817612,200
M3SDA_Reg,0.1132671726731327,200
CMSS_Reg,0.1139215537667043,200
TKRR,1.864431862728389,300
CDAR,5.369585176202662,300
DARC,27.994536424255035,300
VNCD_MDD,0.1574297142974641,300
M3SDA_Reg,0.1172510079115253,300
CMSS_Reg,0.1081040043893504,300
TKRR,1.7302484465486596,500
CDAR,5.292271318187793,500
DARC,29.048740853919277,500
VNCD_MDD,0.1443819031629875,500
M3SDA_Reg,0.1269802974765246,500
CMSS_Reg,0.1072470218791635,500
XGBoost_Target_Only,0.1136286486106757,100
KRR_Target_Only,0.9472748612123828,100
NN_Target_Only,0.5471156858336128,100
XGBoost_Pool,0.0993095481268065,100
KRR_Pool,0.319431524277658,100
NN_Pool,0.1999885194962457,100
XGBoost_TLCQM,0.1037608625393055,100
KRR_TLCQM,0.2346640812223401,100
NN_TLCQM,0.1212563138337257,100
XGBoost_Target_Only,0.1051652497860941,200
KRR_Target_Only,0.5904828356507521,200
NN_Target_Only,0.2673400585980153,200
XGBoost_Pool,0.0998859846563151,200
KRR_Pool,0.3908702120143202,200
NN_Pool,0.1802773420447669,200
XGBoost_TLCQM,0.1039298900988621,200
KRR_TLCQM,0.2525953315085871,200
NN_TLCQM,0.1181648635142438,200
XGBoost_Target_Only,0.1073703572923309,300
KRR_Target_Only,0.5456964165019496,300
NN_Target_Only,0.2002026343409925,300
XGBoost_Pool,0.0957184312914434,300
KRR_Pool,0.5114646513723308,300
NN_Pool,0.1578926810084079,300
XGBoost_TLCQM,0.0974835473827537,300
KRR_TLCQM,0.2153562759346978,300
NN_TLCQM,0.1123817943144993,300
XGBoost_Target_Only,0.0974450336256951,500
KRR_Target_Only,0.5040813246040752,500
NN_Target_Only,0.1953842814314454,500
XGBoost_Pool,0.0937094429872699,500
KRR_Pool,0.7193025050473457,500
NN_Pool,0.1309913485341166,500
XGBoost_TLCQM,0.0963265866392417,500
KRR_TLCQM,0.2034841854233882,500
NN_TLCQM,0.1080611253089151,500
TKRR,1.8887807569322668,100
CDAR,5.945581186742059,100
DARC,23.71205580563172,100
VNCD_MDD,0.1447772231669346,100
M3SDA_Reg,0.1086546749503783,100
CMSS_Reg,0.1124492843444419,100
TKRR,1.831399454702637,200
CDAR,6.064938790372952,200
DARC,31.29159968463443,200
VNCD_MDD,0.1439874111857896,200
M3SDA_Reg,0.1190126668231736,200
CMSS_Reg,0.1129723785281582,200
TKRR,1.8625298416485356,300
CDAR,6.140109738468359,300
DARC,30.964019298705107,300
VNCD_MDD,0.1357483804846637,300
M3SDA_Reg,0.1122173782156216,300
CMSS_Reg,0.1124210453742446,300
TKRR,1.885091118666956,500
CDAR,6.269352406753632,500
DARC,31.108921575825185,500
VNCD_MDD,0.1306120105809697,500
M3SDA_Reg,0.1111561737939098,500
CMSS_Reg,0.1051136108341502,500
XGBoost_Target_Only,0.1105174843525975,100
KRR_Target_Only,0.8913409522247097,100
NN_Target_Only,0.4446402638391618,100
XGBoost_Pool,0.0979922282405285,100
KRR_Pool,0.3183486703999634,100
NN_Pool,0.2080383043982734,100
XGBoost_TLCQM,0.10173089164266,100
KRR_TLCQM,0.2408749771382002,100
NN_TLCQM,0.1182027573710902,100
XGBoost_Target_Only,0.1044757092900915,200
KRR_Target_Only,0.4551168670209402,200
NN_Target_Only,0.2524111186712657,200
XGBoost_Pool,0.098059812754786,200
KRR_Pool,0.3872525544232131,200
NN_Pool,0.1974834433176707,200
XGBoost_TLCQM,0.1003233386566485,200
KRR_TLCQM,0.222187545515571,200
NN_TLCQM,0.1118377062031779,200
XGBoost_Target_Only,0.1044052952690705,300
KRR_Target_Only,0.3967676932369872,300
NN_Target_Only,0.1773725977696235,300
XGBoost_Pool,0.0965356739952928,300
KRR_Pool,0.5091043332856289,300
NN_Pool,0.1856482375432523,300
XGBoost_TLCQM,0.1010336188292467,300
KRR_TLCQM,0.1771020149274907,300
NN_TLCQM,0.1084582503769363,300
XGBoost_Target_Only,0.0998138755426915,500
KRR_Target_Only,0.3514337159115737,500
NN_Target_Only,0.1709923711340727,500
XGBoost_Pool,0.0963796146345787,500
KRR_Pool,0.7120792320753312,500
NN_Pool,0.1570784840490648,500
XGBoost_TLCQM,0.0991120200313036,500
KRR_TLCQM,0.1757690383524501,500
NN_TLCQM,0.1059668567882896,500
TKRR,2.179824686755501,100
CDAR,6.538239973113665,100
DARC,37.64996299535106,100
VNCD_MDD,0.1714787424197024,100
M3SDA_Reg,0.1183215608805901,100
CMSS_Reg,0.1171333869370517,100
TKRR,1.8496904807153527,200
CDAR,6.316466221992438,200
DARC,28.300131164212196,200
VNCD_MDD,0.1710409720480865,200
M3SDA_Reg,0.1279723356905921,200
CMSS_Reg,0.1141123139858929,200
TKRR,1.808516351395586,300
CDAR,6.214080061082302,300
DARC,28.366793094226903,300
VNCD_MDD,0.1467028989225995,300
M3SDA_Reg,0.1246857068287745,300
CMSS_Reg,0.1107366053866602,300
TKRR,1.812775130853593,500
CDAR,6.267304108087164,500
DARC,27.9311615349806,500
VNCD_MDD,0.1319595383145739,500
M3SDA_Reg,0.1185569095112628,500
CMSS_Reg,0.1057303997713917,500
XGBoost_Target_Only,0.1130869359143531,100
KRR_Target_Only,0.6791245785097042,100
NN_Target_Only,0.4474870534956723,100
XGBoost_Pool,0.097168752953077,100
KRR_Pool,0.3182620101740787,100
NN_Pool,0.1861900427731642,100
XGBoost_TLCQM,0.1043463938911657,100
KRR_TLCQM,0.1968325448784012,100
NN_TLCQM,0.1164033502554137,100
XGBoost_Target_Only,0.101730575191148,200
KRR_Target_Only,0.4580451676289901,200
NN_Target_Only,0.2654138258918594,200
XGBoost_Pool,0.0950811444379048,200
KRR_Pool,0.389724204661016,200
NN_Pool,0.1945199927694947,200
XGBoost_TLCQM,0.0982866386298078,200
KRR_TLCQM,0.1873554875085784,200
NN_TLCQM,0.1088737965298543,200
XGBoost_Target_Only,0.1034322337499948,300
KRR_Target_Only,0.4464482467317729,300
NN_Target_Only,0.2071584505850598,300
XGBoost_Pool,0.095372273879975,300
KRR_Pool,0.5110121404452922,300
NN_Pool,0.2006816016878461,300
XGBoost_TLCQM,0.1002521118506892,300
KRR_TLCQM,0.1875055481540461,300
NN_TLCQM,0.1071523450467991,300
XGBoost_Target_Only,0.0963937893245497,500
KRR_Target_Only,0.3571033096582786,500
NN_Target_Only,0.1634552627264573,500
XGBoost_Pool,0.0944141104987118,500
KRR_Pool,0.7163035450321178,500
NN_Pool,0.1746896220275892,500
XGBoost_TLCQM,0.1007665272169744,500
KRR_TLCQM,0.1790723454401185,500
NN_TLCQM,0.1043763366279309,500
TKRR,1.8822485706803849,100
CDAR,5.475478676850781,100
DARC,24.95883175424977,100
VNCD_MDD,0.1739270602193882,100
M3SDA_Reg,0.1206947534832177,100
CMSS_Reg,0.1204355604723814,100
TKRR,1.9210291955441536,200
CDAR,5.140647407679736,200
DARC,22.93929596174404,200
VNCD_MDD,0.1432561994729493,200
M3SDA_Reg,0.1151465670359531,200
CMSS_Reg,0.1090114235528688,200
TKRR,1.8792791279048784,300
CDAR,5.125323957153322,300
DARC,23.524875121816454,300
VNCD_MDD,0.1361923611638065,300
M3SDA_Reg,0.1138713913822743,300
CMSS_Reg,0.1099676653340739,300
TKRR,1.8682160326517068,500
CDAR,5.2147755328982885,500
DARC,23.297494446156065,500
VNCD_MDD,0.1196543664473222,500
M3SDA_Reg,0.1137141945710676,500
CMSS_Reg,0.1024621453979877,500
XGBoost_Target_Only,0.1084322472722309,100
KRR_Target_Only,1.019689810334532,100
NN_Target_Only,0.6034622743665075,100
XGBoost_Pool,0.1024105341008135,100
KRR_Pool,0.3184178165368296,100
NN_Pool,0.2311598113771528,100
XGBoost_TLCQM,0.104138071446721,100
KRR_TLCQM,0.2243462030536975,100
NN_TLCQM,0.1144103499422567,100
XGBoost_Target_Only,0.1114173426719775,200
KRR_Target_Only,0.7084021786676815,200
NN_Target_Only,0.5144740760237064,200
XGBoost_Pool,0.1006606214091671,200
KRR_Pool,0.3892836856203483,200
NN_Pool,0.199712768293185,200
XGBoost_TLCQM,0.1030104828973699,200
KRR_TLCQM,0.2076766202675071,200
NN_TLCQM,0.1089963656117862,200
XGBoost_Target_Only,0.1025521239645581,300
KRR_Target_Only,0.4706523498905275,300
NN_Target_Only,0.2183502675838854,300
XGBoost_Pool,0.097201280500601,300
KRR_Pool,0.5064169485429753,300
NN_Pool,0.1972423770111042,300
XGBoost_TLCQM,0.1017741195843894,300
KRR_TLCQM,0.1788763674802896,300
NN_TLCQM,0.1065524575292158,300
XGBoost_Target_Only,0.0963371879273903,500
KRR_Target_Only,0.3733156201444456,500
NN_Target_Only,0.1522072408992667,500
XGBoost_Pool,0.0942240026214398,500
KRR_Pool,0.7115858435006757,500
NN_Pool,0.2171080651739591,500
XGBoost_TLCQM,0.0955636533899251,500
KRR_TLCQM,0.1815288067126661,500
NN_TLCQM,0.1002521411592362,500
TKRR,1.9044239542481336,100
CDAR,6.0938756732947805,100
DARC,28.601196419321504,100
VNCD_MDD,0.1662993217692582,100
M3SDA_Reg,0.1123219736823623,100
CMSS_Reg,0.1075905793068629,100
TKRR,1.899003254110144,200
CDAR,5.636943540919099,200
DARC,31.115329313421757,200
VNCD_MDD,0.1653138537899153,200
M3SDA_Reg,0.1104796166908684,200
CMSS_Reg,0.112577633350218,200
TKRR,1.9819354757252527,300
CDAR,5.579143771856965,300
DARC,31.111838339415996,300
VNCD_MDD,0.1398966307122313,300
M3SDA_Reg,0.1142826534318708,300
CMSS_Reg,0.1133516202136185,300
TKRR,1.809507196495452,500
CDAR,5.613187935925368,500
DARC,30.79491826007428,500
VNCD_MDD,0.1335536560615827,500
M3SDA_Reg,0.1192311943072902,500
CMSS_Reg,0.1091809452115811,500
XGBoost_Target_Only,0.105579618234405,100
KRR_Target_Only,0.8641964518067158,100
NN_Target_Only,0.5814552381498982,100
XGBoost_Pool,0.0978020901771316,100
KRR_Pool,0.3185320683028028,100
NN_Pool,0.2089955386961998,100
XGBoost_TLCQM,0.1006731889230037,100
KRR_TLCQM,0.2082858501121997,100
NN_TLCQM,0.1265838735374409,100
XGBoost_Target_Only,0.0990057593219186,200
KRR_Target_Only,0.4533758261053155,200
NN_Target_Only,0.2551872147009992,200
XGBoost_Pool,0.0973312052347365,200
KRR_Pool,0.3797515685410922,200
NN_Pool,0.1954372269909618,200
XGBoost_TLCQM,0.0996011728779639,200
KRR_TLCQM,0.1957869801633123,200
NN_TLCQM,0.1166482423806923,200
XGBoost_Target_Only,0.1021951076721837,300
KRR_Target_Only,0.3426393709321463,300
NN_Target_Only,0.1604288468228375,300
XGBoost_Pool,0.0945498404983513,300
KRR_Pool,0.4989582307672379,300
NN_Pool,0.2127153357174905,300
XGBoost_TLCQM,0.0980776605925599,300
KRR_TLCQM,0.1894463040070609,300
NN_TLCQM,0.1106132675266067,300
XGBoost_Target_Only,0.092955050676561,500
KRR_Target_Only,0.3052991173872374,500
NN_Target_Only,0.1418828488492953,500
XGBoost_Pool,0.0947799460728858,500
KRR_Pool,0.7062785147829435,500
NN_Pool,0.2120242348318079,500
XGBoost_TLCQM,0.0975049369268032,500
KRR_TLCQM,0.1753753176893586,500
NN_TLCQM,0.1027611202650687,500
TKRR,1.8689393211977845,100
CDAR,5.219276628054473,100
DARC,35.46381039177344,100
VNCD_MDD,0.167870078242333,100
M3SDA_Reg,0.118095092613543,100
CMSS_Reg,0.1183673573268566,100
TKRR,1.9271322423636024,200
CDAR,5.236747684609371,200
DARC,30.550815025612398,200
VNCD_MDD,0.1435901629131336,200
M3SDA_Reg,0.120176529633964,200
CMSS_Reg,0.1107018777261312,200
TKRR,1.8093852720375048,300
CDAR,5.094629403409553,300
DARC,30.694674895154797,300
VNCD_MDD,0.1323830916042794,300
M3SDA_Reg,0.1194584389156012,300
CMSS_Reg,0.1078574639564944,300
TKRR,1.6983311808770785,500
CDAR,5.068588913836599,500
DARC,30.11270646624059,500
VNCD_MDD,0.1237592892868964,500
M3SDA_Reg,0.1240220161372999,500
CMSS_Reg,0.1050589397499398,500
XGBoost_Target_Only,0.119024950117431,100
KRR_Target_Only,1.3361905537317909,100
NN_Target_Only,0.6472609551347283,100
XGBoost_Pool,0.1011683855121477,100
KRR_Pool,0.318765355240432,100
NN_Pool,0.1817209156262169,100
XGBoost_TLCQM,0.1057328773757318,100
KRR_TLCQM,0.2400429208924782,100
NN_TLCQM,0.1337822140147508,100
XGBoost_Target_Only,0.1156883346137904,200
KRR_Target_Only,0.7835980819395554,200
NN_Target_Only,0.3426375818933661,200
XGBoost_Pool,0.1006041506676439,200
KRR_Pool,0.3910176175251788,200
NN_Pool,0.2030034321964068,200
XGBoost_TLCQM,0.1110340338360992,200
KRR_TLCQM,0.2446079672273565,200
NN_TLCQM,0.119876562880856,200
XGBoost_Target_Only,0.1047997904957825,300
KRR_Target_Only,0.5687902777732687,300
NN_Target_Only,0.2621813259983634,300
XGBoost_Pool,0.1002031584590854,300
KRR_Pool,0.51393189794293,300
NN_Pool,0.1912478929283554,300
XGBoost_TLCQM,0.1075163490024695,300
KRR_TLCQM,0.2412481242563459,300
NN_TLCQM,0.1163446848847384,300
XGBoost_Target_Only,0.0990973201837854,500
KRR_Target_Only,0.4487761608763654,500
NN_Target_Only,0.2144184397682438,500
XGBoost_Pool,0.0999857228082667,500
KRR_Pool,0.7212208545088503,500
NN_Pool,0.2070223255844878,500
XGBoost_TLCQM,0.1045646279495361,500
KRR_TLCQM,0.2195436091455294,500
NN_TLCQM,0.1146929010512495,500
TKRR,1.871277162756812,100
CDAR,6.056104601864549,100
DARC,29.34133069333611,100
VNCD_MDD,0.1754402701523299,100
M3SDA_Reg,0.123477148019116,100
CMSS_Reg,0.1254952941329295,100
TKRR,1.8764717253441972,200
CDAR,5.575231882531312,200
DARC,32.39167408139376,200
VNCD_MDD,0.1463543584628208,200
M3SDA_Reg,0.1193170639337736,200
CMSS_Reg,0.1200642668814126,200
TKRR,1.8563956889416215,300
CDAR,5.615169031421294,300
DARC,32.31480920314293,300
VNCD_MDD,0.1364481666920987,300
M3SDA_Reg,0.1163380091636651,300
CMSS_Reg,0.109431817608621,300
TKRR,1.9157737631173928,500
CDAR,5.601874865118467,500
DARC,31.829930681890527,500
VNCD_MDD,0.1570700134485621,500
M3SDA_Reg,0.1151555264106922,500
CMSS_Reg,0.1013974643533669,500
XGBoost_Target_Only,0.1326291179497363,100
KRR_Target_Only,1.0764291288970624,100
NN_Target_Only,0.6522781902575961,100
XGBoost_Pool,0.1012915488872246,100
KRR_Pool,0.3169964825750264,100
NN_Pool,0.2021769443152629,100
XGBoost_TLCQM,0.1052839030119409,100
KRR_TLCQM,0.2091598319236941,100
NN_TLCQM,0.1148688877911126,100
XGBoost_Target_Only,0.1057233862041327,200
KRR_Target_Only,0.5457424372683082,200
NN_Target_Only,0.278257263906758,200
XGBoost_Pool,0.1006761000105694,200
KRR_Pool,0.3796269120259062,200
NN_Pool,0.1903249674047406,200
XGBoost_TLCQM,0.105470098535506,200
KRR_TLCQM,0.1994514142311928,200
NN_TLCQM,0.1109035997278211,200
XGBoost_Target_Only,0.0951888487651227,300
KRR_Target_Only,0.3906532406018499,300
NN_Target_Only,0.2004373016593587,300
XGBoost_Pool,0.0964088701265158,300
KRR_Pool,0.4983727517797255,300
NN_Pool,0.194126050838854,300
XGBoost_TLCQM,0.0986637783786799,300
KRR_TLCQM,0.1946824759342389,300
NN_TLCQM,0.1067886882912992,300
XGBoost_Target_Only,0.0949012272488339,500
KRR_Target_Only,0.310650180605736,500
NN_Target_Only,0.1428206282057837,500
XGBoost_Pool,0.0969879781521733,500
KRR_Pool,0.7010408089264518,500
NN_Pool,0.1284763117075073,500
XGBoost_TLCQM,0.099773819479729,500
KRR_TLCQM,0.1736355691930027,500
NN_TLCQM,0.1086836343728957,500
TKRR,2.064604032244204,100
CDAR,5.54623709452759,100
DARC,36.1736644492445,100
VNCD_MDD,0.159526405436945,100
M3SDA_Reg,0.1163337116279717,100
CMSS_Reg,0.1161016424383414,100
TKRR,1.9481923889144053,200
CDAR,5.393702529021942,200
DARC,35.30797111990608,200
VNCD_MDD,0.1582184712665072,200
M3SDA_Reg,0.1172450028692021,200
CMSS_Reg,0.1155317655356751,200
TKRR,1.807360128396267,300
CDAR,5.417749918745137,300
DARC,35.215127942749575,300
VNCD_MDD,0.1297040998167705,300
M3SDA_Reg,0.1094491302203897,300
CMSS_Reg,0.1068386282478463,300
TKRR,1.8057904891531695,500
CDAR,5.425422023249436,500
DARC,35.17152080514851,500
VNCD_MDD,0.1275092855346702,500
M3SDA_Reg,0.1152776101952302,500
CMSS_Reg,0.1019624508578607,500
XGBoost_Target_Only,0.1145204022835131,100
KRR_Target_Only,1.003227523367389,100
NN_Target_Only,0.4891418319203765,100
XGBoost_Pool,0.1076264581432918,100
KRR_Pool,0.3192144349451679,100
NN_Pool,0.2072957898402532,100
XGBoost_TLCQM,0.1051791641312977,100
KRR_TLCQM,0.2008304116338482,100
NN_TLCQM,0.1216400231361784,100
XGBoost_Target_Only,0.1087179835503187,200
KRR_Target_Only,0.5097818616026986,200
NN_Target_Only,0.28119606042465,200
XGBoost_Pool,0.1000559632610759,200
KRR_Pool,0.3899835647063402,200
NN_Pool,0.1830658466048526,200
XGBoost_TLCQM,0.099474116171871,200
KRR_TLCQM,0.1925845208492621,200
NN_TLCQM,0.1126718351814672,200
XGBoost_Target_Only,0.1047862318741663,300
KRR_Target_Only,0.4297479243212523,300
NN_Target_Only,0.1896957139794454,300
XGBoost_Pool,0.0998791807934602,300
KRR_Pool,0.511868395925244,300
NN_Pool,0.2043967613369712,300
XGBoost_TLCQM,0.0997654854739343,300
KRR_TLCQM,0.1974649886663433,300
NN_TLCQM,0.1126962256378271,300
XGBoost_Target_Only,0.0963321045231419,500
KRR_Target_Only,0.4162538404452871,500
NN_Target_Only,0.153737303028884,500
XGBoost_Pool,0.0962031492672779,500
KRR_Pool,0.7176184327622761,500
NN_Pool,0.2208998789152989,500
XGBoost_TLCQM,0.0988557636225796,500
KRR_TLCQM,0.1939691753204447,500
NN_TLCQM,0.1063881603149142,500
TKRR,2.076467497909986,100
CDAR,5.930500184135781,100
DARC,29.623951128094284,100
VNCD_MDD,0.1887483753983772,100
M3SDA_Reg,0.1213473586579925,100
CMSS_Reg,0.1180183186830757,100
TKRR,1.893017420566467,200
CDAR,5.322920221976142,200
DARC,23.388098260398937,200
VNCD_MDD,0.1740882568822976,200
M3SDA_Reg,0.129899317074158,200
CMSS_Reg,0.1140246862728662,200
TKRR,1.887088595206583,300
CDAR,5.327195756860302,300
DARC,23.34471795720456,300
VNCD_MDD,0.1665498765359963,300
M3SDA_Reg,0.1295189410214968,300
CMSS_Reg,0.1100585083077561,300
TKRR,1.85543292241808,500
CDAR,5.444654320467944,500
DARC,23.80243770956948,500
VNCD_MDD,0.1596653060006749,500
M3SDA_Reg,0.1322779235233143,500
CMSS_Reg,0.1035761055052934,500
XGBoost_Target_Only,0.1077804171913306,100
KRR_Target_Only,1.3689384752225406,100
NN_Target_Only,1.119610624978471,100
XGBoost_Pool,0.0974869976725465,100
KRR_Pool,0.3184674542407292,100
NN_Pool,0.20053142463911,100
XGBoost_TLCQM,0.1033013023512061,100
KRR_TLCQM,0.2459026943820051,100
NN_TLCQM,0.1405209013858346,100
XGBoost_Target_Only,0.0979108253003132,200
KRR_Target_Only,0.6799734767515553,200
NN_Target_Only,0.3882751439397681,200
XGBoost_Pool,0.0982392703470617,200
KRR_Pool,0.3910838912818422,200
NN_Pool,0.1789550562045598,200
XGBoost_TLCQM,0.0986424445484475,200
KRR_TLCQM,0.2234058436701132,200
NN_TLCQM,0.1127850551785039,200
XGBoost_Target_Only,0.0956003586629817,300
KRR_Target_Only,0.672373466806913,300
NN_Target_Only,0.2787046613753728,300
XGBoost_Pool,0.0971978301707811,300
KRR_Pool,0.5138084079415096,300
NN_Pool,0.1823778097169872,300
XGBoost_TLCQM,0.0989295610794318,300
KRR_TLCQM,0.2395685213235727,300
NN_TLCQM,0.1090408334738054,300
XGBoost_Target_Only,0.0967344930677462,500
KRR_Target_Only,0.4747800645939969,500
NN_Target_Only,0.1845458847115941,500
XGBoost_Pool,0.095967583515964,500
KRR_Pool,0.72062940926954,500
NN_Pool,0.1492811902050831,500
XGBoost_TLCQM,0.0977994250629565,500
KRR_TLCQM,0.2046484995669359,500
NN_TLCQM,0.1076358515657745,500
TKRR,1.850378923386491,100
CDAR,6.619968162300434,100
DARC,34.51955584862098,100
VNCD_MDD,0.1602316287432478,100
M3SDA_Reg,0.1150858352066513,100
CMSS_Reg,0.1242698032884831,100
TKRR,1.9859370169537665,200
CDAR,6.4390195714018805,200
DARC,33.93988072297901,200
VNCD_MDD,0.1485949103393393,200
M3SDA_Reg,0.1116030901295173,200
CMSS_Reg,0.1124118431506159,200
TKRR,1.899760144199576,300
CDAR,6.580840952531366,300
DARC,33.79694613728225,300
VNCD_MDD,0.1478272312836817,300
M3SDA_Reg,0.1109866136784717,300
CMSS_Reg,0.1098964106792887,300
TKRR,1.93960403694384,500
CDAR,6.4968336739946615,500
DARC,28.055567595163296,500
VNCD_MDD,0.1322834043392341,500
M3SDA_Reg,0.1171368240255122,500
CMSS_Reg,0.1103542277251097,500
XGBoost_Target_Only,0.1108330721086491,100
KRR_Target_Only,0.7043152646575012,100
NN_Target_Only,0.622673268757622,100
XGBoost_Pool,0.0968875368496858,100
KRR_Pool,0.3172322617705491,100
NN_Pool,0.1979929942715768,100
XGBoost_TLCQM,0.105195286136747,100
KRR_TLCQM,0.1962698879236492,100
NN_TLCQM,0.1327351981050743,100
XGBoost_Target_Only,0.1023953320407179,200
KRR_Target_Only,0.5261687158967704,200
NN_Target_Only,0.3393227538190652,200
XGBoost_Pool,0.1002160855228526,200
KRR_Pool,0.3883467036382828,200
NN_Pool,0.1997020824288349,200
XGBoost_TLCQM,0.1005514037808825,200
KRR_TLCQM,0.1998715227209563,200
NN_TLCQM,0.1026690520441683,200
XGBoost_Target_Only,0.0949157529887775,300
KRR_Target_Only,0.295190453983861,300
NN_Target_Only,0.2044629419399566,300
XGBoost_Pool,0.0975689664205846,300
KRR_Pool,0.4970544112299223,300
NN_Pool,0.1778261716014726,300
XGBoost_TLCQM,0.0995829214143985,300
KRR_TLCQM,0.161017380339078,300
NN_TLCQM,0.1076994406990859,300
XGBoost_Target_Only,0.0925447937122326,500
KRR_Target_Only,0.2362588025197477,500
NN_Target_Only,0.1412950803905153,500
XGBoost_Pool,0.0962445762009871,500
KRR_Pool,0.696649671457216,500
NN_Pool,0.2092707973696687,500
XGBoost_TLCQM,0.0981785370292545,500
KRR_TLCQM,0.1497180499407723,500
NN_TLCQM,0.1080884893120552,500
TKRR,1.8699526509074893,100
CDAR,5.447328892346299,100
DARC,35.86771969942637,100
VNCD_MDD,0.1898381415601938,100
M3SDA_Reg,0.119589576628822,100
CMSS_Reg,0.119959586335085,100
TKRR,1.840203389009299,200
CDAR,5.584104359480975,200
DARC,38.5383163036182,200
VNCD_MDD,0.1653221919281224,200
M3SDA_Reg,0.1181545812978099,200
CMSS_Reg,0.115616181443921,200
TKRR,1.79575977209965,300
CDAR,5.529838430690836,300
DARC,37.61310427726557,300
VNCD_MDD,0.1410381098779771,300
M3SDA_Reg,0.1187253772455654,300
CMSS_Reg,0.1070969128790705,300
TKRR,1.7371071630197472,500
CDAR,5.549167010697349,500
DARC,38.83541132989095,500
VNCD_MDD,0.1399675837886268,500
M3SDA_Reg,0.1181064225876679,500
CMSS_Reg,0.1030294092261384,500
XGBoost_Target_Only,0.1127562853431241,100
KRR_Target_Only,0.9497731724278264,100
NN_Target_Only,0.7101208383867539,100
XGBoost_Pool,0.0997067293085068,100
KRR_Pool,0.3184860972632068,100
NN_Pool,0.2182219326282949,100
XGBoost_TLCQM,0.106432785322095,100
KRR_TLCQM,0.213635102815759,100
NN_TLCQM,0.1366721469712136,100
XGBoost_Target_Only,0.1052557641675947,200
KRR_Target_Only,0.7527679671478547,200
NN_Target_Only,0.3704042215749539,200
XGBoost_Pool,0.0977512388029116,200
KRR_Pool,0.3893549000096566,200
NN_Pool,0.2010114291248847,200
XGBoost_TLCQM,0.103217776634938,200
KRR_TLCQM,0.234446435413673,200
NN_TLCQM,0.1170869394173988,200
XGBoost_Target_Only,0.1036208771251239,300
KRR_Target_Only,0.5110290966119021,300
NN_Target_Only,0.2561090825648908,300
XGBoost_Pool,0.0960832388378587,300
KRR_Pool,0.5058130098743795,300
NN_Pool,0.1847226734928071,300
XGBoost_TLCQM,0.1016652034884142,300
KRR_TLCQM,0.210456722121606,300
NN_TLCQM,0.1155687741163507,300
XGBoost_Target_Only,0.097322737065201,500
KRR_Target_Only,0.4060154941085339,500
NN_Target_Only,0.173636196393669,500
XGBoost_Pool,0.095216806095878,500
KRR_Pool,0.7100295720762013,500
NN_Pool,0.1427597668136927,500
XGBoost_TLCQM,0.0999796478904275,500
KRR_TLCQM,0.1927489009098253,500
NN_TLCQM,0.1177915042571318,500
TKRR,1.8161529536634464,100
CDAR,5.286928508314822,100
DARC,26.10109181609877,100
VNCD_MDD,0.1662724283780964,100
M3SDA_Reg,0.1213693136648411,100
CMSS_Reg,0.1213248762276111,100
TKRR,1.9035097419505755,200
CDAR,5.713636002432528,200
DARC,32.05371930768467,200
VNCD_MDD,0.1404890899786064,200
M3SDA_Reg,0.1077791722551341,200
CMSS_Reg,0.1100823576798255,200
TKRR,1.7942329750823791,300
CDAR,5.666170662369411,300
DARC,32.23492595926544,300
VNCD_MDD,0.1479367816691116,300
M3SDA_Reg,0.1138346147609471,300
CMSS_Reg,0.1074417159815384,300
TKRR,1.7279442607142268,500
CDAR,5.621524629284805,500
DARC,32.12255328897004,500
VNCD_MDD,0.1339780626878016,500
M3SDA_Reg,0.1133354375857112,500
CMSS_Reg,0.1034417602591473,500
XGBoost_Target_Only,0.114622674273382,100
KRR_Target_Only,0.5054760385281837,100
NN_Target_Only,0.499894221867924,100
XGBoost_Pool,0.101607351119781,100
KRR_Pool,0.3172702317455561,100
NN_Pool,0.2616749822579267,100
XGBoost_TLCQM,0.1056200538983895,100
KRR_TLCQM,0.1862359245207688,100
NN_TLCQM,0.1245528430594732,100
XGBoost_Target_Only,0.1021757189303148,200
KRR_Target_Only,0.4916775461844379,200
NN_Target_Only,0.1911204015845202,200
XGBoost_Pool,0.0998271433735227,200
KRR_Pool,0.3889156763918572,200
NN_Pool,0.1908597978613024,200
XGBoost_TLCQM,0.1049953716647845,200
KRR_TLCQM,0.2086353346895621,200
NN_TLCQM,0.1219945686923719,200
XGBoost_Target_Only,0.0959410126776201,300
KRR_Target_Only,0.3783954992638246,300
NN_Target_Only,0.1691979709225518,300
XGBoost_Pool,0.0969677673018194,300
KRR_Pool,0.4995131314289676,300
NN_Pool,0.2244320444922721,300
XGBoost_TLCQM,0.0975085400219086,300
KRR_TLCQM,0.2089291223611398,300
NN_TLCQM,0.1132666518998621,300
XGBoost_Target_Only,0.0944889983143194,500
KRR_Target_Only,0.3504504363479286,500
NN_Target_Only,0.1435890268472031,500
XGBoost_Pool,0.097766330407964,500
KRR_Pool,0.7048062790148402,500
NN_Pool,0.2083241027007329,500
XGBoost_TLCQM,0.0974521883592019,500
KRR_TLCQM,0.1916551232180199,500
NN_TLCQM,0.1080301965049516,500
TKRR,1.862522375361497,100
CDAR,6.008030680479483,100
DARC,37.9058719844893,100
VNCD_MDD,0.150468044640353,100
M3SDA_Reg,0.117400680799752,100
CMSS_Reg,0.1178072697737004,100
TKRR,1.905958636541529,200
CDAR,6.121174427304234,200
DARC,26.36105234625935,200
VNCD_MDD,0.1524191219025034,200
M3SDA_Reg,0.1104351096023313,200
CMSS_Reg,0.1109450629374428,200
TKRR,1.7735747752544897,300
CDAR,6.169379719543564,300
DARC,26.34060066541531,300
VNCD_MDD,0.141147010209601,300
M3SDA_Reg,0.1154705063092222,300
CMSS_Reg,0.1063732855261317,300
TKRR,1.7048208673060643,500
CDAR,6.072270827688604,500
DARC,26.627735810157866,500
VNCD_MDD,0.1185198444263232,500
M3SDA_Reg,0.1163744901515164,500
CMSS_Reg,0.1023502501745061,500
XGBoost_Target_Only,0.1082853343509511,100
KRR_Target_Only,0.7462053478060344,100
NN_Target_Only,0.3649751661308437,100
XGBoost_Pool,0.1035741004180529,100
KRR_Pool,0.3169027907644451,100
NN_Pool,0.2088745605702892,100
XGBoost_TLCQM,0.100652184568132,100
KRR_TLCQM,0.1903609175615339,100
NN_TLCQM,0.122283957192391,100
XGBoost_Target_Only,0.102913251148999,200
KRR_Target_Only,0.5589322050152343,200
NN_Target_Only,0.2262823747705967,200
XGBoost_Pool,0.1006965534797631,200
KRR_Pool,0.3872874716350931,200
NN_Pool,0.1953579816155236,200
XGBoost_TLCQM,0.0985509705821953,200
KRR_TLCQM,0.193689768455124,200
NN_TLCQM,0.1109351704693038,200
XGBoost_Target_Only,0.0982595892747003,300
KRR_Target_Only,0.4950986666309739,300
NN_Target_Only,0.2044793494441038,300
XGBoost_Pool,0.0967422991842392,300
KRR_Pool,0.5092737448373263,300
NN_Pool,0.1845365689732582,300
XGBoost_TLCQM,0.096175836959172,300
KRR_TLCQM,0.1992555613526871,300
NN_TLCQM,0.1009905874006731,300
XGBoost_Target_Only,0.0946666805930198,500
KRR_Target_Only,0.3993026547722186,500
NN_Target_Only,0.1534071161222527,500
XGBoost_Pool,0.0960070659976613,500
KRR_Pool,0.7173074890876885,500
NN_Pool,0.1998674436101223,500
XGBoost_TLCQM,0.0954588901725063,500
KRR_TLCQM,0.1877042983878612,500
NN_TLCQM,0.1032994806406856,500
TKRR,1.910921001145616,100
CDAR,6.385625526139753,100
DARC,42.437153598131054,100
VNCD_MDD,0.1641441173550202,100
M3SDA_Reg,0.1135982217501642,100
CMSS_Reg,0.1211870242086232,100
TKRR,1.9152392622538252,200
CDAR,5.34689710014716,200
DARC,37.06334364129949,200
VNCD_MDD,0.1514672246785074,200
M3SDA_Reg,0.1117023324329766,200
CMSS_Reg,0.1142935632052204,200
TKRR,1.835828137910258,300
CDAR,5.334668263376075,300
DARC,37.14673097536542,300
VNCD_MDD,0.1406636827043521,300
M3SDA_Reg,0.1077020258238016,300
CMSS_Reg,0.1126462634563982,300
TKRR,1.7907738853772637,500
CDAR,5.321001808112703,500
DARC,36.69875435881757,500
VNCD_MDD,0.1260706571303755,500
M3SDA_Reg,0.1073549742639161,500
CMSS_Reg,0.1088176939798369,500
XGBoost_Target_Only,0.1192239572348991,100
KRR_Target_Only,1.1223913158050025,100
NN_Target_Only,0.913282749375467,100
XGBoost_Pool,0.1007203868637398,100
KRR_Pool,0.3193996443105559,100
NN_Pool,0.2072092362541161,100
XGBoost_TLCQM,0.0981569698576673,100
KRR_TLCQM,0.1941023657986893,100
NN_TLCQM,0.1301766501590607,100
XGBoost_Target_Only,0.1013400785854633,200
KRR_Target_Only,0.5346345358580329,200
NN_Target_Only,0.2300318039025182,200
XGBoost_Pool,0.1014047866517717,200
KRR_Pool,0.3915208088926521,200
NN_Pool,0.1774672585777092,200
XGBoost_TLCQM,0.1013562508091817,200
KRR_TLCQM,0.1955700354033588,200
NN_TLCQM,0.1109955892163239,200
XGBoost_Target_Only,0.10192856103641,300
KRR_Target_Only,0.4584240892823434,300
NN_Target_Only,0.1695637121860362,300
XGBoost_Pool,0.0993977432674454,300
KRR_Pool,0.5122498041205558,300
NN_Pool,0.1971236772775192,300
XGBoost_TLCQM,0.1015192089003362,300
KRR_TLCQM,0.2103951127983044,300
NN_TLCQM,0.109104563597263,300
XGBoost_Target_Only,0.0978302129672374,500
KRR_Target_Only,0.390807933445665,500
NN_Target_Only,0.1564690103319731,500
XGBoost_Pool,0.0979517750844553,500
KRR_Pool,0.7193979751471675,500
NN_Pool,0.2067191389410257,500
XGBoost_TLCQM,0.0997813593036058,500
KRR_TLCQM,0.2047044397253325,500
NN_TLCQM,0.1066149484479037,500
TKRR,2.013485222156881,100
CDAR,5.70034940681009,100
DARC,38.297958477026704,100
VNCD_MDD,0.1400193318891137,100
M3SDA_Reg,0.121648166424601,100
CMSS_Reg,0.1130814721853689,100
TKRR,1.928279652834514,200
CDAR,5.708964191645451,200
DARC,26.01953065895333,200
VNCD_MDD,0.129866278096655,200
M3SDA_Reg,0.1261690389283969,200
CMSS_Reg,0.1087378484373099,200
TKRR,1.877461050692835,300
CDAR,5.699118935606864,300
DARC,26.27140695712324,300
VNCD_MDD,0.1271175498693486,300
M3SDA_Reg,0.1265213507442648,300
CMSS_Reg,0.1086347342402612,300
TKRR,1.818177491063501,500
CDAR,5.78259255594942,500
DARC,26.195595849645084,500
VNCD_MDD,0.1191322149865506,500
M3SDA_Reg,0.1288172729138595,500
CMSS_Reg,0.1026436298370477,500
XGBoost_Target_Only,0.1125713940352513,100
KRR_Target_Only,0.4601943811609097,100
NN_Target_Only,0.3907472851685133,100
XGBoost_Pool,0.1014452126432687,100
KRR_Pool,0.3124692851874719,100
NN_Pool,0.2012743280452714,100
XGBoost_TLCQM,0.1032063907685992,100
KRR_TLCQM,0.1862926580541679,100
NN_TLCQM,0.1217941800782473,100
XGBoost_Target_Only,0.1147615758598236,200
KRR_Target_Only,0.4102008526725642,200
NN_Target_Only,0.270733360214438,200
XGBoost_Pool,0.0990893599053242,200
KRR_Pool,0.3822067251723421,200
NN_Pool,0.1903475674608582,200
XGBoost_TLCQM,0.1040783551380905,200
KRR_TLCQM,0.2038622127961326,200
NN_TLCQM,0.1131397167222872,200
XGBoost_Target_Only,0.1052632763155753,300
KRR_Target_Only,0.3384030104988452,300
NN_Target_Only,0.1554290542916561,300
XGBoost_Pool,0.0999636111573417,300
KRR_Pool,0.5031870575690878,300
NN_Pool,0.1869178724866569,300
XGBoost_TLCQM,0.1022082824620805,300
KRR_TLCQM,0.1791090588225359,300
NN_TLCQM,0.1083577831124596,300
XGBoost_Target_Only,0.1066123301901735,500
KRR_Target_Only,0.3191432793782769,500
NN_Target_Only,0.1530546182983055,500
XGBoost_Pool,0.0948338924119078,500
KRR_Pool,0.7086549779781264,500
NN_Pool,0.2203714761325222,500
XGBoost_TLCQM,0.1014435467285752,500
KRR_TLCQM,0.1765218133999412,500
NN_TLCQM,0.1097734070399388,500
TKRR,2.087377453739349,100
CDAR,5.927133382124812,100
DARC,23.96252043474295,100
VNCD_MDD,0.155628731292523,100
M3SDA_Reg,0.1235144884141817,100
CMSS_Reg,0.1161007041352989,100
TKRR,1.868443347841966,200
CDAR,5.504636645517837,200
DARC,27.38426198922092,200
VNCD_MDD,0.1492932828113248,200
M3SDA_Reg,0.1139129107462204,200
CMSS_Reg,0.111952875353059,200
TKRR,1.8720806628089055,300
CDAR,5.508288489728994,300
DARC,28.20015096858476,300
VNCD_MDD,0.1530009466294228,300
M3SDA_Reg,0.117355548624666,300
CMSS_Reg,0.1088450769578678,300
TKRR,1.797920635845166,500
CDAR,5.491275715939305,500
DARC,27.327984940404253,500
VNCD_MDD,0.1250133868451499,500
M3SDA_Reg,0.1142386259554786,500
CMSS_Reg,0.1016980307887441,500
XGBoost_Target_Only,0.1151866825774114,100
KRR_Target_Only,1.515834494316448,100
NN_Target_Only,0.7532401075837295,100
XGBoost_Pool,0.0986193126474081,100
KRR_Pool,0.3185165379240621,100
NN_Pool,0.2084751269645267,100
XGBoost_TLCQM,0.1061461297178613,100
KRR_TLCQM,0.21611456869078,100
NN_TLCQM,0.1261800938757513,100
XGBoost_Target_Only,0.1184507213822174,200
KRR_Target_Only,0.5064142546338488,200
NN_Target_Only,0.2430500102454426,200
XGBoost_Pool,0.0951354105134146,200
KRR_Pool,0.3872126716837127,200
NN_Pool,0.176273410712849,200
XGBoost_TLCQM,0.1034996840348703,200
KRR_TLCQM,0.1965798122449886,200
NN_TLCQM,0.1123644350637394,200
XGBoost_Target_Only,0.1039523692963452,300
KRR_Target_Only,0.5000180632216016,300
NN_Target_Only,0.2221584760428832,300
XGBoost_Pool,0.0945797726452803,300
KRR_Pool,0.5099779705262729,300
NN_Pool,0.199060251759427,300
XGBoost_TLCQM,0.0967714720810823,300
KRR_TLCQM,0.186796256842797,300
NN_TLCQM,0.1058205967018955,300
XGBoost_Target_Only,0.0971779474595978,500
KRR_Target_Only,0.4147294447124518,500
NN_Target_Only,0.1758751604013514,500
XGBoost_Pool,0.0939640693391816,500
KRR_Pool,0.7200366737574012,500
NN_Pool,0.2087098538458378,500
XGBoost_TLCQM,0.0956944589570088,500
KRR_TLCQM,0.2039891602351214,500
NN_TLCQM,0.105515809309505,500
TKRR,1.9882996164512263,100
CDAR,5.634073572158502,100
DARC,24.359920102733803,100
VNCD_MDD,0.1591923350428999,100
M3SDA_Reg,0.1144879958887661,100
CMSS_Reg,0.1162513173691118,100
TKRR,1.8732832388348435,200
CDAR,5.578220206213032,200
DARC,30.51994996562608,200
VNCD_MDD,0.1565363481770538,200
M3SDA_Reg,0.1055593397423858,200
CMSS_Reg,0.1123246394975235,200
TKRR,1.9208223202376284,300
CDAR,5.569753051420153,300
DARC,30.40663816037242,300
VNCD_MDD,0.1571734006327462,300
M3SDA_Reg,0.104924471818126,300
CMSS_Reg,0.1051416947452532,300
TKRR,1.8987563476339784,500
CDAR,5.6603171319124375,500
DARC,30.369393504188697,500
VNCD_MDD,0.1337060794798281,500
M3SDA_Reg,0.1051295404177227,500
CMSS_Reg,0.1040691802814057,500
XGBoost_Target_Only,0.1105011243686605,100
KRR_Target_Only,0.9245228973182158,100
NN_Target_Only,0.6480759397780329,100
XGBoost_Pool,0.103243466237727,100
KRR_Pool,0.3192063349603714,100
NN_Pool,0.1954802345093938,100
XGBoost_TLCQM,0.0977591538840145,100
KRR_TLCQM,0.1902435419640401,100
NN_TLCQM,0.1147893364660971,100
XGBoost_Target_Only,0.1078617689013196,200
KRR_Target_Only,0.8510724938115056,200
NN_Target_Only,0.5608597038296984,200
XGBoost_Pool,0.0995547923460502,200
KRR_Pool,0.3910445798880421,200
NN_Pool,0.1714503447330952,200
XGBoost_TLCQM,0.0986533284888612,200
KRR_TLCQM,0.2204609431230615,200
NN_TLCQM,0.1116617714404203,200
XGBoost_Target_Only,0.1089419632840151,300
KRR_Target_Only,0.4770352599281651,300
NN_Target_Only,0.280576128714016,300
XGBoost_Pool,0.096021346082263,300
KRR_Pool,0.5077431777495963,300
NN_Pool,0.1799626080429258,300
XGBoost_TLCQM,0.095478307412376,300
KRR_TLCQM,0.1901027411457424,300
NN_TLCQM,0.1060375496921498,300
XGBoost_Target_Only,0.0998054009812134,500
KRR_Target_Only,0.3798708101249538,500
NN_Target_Only,0.2029671810227696,500
XGBoost_Pool,0.0941950845414965,500
KRR_Pool,0.7093512226667804,500
NN_Pool,0.1250727284620755,500
XGBoost_TLCQM,0.0947456569094552,500
KRR_TLCQM,0.1757695114495148,500
NN_TLCQM,0.1026659554472808,500
TKRR,1.8834943142751248,100
CDAR,5.784207108643935,100
DARC,40.22090283119231,100
VNCD_MDD,0.1310192236983691,100
M3SDA_Reg,0.1153979588572656,100
CMSS_Reg,0.1166912921321102,100
TKRR,1.806704934606008,200
CDAR,5.361629209477638,200
DARC,24.69497908928975,200
VNCD_MDD,0.1324065922043938,200
M3SDA_Reg,0.1103340798198118,200
CMSS_Reg,0.1203268845439271,200
TKRR,1.7752563468529716,300
CDAR,5.28770928781023,300
DARC,24.88947092263148,300
VNCD_MDD,0.1367774727439734,300
M3SDA_Reg,0.1121418189872473,300
CMSS_Reg,0.114175411362228,300
TKRR,1.7545778568629378,500
CDAR,5.36009626179039,500
DARC,24.682103464795315,500
VNCD_MDD,0.1382340755867611,500
M3SDA_Reg,0.1153526543173968,500
CMSS_Reg,0.1027587664362469,500
XGBoost_Target_Only,0.1173575149303695,100
KRR_Target_Only,0.9668187170580552,100
NN_Target_Only,0.54027524268183,100
XGBoost_Pool,0.1004660364662669,100
KRR_Pool,0.3184706171521516,100
NN_Pool,0.199397153180774,100
XGBoost_TLCQM,0.1018278185791461,100
KRR_TLCQM,0.256136050675037,100
NN_TLCQM,0.11334838925169,100
XGBoost_Target_Only,0.0990524254167308,200
KRR_Target_Only,0.6185090706451052,200
NN_Target_Only,0.2581310631008287,200
XGBoost_Pool,0.0981108329184336,200
KRR_Pool,0.3906298279337885,200
NN_Pool,0.2092721117174209,200
XGBoost_TLCQM,0.1000886664117702,200
KRR_TLCQM,0.2255858331879246,200
NN_TLCQM,0.1059543412419579,200
XGBoost_Target_Only,0.098993854522669,300
KRR_Target_Only,0.5268783162690204,300
NN_Target_Only,0.2212052463192048,300
XGBoost_Pool,0.0985119658968118,300
KRR_Pool,0.5095726986468354,300
NN_Pool,0.1985232314708935,300
XGBoost_TLCQM,0.1029580332627404,300
KRR_TLCQM,0.1982031548564503,300
NN_TLCQM,0.1119066961486594,300
XGBoost_Target_Only,0.0958514497701831,500
KRR_Target_Only,0.3319056166587961,500
NN_Target_Only,0.1693795647578284,500
XGBoost_Pool,0.0954457593222623,500
KRR_Pool,0.7071041016415409,500
NN_Pool,0.2026013900129544,500
XGBoost_TLCQM,0.0982474663037589,500
KRR_TLCQM,0.1769107860537752,500
NN_TLCQM,0.1041809147514549,500
TKRR,1.9259289705728349,100
CDAR,5.505150753352349,100
DARC,26.336421654509483,100
VNCD_MDD,0.1597936309973003,100
M3SDA_Reg,0.1163512432025426,100
CMSS_Reg,0.1188226923672287,100
TKRR,1.8876710764387603,200
CDAR,5.997239101772296,200
DARC,26.749013611678457,200
VNCD_MDD,0.1360530793619084,200
M3SDA_Reg,0.1151168889609501,200
CMSS_Reg,0.1075757225181098,200
TKRR,1.862759244420452,300
CDAR,6.047430481435743,300
DARC,27.433507640492564,300
VNCD_MDD,0.1255543235167923,300
M3SDA_Reg,0.1248333968636767,300
CMSS_Reg,0.1087317338151207,300
TKRR,1.8424326954321395,500
CDAR,5.992694552923002,500
DARC,27.067406184662644,500
VNCD_MDD,0.1301957532341493,500
M3SDA_Reg,0.1135223584527932,500
CMSS_Reg,0.1044324498855794,500
XGBoost_Target_Only,0.1290651174941451,100
KRR_Target_Only,0.8988420252834369,100
NN_Target_Only,0.3982385323039064,100
XGBoost_Pool,0.1020746142650335,100
KRR_Pool,0.3181748516149354,100
NN_Pool,0.1925437993024062,100
XGBoost_TLCQM,0.0983730558666031,100
KRR_TLCQM,0.2051909662819815,100
NN_TLCQM,0.1256179637924916,100
XGBoost_Target_Only,0.1034314921017641,200
KRR_Target_Only,0.4681783011704043,200
NN_Target_Only,0.288499877673428,200
XGBoost_Pool,0.0986717603107289,200
KRR_Pool,0.3810188541315287,200
NN_Pool,0.2089200190307708,200
XGBoost_TLCQM,0.1022868661188179,200
KRR_TLCQM,0.1946821273482522,200
NN_TLCQM,0.1086868798903743,200
XGBoost_Target_Only,0.0965304902849672,300
KRR_Target_Only,0.3798264828262441,300
NN_Target_Only,0.2135023746019288,300
XGBoost_Pool,0.100511996737371,300
KRR_Pool,0.5010764000248197,300
NN_Pool,0.2076463694634749,300
XGBoost_TLCQM,0.0983337698043117,300
KRR_TLCQM,0.1858396331698446,300
NN_TLCQM,0.104581367270339,300
XGBoost_Target_Only,0.0926401899542869,500
KRR_Target_Only,0.2826795686704633,500
NN_Target_Only,0.1629055266051601,500
XGBoost_Pool,0.0950636898381627,500
KRR_Pool,0.7042582310872174,500
NN_Pool,0.2118880827367134,500
XGBoost_TLCQM,0.1010464899041021,500
KRR_TLCQM,0.1778305621397249,500
NN_TLCQM,0.1068707155168596,500
TKRR,1.9568866304496944,100
CDAR,5.734176113426383,100
DARC,28.69328726259692,100
VNCD_MDD,0.1812073476820292,100
M3SDA_Reg,0.1179713217514906,100
CMSS_Reg,0.1235832618984163,100
TKRR,1.7721203656941986,200
CDAR,5.601581109335645,200
DARC,34.18470269687643,200
VNCD_MDD,0.1691729742760654,200
M3SDA_Reg,0.1157537159518972,200
CMSS_Reg,0.1132780734591503,200
TKRR,1.8061830316481395,300
CDAR,5.475615113521017,300
DARC,34.66203860361155,300
VNCD_MDD,0.1609907362844867,300
M3SDA_Reg,0.1138680752156642,300
CMSS_Reg,0.1064197834051717,300
TKRR,1.751740827659828,500
CDAR,5.490212873819564,500
DARC,35.11009194427133,500
VNCD_MDD,0.1443060160814537,500
M3SDA_Reg,0.1155550962225654,500
CMSS_Reg,0.1026600067003456,500
XGBoost_Target_Only,0.1103480642363203,100
KRR_Target_Only,0.9667923971868344,100
NN_Target_Only,0.8751964157769434,100
XGBoost_Pool,0.0993458068859874,100
KRR_Pool,0.3186380586123612,100
NN_Pool,0.1986789624713864,100
XGBoost_TLCQM,0.1082387115738175,100
KRR_TLCQM,0.2305695017775694,100
NN_TLCQM,0.1262698762636036,100
XGBoost_Target_Only,0.1108376712574183,200
KRR_Target_Only,0.7224279555971251,200
NN_Target_Only,0.3887296332285239,200
XGBoost_Pool,0.0980334712088938,200
KRR_Pool,0.3901478969482173,200
NN_Pool,0.2066438926100038,200
XGBoost_TLCQM,0.1076865208971279,200
KRR_TLCQM,0.2128358911079287,200
NN_TLCQM,0.1203241569211853,200
XGBoost_Target_Only,0.0980303149782494,300
KRR_Target_Only,0.5846866709555825,300
NN_Target_Only,0.3131092334530915,300
XGBoost_Pool,0.0976825470308955,300
KRR_Pool,0.5096043212581213,300
NN_Pool,0.1679017679725844,300
XGBoost_TLCQM,0.1078665686326155,300
KRR_TLCQM,0.2146064714216724,300
NN_TLCQM,0.1225047398724921,300
XGBoost_Target_Only,0.0978688443649793,500
KRR_Target_Only,0.5376644899494585,500
NN_Target_Only,0.2426304427279543,500
XGBoost_Pool,0.0979063657322143,500
KRR_Pool,0.7137049142745883,500
NN_Pool,0.2121930449978097,500
XGBoost_TLCQM,0.1015030570647574,500
KRR_TLCQM,0.2058366323745939,500
NN_TLCQM,0.1142128668420799,500
TKRR,1.873823678529673,100
CDAR,5.235900110612351,100
DARC,34.44437622492892,100
VNCD_MDD,0.1738341690001246,100
M3SDA_Reg,0.1099052573590128,100
CMSS_Reg,0.1209638602647478,100
TKRR,1.8629527957733163,200
CDAR,6.135959426982419,200
DARC,31.970664055867665,200
VNCD_MDD,0.1759003110297478,200
M3SDA_Reg,0.1114597284126756,200
CMSS_Reg,0.1180862291201686,200
TKRR,1.876016794463712,300
CDAR,6.185399294059331,300
DARC,32.26019816078704,300
VNCD_MDD,0.166959098710371,300
M3SDA_Reg,0.1148244047626015,300
CMSS_Reg,0.1119765022006623,300
TKRR,1.8317838319665656,500
CDAR,6.198469504610927,500
DARC,30.0004061078454,500
VNCD_MDD,0.1599819894649164,500
M3SDA_Reg,0.1173602508865963,500
CMSS_Reg,0.1040991315205809,500
XGBoost_Target_Only,0.1137956947638818,100
KRR_Target_Only,0.9600316903032422,100
NN_Target_Only,0.4546494773571278,100
XGBoost_Pool,0.101875015085849,100
KRR_Pool,0.3186355505988973,100
NN_Pool,0.2117045356356472,100
XGBoost_TLCQM,0.0998847087116871,100
KRR_TLCQM,0.1988877650084237,100
NN_TLCQM,0.1216272429303295,100
XGBoost_Target_Only,0.1033990654497485,200
KRR_Target_Only,0.7083763394247908,200
NN_Target_Only,0.3169952312583393,200
XGBoost_Pool,0.0965071834726705,200
KRR_Pool,0.3883473810319559,200
NN_Pool,0.216420759423695,200
XGBoost_TLCQM,0.0992298461837392,200
KRR_TLCQM,0.1863477046493721,200
NN_TLCQM,0.1087389785998564,200
XGBoost_Target_Only,0.0997308052207378,300
KRR_Target_Only,0.4885701154599337,300
NN_Target_Only,0.1994777051204367,300
XGBoost_Pool,0.0977998076749858,300
KRR_Pool,0.5081619605677087,300
NN_Pool,0.2015832792728822,300
XGBoost_TLCQM,0.0982184938288302,300
KRR_TLCQM,0.2142184143743356,300
NN_TLCQM,0.106157879706371,300
XGBoost_Target_Only,0.0924396341847707,500
KRR_Target_Only,0.3172787948726227,500
NN_Target_Only,0.1424569450689857,500
XGBoost_Pool,0.0945119030041176,500
KRR_Pool,0.7041488990764688,500
NN_Pool,0.2044515928942523,500
XGBoost_TLCQM,0.0970026350084659,500
KRR_TLCQM,0.1735486507570346,500
NN_TLCQM,0.1054401193185394,500
TKRR,1.9528264703529656,100
CDAR,5.027887393156176,100
DARC,37.9363007159132,100
VNCD_MDD,0.1720992995577244,100
M3SDA_Reg,0.1126249200684281,100
CMSS_Reg,0.1169754507207255,100
TKRR,2.031957425926969,200
CDAR,5.701516913752197,200
DARC,26.08034885407045,200
VNCD_MDD,0.1827481976168429,200
M3SDA_Reg,0.1144176079692916,200
CMSS_Reg,0.1112367715816924,200
TKRR,1.836797067102634,300
CDAR,5.580251972764123,300
DARC,26.934569138336244,300
VNCD_MDD,0.1890610721246717,300
M3SDA_Reg,0.1145382793717476,300
CMSS_Reg,0.1164046380001589,300
TKRR,1.7360150258405609,500
CDAR,5.5560369505084815,500
DARC,26.485337596304376,500
VNCD_MDD,0.1544251118656094,500
M3SDA_Reg,0.1152703130066141,500
CMSS_Reg,0.1080544075115607,500
XGBoost_Target_Only,0.1185075504376228,100
KRR_Target_Only,1.0136153226478974,100
NN_Target_Only,0.494153641892402,100
XGBoost_Pool,0.1005544004988907,100
KRR_Pool,0.3164085203597843,100
NN_Pool,0.1729444604812838,100
XGBoost_TLCQM,0.1019167616241737,100
KRR_TLCQM,0.1851021732872443,100
NN_TLCQM,0.1205544826477113,100
XGBoost_Target_Only,0.1093225001050944,200
KRR_Target_Only,0.539349974226352,200
NN_Target_Only,0.3495926304192701,200
XGBoost_Pool,0.1010511502399459,200
KRR_Pool,0.3790389145316984,200
NN_Pool,0.1756432428888238,200
XGBoost_TLCQM,0.1022095610443475,200
KRR_TLCQM,0.1776560472812716,200
NN_TLCQM,0.1134301647639685,200
XGBoost_Target_Only,0.1068951441188425,300
KRR_Target_Only,0.3443779994704904,300
NN_Target_Only,0.1543553791911366,300
XGBoost_Pool,0.0981634239802721,300
KRR_Pool,0.4975990819135283,300
NN_Pool,0.1864200931722855,300
XGBoost_TLCQM,0.0979223223083061,300
KRR_TLCQM,0.1766761853901932,300
NN_TLCQM,0.1080073760784363,300
XGBoost_Target_Only,0.0969690079700016,500
KRR_Target_Only,0.3240946292933864,500
NN_Target_Only,0.1368831134158583,500
XGBoost_Pool,0.0975373025111819,500
KRR_Pool,0.7008361257053719,500
NN_Pool,0.1452857279360551,500
XGBoost_TLCQM,0.0969318128801984,500
KRR_TLCQM,0.1532499126777768,500
NN_TLCQM,0.1040045032677344,500
TKRR,1.8828949210947663,100
CDAR,46.34066613758413,100
DARC,30.948101512536937,100
VNCD_MDD,0.1664314451694028,100
M3SDA_Reg,0.1177157813754394,100
CMSS_Reg,0.1146260603787357,100
TKRR,1.8390898778105955,200
CDAR,5.621848178790473,200
DARC,30.891526538810623,200
VNCD_MDD,0.158521693807099,200
M3SDA_Reg,0.1189733309516311,200
CMSS_Reg,0.1136293319619798,200
TKRR,1.8170576377263024,300
CDAR,5.625389254652887,300
DARC,30.94955630837388,300
VNCD_MDD,0.1512174446609704,300
M3SDA_Reg,0.1181986587530027,300
CMSS_Reg,0.1024635818743404,300
TKRR,1.743350732882048,500
CDAR,5.633359377109377,500
DARC,30.970329430442185,500
VNCD_MDD,0.1546565106167911,500
M3SDA_Reg,0.1208830094142247,500
CMSS_Reg,0.1000776261945046,500
XGBoost_Target_Only,0.1028825537669127,100
KRR_Target_Only,0.6477844199672467,100
NN_Target_Only,0.3694321241150253,100
XGBoost_Pool,0.0995994166217412,100
KRR_Pool,0.3176049523979831,100
NN_Pool,0.2112723053696035,100
XGBoost_TLCQM,0.1044944540563493,100
KRR_TLCQM,0.1923934458615166,100
NN_TLCQM,0.1145078520378414,100
XGBoost_Target_Only,0.1095195050680674,200
KRR_Target_Only,0.5323842861247545,200
NN_Target_Only,0.2108842238314178,200
XGBoost_Pool,0.0988506584837664,200
KRR_Pool,0.3868113900905453,200
NN_Pool,0.1667068616115832,200
XGBoost_TLCQM,0.1054259592097849,200
KRR_TLCQM,0.200383267660777,200
NN_TLCQM,0.116930386008339,200
XGBoost_Target_Only,0.0940213281741853,300
KRR_Target_Only,0.3513766223496676,300
NN_Target_Only,0.1578645434435159,300
XGBoost_Pool,0.0974878441670612,300
KRR_Pool,0.4888864410783409,300
NN_Pool,0.1836047211050096,300
XGBoost_TLCQM,0.0978000298447028,300
KRR_TLCQM,0.1504224820800099,300
NN_TLCQM,0.1077387976514811,300
XGBoost_Target_Only,0.0970825017769337,500
KRR_Target_Only,0.3044746305550704,500
NN_Target_Only,0.1420331686985579,500
XGBoost_Pool,0.0941403914429377,500
KRR_Pool,0.6871417497500305,500
NN_Pool,0.2317037918501555,500
XGBoost_TLCQM,0.0977272328112053,500
KRR_TLCQM,0.14504457373411,500
NN_TLCQM,0.1090479395570016,500
TKRR,1.9213178672498972,100
CDAR,5.496389219496374,100
DARC,46.13061281390548,100
VNCD_MDD,0.178843014056382,100
M3SDA_Reg,0.1209772078320648,100
CMSS_Reg,0.1121806858195956,100
TKRR,1.8951380916405596,200
CDAR,6.187459906361484,200
DARC,26.906980130396747,200
VNCD_MDD,0.1538863802860066,200
M3SDA_Reg,0.118631527296019,200
CMSS_Reg,0.1122025999220707,200
TKRR,1.8559351217623477,300
CDAR,6.162585095617136,300
DARC,27.02613817831417,300
VNCD_MDD,0.1343135331350789,300
M3SDA_Reg,0.1181875212278435,300
CMSS_Reg,0.1126074241126964,300
TKRR,1.8152928656275904,500
CDAR,6.184020013716515,500
DARC,26.95689989018853,500
VNCD_MDD,0.1286204121904346,500
M3SDA_Reg,0.1182039440535878,500
CMSS_Reg,0.1079741033872218,500
XGBoost_Target_Only,0.1076783016836732,100
KRR_Target_Only,1.02320356294794,100
NN_Target_Only,0.4516721352290029,100
XGBoost_Pool,0.0998298761268014,100
KRR_Pool,0.318743893725744,100
NN_Pool,0.1910820851044948,100
XGBoost_TLCQM,0.1029424473398498,100
KRR_TLCQM,0.2355196152823853,100
NN_TLCQM,0.1209165102326553,100
XGBoost_Target_Only,0.1083990788978522,200
KRR_Target_Only,0.6188586299565748,200
NN_Target_Only,0.2961113469320021,200
XGBoost_Pool,0.1001382362320362,200
KRR_Pool,0.3895723366208212,200
NN_Pool,0.2126009645493094,200
XGBoost_TLCQM,0.0988674275472565,200
KRR_TLCQM,0.2297692125312869,200
NN_TLCQM,0.113178023034801,200
XGBoost_Target_Only,0.1046044830350741,300
KRR_Target_Only,0.4265342115056185,300
NN_Target_Only,0.1853628955067014,300
XGBoost_Pool,0.0979929795474316,300
KRR_Pool,0.5090017799431793,300
NN_Pool,0.2078685255573015,300
XGBoost_TLCQM,0.0995934043614481,300
KRR_TLCQM,0.2235083125587653,300
NN_TLCQM,0.1026983829820567,300
XGBoost_Target_Only,0.0953857189266463,500
KRR_Target_Only,0.3604336256136287,500
NN_Target_Only,0.1621650536659412,500
XGBoost_Pool,0.0967345490332241,500
KRR_Pool,0.7114370024917863,500
NN_Pool,0.2164718863043834,500
XGBoost_TLCQM,0.1003211442120752,500
KRR_TLCQM,0.187653756028102,500
NN_TLCQM,0.1070043769981632,500
TKRR,2.3342754110175443,100
CDAR,6.063913600858657,100
DARC,26.56858062639307,100
VNCD_MDD,0.1446134863568199,100
M3SDA_Reg,0.1180091919151056,100
CMSS_Reg,0.1225836028347697,100
TKRR,1.914062031875832,200
CDAR,6.602958528243124,200
DARC,31.62075718062194,200
VNCD_MDD,0.1284873987121819,200
M3SDA_Reg,0.11889518705328,200
CMSS_Reg,0.1162284480783546,200
TKRR,1.900584358017095,300
CDAR,6.5101503409598775,300
DARC,32.08082228301494,300
VNCD_MDD,0.1279280214918304,300
M3SDA_Reg,0.1218806721374481,300
CMSS_Reg,0.114706975927094,300
TKRR,1.8658711756775843,500
CDAR,6.561987408576928,500
DARC,31.697081075570942,500
VNCD_MDD,0.1224546421905238,500
M3SDA_Reg,0.1214887438952118,500
CMSS_Reg,0.1057288458454866,500
XGBoost_Target_Only,0.1079953556237147,100
KRR_Target_Only,0.9592929643892756,100
NN_Target_Only,0.6150258579210812,100
XGBoost_Pool,0.1012487311853402,100
KRR_Pool,0.3187158179191545,100
NN_Pool,0.1902256490271324,100
XGBoost_TLCQM,0.0993706905474601,100
KRR_TLCQM,0.2020831981152491,100
NN_TLCQM,0.1142557340962162,100
XGBoost_Target_Only,0.1155516756866975,200
KRR_Target_Only,0.6747201973609318,200
NN_Target_Only,0.3679535920586146,200
XGBoost_Pool,0.099035224810304,200
KRR_Pool,0.389448737864938,200
NN_Pool,0.1865376298335651,200
XGBoost_TLCQM,0.1018035402604581,200
KRR_TLCQM,0.1993585786229359,200
NN_TLCQM,0.1133619083592554,200
XGBoost_Target_Only,0.1046018869547636,300
KRR_Target_Only,0.5535829391152808,300
NN_Target_Only,0.2772766397195899,300
XGBoost_Pool,0.0982837676524075,300
KRR_Pool,0.5099177821830393,300
NN_Pool,0.1946834625167137,300
XGBoost_TLCQM,0.0986179211858571,300
KRR_TLCQM,0.1986279593240393,300
NN_TLCQM,0.1047922943815009,300
XGBoost_Target_Only,0.1024341047734131,500
KRR_Target_Only,0.3653656064835464,500
NN_Target_Only,0.1493598668854125,500
XGBoost_Pool,0.0956243279098441,500
KRR_Pool,0.7021528209545124,500
NN_Pool,0.2030598679970186,500
XGBoost_TLCQM,0.097724503959404,500
KRR_TLCQM,0.1975757272011783,500
NN_TLCQM,0.1065603908888108,500
TKRR,1.9481186594449864,100
CDAR,5.877745780989674,100
DARC,29.18576514644266,100
VNCD_MDD,0.152766420831925,100
M3SDA_Reg,0.1092995028804458,100
CMSS_Reg,0.1140643268924476,100
TKRR,1.872879827471976,200
CDAR,5.366864148576754,200
DARC,34.04618761338941,200
VNCD_MDD,0.1559731171625838,200
M3SDA_Reg,0.1218395821891688,200
CMSS_Reg,0.1154820890412064,200
TKRR,1.9404357241381496,300
CDAR,5.416140873078772,300
DARC,33.330892837136346,300
VNCD_MDD,0.1357847254848216,300
M3SDA_Reg,0.1150050773551641,300
CMSS_Reg,0.1097611464548943,300
TKRR,1.796676209122779,500
CDAR,5.210027488647307,500
DARC,33.78187443440528,500
VNCD_MDD,0.1238020636450075,500
M3SDA_Reg,0.1170375537221593,500
CMSS_Reg,0.103089610964625,500
XGBoost_Target_Only,0.1218762857131719,100
KRR_Target_Only,0.8887532743828951,100
NN_Target_Only,0.4967481385256463,100
XGBoost_Pool,0.1005026562150397,100
KRR_Pool,0.3130315644112599,100
NN_Pool,0.2180301508179358,100
XGBoost_TLCQM,0.0999557053386685,100
KRR_TLCQM,0.1950870582677488,100
NN_TLCQM,0.1096631039525204,100
XGBoost_Target_Only,0.1054663222606456,200
KRR_Target_Only,0.5016958156362614,200
NN_Target_Only,0.3033438695994615,200
XGBoost_Pool,0.1003567595952084,200
KRR_Pool,0.3830960627193239,200
NN_Pool,0.2027192421315266,200
XGBoost_TLCQM,0.1023640193022853,200
KRR_TLCQM,0.1922944671309482,200
NN_TLCQM,0.1139320790230583,200
XGBoost_Target_Only,0.1025014194256247,300
KRR_Target_Only,0.4589213154690151,300
NN_Target_Only,0.2041274091581862,300
XGBoost_Pool,0.0978682840794212,300
KRR_Pool,0.4993007002520342,300
NN_Pool,0.1911095006368521,300
XGBoost_TLCQM,0.1003492587939088,300
KRR_TLCQM,0.1777463178883746,300
NN_TLCQM,0.1109708472907371,300
XGBoost_Target_Only,0.0984515123891112,500
KRR_Target_Only,0.3985934611116791,500
NN_Target_Only,0.1704884409633058,500
XGBoost_Pool,0.0956245436090131,500
KRR_Pool,0.7034979105371479,500
NN_Pool,0.2034177094217187,500
XGBoost_TLCQM,0.098651702840444,500
KRR_TLCQM,0.1815996928016322,500
NN_TLCQM,0.1084300610342774,500
TKRR,2.060509742647356,100
CDAR,6.778398627689743,100
DARC,37.576196450400126,100
VNCD_MDD,0.1583495294995006,100
M3SDA_Reg,0.1188871060273738,100
CMSS_Reg,0.1135228648318549,100
TKRR,2.007906924532539,200
CDAR,5.461712590441354,200
DARC,22.64389739422727,200
VNCD_MDD,0.1500081545505453,200
M3SDA_Reg,0.1206447556417311,200
CMSS_Reg,0.115440547841881,200
TKRR,1.9173089032298167,300
CDAR,5.426725031247989,300
DARC,22.401996768435158,300
VNCD_MDD,0.1338578856161061,300
M3SDA_Reg,0.1140291839570519,300
CMSS_Reg,0.1073797139263927,300
TKRR,1.8844884611336103,500
CDAR,5.400318858503706,500
DARC,23.207116407232164,500
VNCD_MDD,0.1293940802431835,500
M3SDA_Reg,0.109908038297055,500
CMSS_Reg,0.1026737569525737,500
XGBoost_Target_Only,0.1186009884241178,100
KRR_Target_Only,1.456399266959865,100
NN_Target_Only,1.2311615044625197,100
XGBoost_Pool,0.1014924553116517,100
KRR_Pool,0.3191943621387777,100
NN_Pool,0.205104990475321,100
XGBoost_TLCQM,0.100871595470805,100
KRR_TLCQM,0.2595788966964486,100
NN_TLCQM,0.1344829688227035,100
XGBoost_Target_Only,0.1045403871702434,200
KRR_Target_Only,0.8802366153969519,200
NN_Target_Only,0.4949686434933963,200
XGBoost_Pool,0.1006605472949091,200
KRR_Pool,0.3923086585346947,200
NN_Pool,0.1784018492862028,200
XGBoost_TLCQM,0.1016371247370657,200
KRR_TLCQM,0.3405236745789263,200
NN_TLCQM,0.1195375083594099,200
XGBoost_Target_Only,0.107566728263849,300
KRR_Target_Only,0.4300283426048031,300
NN_Target_Only,0.1946120114291172,300
XGBoost_Pool,0.0956941831533181,300
KRR_Pool,0.5038971930710927,300
NN_Pool,0.2053166726605761,300
XGBoost_TLCQM,0.0997042523641498,300
KRR_TLCQM,0.1913859432489059,300
NN_TLCQM,0.1149877361433863,300
XGBoost_Target_Only,0.0920383000558176,500
KRR_Target_Only,0.3563932268645871,500
NN_Target_Only,0.1548839265255424,500
XGBoost_Pool,0.0938175862333326,500
KRR_Pool,0.7146965075127171,500
NN_Pool,0.1413347454757158,500
XGBoost_TLCQM,0.0958700292516423,500
KRR_TLCQM,0.1977884233384842,500
NN_TLCQM,0.1088423091144968,500
TKRR,2.0057494734840144,100
CDAR,6.11908732833208,100
DARC,34.273619802703195,100
VNCD_MDD,0.1490500071266268,100
M3SDA_Reg,0.1072682073015973,100
CMSS_Reg,0.1140296201859121,100
TKRR,1.883671384142141,200
CDAR,5.908196537160237,200
DARC,26.018269153465216,200
VNCD_MDD,0.1336770428563966,200
M3SDA_Reg,0.1130837520110897,200
CMSS_Reg,0.1158012641631788,200
TKRR,1.8372369738558412,300
CDAR,5.512817364605414,300
DARC,26.52686562794857,300
VNCD_MDD,0.1271413237495366,300
M3SDA_Reg,0.1139151109966416,300
CMSS_Reg,0.1081267802846077,300
TKRR,1.8003146248907456,500
CDAR,5.5593870514886685,500
DARC,26.07700625033192,500
VNCD_MDD,0.1258392388164964,500
M3SDA_Reg,0.1134421577600777,500
CMSS_Reg,0.102213992838952,500
XGBoost_Target_Only,0.1034783408792418,100
KRR_Target_Only,0.5580340686145213,100
NN_Target_Only,0.4891880050864686,100
XGBoost_Pool,0.0990925965541794,100
KRR_Pool,0.3107305819435796,100
NN_Pool,0.1914174450272116,100
XGBoost_TLCQM,0.1017111567110199,100
KRR_TLCQM,0.1793008408450348,100
NN_TLCQM,0.1207696226288542,100
XGBoost_Target_Only,0.1006516133404052,200
KRR_Target_Only,0.4522894161442903,200
NN_Target_Only,0.2606801408741016,200
XGBoost_Pool,0.0969614493961276,200
KRR_Pool,0.3802863697018356,200
NN_Pool,0.2089762432151672,200
XGBoost_TLCQM,0.0999187358673642,200
KRR_TLCQM,0.1837314008284523,200
NN_TLCQM,0.1043597337181126,200
XGBoost_Target_Only,0.0995952693164038,300
KRR_Target_Only,0.3485099033051339,300
NN_Target_Only,0.1715901525000635,300
XGBoost_Pool,0.0964551012122959,300
KRR_Pool,0.5003858894243418,300
NN_Pool,0.2033320582172666,300
XGBoost_TLCQM,0.0986222642894037,300
KRR_TLCQM,0.1653426170137623,300
NN_TLCQM,0.1105267880887425,300
XGBoost_Target_Only,0.0979386941950571,500
KRR_Target_Only,0.2744226332967336,500
NN_Target_Only,0.1578817675533694,500
XGBoost_Pool,0.0932953102077431,500
KRR_Pool,0.6921796338100562,500
NN_Pool,0.2162715052045428,500
XGBoost_TLCQM,0.098483081949289,500
KRR_TLCQM,0.15512998998646,500
NN_TLCQM,0.1053400902625149,500
TKRR,1.846191736077765,100
CDAR,49.15687625209701,100
DARC,24.2988604155206,100
VNCD_MDD,0.1838135944532273,100
M3SDA_Reg,0.1206235717453414,100
CMSS_Reg,0.1154077207409143,100
TKRR,1.815603516246538,200
CDAR,5.850636179848078,200
DARC,29.717758041134232,200
VNCD_MDD,0.1510845118666279,200
M3SDA_Reg,0.1177834344790267,200
CMSS_Reg,0.1133537805235455,200
TKRR,1.7544503024199205,300
CDAR,5.850879107495553,300
DARC,29.788351953233303,300
VNCD_MDD,0.1378640224070632,300
M3SDA_Reg,0.1217767002253356,300
CMSS_Reg,0.1105868029572677,300
TKRR,1.6785761149648162,500
CDAR,5.7843459375264095,500
DARC,29.454428633105067,500
VNCD_MDD,0.1293939199060642,500
M3SDA_Reg,0.1208596409619115,500
CMSS_Reg,0.1056102426036355,500
XGBoost_Target_Only,0.1131814931958167,100
KRR_Target_Only,0.9214026708729902,100
NN_Target_Only,0.926085963270477,100
XGBoost_Pool,0.1010608704862112,100
KRR_Pool,0.3193234664992824,100
NN_Pool,0.2076192096093162,100
XGBoost_TLCQM,0.0993581711154779,100
KRR_TLCQM,0.233665255997,100
NN_TLCQM,0.1281693642609073,100
XGBoost_Target_Only,0.1051571236148115,200
KRR_Target_Only,0.5995049933146164,200
NN_Target_Only,0.3413287829221322,200
XGBoost_Pool,0.0987059490615446,200
KRR_Pool,0.3903773332871125,200
NN_Pool,0.2171994187153655,200
XGBoost_TLCQM,0.0981050104609287,200
KRR_TLCQM,0.2135021043628828,200
NN_TLCQM,0.1185336074032074,200
XGBoost_Target_Only,0.0984321707299592,300
KRR_Target_Only,0.4985791681708496,300
NN_Target_Only,0.2390930413833307,300
XGBoost_Pool,0.097609083352349,300
KRR_Pool,0.5096376729504711,300
NN_Pool,0.1787459170096345,300
XGBoost_TLCQM,0.1011755162431037,300
KRR_TLCQM,0.2145871612634532,300
NN_TLCQM,0.1102258989816365,300
XGBoost_Target_Only,0.0927341923016846,500
KRR_Target_Only,0.3375738957223892,500
NN_Target_Only,0.1529663179345928,500
XGBoost_Pool,0.0948612811208054,500
KRR_Pool,0.7076846875447951,500
NN_Pool,0.2151112154363895,500
XGBoost_TLCQM,0.0970319890246523,500
KRR_TLCQM,0.1816254468486055,500
NN_TLCQM,0.1092803293701912,500
TKRR,1.893729512533576,100
CDAR,6.087486271417262,100
DARC,21.27962971806442,100
VNCD_MDD,0.1592439325468885,100
M3SDA_Reg,0.1148517270767629,100
CMSS_Reg,0.1106870746776747,100
TKRR,1.839131006689811,200
CDAR,6.087602627481386,200
DARC,27.30433446057065,200
VNCD_MDD,0.1424320779793559,200
M3SDA_Reg,0.1172083294243286,200
CMSS_Reg,0.1079222503844015,200
TKRR,1.8029606740402624,300
CDAR,6.086099237204625,300
DARC,27.471162752698245,300
VNCD_MDD,0.1287869471332078,300
M3SDA_Reg,0.1219306190227756,300
CMSS_Reg,0.107757387652064,300
TKRR,1.814484199922724,500
CDAR,5.980166928642779,500
DARC,27.626168699220635,500
VNCD_MDD,0.1205237807273798,500
M3SDA_Reg,0.1198850304133656,500
CMSS_Reg,0.1040848515756582,500
XGBoost_Target_Only,0.1088786406047947,100
KRR_Target_Only,1.0040842743507978,100
NN_Target_Only,0.6895441893121084,100
XGBoost_Pool,0.1019811307415334,100
KRR_Pool,0.3178697154811091,100
NN_Pool,0.1910197590804801,100
XGBoost_TLCQM,0.102722161497043,100
KRR_TLCQM,0.2184521149408619,100
NN_TLCQM,0.1245296870318109,100
XGBoost_Target_Only,0.1013496211874876,200
KRR_Target_Only,0.5532461612583761,200
NN_Target_Only,0.2788650094839136,200
XGBoost_Pool,0.0954277908128263,200
KRR_Pool,0.385187749955031,200
NN_Pool,0.1888463465047305,200
XGBoost_TLCQM,0.0980860836966572,200
KRR_TLCQM,0.1786466400606016,200
NN_TLCQM,0.1166639998621891,200
XGBoost_Target_Only,0.0982587392124955,300
KRR_Target_Only,0.3897634659480061,300
NN_Target_Only,0.1783384498905072,300
XGBoost_Pool,0.0955656695624511,300
KRR_Pool,0.5046001666173415,300
NN_Pool,0.1584687545919006,300
XGBoost_TLCQM,0.0966901740787813,300
KRR_TLCQM,0.1912996575311839,300
NN_TLCQM,0.1121848510345118,300
XGBoost_Target_Only,0.0893805413958959,500
KRR_Target_Only,0.2607415805078698,500
NN_Target_Only,0.1477043880687377,500
XGBoost_Pool,0.0929970682573173,500
KRR_Pool,0.7078555026158108,500
NN_Pool,0.1786509273619528,500
XGBoost_TLCQM,0.094206233882339,500
KRR_TLCQM,0.1694453729396475,500
NN_TLCQM,0.1024005649238124,500
TKRR,1.956059127521528,100
CDAR,5.573878419062519,100
DARC,37.92609169297848,100
VNCD_MDD,0.1891111970490854,100
M3SDA_Reg,0.1126989616185953,100
CMSS_Reg,0.1154063420724041,100
TKRR,1.90527057030619,200
CDAR,5.7543162519906925,200
DARC,34.58435612370668,200
VNCD_MDD,0.1906543384956674,200
M3SDA_Reg,0.1105818392380791,200
CMSS_Reg,0.1158773185328829,200
TKRR,1.8630116094168268,300
CDAR,5.744679647294836,300
DARC,34.950523103688504,300
VNCD_MDD,0.1509331645704503,300
M3SDA_Reg,0.1138888747881942,300
CMSS_Reg,0.1135147448131557,300
TKRR,1.7428306623145984,500
CDAR,5.7431800589172,500
DARC,34.1786415794441,500
VNCD_MDD,0.1433607186356145,500
M3SDA_Reg,0.1178246848759313,500
CMSS_Reg,0.1044170227742235,500
XGBoost_Target_Only,0.1119689877430862,100
KRR_Target_Only,0.96340722104299,100
NN_Target_Only,0.4552186469305917,100
XGBoost_Pool,0.1004120374156232,100
KRR_Pool,0.3189358973104673,100
NN_Pool,0.1920393695715255,100
XGBoost_TLCQM,0.0990491137775912,100
KRR_TLCQM,0.2402638959465909,100
NN_TLCQM,0.1042547821090229,100
XGBoost_Target_Only,0.0994377950103411,200
KRR_Target_Only,0.5824439001888037,200
NN_Target_Only,0.2985971803941705,200
XGBoost_Pool,0.0996650806869808,200
KRR_Pool,0.390282602926566,200
NN_Pool,0.1967776683050024,200
XGBoost_TLCQM,0.0987272821313213,200
KRR_TLCQM,0.2216069157563913,200
NN_TLCQM,0.1050313968927232,200
XGBoost_Target_Only,0.0935137567241601,300
KRR_Target_Only,0.534718372169044,300
NN_Target_Only,0.2708490536475381,300
XGBoost_Pool,0.0987214918309127,300
KRR_Pool,0.5112677288431149,300
NN_Pool,0.1694642856988655,300
XGBoost_TLCQM,0.0984988474938718,300
KRR_TLCQM,0.2265761798019741,300
NN_TLCQM,0.1073257562425712,300
XGBoost_Target_Only,0.0935989573282382,500
KRR_Target_Only,0.3642588048912198,500
NN_Target_Only,0.1670790569729994,500
XGBoost_Pool,0.0969646723410447,500
KRR_Pool,0.7196070008236514,500
NN_Pool,0.2017522593138055,500
XGBoost_TLCQM,0.0985627093896172,500
KRR_TLCQM,0.1897156790619861,500
NN_TLCQM,0.1029268980631782,500
TKRR,1.908354639694268,100
CDAR,6.2804934134528825,100
DARC,32.95019086337659,100
VNCD_MDD,0.1519051342063589,100
M3SDA_Reg,0.117980027629804,100
CMSS_Reg,0.1078829173946095,100
TKRR,1.908595338500268,200
CDAR,5.477435273083876,200
DARC,23.322794361249656,200
VNCD_MDD,0.1475423699456318,200
M3SDA_Reg,0.1195305147515885,200
CMSS_Reg,0.109829169865524,200
TKRR,1.9309147628997028,300
CDAR,5.634372407800358,300
DARC,23.77971317077228,300
VNCD_MDD,0.1549659963422294,300
M3SDA_Reg,0.1173213873652161,300
CMSS_Reg,0.1074762757392802,300
TKRR,1.923243001346576,500
CDAR,5.561011556131624,500
DARC,23.87212862614844,500
VNCD_MDD,0.120666349779682,500
M3SDA_Reg,0.123381271096417,500
CMSS_Reg,0.1067317930779401,500
XGBoost_Target_Only,0.1162169013489748,100
KRR_Target_Only,0.957060900842379,100
NN_Target_Only,0.6517711170166965,100
XGBoost_Pool,0.0981472719788373,100
KRR_Pool,0.3185019547443094,100
NN_Pool,0.2028695691716198,100
XGBoost_TLCQM,0.109739993107565,100
KRR_TLCQM,0.2650173027046273,100
NN_TLCQM,0.1281969517464162,100
XGBoost_Target_Only,0.1003152393034745,200
KRR_Target_Only,0.5641255476195867,200
NN_Target_Only,0.3365658387535824,200
XGBoost_Pool,0.0976855630192423,200
KRR_Pool,0.3860883920023452,200
NN_Pool,0.2003729139523948,200
XGBoost_TLCQM,0.109033972730282,200
KRR_TLCQM,0.2015959115178087,200
NN_TLCQM,0.1166627842738766,200
XGBoost_Target_Only,0.0986291773267443,300
KRR_Target_Only,0.4358108610759487,300
NN_Target_Only,0.2727330252767822,300
XGBoost_Pool,0.0970715099414506,300
KRR_Pool,0.5043327882182901,300
NN_Pool,0.1861528509969305,300
XGBoost_TLCQM,0.0968315994937673,300
KRR_TLCQM,0.1768101781223442,300
NN_TLCQM,0.1104197425175447,300
XGBoost_Target_Only,0.0932943466945637,500
KRR_Target_Only,0.3223742377844355,500
NN_Target_Only,0.1521948136126979,500
XGBoost_Pool,0.0948303837092508,500
KRR_Pool,0.7022237382004316,500
NN_Pool,0.2235742440739653,500
XGBoost_TLCQM,0.0970627106428585,500
KRR_TLCQM,0.1700279647286453,500
NN_TLCQM,0.1051484471009268,500
TKRR,1.8929307471118388,100
CDAR,5.626901605221856,100
DARC,36.87440427516984,100
VNCD_MDD,0.1606881486049798,100
M3SDA_Reg,0.1255736059913581,100
CMSS_Reg,0.1175708643036091,100
TKRR,1.85016465955507,200
CDAR,6.049727912741703,200
DARC,35.341088140561425,200
VNCD_MDD,0.141732661608586,200
M3SDA_Reg,0.1169671208492502,200
CMSS_Reg,0.1058896515370179,200
TKRR,1.7550931285588425,300
CDAR,6.018278476090081,300
DARC,36.0942211180456,300
VNCD_MDD,0.1568882947794238,300
M3SDA_Reg,0.117741428854453,300
CMSS_Reg,0.1085689705220143,300
TKRR,1.7578894830475809,500
CDAR,6.051393025041318,500
DARC,36.43337731367202,500
VNCD_MDD,0.1270832228389642,500
M3SDA_Reg,0.1184542944209804,500
CMSS_Reg,0.1012362471197557,500
XGBoost_Target_Only,0.1323922687448817,100
KRR_Target_Only,0.8664999524929977,100
NN_Target_Only,0.5921482619810589,100
XGBoost_Pool,0.10024769490673,100
KRR_Pool,0.3183119012824031,100
NN_Pool,0.1909804197677538,100
XGBoost_TLCQM,0.1031844222471966,100
KRR_TLCQM,0.2234490930297933,100
NN_TLCQM,0.1099908864291812,100
XGBoost_Target_Only,0.1175786666338738,200
KRR_Target_Only,0.5299019792000625,200
NN_Target_Only,0.2206418154671983,200
XGBoost_Pool,0.1011729621646415,200
KRR_Pool,0.389893906535706,200
NN_Pool,0.2041801324043645,200
XGBoost_TLCQM,0.10498578480089,200
KRR_TLCQM,0.215439483767495,200
NN_TLCQM,0.1177883838920119,200
XGBoost_Target_Only,0.1128014275006883,300
KRR_Target_Only,0.4260908115507747,300
NN_Target_Only,0.1674434619856865,300
XGBoost_Pool,0.0961838440753057,300
KRR_Pool,0.5103287958302053,300
NN_Pool,0.1867267551697271,300
XGBoost_TLCQM,0.101490683071917,300
KRR_TLCQM,0.197487210590331,300
NN_TLCQM,0.1141592171498876,300
XGBoost_Target_Only,0.0975497717341027,500
KRR_Target_Only,0.3613042075319996,500
NN_Target_Only,0.1456850472197162,500
XGBoost_Pool,0.0958345201817147,500
KRR_Pool,0.7222929147998864,500
NN_Pool,0.1867676725627474,500
XGBoost_TLCQM,0.0988275366813534,500
KRR_TLCQM,0.2120073911300211,500
NN_TLCQM,0.1055047947263781,500
TKRR,1.9400167810782825,100
CDAR,5.982942880692844,100
DARC,38.70180402792058,100
VNCD_MDD,0.1516914283917699,100
M3SDA_Reg,0.1188844932570545,100
CMSS_Reg,0.1180440242184028,100
TKRR,1.896737115101321,200
CDAR,6.058219316895104,200
DARC,28.398223389647008,200
VNCD_MDD,0.1386396546792221,200
M3SDA_Reg,0.1286972518820478,200
CMSS_Reg,0.1227979405908293,200
TKRR,1.8917248538412736,300
CDAR,6.117675994636973,300
DARC,27.803393800152048,300
VNCD_MDD,0.1303633178504499,300
M3SDA_Reg,0.1261631525161919,300
CMSS_Reg,0.1197085868436887,300
TKRR,1.7371126142322584,500
CDAR,6.118812884632693,500
DARC,27.492802158672507,500
VNCD_MDD,0.1194939873147094,500
M3SDA_Reg,0.1226058359470151,500
CMSS_Reg,0.1057431488076766,500
XGBoost_Target_Only,0.1175284770426649,100
KRR_Target_Only,1.072412656323348,100
NN_Target_Only,0.785655177025394,100
XGBoost_Pool,0.0997439661852415,100
KRR_Pool,0.3183929892176163,100
NN_Pool,0.1913678607774014,100
XGBoost_TLCQM,0.1094637601709947,100
KRR_TLCQM,0.2471439255086391,100
NN_TLCQM,0.1277030794767653,100
XGBoost_Target_Only,0.1050443775301161,200
KRR_Target_Only,0.6950009701377842,200
NN_Target_Only,0.4280565040411473,200
XGBoost_Pool,0.0976760956523364,200
KRR_Pool,0.3902794093181526,200
NN_Pool,0.19861398567765,200
XGBoost_TLCQM,0.1060092097373949,200
KRR_TLCQM,0.2402903440249985,200
NN_TLCQM,0.1228006232396353,200
XGBoost_Target_Only,0.1026799112040013,300
KRR_Target_Only,0.6384234156731269,300
NN_Target_Only,0.3217709546757998,300
XGBoost_Pool,0.097671321832167,300
KRR_Pool,0.5131642236382219,300
NN_Pool,0.180876686620693,300
XGBoost_TLCQM,0.1038436779832205,300
KRR_TLCQM,0.2172093585153624,300
NN_TLCQM,0.1171422162795346,300
XGBoost_Target_Only,0.0946268554889279,500
KRR_Target_Only,0.3178735077076037,500
NN_Target_Only,0.1542753259359992,500
XGBoost_Pool,0.0960956393541919,500
KRR_Pool,0.7129586881961784,500
NN_Pool,0.2071565718486029,500
XGBoost_TLCQM,0.1012658137063615,500
KRR_TLCQM,0.1873497414601684,500
NN_TLCQM,0.1108968925508391,500
TKRR,2.164728902024686,100
CDAR,6.193646483419563,100
DARC,32.98954981878855,100
VNCD_MDD,0.1786716925034919,100
M3SDA_Reg,0.1138225776176515,100
CMSS_Reg,0.1241996887212955,100
TKRR,1.911869692199903,200
CDAR,4.350668626406979,200
DARC,25.84825381839334,200
VNCD_MDD,0.1678315888878455,200
M3SDA_Reg,0.111376229728959,200
CMSS_Reg,0.1120738988071514,200
TKRR,1.907542360942018,300
CDAR,4.714565649952092,300
DARC,26.309015874927542,300
VNCD_MDD,0.1663892454727544,300
M3SDA_Reg,0.1127845700732535,300
CMSS_Reg,0.1160413571868934,300
TKRR,1.805785700112051,500
CDAR,4.542668567647964,500
DARC,26.22612342850535,500
VNCD_MDD,0.157086970098948,500
M3SDA_Reg,0.1132370142610612,500
CMSS_Reg,0.1075686618739542,500
XGBoost_Target_Only,0.1080771633128579,100
KRR_Target_Only,1.2235425936005733,100
NN_Target_Only,0.8490447285018048,100
XGBoost_Pool,0.1003896915262307,100
KRR_Pool,0.317398097451721,100
NN_Pool,0.1936824159364279,100
XGBoost_TLCQM,0.0992619259669111,100
KRR_TLCQM,0.1609791051044615,100
NN_TLCQM,0.1226078765177011,100
XGBoost_Target_Only,0.0978113440979056,200
KRR_Target_Only,0.7736957881746288,200
NN_Target_Only,0.470114361099909,200
XGBoost_Pool,0.0991131782309591,200
KRR_Pool,0.381537596437669,200
NN_Pool,0.1561753644761681,200
XGBoost_TLCQM,0.1000188605214198,200
KRR_TLCQM,0.1613998555852698,200
NN_TLCQM,0.1110115440492371,200
XGBoost_Target_Only,0.0975449406793855,300
KRR_Target_Only,0.5475711670165521,300
NN_Target_Only,0.2806423462587327,300
XGBoost_Pool,0.0957440005793499,300
KRR_Pool,0.5027593530735386,300
NN_Pool,0.1716096542779641,300
XGBoost_TLCQM,0.098673792788771,300
KRR_TLCQM,0.1651740081802475,300
NN_TLCQM,0.1154170710723537,300
XGBoost_Target_Only,0.0957673493508297,500
KRR_Target_Only,0.3528349152007732,500
NN_Target_Only,0.1511010002347596,500
XGBoost_Pool,0.0946373987678283,500
KRR_Pool,0.7070505567530038,500
NN_Pool,0.1253307137421837,500
XGBoost_TLCQM,0.0975475286671391,500
KRR_TLCQM,0.1685256031301208,500
NN_TLCQM,0.1079464188603797,500
TKRR,2.018433997745547,100
CDAR,6.152337423075366,100
DARC,37.23459616239127,100
VNCD_MDD,0.2080637260587943,100
M3SDA_Reg,0.1165894525651185,100
CMSS_Reg,0.1082056827395264,100
TKRR,1.8769932532742035,200
CDAR,5.286186431834813,200
DARC,30.44966087131004,200
VNCD_MDD,0.1700464915589868,200
M3SDA_Reg,0.110778942316417,200
CMSS_Reg,0.1074151750492806,200
TKRR,1.88569274312236,300
CDAR,5.3564055635854775,300
DARC,30.11800454804118,300
VNCD_MDD,0.1531042687874,300
M3SDA_Reg,0.1158446747116193,300
CMSS_Reg,0.107336915258832,300
TKRR,1.8064507420860756,500
CDAR,5.300185486305802,500
DARC,30.137962640641614,500
VNCD_MDD,0.1248675800720137,500
M3SDA_Reg,0.1208997725917847,500
CMSS_Reg,0.1026085955143814,500
XGBoost_Target_Only,0.1119495852349904,100
KRR_Target_Only,0.7001925467448268,100
NN_Target_Only,0.4422835811970891,100
XGBoost_Pool,0.1008310141271337,100
KRR_Pool,0.3055950620332151,100
NN_Pool,0.2245910843424235,100
XGBoost_TLCQM,0.0983530852186961,100
KRR_TLCQM,0.1861192757436408,100
NN_TLCQM,0.114756280740092,100
XGBoost_Target_Only,0.1058511158335444,200
KRR_Target_Only,0.4144552394963407,200
NN_Target_Only,0.3038718540944627,200
XGBoost_Pool,0.1010795931086323,200
KRR_Pool,0.3775813640608392,200
NN_Pool,0.2131449503732406,200
XGBoost_TLCQM,0.0998252518221931,200
KRR_TLCQM,0.180291097063264,200
NN_TLCQM,0.1115649303256062,200
XGBoost_Target_Only,0.1018649945226286,300
KRR_Target_Only,0.3659152117474726,300
NN_Target_Only,0.187766503057418,300
XGBoost_Pool,0.0976830121407953,300
KRR_Pool,0.4977806620823768,300
NN_Pool,0.1944123509617802,300
XGBoost_TLCQM,0.0964408112647876,300
KRR_TLCQM,0.1764809302074446,300
NN_TLCQM,0.1091312762845575,300
XGBoost_Target_Only,0.0938487058887533,500
KRR_Target_Only,0.3212338468364166,500
NN_Target_Only,0.1577164166071172,500
XGBoost_Pool,0.0958679957549726,500
KRR_Pool,0.709655498713049,500
NN_Pool,0.218358194687304,500
XGBoost_TLCQM,0.096012522558858,500
KRR_TLCQM,0.1747455680458573,500
NN_TLCQM,0.1062675667381146,500
TKRR,2.026058511974824,100
CDAR,7.5645353303248895,100
DARC,37.178916995846826,100
VNCD_MDD,0.1820481717796469,100
M3SDA_Reg,0.1229740715765631,100
CMSS_Reg,0.1160614224331976,100
TKRR,1.8140458762846647,200
CDAR,5.385389027832843,200
DARC,30.36722651239598,200
VNCD_MDD,0.1463333815553994,200
M3SDA_Reg,0.1243016391214413,200
CMSS_Reg,0.1121955711343277,200
TKRR,1.8538104274831748,300
CDAR,5.214150641054859,300
DARC,30.863783670793858,300
VNCD_MDD,0.1395734458474037,300
M3SDA_Reg,0.1243199847123506,300
CMSS_Reg,0.1092863819133742,300
TKRR,1.793950121281782,500
CDAR,5.004403133059933,500
DARC,30.02916507259472,500
VNCD_MDD,0.1275281938786196,500
M3SDA_Reg,0.1239876360720661,500
CMSS_Reg,0.1031381199357982,500
XGBoost_Target_Only,0.1180748226722566,100
KRR_Target_Only,0.8599950558999634,100
NN_Target_Only,0.4035100794227203,100
XGBoost_Pool,0.0996534085684869,100
KRR_Pool,0.3185111319759263,100
NN_Pool,0.2194181445970237,100
XGBoost_TLCQM,0.1021552737974279,100
KRR_TLCQM,0.2003115718918104,100
NN_TLCQM,0.112477270582584,100
XGBoost_Target_Only,0.1047936534367855,200
KRR_Target_Only,0.5172200887685496,200
NN_Target_Only,0.2731517538779466,200
XGBoost_Pool,0.0988655628350396,200
KRR_Pool,0.3898575578475675,200
NN_Pool,0.1826453746481846,200
XGBoost_TLCQM,0.0989265137678511,200
KRR_TLCQM,0.2157438544279163,200
NN_TLCQM,0.1096579948035808,200
XGBoost_Target_Only,0.1043083241502052,300
KRR_Target_Only,0.3868677263671531,300
NN_Target_Only,0.1835297032481421,300
XGBoost_Pool,0.0984193678462472,300
KRR_Pool,0.5062190380158208,300
NN_Pool,0.1855568971681536,300
XGBoost_TLCQM,0.0984986082579269,300
KRR_TLCQM,0.1957133764279493,300
NN_TLCQM,0.1031652666502733,300
XGBoost_Target_Only,0.0985088276401747,500
KRR_Target_Only,0.3461118538625076,500
NN_Target_Only,0.1539261626240413,500
XGBoost_Pool,0.0968999364908411,500
KRR_Pool,0.7131195658965084,500
NN_Pool,0.2048257182557551,500
XGBoost_TLCQM,0.0971647265726275,500
KRR_TLCQM,0.1874124461781438,500
NN_TLCQM,0.1042095941169797,500
TKRR,1.8820131576467312,100
CDAR,6.0851674101384,100
DARC,22.878035599153836,100
VNCD_MDD,0.1471164939022131,100
M3SDA_Reg,0.1186248095126624,100
CMSS_Reg,0.1144544371112192,100
TKRR,1.840244078888509,200
CDAR,5.58326374036,200
DARC,23.13518483040125,200
VNCD_MDD,0.1427123379266671,200
M3SDA_Reg,0.1138839255880804,200
CMSS_Reg,0.1086755044450574,200
TKRR,1.7542071573425344,300
CDAR,5.575357040242223,300
DARC,23.09014259348718,300
VNCD_MDD,0.131879193001831,300
M3SDA_Reg,0.1173201370489863,300
CMSS_Reg,0.1035870058574271,300
TKRR,1.7818623386180743,500
CDAR,5.612131254936108,500
DARC,23.034116700111515,500
VNCD_MDD,0.1232973627729989,500
M3SDA_Reg,0.1184903497416978,500
CMSS_Reg,0.1015577423940693,500
XGBoost_Target_Only,0.1123949339653252,100
KRR_Target_Only,1.4483458187155889,100
NN_Target_Only,0.6723167444085105,100
XGBoost_Pool,0.1013807604776382,100
KRR_Pool,0.3189793031625679,100
NN_Pool,0.2068174260698306,100
XGBoost_TLCQM,0.1066577557404175,100
KRR_TLCQM,0.2375667337511418,100
NN_TLCQM,0.1504261270816528,100
XGBoost_Target_Only,0.1085621408933925,200
KRR_Target_Only,0.4482277924933847,200
NN_Target_Only,0.2436723784550978,200
XGBoost_Pool,0.0999720352672532,200
KRR_Pool,0.3873000561943974,200
NN_Pool,0.1714646423769963,200
XGBoost_TLCQM,0.0986808235367149,200
KRR_TLCQM,0.1850007684177047,200
NN_TLCQM,0.1110923246555743,200
XGBoost_Target_Only,0.1038515527755549,300
KRR_Target_Only,0.4434789768699767,300
NN_Target_Only,0.1709846120786451,300
XGBoost_Pool,0.0970023767148353,300
KRR_Pool,0.5063123595945211,300
NN_Pool,0.1641718627651122,300
XGBoost_TLCQM,0.0997956993453638,300
KRR_TLCQM,0.1944203891480771,300
NN_TLCQM,0.1137928465756798,300
XGBoost_Target_Only,0.0972153273826782,500
KRR_Target_Only,0.3122098803741682,500
NN_Target_Only,0.1714423385958608,500
XGBoost_Pool,0.093191168536496,500
KRR_Pool,0.7066528208965356,500
NN_Pool,0.2109659080426006,500
XGBoost_TLCQM,0.0975797883078739,500
KRR_TLCQM,0.1629866281109111,500
NN_TLCQM,0.1090391657881382,500
TKRR,1.8842210459372797,100
CDAR,6.315992633486025,100
DARC,39.30786256570156,100
VNCD_MDD,0.1656930720710031,100
M3SDA_Reg,0.1187803916399289,100
CMSS_Reg,0.110090788625257,100
TKRR,1.8153933544724503,200
CDAR,6.346685078824479,200
DARC,29.592808851956512,200
VNCD_MDD,0.1415636919179845,200
M3SDA_Reg,0.1184732143202913,200
CMSS_Reg,0.1108668498423145,200
TKRR,1.7473131280310366,300
CDAR,6.328472071915384,300
DARC,27.60452005908104,300
VNCD_MDD,0.1317547783281048,300
M3SDA_Reg,0.1131885095565963,300
CMSS_Reg,0.1111588291031221,300
TKRR,1.6819923504948264,500
CDAR,6.3849447439996,500
DARC,31.42382568161979,500
VNCD_MDD,0.1282644842370905,500
M3SDA_Reg,0.1161486630101253,500
CMSS_Reg,0.1009827450085617,500
XGBoost_Target_Only,0.120312942305299,100
KRR_Target_Only,0.6941234455909658,100
NN_Target_Only,0.4194242876781562,100
XGBoost_Pool,0.0988283044264045,100
KRR_Pool,0.3149886784234466,100
NN_Pool,0.1958038632211352,100
XGBoost_TLCQM,0.1053632374719836,100
KRR_TLCQM,0.169437154354832,100
NN_TLCQM,0.121491060575164,100
XGBoost_Target_Only,0.1140724581599422,200
KRR_Target_Only,0.4506440715481212,200
NN_Target_Only,0.2370708404471448,200
XGBoost_Pool,0.1001396316630292,200
KRR_Pool,0.3843890137438499,200
NN_Pool,0.1816732121246365,200
XGBoost_TLCQM,0.1026983258892477,200
KRR_TLCQM,0.1650189723581293,200
NN_TLCQM,0.1188330208533073,200
XGBoost_Target_Only,0.0982925840466875,300
KRR_Target_Only,0.3574029443262549,300
NN_Target_Only,0.1670697597423321,300
XGBoost_Pool,0.0968008094383618,300
KRR_Pool,0.5009269572143693,300
NN_Pool,0.1749947468261227,300
XGBoost_TLCQM,0.0972760209992096,300
KRR_TLCQM,0.1566958496789293,300
NN_TLCQM,0.1100258253858955,300
XGBoost_Target_Only,0.0961774596920402,500
KRR_Target_Only,0.2740463015306674,500
NN_Target_Only,0.1384857584411166,500
XGBoost_Pool,0.0959872160761481,500
KRR_Pool,0.7062169357955534,500
NN_Pool,0.1310337077705214,500
XGBoost_TLCQM,0.0966822792164606,500
KRR_TLCQM,0.1597462043394276,500
NN_TLCQM,0.1056222280232818,500
TKRR,1.9231522398599292,100
CDAR,5.651466436959777,100
DARC,24.47932468660717,100
VNCD_MDD,0.1613226945065564,100
M3SDA_Reg,0.1210426832803291,100
CMSS_Reg,0.1205076565330273,100
TKRR,2.091322570175337,200
CDAR,5.342510794255656,200
DARC,21.190751228155403,200
VNCD_MDD,0.1400322374770758,200
M3SDA_Reg,0.1226670212745903,200
CMSS_Reg,0.11758945403534,200
TKRR,1.834842087818707,300
CDAR,5.358707861128119,300
DARC,21.087253507324707,300
VNCD_MDD,0.1426360070709798,300
M3SDA_Reg,0.1164607260863336,300
CMSS_Reg,0.1146708840413324,300
TKRR,1.7414833690057436,500
CDAR,5.348339570217454,500
DARC,23.610564682903192,500
VNCD_MDD,0.1283195205608294,500
M3SDA_Reg,0.1125691068377142,500
CMSS_Reg,0.1102418569546077,500
XGBoost_Target_Only,0.1093087867632566,100
KRR_Target_Only,0.7613776461470438,100
NN_Target_Only,0.4056415724686523,100
XGBoost_Pool,0.1000350787460929,100
KRR_Pool,0.3182111846559107,100
NN_Pool,0.1922209779979928,100
XGBoost_TLCQM,0.1009761490265955,100
KRR_TLCQM,0.190704186407557,100
NN_TLCQM,0.1201424217304477,100
XGBoost_Target_Only,0.1011895250707384,200
KRR_Target_Only,0.3898093570144101,200
NN_Target_Only,0.2383363613812643,200
XGBoost_Pool,0.1000494495238029,200
KRR_Pool,0.3847662295526976,200
NN_Pool,0.1976914641021709,200
XGBoost_TLCQM,0.0991953760066012,200
KRR_TLCQM,0.1654854787297594,200
NN_TLCQM,0.1125751964755956,200
XGBoost_Target_Only,0.1046232089732777,300
KRR_Target_Only,0.3409830145348196,300
NN_Target_Only,0.1744718537718401,300
XGBoost_Pool,0.1000449589735921,300
KRR_Pool,0.503696650487462,300
NN_Pool,0.1888543172771708,300
XGBoost_TLCQM,0.0988156105961681,300
KRR_TLCQM,0.1720832436027184,300
NN_TLCQM,0.104199633798063,300
XGBoost_Target_Only,0.0957380824335574,500
KRR_Target_Only,0.2447720563614685,500
NN_Target_Only,0.1368035390001926,500
XGBoost_Pool,0.0966604622560677,500
KRR_Pool,0.7091252036902863,500
NN_Pool,0.2306813230008272,500
XGBoost_TLCQM,0.0987858745567219,500
KRR_TLCQM,0.1639913782781001,500
NN_TLCQM,0.1085098410341796,500
TKRR,1.8888582007417607,100
CDAR,5.757737280952433,100
DARC,42.6486159036605,100
VNCD_MDD,0.1835020869774649,100
M3SDA_Reg,0.1245376647919486,100
CMSS_Reg,0.1138071266898415,100
TKRR,1.7970574753587365,200
CDAR,5.5611555923260445,200
DARC,21.014539096301423,200
VNCD_MDD,0.1422651981653683,200
M3SDA_Reg,0.1229680054611404,200
CMSS_Reg,0.1156637650732703,200
TKRR,1.7891765788783358,300
CDAR,5.460136313709932,300
DARC,20.790303169207945,300
VNCD_MDD,0.1326067239253225,300
M3SDA_Reg,0.1243982484442385,300
CMSS_Reg,0.1121147510579083,300
TKRR,1.814001428458192,500
CDAR,5.459677908069552,500
DARC,21.11730588085598,500
VNCD_MDD,0.1188865808440898,500
M3SDA_Reg,0.1227373117924579,500
CMSS_Reg,0.1091306494696934,500
XGBoost_Target_Only,0.1201290206265979,100
KRR_Target_Only,1.6591405843163909,100
NN_Target_Only,0.7610442880892521,100
XGBoost_Pool,0.1042114814185024,100
KRR_Pool,0.318414461147196,100
NN_Pool,0.1902397207625707,100
XGBoost_TLCQM,0.1078587881150066,100
KRR_TLCQM,0.2340584815580962,100
NN_TLCQM,0.1089530984822587,100
XGBoost_Target_Only,0.1022204390966081,200
KRR_Target_Only,0.587273379384477,200
NN_Target_Only,0.2718671668723716,200
XGBoost_Pool,0.0996353622011235,200
KRR_Pool,0.3856070873680376,200
NN_Pool,0.1863503017314725,200
XGBoost_TLCQM,0.0989582379450137,200
KRR_TLCQM,0.1830785744757802,200
NN_TLCQM,0.1086786253786357,200
XGBoost_Target_Only,0.0999757968770456,300
KRR_Target_Only,0.3763876848423749,300
NN_Target_Only,0.1587882210617066,300
XGBoost_Pool,0.0944279315772406,300
KRR_Pool,0.4986274639801923,300
NN_Pool,0.1697551556587667,300
XGBoost_TLCQM,0.1003014956547116,300
KRR_TLCQM,0.2046923725923234,300
NN_TLCQM,0.1124486394530603,300
XGBoost_Target_Only,0.0950768671010583,500
KRR_Target_Only,0.3076984874078386,500
NN_Target_Only,0.128295579205572,500
XGBoost_Pool,0.0953707117610241,500
KRR_Pool,0.7027383751397047,500
NN_Pool,0.2321689675316368,500
XGBoost_TLCQM,0.0993850581670892,500
KRR_TLCQM,0.1800618447146102,500
NN_TLCQM,0.1064637920154584,500
TKRR,1.924358354922635,100
CDAR,6.954885626516913,100
DARC,27.69147314951313,100
VNCD_MDD,0.1542672111549526,100
M3SDA_Reg,0.1224849722806418,100
CMSS_Reg,0.1234865121280112,100
TKRR,1.9133158497589524,200
CDAR,53.84494386725866,200
DARC,37.082828156289885,200
VNCD_MDD,0.1451499594404431,200
M3SDA_Reg,0.1171883691950431,200
CMSS_Reg,0.1082208657095264,200
TKRR,1.9022322490676924,300
CDAR,53.84089938598524,300
DARC,37.22604012742758,300
VNCD_MDD,0.1289232383386885,300
M3SDA_Reg,0.1171803510130317,300
CMSS_Reg,0.1084710614348553,300
TKRR,1.8434760893187767,500
CDAR,53.82552240922664,500
DARC,37.235749642079206,500
VNCD_MDD,0.1486960334440982,500
M3SDA_Reg,0.1185894006555596,500
CMSS_Reg,0.102545331323374,500
XGBoost_Target_Only,0.1283473828449148,100
KRR_Target_Only,1.3554571435516758,100
NN_Target_Only,0.7780051473373156,100
XGBoost_Pool,0.0993488885540361,100
KRR_Pool,0.3186041725501061,100
NN_Pool,0.2067629680240491,100
XGBoost_TLCQM,0.1143779053013282,100
KRR_TLCQM,0.2352437097427764,100
NN_TLCQM,0.1280012929192346,100
XGBoost_Target_Only,0.1057494097639256,200
KRR_Target_Only,1.0364594286850768,200
NN_Target_Only,0.5784963926461346,200
XGBoost_Pool,0.0987651419721949,200
KRR_Pool,0.3915414220371251,200
NN_Pool,0.1935685421569608,200
XGBoost_TLCQM,0.1093738684702546,200
KRR_TLCQM,0.2275126840203021,200
NN_TLCQM,0.1229621427985244,200
XGBoost_Target_Only,0.1011792523160921,300
KRR_Target_Only,0.7577820814325268,300
NN_Target_Only,0.3738732699851015,300
XGBoost_Pool,0.0962144230929143,300
KRR_Pool,0.5112601266635635,300
NN_Pool,0.1874052765491744,300
XGBoost_TLCQM,0.1033964486602525,300
KRR_TLCQM,0.2094774337556482,300
NN_TLCQM,0.1129445766459909,300
XGBoost_Target_Only,0.0951507126342333,500
KRR_Target_Only,0.5208434076841648,500
NN_Target_Only,0.1786416868056572,500
XGBoost_Pool,0.0961783216263938,500
KRR_Pool,0.7183661020723168,500
NN_Pool,0.2076170975218046,500
XGBoost_TLCQM,0.1008466230058021,500
KRR_TLCQM,0.204988425635282,500
NN_TLCQM,0.1055999864118186,500
TKRR,1.8839386335031667,100
CDAR,5.382398351900647,100
DARC,30.954186413523352,100
VNCD_MDD,0.1381769866672383,100
M3SDA_Reg,0.1128796533171493,100
CMSS_Reg,0.1235446666651072,100
TKRR,1.9199264030346304,200
CDAR,6.488635927689041,200
DARC,35.319443481511215,200
VNCD_MDD,0.1315006483606902,200
M3SDA_Reg,0.1082684853098205,200
CMSS_Reg,0.1153849508265412,200
TKRR,1.886359766034189,300
CDAR,6.314011803020024,300
DARC,35.74905460236182,300
VNCD_MDD,0.1270827548316574,300
M3SDA_Reg,0.1104502673428252,300
CMSS_Reg,0.108622384471889,300
TKRR,1.8335687969537755,500
CDAR,6.263902158892051,500
DARC,35.83607956138972,500
VNCD_MDD,0.1176350718177754,500
M3SDA_Reg,0.1113251068321114,500
CMSS_Reg,0.1036910013823039,500
XGBoost_Target_Only,0.1131144087157379,100
KRR_Target_Only,1.252217042177764,100
NN_Target_Only,1.026373344789633,100
XGBoost_Pool,0.1030715047146432,100
KRR_Pool,0.3188861735006423,100
NN_Pool,0.196424079783924,100
XGBoost_TLCQM,0.1069918861990216,100
KRR_TLCQM,0.225738961184912,100
NN_TLCQM,0.1236653530132386,100
XGBoost_Target_Only,0.1092824219769328,200
KRR_Target_Only,0.6505242868276098,200
NN_Target_Only,0.4273595842417662,200
XGBoost_Pool,0.0988654615747061,200
KRR_Pool,0.3884505870069612,200
NN_Pool,0.1933758962725249,200
XGBoost_TLCQM,0.1000870586922352,200
KRR_TLCQM,0.1808229843628009,200
NN_TLCQM,0.1132293969018603,200
XGBoost_Target_Only,0.1012413657781944,300
KRR_Target_Only,0.4659072612633389,300
NN_Target_Only,0.2767471244186701,300
XGBoost_Pool,0.0999474320897493,300
KRR_Pool,0.5109276497505513,300
NN_Pool,0.181530593798608,300
XGBoost_TLCQM,0.0999102571083958,300
KRR_TLCQM,0.1805297124134803,300
NN_TLCQM,0.1100173851625859,300
XGBoost_Target_Only,0.0944318609554142,500
KRR_Target_Only,0.4156597101242847,500
NN_Target_Only,0.1902795896052769,500
XGBoost_Pool,0.096866691045866,500
KRR_Pool,0.7166738928868125,500
NN_Pool,0.2233186536107497,500
XGBoost_TLCQM,0.0987310392827447,500
KRR_TLCQM,0.1810058957643266,500
NN_TLCQM,0.1064631094673128,500
TKRR,1.827462248588297,100
CDAR,5.417888560539625,100
DARC,27.93947266986939,100
VNCD_MDD,0.157079741354109,100
M3SDA_Reg,0.1121874662302436,100
CMSS_Reg,0.1183687945392672,100
TKRR,1.8204464827564264,200
CDAR,6.554135112211487,200
DARC,32.74609531274952,200
VNCD_MDD,0.1524150958594181,200
M3SDA_Reg,0.1086441269664073,200
CMSS_Reg,0.1122595199160443,200
TKRR,1.8026756941638693,300
CDAR,6.564340980149735,300
DARC,33.08821801614548,300
VNCD_MDD,0.1472498740487599,300
M3SDA_Reg,0.1119839593356654,300
CMSS_Reg,0.1070741572073718,300
TKRR,1.8347272523377232,500
CDAR,6.732306317366881,500
DARC,33.090740017244954,500
VNCD_MDD,0.1232676668861105,500
M3SDA_Reg,0.1127736642719566,500
CMSS_Reg,0.1039853108028327,500
XGBoost_Target_Only,0.1184523776579418,100
KRR_Target_Only,1.0279881728664326,100
NN_Target_Only,0.4816180505253047,100
XGBoost_Pool,0.1051414097205059,100
KRR_Pool,0.3186753709416927,100
NN_Pool,0.1931243435126554,100
XGBoost_TLCQM,0.1037489019161193,100
KRR_TLCQM,0.2501619714772019,100
NN_TLCQM,0.1253879416087387,100
XGBoost_Target_Only,0.1089181479629371,200
KRR_Target_Only,0.5579480084138538,200
NN_Target_Only,0.2321766304725441,200
XGBoost_Pool,0.1000604154106336,200
KRR_Pool,0.3893482956985243,200
NN_Pool,0.2135277771059532,200
XGBoost_TLCQM,0.0978724990650891,200
KRR_TLCQM,0.2035694290979618,200
NN_TLCQM,0.1162398598903942,200
XGBoost_Target_Only,0.1001004369921742,300
KRR_Target_Only,0.4392710298797095,300
NN_Target_Only,0.1874853358444037,300
XGBoost_Pool,0.0972941569574415,300
KRR_Pool,0.512022267670305,300
NN_Pool,0.1809019106319757,300
XGBoost_TLCQM,0.0981606962007162,300
KRR_TLCQM,0.1993335277711302,300
NN_TLCQM,0.1136354094445071,300
XGBoost_Target_Only,0.0939308496084935,500
KRR_Target_Only,0.3425878983930196,500
NN_Target_Only,0.1590433366339588,500
XGBoost_Pool,0.0960130955577621,500
KRR_Pool,0.709361236620421,500
NN_Pool,0.13131551064883,500
XGBoost_TLCQM,0.0961402920302183,500
KRR_TLCQM,0.1844451614111307,500
NN_TLCQM,0.1077784358015052,500
TKRR,2.048053559355285,100
CDAR,6.487556624458198,100
DARC,32.89635178622881,100
VNCD_MDD,0.1760288783464492,100
M3SDA_Reg,0.109992210896177,100
CMSS_Reg,0.1244736109985577,100
TKRR,1.9147562884209155,200
CDAR,49.837998287953006,200
DARC,38.70659571609188,200
VNCD_MDD,0.1385305937550366,200
M3SDA_Reg,0.1091132724081874,200
CMSS_Reg,0.110469010139451,200
TKRR,1.833401227270113,300
CDAR,49.832262365856536,300
DARC,38.733620633886765,300
VNCD_MDD,0.1351250946230355,300
M3SDA_Reg,0.1104728762393188,300
CMSS_Reg,0.1077145583205222,300
TKRR,1.827044850242721,500
CDAR,49.83690860542772,500
DARC,38.99178991625399,500
VNCD_MDD,0.1354563807356056,500
M3SDA_Reg,0.113321342175578,500
CMSS_Reg,0.1046231203505521,500
XGBoost_Target_Only,0.1252133686782515,100
KRR_Target_Only,1.0646595244097126,100
NN_Target_Only,0.586463642614214,100
XGBoost_Pool,0.1046166195602763,100
KRR_Pool,0.3173496706829877,100
NN_Pool,0.2161891778061049,100
XGBoost_TLCQM,0.1155572798969667,100
KRR_TLCQM,0.2237900429138872,100
NN_TLCQM,0.1422733797236866,100
XGBoost_Target_Only,0.1247408796713536,200
KRR_Target_Only,0.8435147200598513,200
NN_Target_Only,0.3088843959604513,200
XGBoost_Pool,0.1027725963809628,200
KRR_Pool,0.3903544747208359,200
NN_Pool,0.1782782505675422,200
XGBoost_TLCQM,0.1036798810361238,200
KRR_TLCQM,0.2934144191987599,200
NN_TLCQM,0.1291091560953186,200
XGBoost_Target_Only,0.1111095452773826,300
KRR_Target_Only,0.758276768414875,300
NN_Target_Only,0.2486766085224732,300
XGBoost_Pool,0.1005302734126497,300
KRR_Pool,0.5150007530381469,300
NN_Pool,0.1690604757860036,300
XGBoost_TLCQM,0.1025634718934835,300
KRR_TLCQM,0.2079541181401914,300
NN_TLCQM,0.1126707491683928,300
XGBoost_Target_Only,0.0997009693382914,500
KRR_Target_Only,0.4950459721962492,500
NN_Target_Only,0.1692300794843173,500
XGBoost_Pool,0.0991173920965334,500
KRR_Pool,0.7227301995878908,500
NN_Pool,0.1476669191906033,500
XGBoost_TLCQM,0.1001395015910215,500
KRR_TLCQM,0.2247994655437067,500
NN_TLCQM,0.1118949013822768,500
TKRR,1.93180892436756,100
CDAR,5.8821081626285,100
DARC,33.89499010447616,100
VNCD_MDD,0.2134995631759514,100
M3SDA_Reg,0.1283906022963347,100
CMSS_Reg,0.1264601713028103,100
TKRR,2.0472849713526093,200
CDAR,5.703267676074135,200
DARC,30.45490312660773,200
VNCD_MDD,0.1839258388160157,200
M3SDA_Reg,0.1215999257082722,200
CMSS_Reg,0.1329741683320999,200
TKRR,2.0290003608770424,300
CDAR,5.7975689755804565,300
DARC,30.2749232120648,300
VNCD_MDD,0.1870937580318137,300
M3SDA_Reg,0.1216947323092339,300
CMSS_Reg,0.1205162162031962,300
TKRR,2.008124631021401,500
CDAR,5.712901581187315,500
DARC,30.717567626544383,500
VNCD_MDD,0.1394676000253305,500
M3SDA_Reg,0.118576187119526,500
CMSS_Reg,0.1179698545685132,500
XGBoost_Target_Only,0.1150376349182036,100
KRR_Target_Only,1.2208919556353384,100
NN_Target_Only,0.992385655018356,100
XGBoost_Pool,0.0972854068274232,100
KRR_Pool,0.3179047157839311,100
NN_Pool,0.2017551173460085,100
XGBoost_TLCQM,0.100735752660992,100
KRR_TLCQM,0.1949999135402592,100
NN_TLCQM,0.1323957208051621,100
XGBoost_Target_Only,0.101563837400445,200
KRR_Target_Only,0.7391489659044623,200
NN_Target_Only,0.4569223203868512,200
XGBoost_Pool,0.0972995809235171,200
KRR_Pool,0.3900893317425529,200
NN_Pool,0.1828039762133338,200
XGBoost_TLCQM,0.1021338525917263,200
KRR_TLCQM,0.2026337551673206,200
NN_TLCQM,0.1253507906396314,200
XGBoost_Target_Only,0.1036945590927912,300
KRR_Target_Only,0.6252754285170458,300
NN_Target_Only,0.3359856162445684,300
XGBoost_Pool,0.0979420285911984,300
KRR_Pool,0.5102810216598364,300
NN_Pool,0.1869204150445793,300
XGBoost_TLCQM,0.1034699934462507,300
KRR_TLCQM,0.1954349976579946,300
NN_TLCQM,0.1182418824175858,300
XGBoost_Target_Only,0.100881908983104,500
KRR_Target_Only,0.4653737707675185,500
NN_Target_Only,0.2104336251447422,500
XGBoost_Pool,0.0976912564391724,500
KRR_Pool,0.7196169893275173,500
NN_Pool,0.271324808501089,500
XGBoost_TLCQM,0.0988596031694254,500
KRR_TLCQM,0.200451874743349,500
NN_TLCQM,0.1107836167401809,500
TKRR,1.9144416711562844,100
CDAR,50.64329691249894,100
DARC,25.47826746833362,100
VNCD_MDD,0.1641792408493807,100
M3SDA_Reg,0.1106845451805731,100
CMSS_Reg,0.1109580599432221,100
TKRR,1.8840727348106183,200
CDAR,6.077444295190375,200
DARC,26.262749187673087,200
VNCD_MDD,0.1588937292610499,200
M3SDA_Reg,0.110847679359878,200
CMSS_Reg,0.1111257648633594,200
TKRR,1.887684494241728,300
CDAR,6.108648213121142,300
DARC,26.695092506023183,300
VNCD_MDD,0.1709091537344666,300
M3SDA_Reg,0.1067685544951404,300
CMSS_Reg,0.1123128075219676,300
TKRR,1.8507337551558825,500
CDAR,6.108534281394745,500
DARC,26.79826906227627,500
VNCD_MDD,0.1445151440309445,500
M3SDA_Reg,0.1150443598785266,500
CMSS_Reg,0.102771587350549,500
XGBoost_Target_Only,0.1169738303408034,100
KRR_Target_Only,1.1621288753634411,100
NN_Target_Only,0.701239412489979,100
XGBoost_Pool,0.1016099197247843,100
KRR_Pool,0.3195440188332634,100
NN_Pool,0.2081041508843268,100
XGBoost_TLCQM,0.1001600690385115,100
KRR_TLCQM,0.1922750975872073,100
NN_TLCQM,0.1251226112078867,100
XGBoost_Target_Only,0.1168991613691975,200
KRR_Target_Only,0.8274925088315122,200
NN_Target_Only,0.3526509021056771,200
XGBoost_Pool,0.1013253739338568,200
KRR_Pool,0.3918593654540466,200
NN_Pool,0.2121287186561672,200
XGBoost_TLCQM,0.1045320748283475,200
KRR_TLCQM,0.1960215833135629,200
NN_TLCQM,0.1099196619705946,200
XGBoost_Target_Only,0.097239248106058,300
KRR_Target_Only,0.5568459983133819,300
NN_Target_Only,0.2149629694557095,300
XGBoost_Pool,0.0989456426886691,300
KRR_Pool,0.500593806105606,300
NN_Pool,0.2107246664434162,300
XGBoost_TLCQM,0.0978528139692894,300
KRR_TLCQM,0.1566683300700053,300
NN_TLCQM,0.1054450427332551,300
XGBoost_Target_Only,0.0948547760147072,500
KRR_Target_Only,0.3722891788822169,500
NN_Target_Only,0.1688640586471121,500
XGBoost_Pool,0.0979983215750329,500
KRR_Pool,0.7050706954902451,500
NN_Pool,0.2159881688911515,500
XGBoost_TLCQM,0.0964884322008114,500
KRR_TLCQM,0.1581067884990443,500
NN_TLCQM,0.1063115927913799,500
TKRR,1.9533671744697192,100
CDAR,6.507683655513527,100
DARC,37.03778577038101,100
VNCD_MDD,0.1541087076000553,100
M3SDA_Reg,0.1203201712264017,100
CMSS_Reg,0.1100651614795024,100
TKRR,1.936722889922344,200
CDAR,6.478952176191216,200
DARC,43.34483170041866,200
VNCD_MDD,0.1514543515451523,200
M3SDA_Reg,0.118691433919031,200
CMSS_Reg,0.1072080843234742,200
TKRR,1.8968992842583572,300
CDAR,6.226773112723534,300
DARC,43.11560899350006,300
VNCD_MDD,0.1348453059631142,300
M3SDA_Reg,0.1161476989307253,300
CMSS_Reg,0.1062906195271815,300
TKRR,1.8691413700717852,500
CDAR,6.2711962932472485,500
DARC,43.00541277269539,500
VNCD_MDD,0.133958392791636,500
M3SDA_Reg,0.1197265840216962,500
CMSS_Reg,0.1034472968923299,500
XGBoost_Target_Only,0.1178450069295359,100
KRR_Target_Only,0.837084160529061,100
NN_Target_Only,0.514896614820125,100
XGBoost_Pool,0.1030755563506134,100
KRR_Pool,0.3180159414459899,100
NN_Pool,0.1837267754580202,100
XGBoost_TLCQM,0.1074069920823589,100
KRR_TLCQM,0.2076053879518316,100
NN_TLCQM,0.1281948054472729,100
XGBoost_Target_Only,0.1208703372415603,200
KRR_Target_Only,0.5360556796933806,200
NN_Target_Only,0.3017690220692271,200
XGBoost_Pool,0.1015092164206194,200
KRR_Pool,0.3847105590484475,200
NN_Pool,0.1835178376207074,200
XGBoost_TLCQM,0.1019674136808446,200
KRR_TLCQM,0.1911042296207897,200
NN_TLCQM,0.1196011866221669,200
XGBoost_Target_Only,0.1095115896487753,300
KRR_Target_Only,0.5325433497220483,300
NN_Target_Only,0.2156087475163614,300
XGBoost_Pool,0.099758624061448,300
KRR_Pool,0.505387415662593,300
NN_Pool,0.1845711329076192,300
XGBoost_TLCQM,0.1034131010943676,300
KRR_TLCQM,0.1840869037564701,300
NN_TLCQM,0.1169334775471356,300
XGBoost_Target_Only,0.0955308877477058,500
KRR_Target_Only,0.3984899772563655,500
NN_Target_Only,0.1542498135124127,500
XGBoost_Pool,0.0964464835578321,500
KRR_Pool,0.7020670771760656,500
NN_Pool,0.2110788445357489,500
XGBoost_TLCQM,0.1042558003796889,500
KRR_TLCQM,0.1854962021528899,500
NN_TLCQM,0.1165164679042003,500
TKRR,1.896144986250753,100
CDAR,6.09255788957117,100
DARC,29.01772293240657,100
VNCD_MDD,0.1814758359318566,100
M3SDA_Reg,0.1163675119606345,100
CMSS_Reg,0.1307558003492925,100
TKRR,1.90543298699271,200
CDAR,5.441411415156109,200
DARC,34.37109257104641,200
VNCD_MDD,0.1442593300086432,200
M3SDA_Reg,0.1146602434035066,200
CMSS_Reg,0.1137903205172003,200
TKRR,1.9150470017854555,300
CDAR,5.487757396268226,300
DARC,35.25497149776284,300
VNCD_MDD,0.1418163552616495,300
M3SDA_Reg,0.1126539622160415,300
CMSS_Reg,0.1101309849329869,300
TKRR,1.8892173198224689,500
CDAR,5.483439988011412,500
DARC,35.392930370329786,500
VNCD_MDD,0.1398218724183064,500
M3SDA_Reg,0.1184736831822833,500
CMSS_Reg,0.1020124738380336,500
XGBoost_Target_Only,0.1169840112359406,100
KRR_Target_Only,1.5088204973554007,100
NN_Target_Only,0.8390838580793565,100
XGBoost_Pool,0.0994077511814617,100
KRR_Pool,0.3183709365119389,100
NN_Pool,0.1966255904998627,100
XGBoost_TLCQM,0.1026941592239092,100
KRR_TLCQM,0.2879359727937819,100
NN_TLCQM,0.121742525833167,100
XGBoost_Target_Only,0.107217254212747,200
KRR_Target_Only,0.5467002910022672,200
NN_Target_Only,0.3457321100541971,200
XGBoost_Pool,0.0958648981090346,200
KRR_Pool,0.3831187262864985,200
NN_Pool,0.1790261847033713,200
XGBoost_TLCQM,0.1056077542522339,200
KRR_TLCQM,0.2428947074875192,200
NN_TLCQM,0.1141384621779138,200
XGBoost_Target_Only,0.1098025783551221,300
KRR_Target_Only,0.5186294252917716,300
NN_Target_Only,0.318202519134683,300
XGBoost_Pool,0.0964225200935895,300
KRR_Pool,0.5043841790668724,300
NN_Pool,0.1724957119367991,300
XGBoost_TLCQM,0.0987317730873585,300
KRR_TLCQM,0.2131844024450742,300
NN_TLCQM,0.1112802085686944,300
XGBoost_Target_Only,0.099849435844764,500
KRR_Target_Only,0.3584643126751209,500
NN_Target_Only,0.1684216743125294,500
XGBoost_Pool,0.0912897913451375,500
KRR_Pool,0.7094120322818032,500
NN_Pool,0.1445478771274736,500
XGBoost_TLCQM,0.0951362659455442,500
KRR_TLCQM,0.1990098939764428,500
NN_TLCQM,0.1032574255040755,500
TKRR,1.937553425151454,100
CDAR,5.860416716678052,100
DARC,30.88082401735744,100
VNCD_MDD,0.1677760614843888,100
M3SDA_Reg,0.1098996200349805,100
CMSS_Reg,0.1151717315345414,100
TKRR,1.840862762314332,200
CDAR,5.931822945418796,200
DARC,28.186268634607288,200
VNCD_MDD,0.1735029329006922,200
M3SDA_Reg,0.1129537966599068,200
CMSS_Reg,0.1152698712977384,200
TKRR,1.8453726781649613,300
CDAR,5.984550493039805,300
DARC,28.435748172523947,300
VNCD_MDD,0.1644336857302387,300
M3SDA_Reg,0.1136494953588368,300
CMSS_Reg,0.1147849930147658,300
TKRR,1.7597494268898504,500
CDAR,6.038120368764012,500
DARC,27.686621233351563,500
VNCD_MDD,0.1233402711664189,500
M3SDA_Reg,0.1119587195856692,500
CMSS_Reg,0.1065002510306018,500
XGBoost_Target_Only,0.114127113527888,100
KRR_Target_Only,0.6656516077749934,100
NN_Target_Only,0.3830042317809607,100
XGBoost_Pool,0.0995789566780736,100
KRR_Pool,0.3164672622996637,100
NN_Pool,0.2066884597522728,100
XGBoost_TLCQM,0.1038854251883368,100
KRR_TLCQM,0.1903627628640485,100
NN_TLCQM,0.1236863624828308,100
XGBoost_Target_Only,0.1014105122872251,200
KRR_Target_Only,0.3304664391470671,200
NN_Target_Only,0.2176483401228371,200
XGBoost_Pool,0.0995586278867967,200
KRR_Pool,0.3868901197450821,200
NN_Pool,0.2094262810594448,200
XGBoost_TLCQM,0.1014854311523365,200
KRR_TLCQM,0.1697755066724031,200
NN_TLCQM,0.1116313294386181,200
XGBoost_Target_Only,0.0981464632848213,300
KRR_Target_Only,0.2953579656363325,300
NN_Target_Only,0.167755692689546,300
XGBoost_Pool,0.0974540284753776,300
KRR_Pool,0.4977417311484388,300
NN_Pool,0.1934024442512103,300
XGBoost_TLCQM,0.1013724472779158,300
KRR_TLCQM,0.1580971688738403,300
NN_TLCQM,0.109535693557591,300
XGBoost_Target_Only,0.0951197845619138,500
KRR_Target_Only,0.242009671461083,500
NN_Target_Only,0.1262631624030391,500
XGBoost_Pool,0.0974897495668075,500
KRR_Pool,0.7031290212308542,500
NN_Pool,0.2039283785850398,500
XGBoost_TLCQM,0.1006365958988188,500
KRR_TLCQM,0.1572771889451731,500
NN_TLCQM,0.1057187131734637,500
TKRR,1.8712353445297711,100
CDAR,6.468585422252914,100
DARC,37.5550565017737,100
VNCD_MDD,0.1578520962084918,100
M3SDA_Reg,0.1182915397426059,100
CMSS_Reg,0.1147454792337528,100
TKRR,1.8561451755295335,200
CDAR,5.154438140362857,200
DARC,24.306461210032367,200
VNCD_MDD,0.1514693107149471,200
M3SDA_Reg,0.1240435966408728,200
CMSS_Reg,0.1092213294064404,200
TKRR,1.8388501871282577,300
CDAR,5.095663354650662,300
DARC,24.42751028416512,300
VNCD_MDD,0.1338082763047915,300
M3SDA_Reg,0.1229954349131731,300
CMSS_Reg,0.107977430403752,300
TKRR,1.8624940754938224,500
CDAR,4.964441779720556,500
DARC,24.309132359638312,500
VNCD_MDD,0.1197203650314157,500
M3SDA_Reg,0.1239944870677772,500
CMSS_Reg,0.1033796733252196,500
XGBoost_Target_Only,0.1142886272147217,100
KRR_Target_Only,1.5376584161110476,100
NN_Target_Only,0.9325213578447908,100
XGBoost_Pool,0.1011154875645302,100
KRR_Pool,0.3191147841152757,100
NN_Pool,0.2084583082539265,100
XGBoost_TLCQM,0.1049389897376388,100
KRR_TLCQM,0.2122939573585746,100
NN_TLCQM,0.1378724757992301,100
XGBoost_Target_Only,0.117290821087788,200
KRR_Target_Only,1.1823639826250911,200
NN_Target_Only,0.3341448364642727,200
XGBoost_Pool,0.0989824073731229,200
KRR_Pool,0.3905413427831454,200
NN_Pool,0.1980074908626507,200
XGBoost_TLCQM,0.1070407087673614,200
KRR_TLCQM,0.2135213922111649,200
NN_TLCQM,0.1234723748129864,200
XGBoost_Target_Only,0.1017113688376317,300
KRR_Target_Only,0.7082907398239456,300
NN_Target_Only,0.2092330592486493,300
XGBoost_Pool,0.1001945956001705,300
KRR_Pool,0.512915279742563,300
NN_Pool,0.1875672152505745,300
XGBoost_TLCQM,0.1012168685810184,300
KRR_TLCQM,0.2151200456494845,300
NN_TLCQM,0.1096451058462745,300
XGBoost_Target_Only,0.0939709416175454,500
KRR_Target_Only,0.3946187827390167,500
NN_Target_Only,0.1641242614564761,500
XGBoost_Pool,0.097990941919206,500
KRR_Pool,0.7117572748697174,500
NN_Pool,0.2450484119315925,500
XGBoost_TLCQM,0.0991640779396383,500
KRR_TLCQM,0.175942824504489,500
NN_TLCQM,0.1048318180320537,500
TKRR,1.9745017594358427,100
CDAR,5.697550429224962,100
DARC,38.42718301219767,100
VNCD_MDD,0.1747562239932876,100
M3SDA_Reg,0.1137205108267154,100
CMSS_Reg,0.120072246122803,100
TKRR,2.065209027270916,200
CDAR,5.276262047320437,200
DARC,39.25712657512624,200
VNCD_MDD,0.1427577820039758,200
M3SDA_Reg,0.115644346127752,200
CMSS_Reg,0.1125288822475824,200
TKRR,1.9872381327822608,300
CDAR,5.364822835857239,300
DARC,39.288826187910296,300
VNCD_MDD,0.1378760213284263,300
M3SDA_Reg,0.1164604218640946,300
CMSS_Reg,0.1114322692585599,300
TKRR,1.7580918302054098,500
CDAR,5.227762041565326,500
DARC,39.39912062653669,500
VNCD_MDD,0.1525117794383687,500
M3SDA_Reg,0.1190671344968125,500
CMSS_Reg,0.1061376952265607,500
XGBoost_Target_Only,0.1142981878478256,100
KRR_Target_Only,1.0136569664913753,100
NN_Target_Only,0.5472731898513441,100
XGBoost_Pool,0.0987940251761356,100
KRR_Pool,0.3182113759506226,100
NN_Pool,0.2142827517543165,100
XGBoost_TLCQM,0.0986053716814523,100
KRR_TLCQM,0.2150263155676643,100
NN_TLCQM,0.1286753118757253,100
XGBoost_Target_Only,0.107502815225201,200
KRR_Target_Only,0.9438703815672462,200
NN_Target_Only,0.4377948511191735,200
XGBoost_Pool,0.0998739141412577,200
KRR_Pool,0.3908512290388635,200
NN_Pool,0.1719539503639227,200
XGBoost_TLCQM,0.0972789222876779,200
KRR_TLCQM,0.1937042812477089,200
NN_TLCQM,0.1127770739460467,200
XGBoost_Target_Only,0.1030008967495307,300
KRR_Target_Only,0.6334504394595976,300
NN_Target_Only,0.3062802531774454,300
XGBoost_Pool,0.099010210381551,300
KRR_Pool,0.5120626789392789,300
NN_Pool,0.1374048678084488,300
XGBoost_TLCQM,0.0972812331479444,300
KRR_TLCQM,0.187677797615123,300
NN_TLCQM,0.1150234118133733,300
XGBoost_Target_Only,0.0980087950894366,500
KRR_Target_Only,0.3625489642684174,500
NN_Target_Only,0.1817845289866729,500
XGBoost_Pool,0.0987666459587349,500
KRR_Pool,0.7138886807122262,500
NN_Pool,0.1239741895642313,500
XGBoost_TLCQM,0.0993437457866264,500
KRR_TLCQM,0.1792390159102002,500
NN_TLCQM,0.1112031994001698,500
TKRR,1.8547773286461464,100
CDAR,6.372755479326645,100
DARC,28.60792961726396,100
VNCD_MDD,0.1633560713233136,100
M3SDA_Reg,0.1133051377640671,100
CMSS_Reg,0.115234844927817,100
TKRR,1.8985306363808776,200
CDAR,6.64068153813355,200
DARC,21.331064943815047,200
VNCD_MDD,0.1681087680243256,200
M3SDA_Reg,0.1118790215376474,200
CMSS_Reg,0.1135223436816789,200
TKRR,1.8821187539706257,300
CDAR,6.656904335111748,300
DARC,22.088245077328263,300
VNCD_MDD,0.1562760387186383,300
M3SDA_Reg,0.114674056703235,300
CMSS_Reg,0.1062836126158401,300
TKRR,1.8019208639333733,500
CDAR,6.4695856392104245,500
DARC,22.51730509637613,500
VNCD_MDD,0.1529373909087341,500
M3SDA_Reg,0.1207210826195026,500
CMSS_Reg,0.1043420432392683,500
XGBoost_Target_Only,0.1070623962096551,100
KRR_Target_Only,0.5035455270316704,100
NN_Target_Only,0.2933021728130448,100
XGBoost_Pool,0.1005820807239921,100
KRR_Pool,0.3176240819931287,100
NN_Pool,0.1959496358242383,100
XGBoost_TLCQM,0.1041794284952902,100
KRR_TLCQM,0.1969381604005582,100
NN_TLCQM,0.1139236659935584,100
XGBoost_Target_Only,0.1059771678672145,200
KRR_Target_Only,0.4457156879916075,200
NN_Target_Only,0.2599418788654632,200
XGBoost_Pool,0.0970057015644149,200
KRR_Pool,0.3890231794532339,200
NN_Pool,0.1543137844730334,200
XGBoost_TLCQM,0.0954257126362939,200
KRR_TLCQM,0.1922209894157394,200
NN_TLCQM,0.1066291726443101,200
XGBoost_Target_Only,0.1021883806135602,300
KRR_Target_Only,0.2852699873238833,300
NN_Target_Only,0.1572492647597785,300
XGBoost_Pool,0.0968279849843237,300
KRR_Pool,0.4995570997759152,300
NN_Pool,0.1822366360815681,300
XGBoost_TLCQM,0.0974145175242288,300
KRR_TLCQM,0.1562957111489871,300
NN_TLCQM,0.1064772002212624,300
XGBoost_Target_Only,0.093148409302671,500
KRR_Target_Only,0.2357522965790141,500
NN_Target_Only,0.1452004065257028,500
XGBoost_Pool,0.0958146901468599,500
KRR_Pool,0.7038812778912357,500
NN_Pool,0.1950221959410024,500
XGBoost_TLCQM,0.1028882071717799,500
KRR_TLCQM,0.1608696571048119,500
NN_TLCQM,0.1119129172498171,500
TKRR,1.798468307244703,100
CDAR,6.145830645266279,100
DARC,29.86848881390732,100
VNCD_MDD,0.1565327910700402,100
M3SDA_Reg,0.1197649176823065,100
CMSS_Reg,0.1179850449339814,100
TKRR,1.7628546497214412,200
CDAR,6.151770236929159,200
DARC,29.889790496334943,200
VNCD_MDD,0.1518210475228408,200
M3SDA_Reg,0.1221094882787229,200
CMSS_Reg,0.1155504042948208,200
TKRR,1.7324584839040236,300
CDAR,6.187430388971496,300
DARC,29.871659445992982,300
VNCD_MDD,0.1494010316721822,300
M3SDA_Reg,0.1208708597110296,300
CMSS_Reg,0.1094764762475336,300
TKRR,1.644083242166958,500
CDAR,6.063156920648352,500
DARC,29.673153500558197,500
VNCD_MDD,0.1501730502661236,500
M3SDA_Reg,0.1167080404233304,500
CMSS_Reg,0.1082105577718622,500
XGBoost_Target_Only,0.1179288378165573,100
KRR_Target_Only,0.6947320266032851,100
NN_Target_Only,0.4656406330856031,100
XGBoost_Pool,0.1003604620387495,100
KRR_Pool,0.3190406986318607,100
NN_Pool,0.210029440066396,100
XGBoost_TLCQM,0.1022117735926115,100
KRR_TLCQM,0.2020659431127814,100
NN_TLCQM,0.119915880036143,100
XGBoost_Target_Only,0.1086820985773578,200
KRR_Target_Only,0.6166447379106296,200
NN_Target_Only,0.4030184475514565,200
XGBoost_Pool,0.0979768387691943,200
KRR_Pool,0.3901374166942574,200
NN_Pool,0.2173226578651208,200
XGBoost_TLCQM,0.1004187929596783,200
KRR_TLCQM,0.1927393225080524,200
NN_TLCQM,0.1177390692199537,200
XGBoost_Target_Only,0.0985798758506432,300
KRR_Target_Only,0.4043537346148423,300
NN_Target_Only,0.1860776596907128,300
XGBoost_Pool,0.097073582002861,300
KRR_Pool,0.4990324925504857,300
NN_Pool,0.2085803184966195,300
XGBoost_TLCQM,0.1039895230467554,300
KRR_TLCQM,0.1990911352784933,300
NN_TLCQM,0.1120686051359536,300
XGBoost_Target_Only,0.0981857520653211,500
KRR_Target_Only,0.3013360112259268,500
NN_Target_Only,0.1558054561767237,500
XGBoost_Pool,0.0954794271127022,500
KRR_Pool,0.6951936714602484,500
NN_Pool,0.1984230396549264,500
XGBoost_TLCQM,0.1029912734228225,500
KRR_TLCQM,0.1734695528774102,500
NN_TLCQM,0.1088296186483319,500
TKRR,1.941692596623106,100
CDAR,6.251695140798399,100
DARC,22.662806079839783,100
VNCD_MDD,0.1526913740764264,100
M3SDA_Reg,0.1150477033896544,100
CMSS_Reg,0.1092098642160216,100
TKRR,1.905272712102892,200
CDAR,6.15577633645832,200
DARC,24.784928017873654,200
VNCD_MDD,0.1486580973771618,200
M3SDA_Reg,0.1184418641273907,200
CMSS_Reg,0.1097961224662299,200
TKRR,1.9172043606682077,300
CDAR,6.058331970329701,300
DARC,25.04391146452996,300
VNCD_MDD,0.1319098527776454,300
M3SDA_Reg,0.1179821308824639,300
CMSS_Reg,0.1074251989078983,300
TKRR,1.9336908090698173,500
CDAR,6.082663634702647,500
DARC,24.45673788326032,500
VNCD_MDD,0.1340832296624413,500
M3SDA_Reg,0.118190202341031,500
CMSS_Reg,0.0977358207458311,500
XGBoost_Target_Only,0.1086362443388991,100
KRR_Target_Only,0.762658587213885,100
NN_Target_Only,0.4231209722395551,100
XGBoost_Pool,0.102319034201007,100
KRR_Pool,0.3176372961990253,100
NN_Pool,0.1867294670245566,100
XGBoost_TLCQM,0.1033864092373452,100
KRR_TLCQM,0.1918817592861096,100
NN_TLCQM,0.1167992142420745,100
XGBoost_Target_Only,0.1061716659520167,200
KRR_Target_Only,0.4416690131496187,200
NN_Target_Only,0.2614174038053602,200
XGBoost_Pool,0.1002844415930395,200
KRR_Pool,0.3888153748053942,200
NN_Pool,0.1705258503620347,200
XGBoost_TLCQM,0.1022975858388709,200
KRR_TLCQM,0.175422052234684,200
NN_TLCQM,0.1141844860148927,200
XGBoost_Target_Only,0.0984432821096315,300
KRR_Target_Only,0.4224307704037484,300
NN_Target_Only,0.1992681141818789,300
XGBoost_Pool,0.0993512546432792,300
KRR_Pool,0.5074981605919087,300
NN_Pool,0.200483527533587,300
XGBoost_TLCQM,0.1047647086302011,300
KRR_TLCQM,0.1931593546201416,300
NN_TLCQM,0.1194189566566765,300
XGBoost_Target_Only,0.0972174460576239,500
KRR_Target_Only,0.3295389257728592,500
NN_Target_Only,0.148594536642378,500
XGBoost_Pool,0.0961322338162434,500
KRR_Pool,0.7181825161248286,500
NN_Pool,0.220688389670604,500
XGBoost_TLCQM,0.1050937336275028,500
KRR_TLCQM,0.1922627734585162,500
NN_TLCQM,0.106341851210887,500
TKRR,2.127007808327184,100
CDAR,5.723901463863138,100
DARC,35.18408811577469,100
VNCD_MDD,0.1773789709954371,100
M3SDA_Reg,0.1193897914034211,100
CMSS_Reg,0.1117108021742003,100
TKRR,1.877904238915113,200
CDAR,5.659651728190256,200
DARC,34.72588215615461,200
VNCD_MDD,0.1274840647877219,200
M3SDA_Reg,0.1208130697174215,200
CMSS_Reg,0.1134498084998254,200
TKRR,1.831415506937431,300
CDAR,5.634630327323801,300
DARC,34.453070397938184,300
VNCD_MDD,0.121966419283668,300
M3SDA_Reg,0.1193006993282483,300
CMSS_Reg,0.1057418803979788,300
TKRR,1.801923210447525,500
CDAR,5.656796109704881,500
DARC,35.0076130967401,500
VNCD_MDD,0.1250815984232136,500
M3SDA_Reg,0.1124706566767997,500
CMSS_Reg,0.1019140122776053,500
XGBoost_Target_Only,0.1294888475282937,100
KRR_Target_Only,0.6790783653384861,100
NN_Target_Only,0.3818595025678674,100
XGBoost_Pool,0.1045492138112335,100
KRR_Pool,0.3192548441483518,100
NN_Pool,0.1841550057807892,100
XGBoost_TLCQM,0.1047522968397713,100
KRR_TLCQM,0.1857810814457968,100
NN_TLCQM,0.1182190980706104,100
XGBoost_Target_Only,0.1089124908869534,200
KRR_Target_Only,0.6052432617638905,200
NN_Target_Only,0.289477040536266,200
XGBoost_Pool,0.1005095007688483,200
KRR_Pool,0.3924257322391284,200
NN_Pool,0.1927858012448284,200
XGBoost_TLCQM,0.1020652597746967,200
KRR_TLCQM,0.197229004422189,200
NN_TLCQM,0.1156429337972987,200
XGBoost_Target_Only,0.1091027149593479,300
KRR_Target_Only,0.5733833787451342,300
NN_Target_Only,0.2475209930638603,300
XGBoost_Pool,0.0983087722780557,300
KRR_Pool,0.5166873559213752,300
NN_Pool,0.1835429809923819,300
XGBoost_TLCQM,0.0991147924111558,300
KRR_TLCQM,0.1950717431745946,300
NN_TLCQM,0.1096084407162679,300
XGBoost_Target_Only,0.0962623765537796,500
KRR_Target_Only,0.4576378977178649,500
NN_Target_Only,0.1886060177983696,500
XGBoost_Pool,0.0957177237980734,500
KRR_Pool,0.7246905223152446,500
NN_Pool,0.1571618848469054,500
XGBoost_TLCQM,0.0969378742325379,500
KRR_TLCQM,0.1921523044487454,500
NN_TLCQM,0.1049426377312327,500
TKRR,1.8120958708223784,100
CDAR,6.199169695415006,100
DARC,13.914428131548227,100
VNCD_MDD,0.1805053327814726,100
M3SDA_Reg,0.127802358768207,100
CMSS_Reg,0.11363206839055,100
TKRR,1.8452769426374156,200
CDAR,6.261521055655115,200
DARC,30.290914754015077,200
VNCD_MDD,0.1894824617730801,200
M3SDA_Reg,0.126584251280655,200
CMSS_Reg,0.1123444724750852,200
TKRR,1.7464114176614838,300
CDAR,6.337707178343949,300
DARC,31.52839325761807,300
VNCD_MDD,0.1588098301365458,300
M3SDA_Reg,0.124249894314606,300
CMSS_Reg,0.1100067425458416,300
TKRR,1.9087154609538288,500
CDAR,6.458164631387503,500
DARC,32.11701026333228,500
VNCD_MDD,0.1595801024794125,500
M3SDA_Reg,0.1168264636388126,500
CMSS_Reg,0.1026701490706973,500
XGBoost_Target_Only,0.1227941366060086,100
KRR_Target_Only,0.7041298630042141,100
NN_Target_Only,0.4358450318995704,100
XGBoost_Pool,0.1014932833542605,100
KRR_Pool,0.3191741737098325,100
NN_Pool,0.1705447387468259,100
XGBoost_TLCQM,0.0985195193802425,100
KRR_TLCQM,0.2126796947651623,100
NN_TLCQM,0.1193340041023359,100
XGBoost_Target_Only,0.1047781758251243,200
KRR_Target_Only,0.5762654161190899,200
NN_Target_Only,0.2561407599791327,200
XGBoost_Pool,0.0983028070641567,200
KRR_Pool,0.3914376400336258,200
NN_Pool,0.1864782161518892,200
XGBoost_TLCQM,0.0953143435956915,200
KRR_TLCQM,0.209002974110935,200
NN_TLCQM,0.1063888103479579,200
XGBoost_Target_Only,0.0939662703118061,300
KRR_Target_Only,0.4298150907840688,300
NN_Target_Only,0.179241537848741,300
XGBoost_Pool,0.0981837553601824,300
KRR_Pool,0.5118432827495835,300
NN_Pool,0.1686888012756687,300
XGBoost_TLCQM,0.1027532614167759,300
KRR_TLCQM,0.1946088339983793,300
NN_TLCQM,0.1096880382171272,300
XGBoost_Target_Only,0.0920994541731752,500
KRR_Target_Only,0.4027050388317424,500
NN_Target_Only,0.1720500598624452,500
XGBoost_Pool,0.0939479633586865,500
KRR_Pool,0.7135810403241882,500
NN_Pool,0.1741381511636997,500
XGBoost_TLCQM,0.0950011947381608,500
KRR_TLCQM,0.178122878688681,500
NN_TLCQM,0.1033921900929145,500
TKRR,1.895254340875811,100
CDAR,5.043416855363742,100
DARC,28.67372325661996,100
VNCD_MDD,0.1798164408035177,100
M3SDA_Reg,0.1158512508094461,100
CMSS_Reg,0.1148406758394174,100
TKRR,1.8942174210909808,200
CDAR,4.886564374063281,200
DARC,29.12423440906744,200
VNCD_MDD,0.1493024792280282,200
M3SDA_Reg,0.1145845725096001,200
CMSS_Reg,0.1120264259773912,200
TKRR,1.839863890396753,300
CDAR,4.831330891445632,300
DARC,29.542538600667317,300
VNCD_MDD,0.1460464871826748,300
M3SDA_Reg,0.1130854800322841,300
CMSS_Reg,0.1111206869824761,300
TKRR,1.8263361611928512,500
CDAR,4.936583485650932,500
DARC,30.653167340038976,500
VNCD_MDD,0.1262587870012938,500
M3SDA_Reg,0.1154398309167988,500
CMSS_Reg,0.1023581124371213,500
XGBoost_Target_Only,0.1103786099731396,100
KRR_Target_Only,0.618800617349063,100
NN_Target_Only,0.4759356954473358,100
XGBoost_Pool,0.0993241068985188,100
KRR_Pool,0.3177368445222672,100
NN_Pool,0.1980269249061663,100
XGBoost_TLCQM,0.1010727704995532,100
KRR_TLCQM,0.2052055541409227,100
NN_TLCQM,0.122695721729968,100
XGBoost_Target_Only,0.1059097051396687,200
KRR_Target_Only,0.4508703544254701,200
NN_Target_Only,0.3087303107201918,200
XGBoost_Pool,0.0990504380833431,200
KRR_Pool,0.3904071942362473,200
NN_Pool,0.1912598366130039,200
XGBoost_TLCQM,0.0992744399548271,200
KRR_TLCQM,0.1907127643470381,200
NN_TLCQM,0.1130018325349761,200
XGBoost_Target_Only,0.1063431127842436,300
KRR_Target_Only,0.3595487997785717,300
NN_Target_Only,0.1982745644762236,300
XGBoost_Pool,0.097179069453425,300
KRR_Pool,0.5107146348463433,300
NN_Pool,0.1774616604712193,300
XGBoost_TLCQM,0.0971686229239302,300
KRR_TLCQM,0.199765730623267,300
NN_TLCQM,0.1108962620074311,300
XGBoost_Target_Only,0.0988863053059973,500
KRR_Target_Only,0.347680949316616,500
NN_Target_Only,0.1786731904441808,500
XGBoost_Pool,0.0961602755525393,500
KRR_Pool,0.7195278217771494,500
NN_Pool,0.1448942769573468,500
XGBoost_TLCQM,0.0969264999317074,500
KRR_TLCQM,0.1834148819490601,500
NN_TLCQM,0.1085275560919964,500
TKRR,1.8669448182382709,100
CDAR,6.006004423155154,100
DARC,34.87253321538553,100
VNCD_MDD,0.1898772258006237,100
M3SDA_Reg,0.1044579000031183,100
CMSS_Reg,0.1134854362362767,100
TKRR,1.8318380986304337,200
CDAR,5.37961307836679,200
DARC,27.66267638558877,200
VNCD_MDD,0.1459670072083821,200
M3SDA_Reg,0.1060623619751959,200
CMSS_Reg,0.1046238105078055,200
TKRR,1.8555748764076976,300
CDAR,5.377591131886775,300
DARC,27.635785867057265,300
VNCD_MDD,0.1336134391332938,300
M3SDA_Reg,0.1091455811782998,300
CMSS_Reg,0.1114590698363652,300
TKRR,1.9287066181833408,500
CDAR,5.469818652285319,500
DARC,27.679659809410637,500
VNCD_MDD,0.1305339465399781,500
M3SDA_Reg,0.1095053082220678,500
CMSS_Reg,0.1065746482384635,500
XGBoost_Target_Only,0.1328720234348697,100
KRR_Target_Only,0.9272089439052168,100
NN_Target_Only,0.6007870996779684,100
XGBoost_Pool,0.1021601492088139,100
KRR_Pool,0.3185695775803679,100
NN_Pool,0.1910558293122735,100
XGBoost_TLCQM,0.1001978855220151,100
KRR_TLCQM,0.2142380345997715,100
NN_TLCQM,0.136066371620288,100
XGBoost_Target_Only,0.1064933947331231,200
KRR_Target_Only,0.4700332470706151,200
NN_Target_Only,0.1963878880809516,200
XGBoost_Pool,0.0988083559002123,200
KRR_Pool,0.3883753732070069,200
NN_Pool,0.1913848211950483,200
XGBoost_TLCQM,0.1014062272163566,200
KRR_TLCQM,0.1810907351197527,200
NN_TLCQM,0.1066758788476836,200
XGBoost_Target_Only,0.099296882557741,300
KRR_Target_Only,0.4129583674036662,300
NN_Target_Only,0.1553383547182402,300
XGBoost_Pool,0.0979272057036534,300
KRR_Pool,0.5080041157852491,300
NN_Pool,0.1622464730871874,300
XGBoost_TLCQM,0.0967863529827289,300
KRR_TLCQM,0.1774428823092905,300
NN_TLCQM,0.1036185838555541,300
XGBoost_Target_Only,0.0927023005144119,500
KRR_Target_Only,0.2773849655591842,500
NN_Target_Only,0.1294409566799963,500
XGBoost_Pool,0.094706048744249,500
KRR_Pool,0.7107996679155646,500
NN_Pool,0.1678673169672533,500
XGBoost_TLCQM,0.0942327289251659,500
KRR_TLCQM,0.1666194803502272,500
NN_TLCQM,0.1004767157539097,500
TKRR,2.2109961226643704,100
CDAR,5.512709574064982,100
DARC,30.191646275164462,100
VNCD_MDD,0.1784068309340277,100
M3SDA_Reg,0.1224023038704279,100
CMSS_Reg,0.1247878747498607,100
TKRR,1.8700678734055411,200
CDAR,5.671138041880572,200
DARC,39.27409667166524,200
VNCD_MDD,0.1430725933582707,200
M3SDA_Reg,0.1253218935952569,200
CMSS_Reg,0.1146812554489993,200
TKRR,1.8886257951527976,300
CDAR,5.613143855332876,300
DARC,39.11831300709807,300
VNCD_MDD,0.1383015816657835,300
M3SDA_Reg,0.1163184679430205,300
CMSS_Reg,0.1107124480779209,300
TKRR,1.6751982487411028,500
CDAR,5.546164450509382,500
DARC,38.79838515643569,500
VNCD_MDD,0.1327106455906573,500
M3SDA_Reg,0.1246519364418325,500
CMSS_Reg,0.0993989189194602,500
XGBoost_Target_Only,0.1127172978134331,100
KRR_Target_Only,0.7452187126290658,100
NN_Target_Only,0.5564287491960852,100
XGBoost_Pool,0.0991439611951712,100
KRR_Pool,0.3182195371087939,100
NN_Pool,0.2100640115244404,100
XGBoost_TLCQM,0.1016883057953931,100
KRR_TLCQM,0.2198652874042879,100
NN_TLCQM,0.1082922225953802,100
XGBoost_Target_Only,0.1091705719600612,200
KRR_Target_Only,0.596199235414923,200
NN_Target_Only,0.3771634462983652,200
XGBoost_Pool,0.0968751621699569,200
KRR_Pool,0.3894644470853232,200
NN_Pool,0.1848662549441789,200
XGBoost_TLCQM,0.1043641206862009,200
KRR_TLCQM,0.2290813519406895,200
NN_TLCQM,0.1092971470299126,200
XGBoost_Target_Only,0.0976776734691949,300
KRR_Target_Only,0.4294039872135035,300
NN_Target_Only,0.2402096126305893,300
XGBoost_Pool,0.0964424849230894,300
KRR_Pool,0.5051357616479718,300
NN_Pool,0.1900857056584304,300
XGBoost_TLCQM,0.1022291988404565,300
KRR_TLCQM,0.2004444477160594,300
NN_TLCQM,0.1105830241473305,300
XGBoost_Target_Only,0.0934891089639027,500
KRR_Target_Only,0.3390566676925655,500
NN_Target_Only,0.1565515457842043,500
XGBoost_Pool,0.0943809345189457,500
KRR_Pool,0.7052944137857134,500
NN_Pool,0.1302553136589484,500
XGBoost_TLCQM,0.0964142791992124,500
KRR_TLCQM,0.1909901532290861,500
NN_TLCQM,0.1020920907205631,500
TKRR,1.8940469272532692,100
CDAR,5.407697053219023,100
DARC,31.500092341914648,100
VNCD_MDD,0.1603142447941165,100
M3SDA_Reg,0.1111659758508503,100
CMSS_Reg,0.1180969605839937,100
TKRR,1.8940385593172289,200
CDAR,5.964826207623025,200
DARC,37.54485650061578,200
VNCD_MDD,0.1454773576564241,200
M3SDA_Reg,0.1121352883331987,200
CMSS_Reg,0.1214033039469605,200
TKRR,1.8727027147526365,300
CDAR,5.897633577708734,300
DARC,38.05950187761858,300
VNCD_MDD,0.1421979127157538,300
M3SDA_Reg,0.1148529107809775,300
CMSS_Reg,0.1153963736013336,300
TKRR,1.8410533359806396,500
CDAR,5.841565453266568,500
DARC,37.96818961285471,500
VNCD_MDD,0.1378256607500725,500
M3SDA_Reg,0.115427552953448,500
CMSS_Reg,0.1102024640872561,500
XGBoost_Target_Only,0.119654377961593,100
KRR_Target_Only,1.288561723454245,100
NN_Target_Only,0.5214731684079581,100
XGBoost_Pool,0.1025463850163594,100
KRR_Pool,0.310912462429819,100
NN_Pool,0.1970659747115997,100
XGBoost_TLCQM,0.1000166557415762,100
KRR_TLCQM,0.195942181308269,100
NN_TLCQM,0.1094940678551062,100
XGBoost_Target_Only,0.1042157201719128,200
KRR_Target_Only,0.7298451954063968,200
NN_Target_Only,0.3265622425721855,200
XGBoost_Pool,0.09984682170167,200
KRR_Pool,0.3821628522292111,200
NN_Pool,0.1852597452319184,200
XGBoost_TLCQM,0.1018864131488866,200
KRR_TLCQM,0.1947224312329176,200
NN_TLCQM,0.1114738042874576,200
XGBoost_Target_Only,0.0975870431161152,300
KRR_Target_Only,0.4493385974405593,300
NN_Target_Only,0.1736269543800591,300
XGBoost_Pool,0.0982023831506545,300
KRR_Pool,0.5019914838209488,300
NN_Pool,0.1641179323264567,300
XGBoost_TLCQM,0.0977183930478841,300
KRR_TLCQM,0.1982208214530205,300
NN_TLCQM,0.1048002011879825,300
XGBoost_Target_Only,0.0930590975135111,500
KRR_Target_Only,0.3480120873473667,500
NN_Target_Only,0.1355923578256661,500
XGBoost_Pool,0.0965713879582788,500
KRR_Pool,0.7098755336813439,500
NN_Pool,0.1972466248749353,500
XGBoost_TLCQM,0.0978374600661976,500
KRR_TLCQM,0.1720278483786954,500
NN_TLCQM,0.1086268389745852,500
TKRR,1.930707796548192,100
CDAR,5.85759623143807,100
DARC,43.40086377326048,100
VNCD_MDD,0.2065035798106559,100
M3SDA_Reg,0.1220214366597491,100
CMSS_Reg,0.1320898759197234,100
TKRR,1.8638342348875152,200
CDAR,6.216322197731526,200
DARC,26.05072331194832,200
VNCD_MDD,0.154624029412044,200
M3SDA_Reg,0.1146154386095211,200
CMSS_Reg,0.1173991985451619,200
TKRR,1.836586354891348,300
CDAR,6.21128819484457,300
DARC,25.8016728300521,300
VNCD_MDD,0.1458603329996258,300
M3SDA_Reg,0.1110721884344005,300
CMSS_Reg,0.1056493911073375,300
TKRR,1.7214129517524652,500
CDAR,6.177245643389192,500
DARC,26.134974344898477,500
VNCD_MDD,0.1346657691947162,500
M3SDA_Reg,0.1152118322786327,500
CMSS_Reg,0.1066665050580634,500
XGBoost_Target_Only,0.1076030538305015,100
KRR_Target_Only,0.6700596967755286,100
NN_Target_Only,0.6531921445900317,100
XGBoost_Pool,0.1012405674172699,100
KRR_Pool,0.3193449252731965,100
NN_Pool,0.2018260694594286,100
XGBoost_TLCQM,0.1006993174312753,100
KRR_TLCQM,0.21296778388555,100
NN_TLCQM,0.1173706872946126,100
XGBoost_Target_Only,0.1084872427858213,200
KRR_Target_Only,0.4868793366874475,200
NN_Target_Only,0.2848281449084223,200
XGBoost_Pool,0.0993540415852619,200
KRR_Pool,0.3820236569016063,200
NN_Pool,0.2136833325799216,200
XGBoost_TLCQM,0.1013780579148938,200
KRR_TLCQM,0.183437702210792,200
NN_TLCQM,0.1032458401112224,200
XGBoost_Target_Only,0.0979307476606851,300
KRR_Target_Only,0.2621339370984765,300
NN_Target_Only,0.2099490637720354,300
XGBoost_Pool,0.0998369789073611,300
KRR_Pool,0.4987277688746843,300
NN_Pool,0.2191271962330604,300
XGBoost_TLCQM,0.0987993594146927,300
KRR_TLCQM,0.1829934889373733,300
NN_TLCQM,0.1056704480269079,300
XGBoost_Target_Only,0.0991299460305151,500
KRR_Target_Only,0.2489468302964582,500
NN_Target_Only,0.1509959993265669,500
XGBoost_Pool,0.0961219766607521,500
KRR_Pool,0.7062751741399191,500
NN_Pool,0.1947487957614705,500
XGBoost_TLCQM,0.0959419888662016,500
KRR_TLCQM,0.1919303535962561,500
NN_TLCQM,0.1039887756345484,500
TKRR,1.9363317320909028,100
CDAR,6.168146679219765,100
DARC,43.386992001425575,100
VNCD_MDD,0.1777659060908659,100
M3SDA_Reg,0.1134760795622035,100
CMSS_Reg,0.1081053971222001,100
TKRR,1.8087670881818565,200
CDAR,5.532233138066873,200
DARC,24.25989974741262,200
VNCD_MDD,0.1586389016678342,200
M3SDA_Reg,0.11186442537053,200
CMSS_Reg,0.1076251533105692,200
TKRR,1.747319959785698,300
CDAR,5.572546868274461,300
DARC,24.6272601204412,300
VNCD_MDD,0.1384915800810628,300
M3SDA_Reg,0.1123968739980398,300
CMSS_Reg,0.1039996747990117,300
TKRR,1.7329022706130992,500
CDAR,5.357182951594065,500
DARC,24.575962287962355,500
VNCD_MDD,0.1412872130279282,500
M3SDA_Reg,0.1168367648628346,500
CMSS_Reg,0.1024403625957918,500
XGBoost_Target_Only,0.10955858479062,100
KRR_Target_Only,0.856280089864555,100
NN_Target_Only,0.4896738299548707,100
XGBoost_Pool,0.1008047745759092,100
KRR_Pool,0.3183405407109104,100
NN_Pool,0.2024403980077179,100
XGBoost_TLCQM,0.0992125213240333,100
KRR_TLCQM,0.1889013284656502,100
NN_TLCQM,0.1165106606182447,100
XGBoost_Target_Only,0.1058394902395281,200
KRR_Target_Only,0.884060168682103,200
NN_Target_Only,0.4418228642122185,200
XGBoost_Pool,0.0993205111373742,200
KRR_Pool,0.3834071402724505,200
NN_Pool,0.2194573188518734,200
XGBoost_TLCQM,0.0995679632353279,200
KRR_TLCQM,0.1880355262403496,200
NN_TLCQM,0.1269016406369385,200
XGBoost_Target_Only,0.1048479977107408,300
KRR_Target_Only,0.6625780102496382,300
NN_Target_Only,0.3102762562456424,300
XGBoost_Pool,0.0999609849419948,300
KRR_Pool,0.5041672490535618,300
NN_Pool,0.18238985856369,300
XGBoost_TLCQM,0.0995109288209022,300
KRR_TLCQM,0.1887953888217221,300
NN_TLCQM,0.1305641217225913,300
XGBoost_Target_Only,0.0908549343956912,500
KRR_Target_Only,0.3713093757074278,500
NN_Target_Only,0.1842878366508493,500
XGBoost_Pool,0.0964703462779437,500
KRR_Pool,0.7003446732351524,500
NN_Pool,0.2258847701995971,500
XGBoost_TLCQM,0.0967097877380955,500
KRR_TLCQM,0.1524201245188112,500
NN_TLCQM,0.1078712183017119,500
TKRR,1.8980274203542915,100
CDAR,5.671495674042545,100
DARC,38.91525561168242,100
VNCD_MDD,0.1570801607703805,100
M3SDA_Reg,0.1235106617590895,100
CMSS_Reg,0.1167873518824339,100
TKRR,1.8843100291670605,200
CDAR,6.076646917150591,200
DARC,42.22987203093575,200
VNCD_MDD,0.1484895899942172,200
M3SDA_Reg,0.1254401960556425,200
CMSS_Reg,0.114404411281929,200
TKRR,1.9037270208907755,300
CDAR,5.978634363248764,300
DARC,41.33394236478912,300
VNCD_MDD,0.1428910507234329,300
M3SDA_Reg,0.1255899797893428,300
CMSS_Reg,0.1130468123132114,300
TKRR,1.7250465076245824,500
CDAR,6.086157114700343,500
DARC,42.05097140412168,500
VNCD_MDD,0.1271194786039016,500
M3SDA_Reg,0.1245185614814763,500
CMSS_Reg,0.1034703127851683,500
XGBoost_Target_Only,0.1096324000211745,100
KRR_Target_Only,0.8887905399783684,100
NN_Target_Only,0.655133615920725,100
XGBoost_Pool,0.101121661078505,100
KRR_Pool,0.3178667900537437,100
NN_Pool,0.1940225750749175,100
XGBoost_TLCQM,0.1058338497459492,100
KRR_TLCQM,0.3328332161888566,100
NN_TLCQM,0.1257420654389125,100
XGBoost_Target_Only,0.1002438965994191,200
KRR_Target_Only,0.5019167922204643,200
NN_Target_Only,0.3324727930146926,200
XGBoost_Pool,0.099540667687893,200
KRR_Pool,0.38540408282275,200
NN_Pool,0.179291298167683,200
XGBoost_TLCQM,0.1020333048822122,200
KRR_TLCQM,0.1974937289337713,200
NN_TLCQM,0.1178962498024857,200
XGBoost_Target_Only,0.1017504293932806,300
KRR_Target_Only,0.3455962785147935,300
NN_Target_Only,0.2217781539478493,300
XGBoost_Pool,0.0995490500489927,300
KRR_Pool,0.5020235671135649,300
NN_Pool,0.2192200786365776,300
XGBoost_TLCQM,0.0999058335161918,300
KRR_TLCQM,0.1830314222224568,300
NN_TLCQM,0.1121779185512346,300
XGBoost_Target_Only,0.0996247097161474,500
KRR_Target_Only,0.3167918144000375,500
NN_Target_Only,0.194297647626145,500
XGBoost_Pool,0.0956821756371699,500
KRR_Pool,0.7078125764393852,500
NN_Pool,0.1599581513921774,500
XGBoost_TLCQM,0.099230480877087,500
KRR_TLCQM,0.1744445406902944,500
NN_TLCQM,0.1096112711432387,500
TKRR,1.8682133939917345,100
CDAR,5.32950479090209,100
DARC,27.15728068853839,100
VNCD_MDD,0.1697285188220973,100
M3SDA_Reg,0.1136965968600746,100
CMSS_Reg,0.1187390219508437,100
TKRR,1.8687471483450573,200
CDAR,6.029758339141558,200
DARC,28.56783507496978,200
VNCD_MDD,0.1516852466742215,200
M3SDA_Reg,0.1196511764230207,200
CMSS_Reg,0.1180092326913082,200
TKRR,1.8109100605835204,300
CDAR,6.025671570534125,300
DARC,28.90900563233067,300
VNCD_MDD,0.127697828188142,300
M3SDA_Reg,0.1163551675852848,300
CMSS_Reg,0.1120359612385873,300
TKRR,1.8463107863080843,500
CDAR,6.034544653970693,500
DARC,28.52652906603021,500
VNCD_MDD,0.1244650261637749,500
M3SDA_Reg,0.1125501779900153,500
CMSS_Reg,0.1055210064513015,500
XGBoost_Target_Only,0.1142611974556226,100
KRR_Target_Only,0.6558874398307434,100
NN_Target_Only,0.3233169872013895,100
XGBoost_Pool,0.0992998521523453,100
KRR_Pool,0.3182825632740048,100
NN_Pool,0.1849253573991334,100
XGBoost_TLCQM,0.1033117691418765,100
KRR_TLCQM,0.2006832220552298,100
NN_TLCQM,0.1281252155240315,100
XGBoost_Target_Only,0.1149986047257354,200
KRR_Target_Only,0.5750773217149784,200
NN_Target_Only,0.3259013191230266,200
XGBoost_Pool,0.1002121022342573,200
KRR_Pool,0.390529600365633,200
NN_Pool,0.1989821576557724,200
XGBoost_TLCQM,0.1002574646516868,200
KRR_TLCQM,0.2017503923775335,200
NN_TLCQM,0.1159278309051895,200
XGBoost_Target_Only,0.1058856932367945,300
KRR_Target_Only,0.4079812284006929,300
NN_Target_Only,0.1839118975828898,300
XGBoost_Pool,0.0995681138207861,300
KRR_Pool,0.500121688932224,300
NN_Pool,0.1688399517402662,300
XGBoost_TLCQM,0.0984502621312298,300
KRR_TLCQM,0.1792103229918653,300
NN_TLCQM,0.1143570478077437,300
XGBoost_Target_Only,0.1025490420411571,500
KRR_Target_Only,0.2420726287157476,500
NN_Target_Only,0.1529405309387189,500
XGBoost_Pool,0.0977553922698351,500
KRR_Pool,0.6966976569234568,500
NN_Pool,0.1428998516755978,500
XGBoost_TLCQM,0.097052937568065,500
KRR_TLCQM,0.163133333517852,500
NN_TLCQM,0.0992830339633796,500
TKRR,1.9123430938067023,100
CDAR,5.552193304850212,100
DARC,34.23731591718811,100
VNCD_MDD,0.148513457538954,100
M3SDA_Reg,0.1182394065157453,100
CMSS_Reg,0.1123331385050853,100
TKRR,1.986021724574114,200
CDAR,5.070440299958842,200
DARC,26.73419426785188,200
VNCD_MDD,0.1428182239546092,200
M3SDA_Reg,0.1182065402062404,200
CMSS_Reg,0.1133810087284386,200
TKRR,1.7593881707177192,300
CDAR,4.957513645176913,300
DARC,26.56809185137798,300
VNCD_MDD,0.1316807622126475,300
M3SDA_Reg,0.1240490531171312,300
CMSS_Reg,0.1068550251019167,300
TKRR,1.7441601748021145,500
CDAR,4.895424325929561,500
DARC,26.561132348555123,500
VNCD_MDD,0.1237069129854837,500
M3SDA_Reg,0.1182382356196092,500
CMSS_Reg,0.106728125643643,500
XGBoost_Target_Only,0.1187162720217824,100
KRR_Target_Only,1.6112504650620494,100
NN_Target_Only,0.8103116100857499,100
XGBoost_Pool,0.102747051587846,100
KRR_Pool,0.3192152652847907,100
NN_Pool,0.2098422038549795,100
XGBoost_TLCQM,0.1032024712588972,100
KRR_TLCQM,0.2040627949029756,100
NN_TLCQM,0.1656537108956761,100
XGBoost_Target_Only,0.102366634692492,200
KRR_Target_Only,0.6736386649004542,200
NN_Target_Only,0.294733847573521,200
XGBoost_Pool,0.0991002621513771,200
KRR_Pool,0.3912285078036618,200
NN_Pool,0.1692738178046827,200
XGBoost_TLCQM,0.0995999430361823,200
KRR_TLCQM,0.2055987170696827,200
NN_TLCQM,0.120660774558196,200
XGBoost_Target_Only,0.0989509751670205,300
KRR_Target_Only,0.4974556789794951,300
NN_Target_Only,0.2064536136691677,300
XGBoost_Pool,0.0985100728786555,300
KRR_Pool,0.5135726341013698,300
NN_Pool,0.1794829204857785,300
XGBoost_TLCQM,0.0986080488653429,300
KRR_TLCQM,0.1904290649388685,300
NN_TLCQM,0.1098917734606422,300
XGBoost_Target_Only,0.0992072472610646,500
KRR_Target_Only,0.4144512678968136,500
NN_Target_Only,0.1719437896263065,500
XGBoost_Pool,0.0974021590360317,500
KRR_Pool,0.719970801364847,500
NN_Pool,0.1841747418329551,500
XGBoost_TLCQM,0.0987947325081101,500
KRR_TLCQM,0.2187392628497605,500
NN_TLCQM,0.1031641223119262,500
TKRR,2.0285462773347223,100
CDAR,6.02560082758519,100
DARC,27.75712569706693,100
VNCD_MDD,0.1510668735784615,100
M3SDA_Reg,0.1191741012183586,100
CMSS_Reg,0.1179161957390108,100
TKRR,1.8675148310481984,200
CDAR,6.48601720452256,200
DARC,28.9989052920435,200
VNCD_MDD,0.161405524528178,200
M3SDA_Reg,0.1210988246496104,200
CMSS_Reg,0.1144552232030316,200
TKRR,1.8823019262579148,300
CDAR,6.5032747620313,300
DARC,29.502152832030276,300
VNCD_MDD,0.1482709707090622,300
M3SDA_Reg,0.121513823533706,300
CMSS_Reg,0.1098074435578959,300
TKRR,1.8281487442463047,500
CDAR,6.477415157091662,500
DARC,29.82611855134574,500
VNCD_MDD,0.1239381962927445,500
M3SDA_Reg,0.1235161158428383,500
CMSS_Reg,0.1119857278254483,500
XGBoost_Target_Only,0.1215856895788592,100
KRR_Target_Only,1.158622661212605,100
NN_Target_Only,0.9268317834150346,100
XGBoost_Pool,0.1038266178629134,100
KRR_Pool,0.3194197276871025,100
NN_Pool,0.1782179793995471,100
XGBoost_TLCQM,0.1029055365765749,100
KRR_TLCQM,0.1914070036886057,100
NN_TLCQM,0.1163560919649116,100
XGBoost_Target_Only,0.1038315474456301,200
KRR_Target_Only,0.5675106555264864,200
NN_Target_Only,0.2492157597274849,200
XGBoost_Pool,0.1026886890446217,200
KRR_Pool,0.3915672636858128,200
NN_Pool,0.163865098511666,200
XGBoost_TLCQM,0.1010631101627787,200
KRR_TLCQM,0.1939363273940199,200
NN_TLCQM,0.1127471152828568,200
XGBoost_Target_Only,0.102955602953475,300
KRR_Target_Only,0.4898942718054977,300
NN_Target_Only,0.2018875730254676,300
XGBoost_Pool,0.1017465517114473,300
KRR_Pool,0.513886641864599,300
NN_Pool,0.1938102803553973,300
XGBoost_TLCQM,0.101390817819756,300
KRR_TLCQM,0.1883918383612936,300
NN_TLCQM,0.1099976141322082,300
XGBoost_Target_Only,0.0998608925542778,500
KRR_Target_Only,0.3690701852103196,500
NN_Target_Only,0.1856726875741448,500
XGBoost_Pool,0.0989282300598516,500
KRR_Pool,0.7240732437278651,500
NN_Pool,0.1825341022427091,500
XGBoost_TLCQM,0.1002789785788449,500
KRR_TLCQM,0.1849538048078831,500
NN_TLCQM,0.1101515180909789,500
TKRR,1.8885670140863415,100
CDAR,5.192864533298418,100
DARC,22.40359252561832,100
VNCD_MDD,0.1810775329115045,100
M3SDA_Reg,0.1196691522077353,100
CMSS_Reg,0.1180223565985809,100
TKRR,1.9192120639543744,200
CDAR,6.182643636163582,200
DARC,22.900441551280565,200
VNCD_MDD,0.1430428613112835,200
M3SDA_Reg,0.1210796505728749,200
CMSS_Reg,0.114828674587538,200
TKRR,1.9905082447081817,300
CDAR,6.3170409414578925,300
DARC,23.331528459017505,300
VNCD_MDD,0.1380602123287662,300
M3SDA_Reg,0.119330436624354,300
CMSS_Reg,0.104941765767521,300
TKRR,1.8650303389710337,500
CDAR,6.359151525072567,500
DARC,23.24423987465991,500
VNCD_MDD,0.1256297950576667,500
M3SDA_Reg,0.1302824362007438,500
CMSS_Reg,0.1045580352645529,500
XGBoost_Target_Only,0.1091571187829909,100
KRR_Target_Only,0.5458240076310668,100
NN_Target_Only,0.445550752396606,100
XGBoost_Pool,0.1010217862773388,100
KRR_Pool,0.313902445996381,100
NN_Pool,0.2207858779861782,100
XGBoost_TLCQM,0.098542547469153,100
KRR_TLCQM,0.1713122831291397,100
NN_TLCQM,0.1177115443759426,100
XGBoost_Target_Only,0.109722859314882,200
KRR_Target_Only,0.4680625906950151,200
NN_Target_Only,0.2745675351891189,200
XGBoost_Pool,0.0994904650275017,200
KRR_Pool,0.385443683821799,200
NN_Pool,0.1831046845207682,200
XGBoost_TLCQM,0.0981064038170927,200
KRR_TLCQM,0.1702618858103455,200
NN_TLCQM,0.114200869137229,200
XGBoost_Target_Only,0.0989949621234077,300
KRR_Target_Only,0.4024204176463287,300
NN_Target_Only,0.1982447725581664,300
XGBoost_Pool,0.0979158518390464,300
KRR_Pool,0.5066389985842097,300
NN_Pool,0.1906030732460225,300
XGBoost_TLCQM,0.0974953938512542,300
KRR_TLCQM,0.1644159099480317,300
NN_TLCQM,0.1060214220274743,300
XGBoost_Target_Only,0.0990151985026575,500
KRR_Target_Only,0.3239323118293163,500
NN_Target_Only,0.1452808921486685,500
XGBoost_Pool,0.0963731529530442,500
KRR_Pool,0.7096625389317182,500
NN_Pool,0.1207907425751379,500
XGBoost_TLCQM,0.0985873081664226,500
KRR_TLCQM,0.1752066296232104,500
NN_TLCQM,0.1044834941674206,500
TKRR,1.8271070170661956,100
CDAR,6.230026414103736,100
DARC,31.69835729705899,100
VNCD_MDD,0.1962068549392359,100
M3SDA_Reg,0.1214764498413331,100
CMSS_Reg,0.1193146889555338,100
TKRR,1.8662749028411891,200
CDAR,5.411313887490157,200
DARC,25.92793178844301,200
VNCD_MDD,0.1583710512207268,200
M3SDA_Reg,0.1194027057334147,200
CMSS_Reg,0.1175557204743182,200
TKRR,1.9804170065234317,300
CDAR,5.452471562425978,300
DARC,25.351450100424486,300
VNCD_MDD,0.1421101710632674,300
M3SDA_Reg,0.1216036285917206,300
CMSS_Reg,0.1162574227730747,300
TKRR,1.7440655024780625,500
CDAR,5.526739903426069,500
DARC,23.90182406953316,500
VNCD_MDD,0.1280255713532432,500
M3SDA_Reg,0.1191395701553114,500
CMSS_Reg,0.1112013480468615,500
XGBoost_Target_Only,0.1160478686423469,100
KRR_Target_Only,0.6885828287424036,100
NN_Target_Only,0.4172506703776396,100
XGBoost_Pool,0.0991858601048314,100
KRR_Pool,0.3105741428241761,100
NN_Pool,0.1915300624426767,100
XGBoost_TLCQM,0.1064665889460512,100
KRR_TLCQM,0.1959826342240122,100
NN_TLCQM,0.1229391745889527,100
XGBoost_Target_Only,0.1077857265545861,200
KRR_Target_Only,0.3827119693630902,200
NN_Target_Only,0.3095556093919383,200
XGBoost_Pool,0.0979746557805737,200
KRR_Pool,0.3829295451412791,200
NN_Pool,0.1710803950713247,200
XGBoost_TLCQM,0.1019011466866249,200
KRR_TLCQM,0.2102546188051637,200
NN_TLCQM,0.1185882653327342,200
XGBoost_Target_Only,0.1031439990056849,300
KRR_Target_Only,0.397029535624712,300
NN_Target_Only,0.1933394602206992,300
XGBoost_Pool,0.0954150639124492,300
KRR_Pool,0.5040837957251075,300
NN_Pool,0.1752161812141589,300
XGBoost_TLCQM,0.1020321251208306,300
KRR_TLCQM,0.2106171891100642,300
NN_TLCQM,0.1180335130938915,300
XGBoost_Target_Only,0.091370209473235,500
KRR_Target_Only,0.2642122757163473,500
NN_Target_Only,0.1714589335854972,500
XGBoost_Pool,0.0969126253714989,500
KRR_Pool,0.6995010865986965,500
NN_Pool,0.2315340500811767,500
XGBoost_TLCQM,0.0980111569600005,500
KRR_TLCQM,0.1723261698145596,500
NN_TLCQM,0.1136390888846831,500
TKRR,1.8810521692740056,100
CDAR,6.236914444146751,100
DARC,31.24591317900476,100
VNCD_MDD,0.1748136279935387,100
M3SDA_Reg,0.1211258440076629,100
CMSS_Reg,0.117480150527496,100
TKRR,1.8614792850127655,200
CDAR,5.713375392903807,200
DARC,21.151185582487727,200
VNCD_MDD,0.1501818431832224,200
M3SDA_Reg,0.1159596041200983,200
CMSS_Reg,0.1140912071007582,200
TKRR,1.905903297185006,300
CDAR,5.631053105241999,300
DARC,17.23619107791454,300
VNCD_MDD,0.1428234417232585,300
M3SDA_Reg,0.1153837484218972,300
CMSS_Reg,0.1126129409844165,300
TKRR,1.7647336818412922,500
CDAR,5.57902817675788,500
DARC,22.14779229186131,500
VNCD_MDD,0.1309816390621755,500
M3SDA_Reg,0.1191803047617308,500
CMSS_Reg,0.1085126554912096,500
XGBoost_Target_Only,0.1146282764747326,100
KRR_Target_Only,0.938689195057125,100
NN_Target_Only,0.4596245492469801,100
XGBoost_Pool,0.1001329951560175,100
KRR_Pool,0.3180165550969575,100
NN_Pool,0.1721897383489498,100
XGBoost_TLCQM,0.1034180935279702,100
KRR_TLCQM,0.2243181620647117,100
NN_TLCQM,0.1200261386792827,100
XGBoost_Target_Only,0.1106020483087246,200
KRR_Target_Only,0.5425242660343805,200
NN_Target_Only,0.3614371003526456,200
XGBoost_Pool,0.1000986855543685,200
KRR_Pool,0.389557320007279,200
NN_Pool,0.160709055879675,200
XGBoost_TLCQM,0.1054141267261209,200
KRR_TLCQM,0.211075148529564,200
NN_TLCQM,0.1190840293101133,200
XGBoost_Target_Only,0.1074815721501374,300
KRR_Target_Only,0.4711695475368158,300
NN_Target_Only,0.2952812757086162,300
XGBoost_Pool,0.099452394335751,300
KRR_Pool,0.5098955992186888,300
NN_Pool,0.1574958857649493,300
XGBoost_TLCQM,0.1036207753042163,300
KRR_TLCQM,0.2063226413576628,300
NN_TLCQM,0.1199355524626181,300
XGBoost_Target_Only,0.0966425127997064,500
KRR_Target_Only,0.3777280763626953,500
NN_Target_Only,0.1726667876815982,500
XGBoost_Pool,0.097179382314639,500
KRR_Pool,0.717697650283156,500
NN_Pool,0.1261419635968413,500
XGBoost_TLCQM,0.0971323460688646,500
KRR_TLCQM,0.1961215438858605,500
NN_TLCQM,0.1029391292413203,500
TKRR,2.0632264562497835,100
CDAR,5.966124972761705,100
DARC,27.571073021769447,100
VNCD_MDD,0.187009552548783,100
M3SDA_Reg,0.1175822046687713,100
CMSS_Reg,0.1130273813816499,100
TKRR,1.8541090671075624,200
CDAR,5.839148832859244,200
DARC,17.835536516973896,200
VNCD_MDD,0.1446934185958197,200
M3SDA_Reg,0.1184278136651951,200
CMSS_Reg,0.1104986129034031,200
TKRR,1.8793034227065688,300
CDAR,5.922128866819643,300
DARC,18.341599372259324,300
VNCD_MDD,0.1486659438372146,300
M3SDA_Reg,0.1163706846226757,300
CMSS_Reg,0.112811425998714,300
TKRR,1.9229787009673092,500
CDAR,6.021461655352418,500
DARC,18.49574993328747,500
VNCD_MDD,0.1436527312629016,500
M3SDA_Reg,0.1087215382158737,500
CMSS_Reg,0.1074075804034845,500
XGBoost_Target_Only,0.1208948200114342,100
KRR_Target_Only,1.345860447364952,100
NN_Target_Only,0.4057633310054536,100
XGBoost_Pool,0.1020855927221251,100
KRR_Pool,0.3194746039663781,100
NN_Pool,0.2087797495557661,100
XGBoost_TLCQM,0.1015026502430188,100
KRR_TLCQM,0.1997949839514866,100
NN_TLCQM,0.1255207240099329,100
XGBoost_Target_Only,0.1097818764118213,200
KRR_Target_Only,0.5576990065504277,200
NN_Target_Only,0.3067383413305321,200
XGBoost_Pool,0.0983567725281209,200
KRR_Pool,0.3887681738130746,200
NN_Pool,0.1673614426010224,200
XGBoost_TLCQM,0.1004945957355825,200
KRR_TLCQM,0.1955567259255075,200
NN_TLCQM,0.115766730451605,200
XGBoost_Target_Only,0.1071114283673932,300
KRR_Target_Only,0.5251684935178501,300
NN_Target_Only,0.2515952224609814,300
XGBoost_Pool,0.0981854810422299,300
KRR_Pool,0.5087322629240092,300
NN_Pool,0.1828265756544948,300
XGBoost_TLCQM,0.0986716338656402,300
KRR_TLCQM,0.1985431805393527,300
NN_TLCQM,0.1140114658224139,300
XGBoost_Target_Only,0.0952564750491743,500
KRR_Target_Only,0.3753275478913358,500
NN_Target_Only,0.185015000282414,500
XGBoost_Pool,0.0953020311018166,500
KRR_Pool,0.7049332339864266,500
NN_Pool,0.200290763584043,500
XGBoost_TLCQM,0.0990328825938738,500
KRR_TLCQM,0.1792964497663872,500
NN_TLCQM,0.1062344606369225,500
TKRR,1.9489470763917132,100
CDAR,6.074524960523573,100
DARC,23.717546372061747,100
VNCD_MDD,0.1664412866058512,100
M3SDA_Reg,0.1177892323579384,100
CMSS_Reg,0.1114652814519206,100
TKRR,1.8399743745511683,200
CDAR,5.860662990707971,200
DARC,40.73663875344356,200
VNCD_MDD,0.1415284078761131,200
M3SDA_Reg,0.1157401166601745,200
CMSS_Reg,0.112797344819453,200
TKRR,1.8812750825888187,300
CDAR,5.948332958657631,300
DARC,23.332121887131805,300
VNCD_MDD,0.1253699218900704,300
M3SDA_Reg,0.117283857897183,300
CMSS_Reg,0.1079410292816648,300
TKRR,1.794551517027149,500
CDAR,5.899455479418685,500
DARC,22.823004988726144,500
VNCD_MDD,0.1265169198936173,500
M3SDA_Reg,0.118647767527981,500
CMSS_Reg,0.1031297005603439,500
XGBoost_Target_Only,0.1207229920730665,100
KRR_Target_Only,1.441249273250046,100
NN_Target_Only,0.5711992062437196,100
XGBoost_Pool,0.0991995577583624,100
KRR_Pool,0.3176180732718653,100
NN_Pool,0.2107616233242303,100
XGBoost_TLCQM,0.104946875267359,100
KRR_TLCQM,0.1814751003856146,100
NN_TLCQM,0.1248112914183668,100
XGBoost_Target_Only,0.1047576220240564,200
KRR_Target_Only,0.3731805259085174,200
NN_Target_Only,0.3110822589478196,200
XGBoost_Pool,0.0999872525890074,200
KRR_Pool,0.3862789454061545,200
NN_Pool,0.2048469559009245,200
XGBoost_TLCQM,0.1053580078505848,200
KRR_TLCQM,0.1914529077753077,200
NN_TLCQM,0.1208455813924754,200
XGBoost_Target_Only,0.1053632449480404,300
KRR_Target_Only,0.392240374804904,300
NN_Target_Only,0.1924293805952919,300
XGBoost_Pool,0.1013708559337192,300
KRR_Pool,0.502283353023097,300
NN_Pool,0.1943084228849926,300
XGBoost_TLCQM,0.1061544246064703,300
KRR_TLCQM,0.1885580070606121,300
NN_TLCQM,0.1182123855552661,300
XGBoost_Target_Only,0.0957420808877776,500
KRR_Target_Only,0.2705608524235696,500
NN_Target_Only,0.1553290336608597,500
XGBoost_Pool,0.0957782767844458,500
KRR_Pool,0.6969024915830857,500
NN_Pool,0.2135011873568887,500
XGBoost_TLCQM,0.0996816213817403,500
KRR_TLCQM,0.157979607659625,500
NN_TLCQM,0.1146735122937095,500
TKRR,1.8466810230186037,100
CDAR,6.099961366118497,100
DARC,30.194550271450854,100
VNCD_MDD,0.1753107441107433,100
M3SDA_Reg,0.1121709707850832,100
CMSS_Reg,0.1149313322377632,100
TKRR,1.831304091727756,200
CDAR,6.5531906888647145,200
DARC,36.37822951288826,200
VNCD_MDD,0.1583259533992125,200
M3SDA_Reg,0.1219312659215627,200
CMSS_Reg,0.1124399686244508,200
TKRR,1.853214013859743,300
CDAR,6.3395700560785375,300
DARC,36.66048691627386,300
VNCD_MDD,0.1426882978897829,300
M3SDA_Reg,0.121119764920169,300
CMSS_Reg,0.1128751202165419,300
TKRR,1.8318904437658656,500
CDAR,6.280175152880082,500
DARC,36.57277566277492,500
VNCD_MDD,0.1271694666119825,500
M3SDA_Reg,0.1173111309144241,500
CMSS_Reg,0.1057888055619245,500
XGBoost_Target_Only,0.1406029308816406,100
KRR_Target_Only,1.0767488522211826,100
NN_Target_Only,0.4622028424667923,100
XGBoost_Pool,0.1018841020934429,100
KRR_Pool,0.3187139579781388,100
NN_Pool,0.1765555597767873,100
XGBoost_TLCQM,0.1056725737367775,100
KRR_TLCQM,0.1969829209573897,100
NN_TLCQM,0.1238724116562614,100
XGBoost_Target_Only,0.1131227574550924,200
KRR_Target_Only,0.5870865195172866,200
NN_Target_Only,0.3017615105602647,200
XGBoost_Pool,0.099012828150652,200
KRR_Pool,0.3883042069510527,200
NN_Pool,0.1645411875923026,200
XGBoost_TLCQM,0.0982837161700438,200
KRR_TLCQM,0.1955275889674384,200
NN_TLCQM,0.1159770630080368,200
XGBoost_Target_Only,0.104923636461831,300
KRR_Target_Only,0.391598080326948,300
NN_Target_Only,0.1892921966809156,300
XGBoost_Pool,0.0970868688788656,300
KRR_Pool,0.5060860901503321,300
NN_Pool,0.1653161219729183,300
XGBoost_TLCQM,0.095797228585982,300
KRR_TLCQM,0.1735163671189374,300
NN_TLCQM,0.1104775268091821,300
XGBoost_Target_Only,0.0945509209508932,500
KRR_Target_Only,0.3085097486942044,500
NN_Target_Only,0.1523889803513965,500
XGBoost_Pool,0.0974233369312193,500
KRR_Pool,0.7038258835492942,500
NN_Pool,0.2241741002266592,500
XGBoost_TLCQM,0.0954531123101269,500
KRR_TLCQM,0.1696948712997731,500
NN_TLCQM,0.1074694036471179,500
TKRR,1.9317153006614665,100
CDAR,6.136390308689355,100
DARC,27.4819593556705,100
VNCD_MDD,0.1964455217264664,100
M3SDA_Reg,0.1258376506838788,100
CMSS_Reg,0.121192899919327,100
TKRR,2.0498312196184045,200
CDAR,6.367195459497818,200
DARC,31.350601523698767,200
VNCD_MDD,0.1523713550037395,200
M3SDA_Reg,0.1179960197088049,200
CMSS_Reg,0.1151694077919588,200
TKRR,1.8138213595192016,300
CDAR,6.330390181078567,300
DARC,31.08080895977451,300
VNCD_MDD,0.1316553182426657,300
M3SDA_Reg,0.1182132320445909,300
CMSS_Reg,0.1060512716264567,300
TKRR,1.7456642833877434,500
CDAR,6.357491174667513,500
DARC,31.018726681894616,500
VNCD_MDD,0.1316062003858474,500
M3SDA_Reg,0.1231591057750592,500
CMSS_Reg,0.0985177527494015,500
XGBoost_Target_Only,0.1146756927278534,100
KRR_Target_Only,1.2185449460390267,100
NN_Target_Only,0.5942925510280156,100
XGBoost_Pool,0.0991273394745169,100
KRR_Pool,0.3183624584820326,100
NN_Pool,0.1926698816841499,100
XGBoost_TLCQM,0.1051511376837201,100
KRR_TLCQM,0.2393516865631142,100
NN_TLCQM,0.1253171054812713,100
XGBoost_Target_Only,0.1031738321949335,200
KRR_Target_Only,0.4562299631977696,200
NN_Target_Only,0.2663503809070364,200
XGBoost_Pool,0.097247391212541,200
KRR_Pool,0.3859063091043647,200
NN_Pool,0.1933136137875378,200
XGBoost_TLCQM,0.0972110303585485,200
KRR_TLCQM,0.2118084697490825,200
NN_TLCQM,0.1157070090869415,200
XGBoost_Target_Only,0.0946199549913214,300
KRR_Target_Only,0.3615258696005387,300
NN_Target_Only,0.2250220962889607,300
XGBoost_Pool,0.0969912903664065,300
KRR_Pool,0.5053140810229585,300
NN_Pool,0.1875799690398215,300
XGBoost_TLCQM,0.0976161016218538,300
KRR_TLCQM,0.1999990440969624,300
NN_TLCQM,0.1102122481894745,300
XGBoost_Target_Only,0.09307581534216,500
KRR_Target_Only,0.2881158223020654,500
NN_Target_Only,0.1635422853453395,500
XGBoost_Pool,0.0965682634087099,500
KRR_Pool,0.706374279135854,500
NN_Pool,0.1931853290463422,500
XGBoost_TLCQM,0.0976885818685559,500
KRR_TLCQM,0.1673484499074122,500
NN_TLCQM,0.1067102068610415,500
TKRR,1.9030714290463615,100
CDAR,5.655548874037113,100
DARC,37.720669918656114,100
VNCD_MDD,0.1758118761252745,100
M3SDA_Reg,0.112422228589279,100
CMSS_Reg,0.1116521968197501,100
TKRR,1.9308959992735468,200
CDAR,5.708479877056304,200
DARC,30.69493549685618,200
VNCD_MDD,0.1445054843221741,200
M3SDA_Reg,0.1208766198747354,200
CMSS_Reg,0.1083941280938572,200
TKRR,1.877542895291638,300
CDAR,5.647859595073356,300
DARC,34.02675373206358,300
VNCD_MDD,0.1364291133992537,300
M3SDA_Reg,0.1180760541174932,300
CMSS_Reg,0.1084182231954948,300
TKRR,1.874158585680248,500
CDAR,5.647448814258089,500
DARC,30.89069707852144,500
VNCD_MDD,0.1241962145620842,500
M3SDA_Reg,0.1245210072183003,500
CMSS_Reg,0.1037496909965591,500
XGBoost_Target_Only,0.1082895521040887,100
KRR_Target_Only,1.625577606550125,100
NN_Target_Only,0.5385117304711109,100
XGBoost_Pool,0.1020459852101309,100
KRR_Pool,0.3170514133845715,100
NN_Pool,0.200939291929747,100
XGBoost_TLCQM,0.1042781653448826,100
KRR_TLCQM,0.1907504191313479,100
NN_TLCQM,0.1315797171292766,100
XGBoost_Target_Only,0.1172475223193623,200
KRR_Target_Only,0.6586882535492408,200
NN_Target_Only,0.3130859155895328,200
XGBoost_Pool,0.1004220287354025,200
KRR_Pool,0.3846995069703308,200
NN_Pool,0.1603571745335965,200
XGBoost_TLCQM,0.103163929478047,200
KRR_TLCQM,0.1723776187303074,200
NN_TLCQM,0.1164196217634073,200
XGBoost_Target_Only,0.1038726565915625,300
KRR_Target_Only,0.3816495807596343,300
NN_Target_Only,0.1655957076507371,300
XGBoost_Pool,0.0996863718378489,300
KRR_Pool,0.5032204024525597,300
NN_Pool,0.18844610106919,300
XGBoost_TLCQM,0.0997914357141032,300
KRR_TLCQM,0.1704996603609879,300
NN_TLCQM,0.1085679168134306,300
XGBoost_Target_Only,0.0959940820537348,500
KRR_Target_Only,0.2692362919459484,500
NN_Target_Only,0.1359564375956946,500
XGBoost_Pool,0.0944573608217207,500
KRR_Pool,0.7089552947246958,500
NN_Pool,0.1882471620097172,500
XGBoost_TLCQM,0.0976961285861767,500
KRR_TLCQM,0.1653124004575512,500
NN_TLCQM,0.1019018518986097,500
TKRR,1.933718921624891,100
CDAR,6.356071606556416,100
DARC,39.79046742257762,100
VNCD_MDD,0.1741387952007747,100
M3SDA_Reg,0.1206432985625349,100
CMSS_Reg,0.1197024103601745,100
TKRR,1.9035517237948016,200
CDAR,5.471948725521716,200
DARC,28.73262548983651,200
VNCD_MDD,0.1399979576076505,200
M3SDA_Reg,0.1143580474952954,200
CMSS_Reg,0.1221170664981707,200
TKRR,1.8304742407913344,300
CDAR,5.455974520128981,300
DARC,29.00626072745559,300
VNCD_MDD,0.1462497698432843,300
M3SDA_Reg,0.1203465735798323,300
CMSS_Reg,0.1102335041547804,300
TKRR,1.7652297010190074,500
CDAR,5.371390207753405,500
DARC,25.071078726406792,500
VNCD_MDD,0.1344344006316556,500
M3SDA_Reg,0.1156658390723399,500
CMSS_Reg,0.1047435621747049,500
XGBoost_Target_Only,0.1223674609134466,100
KRR_Target_Only,1.0098789601627896,100
NN_Target_Only,0.5313967169782674,100
XGBoost_Pool,0.1029639356651752,100
KRR_Pool,0.3192283847464367,100
NN_Pool,0.2017038534937521,100
XGBoost_TLCQM,0.100110691805883,100
KRR_TLCQM,0.1984107509284947,100
NN_TLCQM,0.1065383548762165,100
XGBoost_Target_Only,0.1132545870224861,200
KRR_Target_Only,0.6139121896938189,200
NN_Target_Only,0.3982833823924733,200
XGBoost_Pool,0.1001443668722457,200
KRR_Pool,0.3893305286149726,200
NN_Pool,0.19530967451592,200
XGBoost_TLCQM,0.0974252847230535,200
KRR_TLCQM,0.1871136670567065,200
NN_TLCQM,0.1128216335897977,200
XGBoost_Target_Only,0.1004949266126047,300
KRR_Target_Only,0.5287211895501701,300
NN_Target_Only,0.2947314773260993,300
XGBoost_Pool,0.098801545491549,300
KRR_Pool,0.5099751966801562,300
NN_Pool,0.1941810642000603,300
XGBoost_TLCQM,0.0973311477694991,300
KRR_TLCQM,0.1931479337327862,300
NN_TLCQM,0.1079215586309857,300
XGBoost_Target_Only,0.0984320304188088,500
KRR_Target_Only,0.3226513764531133,500
NN_Target_Only,0.1957419161703128,500
XGBoost_Pool,0.0970139385919443,500
KRR_Pool,0.6994211138662254,500
NN_Pool,0.238381276764055,500
XGBoost_TLCQM,0.0967989720235684,500
KRR_TLCQM,0.145005809130388,500
NN_TLCQM,0.1049642241149845,500
TKRR,1.9685095855463903,100
CDAR,5.542768636241773,100
DARC,26.86261355318209,100
VNCD_MDD,0.1704623265389132,100
M3SDA_Reg,0.1102165381266175,100
CMSS_Reg,0.1179143120295497,100
TKRR,1.9557040567367583,200
CDAR,6.271439868136524,200
DARC,24.188150011101584,200
VNCD_MDD,0.1910511621766116,200
M3SDA_Reg,0.1117059754215946,200
CMSS_Reg,0.1184335004913048,200
TKRR,1.8416468097763607,300
CDAR,6.245076033722039,300
DARC,25.203386731331527,300
VNCD_MDD,0.1914742638961465,300
M3SDA_Reg,0.1124108935047754,300
CMSS_Reg,0.1203309173755676,300
TKRR,1.7987544532339514,500
CDAR,5.887825972843767,500
DARC,26.12451499832961,500
VNCD_MDD,0.1350968263387079,500
M3SDA_Reg,0.1209602898352853,500
CMSS_Reg,0.1113865115849744,500
XGBoost_Target_Only,0.1156097515675041,100
KRR_Target_Only,0.8011736328500765,100
NN_Target_Only,0.6337087422515287,100
XGBoost_Pool,0.099284701252306,100
KRR_Pool,0.3130827063011882,100
NN_Pool,0.197774029761193,100
XGBoost_TLCQM,0.1018522987497947,100
KRR_TLCQM,0.1926993419560073,100
NN_TLCQM,0.1256960998209297,100
XGBoost_Target_Only,0.1062010295077675,200
KRR_Target_Only,0.5489135205548928,200
NN_Target_Only,0.354546697628353,200
XGBoost_Pool,0.0981112745612419,200
KRR_Pool,0.3851858189436401,200
NN_Pool,0.1874412250236084,200
XGBoost_TLCQM,0.1024066552048806,200
KRR_TLCQM,0.1942447896489034,200
NN_TLCQM,0.1137877144429452,200
XGBoost_Target_Only,0.107468420644728,300
KRR_Target_Only,0.382862364076352,300
NN_Target_Only,0.1704508119050752,300
XGBoost_Pool,0.0971848143865992,300
KRR_Pool,0.4967065215136292,300
NN_Pool,0.1847020458067018,300
XGBoost_TLCQM,0.0961397057606537,300
KRR_TLCQM,0.171460825942086,300
NN_TLCQM,0.1004620002080717,300
XGBoost_Target_Only,0.0947858723268038,500
KRR_Target_Only,0.3402577636135261,500
NN_Target_Only,0.1514010179485312,500
XGBoost_Pool,0.0939206050511574,500
KRR_Pool,0.7049943061530881,500
NN_Pool,0.1303847900757254,500
XGBoost_TLCQM,0.0961139256085035,500
KRR_TLCQM,0.1626383287233972,500
NN_TLCQM,0.1020711835655156,500
TKRR,1.8969521649907368,100
CDAR,6.24826256127638,100
DARC,42.51562028184254,100
VNCD_MDD,0.1506044359181046,100
M3SDA_Reg,0.1119685563325944,100
CMSS_Reg,0.1180739911088778,100
TKRR,1.944800813337611,200
CDAR,5.291609817697981,200
DARC,30.555624864202095,200
VNCD_MDD,0.1500911471741335,200
M3SDA_Reg,0.1097798272285364,200
CMSS_Reg,0.117223151931617,200
TKRR,1.904956531997046,300
CDAR,5.319578540301015,300
DARC,31.590529618005203,300
VNCD_MDD,0.1299937636435175,300
M3SDA_Reg,0.1139590794548113,300
CMSS_Reg,0.1067234190076396,300
TKRR,1.9508782585129685,500
CDAR,5.274661338829628,500
DARC,31.397394006115228,500
VNCD_MDD,0.1225334821651369,500
M3SDA_Reg,0.1119000651734166,500
CMSS_Reg,0.1039760883360754,500
XGBoost_Target_Only,0.1140098534900191,100
KRR_Target_Only,1.9627602895089804,100
NN_Target_Only,1.0237029852053805,100
XGBoost_Pool,0.1010212550081614,100
KRR_Pool,0.3190440550108389,100
NN_Pool,0.2066707260472572,100
XGBoost_TLCQM,0.0994865679024605,100
KRR_TLCQM,0.2788575276236447,100
NN_TLCQM,0.1327688020157686,100
XGBoost_Target_Only,0.1033545676435337,200
KRR_Target_Only,0.9810410425803512,200
NN_Target_Only,0.5376072060311267,200
XGBoost_Pool,0.100496175867781,200
KRR_Pool,0.390411069999053,200
NN_Pool,0.2163666117867409,200
XGBoost_TLCQM,0.1019866000817172,200
KRR_TLCQM,0.2465123573121397,200
NN_TLCQM,0.1148687653578471,200
XGBoost_Target_Only,0.1021577518578738,300
KRR_Target_Only,0.7780574773235114,300
NN_Target_Only,0.4118663145407546,300
XGBoost_Pool,0.0982153731257665,300
KRR_Pool,0.5122949491496253,300
NN_Pool,0.2025634494525499,300
XGBoost_TLCQM,0.0998514420568029,300
KRR_TLCQM,0.2427459074542148,300
NN_TLCQM,0.1157900326149049,300
XGBoost_Target_Only,0.097631960955789,500
KRR_Target_Only,0.3557527039689274,500
NN_Target_Only,0.2116306357520429,500
XGBoost_Pool,0.0946772381138576,500
KRR_Pool,0.7137315406153698,500
NN_Pool,0.1867667668481977,500
XGBoost_TLCQM,0.0956461474104232,500
KRR_TLCQM,0.1960290466347668,500
NN_TLCQM,0.1024956199486082,500
TKRR,1.90074532486316,100
CDAR,6.111914815927569,100
DARC,33.06636477681372,100
VNCD_MDD,0.1468608690508811,100
M3SDA_Reg,0.1130492037330559,100
CMSS_Reg,0.1170839364392388,100
TKRR,1.8344459928696923,200
CDAR,5.494418238954905,200
DARC,33.392368630128544,200
VNCD_MDD,0.1442197279552914,200
M3SDA_Reg,0.1188949105276235,200
CMSS_Reg,0.1099773411691111,200
TKRR,1.9275557963072176,300
CDAR,5.6200080287314105,300
DARC,34.01172908947876,300
VNCD_MDD,0.1415942219765454,300
M3SDA_Reg,0.1169951046392487,300
CMSS_Reg,0.107335429077018,300
TKRR,1.83542991682655,500
CDAR,5.386691447047942,500
DARC,36.32644869363517,500
VNCD_MDD,0.1246126935855201,500
M3SDA_Reg,0.1163450392924853,500
CMSS_Reg,0.1042711546935113,500
XGBoost_Target_Only,0.1183219377423502,100
KRR_Target_Only,1.4555141321026706,100
NN_Target_Only,1.0223964012050373,100
XGBoost_Pool,0.1003074953265182,100
KRR_Pool,0.318993645963154,100
NN_Pool,0.1970709710245658,100
XGBoost_TLCQM,0.1023447245807221,100
KRR_TLCQM,0.316678833749702,100
NN_TLCQM,0.1335119288569358,100
XGBoost_Target_Only,0.1092542682390229,200
KRR_Target_Only,0.7461329442444697,200
NN_Target_Only,0.5061013947327025,200
XGBoost_Pool,0.0973816684306263,200
KRR_Pool,0.388461886046749,200
NN_Pool,0.1798856696051241,200
XGBoost_TLCQM,0.0977983474266865,200
KRR_TLCQM,0.2157397081020004,200
NN_TLCQM,0.1156482922026189,200
XGBoost_Target_Only,0.0987885142527835,300
KRR_Target_Only,0.6156739040996299,300
NN_Target_Only,0.3439152945007728,300
XGBoost_Pool,0.0991154409702157,300
KRR_Pool,0.5070581010635542,300
NN_Pool,0.1671238642737407,300
XGBoost_TLCQM,0.0957319503949272,300
KRR_TLCQM,0.195885576594088,300
NN_TLCQM,0.1084566581744973,300
XGBoost_Target_Only,0.1016622793101097,500
KRR_Target_Only,0.4354324118164749,500
NN_Target_Only,0.1950983579852012,500
XGBoost_Pool,0.0958346098399835,500
KRR_Pool,0.7095124183838362,500
NN_Pool,0.2098663740066152,500
XGBoost_TLCQM,0.0982356929788441,500
KRR_TLCQM,0.1947051722563603,500
NN_TLCQM,0.1064191103430741,500
TKRR,1.914583709926405,100
CDAR,6.685759387342325,100
DARC,20.98778952363605,100
VNCD_MDD,0.1815058871095067,100
M3SDA_Reg,0.115487326731492,100
CMSS_Reg,0.1258297420393383,100
TKRR,1.7933439374146714,200
CDAR,5.736398253958518,200
DARC,23.582667063982967,200
VNCD_MDD,0.1409113179942688,200
M3SDA_Reg,0.1130255049302122,200
CMSS_Reg,0.1104333450561844,200
TKRR,1.829703481896494,300
CDAR,5.839002950612112,300
DARC,23.901096856362173,300
VNCD_MDD,0.1312078041138644,300
M3SDA_Reg,0.1113559068385065,300
CMSS_Reg,0.1063458390052718,300
TKRR,1.8115840292232623,500
CDAR,5.819223526104336,500
DARC,24.13379714214437,500
VNCD_MDD,0.1250860171294286,500
M3SDA_Reg,0.1174355962272441,500
CMSS_Reg,0.1033316041080001,500
XGBoost_Target_Only,0.1263019476261896,100
KRR_Target_Only,0.7543393524008609,100
NN_Target_Only,0.292657242302336,100
XGBoost_Pool,0.1048805779161257,100
KRR_Pool,0.3191646904304543,100
NN_Pool,0.2070767402497531,100
XGBoost_TLCQM,0.1034347411135208,100
KRR_TLCQM,0.21208291850153,100
NN_TLCQM,0.1193871187594336,100
XGBoost_Target_Only,0.1061992737428709,200
KRR_Target_Only,0.515956973674134,200
NN_Target_Only,0.2221779497520539,200
XGBoost_Pool,0.0968486992583038,200
KRR_Pool,0.3910959752615401,200
NN_Pool,0.1855899486206037,200
XGBoost_TLCQM,0.0982633931277397,200
KRR_TLCQM,0.1954303345091319,200
NN_TLCQM,0.1016386586456665,200
XGBoost_Target_Only,0.1203759220274232,300
KRR_Target_Only,0.4330895431800289,300
NN_Target_Only,0.1816324742326066,300
XGBoost_Pool,0.0947854670700137,300
KRR_Pool,0.5121367003771806,300
NN_Pool,0.1861494720247566,300
XGBoost_TLCQM,0.0964073234767291,300
KRR_TLCQM,0.1968994384685327,300
NN_TLCQM,0.1004443310071945,300
XGBoost_Target_Only,0.1014443876500375,500
KRR_Target_Only,0.3587047277577354,500
NN_Target_Only,0.1509519900713688,500
XGBoost_Pool,0.0931842266986007,500
KRR_Pool,0.7164143822456656,500
NN_Pool,0.2188162587166132,500
XGBoost_TLCQM,0.0966717541058727,500
KRR_TLCQM,0.2089402185454217,500
NN_TLCQM,0.103903128851084,500
TKRR,1.855119556361225,100
CDAR,5.445581490713879,100
DARC,37.8710948194874,100
VNCD_MDD,0.1694815095597796,100
M3SDA_Reg,0.116650460438075,100
CMSS_Reg,0.1093582931062769,100
TKRR,1.8377690839950824,200
CDAR,6.032326568057419,200
DARC,25.600115816019105,200
VNCD_MDD,0.1414686883738798,200
M3SDA_Reg,0.116025228952603,200
CMSS_Reg,0.1079473378789332,200
TKRR,1.7656918246969735,300
CDAR,6.009732739706109,300
DARC,15.6798294831749,300
VNCD_MDD,0.1341414107314184,300
M3SDA_Reg,0.1125234527157617,300
CMSS_Reg,0.1093481152287611,300
TKRR,1.6970011462293546,500
CDAR,5.990391705140217,500
DARC,26.525834877049945,500
VNCD_MDD,0.1327237551138588,500
M3SDA_Reg,0.1166168077561581,500
CMSS_Reg,0.1072770969006279,500
XGBoost_Target_Only,0.1059918183452839,100
KRR_Target_Only,0.8241177673089259,100
NN_Target_Only,0.5959743163646493,100
XGBoost_Pool,0.100853212577848,100
KRR_Pool,0.3178466511422328,100
NN_Pool,0.215807016480928,100
XGBoost_TLCQM,0.100317989573533,100
KRR_TLCQM,0.1953319942581171,100
NN_TLCQM,0.1276796680937962,100
XGBoost_Target_Only,0.0979255276082571,200
KRR_Target_Only,0.6211023428231951,200
NN_Target_Only,0.3547571240798138,200
XGBoost_Pool,0.0982492764433563,200
KRR_Pool,0.3897340955422571,200
NN_Pool,0.2116729211490559,200
XGBoost_TLCQM,0.0978444992480934,200
KRR_TLCQM,0.1872121688143987,200
NN_TLCQM,0.1050526631016022,200
XGBoost_Target_Only,0.1004594138027384,300
KRR_Target_Only,0.4160868484361978,300
NN_Target_Only,0.2015977104219297,300
XGBoost_Pool,0.0985054131994452,300
KRR_Pool,0.5095943993099978,300
NN_Pool,0.1787593762078625,300
XGBoost_TLCQM,0.0990637288160675,300
KRR_TLCQM,0.1931177741890646,300
NN_TLCQM,0.1133702660426893,300
XGBoost_Target_Only,0.0959198781942781,500
KRR_Target_Only,0.3412185180753491,500
NN_Target_Only,0.177788585312536,500
XGBoost_Pool,0.0954428571590521,500
KRR_Pool,0.7156811929767086,500
NN_Pool,0.1969003198801601,500
XGBoost_TLCQM,0.0984212445226799,500
KRR_TLCQM,0.1826462996011919,500
NN_TLCQM,0.1062204368880436,500
TKRR,1.8679671237730588,100
CDAR,5.809953011347597,100
DARC,43.07821466606266,100
VNCD_MDD,0.1649144527119182,100
M3SDA_Reg,0.1172576103645549,100
CMSS_Reg,0.1093377363792565,100
TKRR,1.9877083290410225,200
CDAR,5.580685568750571,200
DARC,33.3179425998439,200
VNCD_MDD,0.1555019949075589,200
M3SDA_Reg,0.1159900082967965,200
CMSS_Reg,0.1072706077808259,200
TKRR,1.7520373946690588,300
CDAR,5.56982614883507,300
DARC,32.24523064209058,300
VNCD_MDD,0.162064295952949,300
M3SDA_Reg,0.119851598937605,300
CMSS_Reg,0.1043788814528597,300
TKRR,1.654706393649291,500
CDAR,5.599612783644919,500
DARC,32.76282716075079,500
VNCD_MDD,0.1429642240099367,500
M3SDA_Reg,0.1186566397036284,500
CMSS_Reg,0.1032988980809088,500
XGBoost_Target_Only,0.1134408522377442,100
KRR_Target_Only,0.9253590957536412,100
NN_Target_Only,0.666804052345011,100
XGBoost_Pool,0.100814366421216,100
KRR_Pool,0.3187363693879427,100
NN_Pool,0.1979488886862318,100
XGBoost_TLCQM,0.0989111053556043,100
KRR_TLCQM,0.2248732098189113,100
NN_TLCQM,0.1242048263601765,100
XGBoost_Target_Only,0.1052401356718946,200
KRR_Target_Only,0.5689423948123865,200
NN_Target_Only,0.2713123004720761,200
XGBoost_Pool,0.09925851099937,200
KRR_Pool,0.3878079994825713,200
NN_Pool,0.1797515800335902,200
XGBoost_TLCQM,0.0997821098818882,200
KRR_TLCQM,0.1968910945254184,200
NN_TLCQM,0.1084359959718549,200
XGBoost_Target_Only,0.111723746964509,300
KRR_Target_Only,0.3690415967792667,300
NN_Target_Only,0.1862813546964188,300
XGBoost_Pool,0.0989654883237178,300
KRR_Pool,0.5060220166876149,300
NN_Pool,0.1889661404819441,300
XGBoost_TLCQM,0.0992275025981034,300
KRR_TLCQM,0.1806230963213786,300
NN_TLCQM,0.1105223787962482,300
XGBoost_Target_Only,0.0935284454471301,500
KRR_Target_Only,0.3465262266570611,500
NN_Target_Only,0.1511867579269747,500
XGBoost_Pool,0.0959732020004318,500
KRR_Pool,0.7107864366984297,500
NN_Pool,0.2209953244703427,500
XGBoost_TLCQM,0.0973089200319821,500
KRR_TLCQM,0.1771276422424517,500
NN_TLCQM,0.1070999360915654,500
TKRR,1.8837540006920128,100
CDAR,5.409679328850614,100
DARC,26.118074310819985,100
VNCD_MDD,0.1594565652030181,100
M3SDA_Reg,0.1196148396626625,100
CMSS_Reg,0.1219060989128809,100
TKRR,1.9412732392410923,200
CDAR,54.60908170626572,200
DARC,42.06514131601305,200
VNCD_MDD,0.1449194851718829,200
M3SDA_Reg,0.1209643228683502,200
CMSS_Reg,0.1172740099629805,200
TKRR,1.8525363537949615,300
CDAR,54.60154395057285,300
DARC,41.81374999358419,300
VNCD_MDD,0.1420401905941053,300
M3SDA_Reg,0.1233908866110137,300
CMSS_Reg,0.1131413656038093,300
TKRR,1.7579740357950184,500
CDAR,54.59873133108268,500
DARC,41.72203973465972,500
VNCD_MDD,0.1231782117882656,500
M3SDA_Reg,0.1217685828369757,500
CMSS_Reg,0.1028341789918563,500
XGBoost_Target_Only,0.1059340782756712,100
KRR_Target_Only,0.8346756579176415,100
NN_Target_Only,0.3411931057439886,100
XGBoost_Pool,0.0999084588198619,100
KRR_Pool,0.3152419352988382,100
NN_Pool,0.2071245158416085,100
XGBoost_TLCQM,0.1046260019457083,100
KRR_TLCQM,0.1835940781563385,100
NN_TLCQM,0.1165553807486027,100
XGBoost_Target_Only,0.1024060196261136,200
KRR_Target_Only,0.5021850735602134,200
NN_Target_Only,0.2774705520680859,200
XGBoost_Pool,0.0990006368953696,200
KRR_Pool,0.3852366837304128,200
NN_Pool,0.1892034590514673,200
XGBoost_TLCQM,0.0995463941546357,200
KRR_TLCQM,0.1760208898087844,200
NN_TLCQM,0.110699606794091,200
XGBoost_Target_Only,0.0980316158741975,300
KRR_Target_Only,0.3665138502813021,300
NN_Target_Only,0.2055543377178134,300
XGBoost_Pool,0.0976695165421463,300
KRR_Pool,0.5049247855598028,300
NN_Pool,0.2236067210495722,300
XGBoost_TLCQM,0.0962130484743597,300
KRR_TLCQM,0.1769515454268273,300
NN_TLCQM,0.102869797651054,300
XGBoost_Target_Only,0.1009442714868188,500
KRR_Target_Only,0.2269826412437091,500
NN_Target_Only,0.1384550379303231,500
XGBoost_Pool,0.0950214146519127,500
KRR_Pool,0.6958600251045134,500
NN_Pool,0.207657479459582,500
XGBoost_TLCQM,0.0948343708159226,500
KRR_TLCQM,0.155617498648441,500
NN_TLCQM,0.1011641983695598,500
TKRR,1.8686608124936632,100
CDAR,6.291167453266592,100
DARC,25.703051623979093,100
VNCD_MDD,0.1681009327161329,100
M3SDA_Reg,0.1141655385656836,100
CMSS_Reg,0.1120801498587721,100
TKRR,1.805858630671013,200
CDAR,6.053378784470427,200
DARC,28.530300487497517,200
VNCD_MDD,0.1464068780541136,200
M3SDA_Reg,0.11534889002772,200
CMSS_Reg,0.1115365861797437,200
TKRR,1.8212089447891,300
CDAR,5.870589525602593,300
DARC,28.69558430106424,300
VNCD_MDD,0.1438672177431192,300
M3SDA_Reg,0.1129871511947577,300
CMSS_Reg,0.1093011893202992,300
TKRR,1.74001474113313,500
CDAR,5.88915314652309,500
DARC,28.482203867286376,500
VNCD_MDD,0.1385634312845271,500
M3SDA_Reg,0.1170420155407949,500
CMSS_Reg,0.1061541801701495,500
XGBoost_Target_Only,0.1277904697518565,100
KRR_Target_Only,0.9240395673993964,100
NN_Target_Only,0.8988839255552221,100
XGBoost_Pool,0.1026645958118673,100
KRR_Pool,0.3180382183834288,100
NN_Pool,0.191389510439622,100
XGBoost_TLCQM,0.1020262927056467,100
KRR_TLCQM,0.2354385942921023,100
NN_TLCQM,0.1204993822865572,100
XGBoost_Target_Only,0.1067745574910061,200
KRR_Target_Only,0.555988821165363,200
NN_Target_Only,0.4085501923295755,200
XGBoost_Pool,0.0992080779321501,200
KRR_Pool,0.3862939134003103,200
NN_Pool,0.1931883321774412,200
XGBoost_TLCQM,0.099834028608643,200
KRR_TLCQM,0.2005801785639655,200
NN_TLCQM,0.1131014825321103,200
XGBoost_Target_Only,0.0993859166004473,300
KRR_Target_Only,0.4855713564686361,300
NN_Target_Only,0.2910140254907342,300
XGBoost_Pool,0.0956916324531194,300
KRR_Pool,0.5078077308344345,300
NN_Pool,0.1920608528658348,300
XGBoost_TLCQM,0.0961243964043754,300
KRR_TLCQM,0.2070727353397137,300
NN_TLCQM,0.1078818148267051,300
XGBoost_Target_Only,0.0957985410183914,500
KRR_Target_Only,0.389578372226815,500
NN_Target_Only,0.1975146388320825,500
XGBoost_Pool,0.0938735194321964,500
KRR_Pool,0.7150102635160044,500
NN_Pool,0.1583640163692639,500
XGBoost_TLCQM,0.0949521580514813,500
KRR_TLCQM,0.1914623501111443,500
NN_TLCQM,0.1067946896390551,500
TKRR,1.9069985000981504,100
CDAR,5.902462543295074,100
DARC,38.503600188148575,100
VNCD_MDD,0.1800864250348989,100
M3SDA_Reg,0.1142339206882917,100
CMSS_Reg,0.1228520911610259,100
TKRR,1.9460995741427585,200
CDAR,5.748742384544402,200
DARC,24.89713801394748,200
VNCD_MDD,0.1552677856074774,200
M3SDA_Reg,0.1073616769043371,200
CMSS_Reg,0.1054794444443013,200
TKRR,1.786402909499846,300
CDAR,5.80056431931525,300
DARC,27.858572940471056,300
VNCD_MDD,0.1334197876509799,300
M3SDA_Reg,0.1088746943801877,300
CMSS_Reg,0.1004350118367353,300
TKRR,1.8052719465001583,500
CDAR,5.825261889945272,500
DARC,27.65985819825325,500
VNCD_MDD,0.1296168591830362,500
M3SDA_Reg,0.1041615385456343,500
CMSS_Reg,0.0959170331545207,500
XGBoost_Target_Only,0.1134814706817162,100
KRR_Target_Only,1.6042346410434671,100
NN_Target_Only,0.5461573716385119,100
XGBoost_Pool,0.1006669333374664,100
KRR_Pool,0.3162727935894123,100
NN_Pool,0.2092836001266902,100
XGBoost_TLCQM,0.101070583517877,100
KRR_TLCQM,0.1851428417148216,100
NN_TLCQM,0.1307574354001791,100
XGBoost_Target_Only,0.1037491763351699,200
KRR_Target_Only,0.5064246874207365,200
NN_Target_Only,0.2674083452956842,200
XGBoost_Pool,0.0985203172956354,200
KRR_Pool,0.383272405231522,200
NN_Pool,0.1736572215637476,200
XGBoost_TLCQM,0.0999731769593958,200
KRR_TLCQM,0.1806458987875787,200
NN_TLCQM,0.1111975038471813,200
XGBoost_Target_Only,0.0945087548406334,300
KRR_Target_Only,0.4785156939360963,300
NN_Target_Only,0.1682642111734143,300
XGBoost_Pool,0.0975430920653601,300
KRR_Pool,0.50182187815607,300
NN_Pool,0.1797548623399764,300
XGBoost_TLCQM,0.0994665519820394,300
KRR_TLCQM,0.1757809164408354,300
NN_TLCQM,0.1089613137909463,300
XGBoost_Target_Only,0.0918516334402316,500
KRR_Target_Only,0.39936481302106,500
NN_Target_Only,0.1466742052806502,500
XGBoost_Pool,0.0968219512435373,500
KRR_Pool,0.7106310492440503,500
NN_Pool,0.1584263840737705,500
XGBoost_TLCQM,0.0986917587398951,500
KRR_TLCQM,0.1829742542126788,500
NN_TLCQM,0.1035474576363602,500
TKRR,1.901531153383928,100
CDAR,5.311360009871007,100
DARC,25.2762293473214,100
VNCD_MDD,0.1405353800075835,100
M3SDA_Reg,0.1193356023549346,100
CMSS_Reg,0.1123381582181557,100
TKRR,1.8617577077232388,200
CDAR,6.051179991293775,200
DARC,30.752591551225727,200
VNCD_MDD,0.1453764271014017,200
M3SDA_Reg,0.1170844198786716,200
CMSS_Reg,0.1046651326935584,200
TKRR,1.849949433184462,300
CDAR,6.077669018565384,300
DARC,31.587178480536704,300
VNCD_MDD,0.1229198190146714,300
M3SDA_Reg,0.1160867691280304,300
CMSS_Reg,0.1057368082694061,300
TKRR,1.863208929407651,500
CDAR,6.201450359896656,500
DARC,31.44301248031497,500
VNCD_MDD,0.12242960531548,500
M3SDA_Reg,0.1102666036280234,500
CMSS_Reg,0.1001140054224277,500
XGBoost_Target_Only,0.1285625863422765,100
KRR_Target_Only,0.8619797130044424,100
NN_Target_Only,0.539834941532319,100
XGBoost_Pool,0.1019714117595818,100
KRR_Pool,0.3157119795736756,100
NN_Pool,0.1796593202834631,100
XGBoost_TLCQM,0.110609170589707,100
KRR_TLCQM,0.1925873083983677,100
NN_TLCQM,0.1186199614195057,100
XGBoost_Target_Only,0.1211237836062657,200
KRR_Target_Only,0.4505896909485899,200
NN_Target_Only,0.3317993420768063,200
XGBoost_Pool,0.101053795885253,200
KRR_Pool,0.3830726280101281,200
NN_Pool,0.2008227953795533,200
XGBoost_TLCQM,0.1061286214372643,200
KRR_TLCQM,0.1737731829595057,200
NN_TLCQM,0.1209497661532957,200
XGBoost_Target_Only,0.1126757035549253,300
KRR_Target_Only,0.3432474307346987,300
NN_Target_Only,0.1778885680863486,300
XGBoost_Pool,0.0983320842662872,300
KRR_Pool,0.4985266578478208,300
NN_Pool,0.1867482221955471,300
XGBoost_TLCQM,0.1032827360688294,300
KRR_TLCQM,0.1664223198535942,300
NN_TLCQM,0.107818078689719,300
XGBoost_Target_Only,0.1019728479663639,500
KRR_Target_Only,0.2744692361181241,500
NN_Target_Only,0.1529234549485973,500
XGBoost_Pool,0.0964413091770167,500
KRR_Pool,0.7042277211820939,500
NN_Pool,0.2169305388401206,500
XGBoost_TLCQM,0.1054368178636467,500
KRR_TLCQM,0.1645035969786819,500
NN_TLCQM,0.1096192007519712,500
TKRR,1.9338435381441008,100
CDAR,5.35001370408885,100
DARC,35.18581865083372,100
VNCD_MDD,0.1750174454411865,100
M3SDA_Reg,0.1227291820820017,100
CMSS_Reg,0.1160154243262882,100
TKRR,1.9222451348987937,200
CDAR,5.130619020969789,200
DARC,36.32423669261935,200
VNCD_MDD,0.1607633124319628,200
M3SDA_Reg,0.1185921548755534,200
CMSS_Reg,0.1179652703851761,200
TKRR,1.8303798519616885,300
CDAR,5.114837484040803,300
DARC,36.386379399129225,300
VNCD_MDD,0.1515312421404855,300
M3SDA_Reg,0.1193163249810303,300
CMSS_Reg,0.1092810647842823,300
TKRR,1.8396182548463789,500
CDAR,5.139501310159518,500
DARC,36.52833152931066,500
VNCD_MDD,0.1364194445039762,500
M3SDA_Reg,0.1241683944041617,500
CMSS_Reg,0.1034180958906128,500
XGBoost_Target_Only,0.1091688647501406,100
KRR_Target_Only,1.0512239136133872,100
NN_Target_Only,0.3918895327305203,100
XGBoost_Pool,0.0993533834985217,100
KRR_Pool,0.3141431919536371,100
NN_Pool,0.1922559757795311,100
XGBoost_TLCQM,0.1011735827886986,100
KRR_TLCQM,0.1690114764709802,100
NN_TLCQM,0.126506087104412,100
XGBoost_Target_Only,0.101003810980675,200
KRR_Target_Only,0.5798697482388553,200
NN_Target_Only,0.2865587368624536,200
XGBoost_Pool,0.0977903116323986,200
KRR_Pool,0.3845982646712022,200
NN_Pool,0.1895075389446373,200
XGBoost_TLCQM,0.1024762584703675,200
KRR_TLCQM,0.1772138464311881,200
NN_TLCQM,0.11563190291571,200
XGBoost_Target_Only,0.0961854979571407,300
KRR_Target_Only,0.4043053744834449,300
NN_Target_Only,0.1719361094543069,300
XGBoost_Pool,0.0975394362509,300
KRR_Pool,0.5001204147850021,300
NN_Pool,0.2096539927149202,300
XGBoost_TLCQM,0.1027533810639984,300
KRR_TLCQM,0.1803273467207019,300
NN_TLCQM,0.1162737450368877,300
XGBoost_Target_Only,0.0978663898040669,500
KRR_Target_Only,0.3207835350254844,500
NN_Target_Only,0.1478912943322041,500
XGBoost_Pool,0.0970132298082449,500
KRR_Pool,0.7011869418113919,500
NN_Pool,0.1846726811137899,500
XGBoost_TLCQM,0.1036990773904955,500
KRR_TLCQM,0.1723916805759481,500
NN_TLCQM,0.1118073889697552,500
TKRR,1.8407100726408647,100
CDAR,5.915653687216852,100
DARC,19.02118479175072,100
VNCD_MDD,0.1631606832652475,100
M3SDA_Reg,0.1176120066825097,100
CMSS_Reg,0.1092183346037131,100
TKRR,1.8460535645470533,200
CDAR,5.679841759607336,200
DARC,36.74169301872855,200
VNCD_MDD,0.1406317363731795,200
M3SDA_Reg,0.1179700004610907,200
CMSS_Reg,0.109133798502165,200
TKRR,1.8704534217637852,300
CDAR,5.597395284218727,300
DARC,13.906704412721677,300
VNCD_MDD,0.1555248153169943,300
M3SDA_Reg,0.1207143638314335,300
CMSS_Reg,0.1058595670889592,300
TKRR,1.7656030700476213,500
CDAR,5.613214917652977,500
DARC,38.30655108875055,500
VNCD_MDD,0.1514622052177556,500
M3SDA_Reg,0.123675884183386,500
CMSS_Reg,0.104368140690063,500
XGBoost_Target_Only,0.1534055848897839,100
KRR_Target_Only,0.6114850974416464,100
NN_Target_Only,0.6381787499101509,100
XGBoost_Pool,0.1011583413803167,100
KRR_Pool,0.3169527712328753,100
NN_Pool,0.1906534256914766,100
XGBoost_TLCQM,0.1049482418063863,100
KRR_TLCQM,0.1888884164463961,100
NN_TLCQM,0.1322130550512758,100
XGBoost_Target_Only,0.1104259136289398,200
KRR_Target_Only,0.491632549993331,200
NN_Target_Only,0.2921143457538164,200
XGBoost_Pool,0.1014377723321539,200
KRR_Pool,0.3883620524383498,200
NN_Pool,0.2322945570472789,200
XGBoost_TLCQM,0.0997864791252409,200
KRR_TLCQM,0.2055440184992042,200
NN_TLCQM,0.1113257105284948,200
XGBoost_Target_Only,0.1028358757555779,300
KRR_Target_Only,0.3397721832377616,300
NN_Target_Only,0.2189108781955037,300
XGBoost_Pool,0.0964658127669376,300
KRR_Pool,0.5047970297220308,300
NN_Pool,0.174917262619741,300
XGBoost_TLCQM,0.0992660583088628,300
KRR_TLCQM,0.2013002815195783,300
NN_TLCQM,0.1123806507090226,300
XGBoost_Target_Only,0.0944070576618807,500
KRR_Target_Only,0.3199644120641323,500
NN_Target_Only,0.1510867909818586,500
XGBoost_Pool,0.0955448612910287,500
KRR_Pool,0.7092954592695826,500
NN_Pool,0.171527599727332,500
XGBoost_TLCQM,0.0980758688209038,500
KRR_TLCQM,0.1787466023450311,500
NN_TLCQM,0.1069373613530403,500
TKRR,1.8772074974589992,100
CDAR,5.289130389873994,100
DARC,31.020926925410823,100
VNCD_MDD,0.1649120664963713,100
M3SDA_Reg,0.1172408583315975,100
CMSS_Reg,0.1144274198700218,100
TKRR,1.8344597558619544,200
CDAR,5.33607039717795,200
DARC,34.08706744919731,200
VNCD_MDD,0.1480660748369683,200
M3SDA_Reg,0.1189622330291101,200
CMSS_Reg,0.1205927147360981,200
TKRR,1.8045603739636689,300
CDAR,5.349953376584333,300
DARC,36.71383190252991,300
VNCD_MDD,0.1337989597349506,300
M3SDA_Reg,0.1124904513078262,300
CMSS_Reg,0.1111218956169431,300
TKRR,1.822517920237012,500
CDAR,5.358083398870461,500
DARC,33.634283623219524,500
VNCD_MDD,0.123517535591329,500
M3SDA_Reg,0.1148633960638413,500
CMSS_Reg,0.1089775224404723,500
XGBoost_Target_Only,0.1226778407666449,100
KRR_Target_Only,0.6776258395962936,100
NN_Target_Only,0.3142395370688902,100
XGBoost_Pool,0.0999096636336818,100
KRR_Pool,0.3178780097059579,100
NN_Pool,0.1781733569574884,100
XGBoost_TLCQM,0.1024814577607606,100
KRR_TLCQM,0.2444430072316752,100
NN_TLCQM,0.1104572190361559,100
XGBoost_Target_Only,0.1062858504040135,200
KRR_Target_Only,0.4707429464023994,200
NN_Target_Only,0.2656260406673211,200
XGBoost_Pool,0.0987596418836614,200
KRR_Pool,0.3899457513499504,200
NN_Pool,0.1943578914976601,200
XGBoost_TLCQM,0.1017637541493021,200
KRR_TLCQM,0.2298513250936767,200
NN_TLCQM,0.1084844998132187,200
XGBoost_Target_Only,0.1029322850360807,300
KRR_Target_Only,0.4452083955002052,300
NN_Target_Only,0.2142675255239481,300
XGBoost_Pool,0.0992419446444914,300
KRR_Pool,0.5119726287817755,300
NN_Pool,0.1868302055799444,300
XGBoost_TLCQM,0.1010374669755919,300
KRR_TLCQM,0.2256738235836816,300
NN_TLCQM,0.1037433207950651,300
XGBoost_Target_Only,0.0955131821260509,500
KRR_Target_Only,0.3129852257351936,500
NN_Target_Only,0.1414887720078115,500
XGBoost_Pool,0.0968067381637007,500
KRR_Pool,0.7104465269113097,500
NN_Pool,0.220415967737116,500
XGBoost_TLCQM,0.0988661590932917,500
KRR_TLCQM,0.2164740777629115,500
NN_TLCQM,0.1021493589536581,500
TKRR,1.8907597923146149,100
CDAR,5.53067255990366,100
DARC,31.679346451979924,100
VNCD_MDD,0.1635251151335284,100
M3SDA_Reg,0.1148065944390195,100
CMSS_Reg,0.1150143683815106,100
TKRR,1.8340378746885977,200
CDAR,5.52074123698646,200
DARC,20.56823647578349,200
VNCD_MDD,0.1514581276663662,200
M3SDA_Reg,0.1191269018288635,200
CMSS_Reg,0.1117558407125722,200
TKRR,1.9834098718009123,300
CDAR,5.625374562384246,300
DARC,20.931442456601367,300
VNCD_MDD,0.128769716337898,300
M3SDA_Reg,0.1201935890109713,300
CMSS_Reg,0.1113224006932033,300
TKRR,1.7824192143067286,500
CDAR,5.506148397795642,500
DARC,20.8645839480376,500
VNCD_MDD,0.127279061202176,500
M3SDA_Reg,0.1207463101844905,500
CMSS_Reg,0.1085483209251723,500
XGBoost_Target_Only,0.1241561114023427,100
KRR_Target_Only,0.7283211282500769,100
NN_Target_Only,0.4383486279788725,100
XGBoost_Pool,0.100224887239599,100
KRR_Pool,0.307584534946416,100
NN_Pool,0.2079763721274747,100
XGBoost_TLCQM,0.0966763133203908,100
KRR_TLCQM,0.1747351432776925,100
NN_TLCQM,0.1128881486813538,100
XGBoost_Target_Only,0.1019336882270393,200
KRR_Target_Only,0.3895939375916386,200
NN_Target_Only,0.2428195724402907,200
XGBoost_Pool,0.0985959162592483,200
KRR_Pool,0.3763311215963115,200
NN_Pool,0.1827449753258905,200
XGBoost_TLCQM,0.0969104738041308,200
KRR_TLCQM,0.1552159784704781,200
NN_TLCQM,0.1016191698881407,200
XGBoost_Target_Only,0.0990110808627505,300
KRR_Target_Only,0.3195772150910412,300
NN_Target_Only,0.174426270740801,300
XGBoost_Pool,0.0959116910657904,300
KRR_Pool,0.4946474287664158,300
NN_Pool,0.1809351409327415,300
XGBoost_TLCQM,0.0955994005122123,300
KRR_TLCQM,0.1643172817797982,300
NN_TLCQM,0.1049389962019685,300
XGBoost_Target_Only,0.0945257465912276,500
KRR_Target_Only,0.2543817831385179,500
NN_Target_Only,0.1471812159015317,500
XGBoost_Pool,0.0948050146335718,500
KRR_Pool,0.6994685870949434,500
NN_Pool,0.1480616749728958,500
XGBoost_TLCQM,0.0956068610527097,500
KRR_TLCQM,0.1509667756537587,500
NN_TLCQM,0.1045751909296477,500
TKRR,1.9565435782669227,100
CDAR,5.811876652693269,100
DARC,36.82835651574842,100
VNCD_MDD,0.1799523991435456,100
M3SDA_Reg,0.1176170498514451,100
CMSS_Reg,0.1146816047139797,100
TKRR,1.820456479362755,200
CDAR,5.4325290080762425,200
DARC,28.614010694009806,200
VNCD_MDD,0.1543409080308708,200
M3SDA_Reg,0.119539075162389,200
CMSS_Reg,0.116396167697476,200
TKRR,1.7753795963968644,300
CDAR,5.351603630403239,300
DARC,28.32066132171696,300
VNCD_MDD,0.1475503206727844,300
M3SDA_Reg,0.118905580379869,300
CMSS_Reg,0.1065217488934551,300
TKRR,1.75360192884258,500
CDAR,5.300347574137736,500
DARC,28.62000187293826,500
VNCD_MDD,0.1402947680852098,500
M3SDA_Reg,0.1117121642974646,500
CMSS_Reg,0.1033566608913066,500
XGBoost_Target_Only,0.1193483481801898,100
KRR_Target_Only,1.0658878275614856,100
NN_Target_Only,0.7697311465969252,100
XGBoost_Pool,0.1009345580633458,100
KRR_Pool,0.3195809882477402,100
NN_Pool,0.2063953915977169,100
XGBoost_TLCQM,0.0978870298822954,100
KRR_TLCQM,0.1979067528138523,100
NN_TLCQM,0.1417053096602814,100
XGBoost_Target_Only,0.1189837233696025,200
KRR_Target_Only,0.7758114103592292,200
NN_Target_Only,0.5275653384213939,200
XGBoost_Pool,0.0992897656070487,200
KRR_Pool,0.39192703249501,200
NN_Pool,0.1702574003107094,200
XGBoost_TLCQM,0.1090965018994009,200
KRR_TLCQM,0.2238501946808995,200
NN_TLCQM,0.1151826938855335,200
XGBoost_Target_Only,0.1173830186564623,300
KRR_Target_Only,0.542680229828708,300
NN_Target_Only,0.2767398913968104,300
XGBoost_Pool,0.0976258242041009,300
KRR_Pool,0.5136810200917665,300
NN_Pool,0.1926682278923158,300
XGBoost_TLCQM,0.1052012271540655,300
KRR_TLCQM,0.1989137032848523,300
NN_TLCQM,0.1129159479340517,300
XGBoost_Target_Only,0.0996455544640638,500
KRR_Target_Only,0.35330779470001,500
NN_Target_Only,0.1725669581070857,500
XGBoost_Pool,0.097683407095765,500
KRR_Pool,0.7199181534205203,500
NN_Pool,0.2091017426302626,500
XGBoost_TLCQM,0.1004886409670674,500
KRR_TLCQM,0.1954004548108764,500
NN_TLCQM,0.1047550061436395,500
TKRR,2.1844871978178704,100
CDAR,5.805527105940142,100
DARC,32.707392193119546,100
VNCD_MDD,0.2043283316354469,100
M3SDA_Reg,0.1102472388198295,100
CMSS_Reg,0.118383894766592,100
TKRR,1.984091152260795,200
CDAR,5.415661057996115,200
DARC,33.218734325007844,200
VNCD_MDD,0.1641172546427117,200
M3SDA_Reg,0.1126408625086746,200
CMSS_Reg,0.1163973201940469,200
TKRR,1.896621238629101,300
CDAR,5.375959043289934,300
DARC,33.328916375004034,300
VNCD_MDD,0.1610643081590795,300
M3SDA_Reg,0.1130873254244112,300
CMSS_Reg,0.1140417097837457,300
TKRR,2.0068774104249085,500
CDAR,5.247577456671429,500
DARC,32.83037831347658,500
VNCD_MDD,0.1571949947375158,500
M3SDA_Reg,0.1193074598260775,500
CMSS_Reg,0.1096497287614464,500
XGBoost_Target_Only,0.1175855857932235,100
KRR_Target_Only,0.6691738061478231,100
NN_Target_Only,0.5411676107030946,100
XGBoost_Pool,0.1014190317309693,100
KRR_Pool,0.3182790343233001,100
NN_Pool,0.1966177558127569,100
XGBoost_TLCQM,0.1008819198905473,100
KRR_TLCQM,0.1968783722826592,100
NN_TLCQM,0.1119623365071316,100
XGBoost_Target_Only,0.1131296244490913,200
KRR_Target_Only,0.4166334033199264,200
NN_Target_Only,0.2549748314828354,200
XGBoost_Pool,0.100830766240785,200
KRR_Pool,0.3870708013906019,200
NN_Pool,0.2079012382103894,200
XGBoost_TLCQM,0.1012689989954237,200
KRR_TLCQM,0.1684626901198434,200
NN_TLCQM,0.1142631415528711,200
XGBoost_Target_Only,0.1034613499930617,300
KRR_Target_Only,0.4064136299670471,300
NN_Target_Only,0.1971320578814011,300
XGBoost_Pool,0.1003175011623799,300
KRR_Pool,0.5079558245652135,300
NN_Pool,0.183243909929723,300
XGBoost_TLCQM,0.0999451121953435,300
KRR_TLCQM,0.1765291188139311,300
NN_TLCQM,0.1125366944219302,300
XGBoost_Target_Only,0.0985479436254099,500
KRR_Target_Only,0.3819146248314867,500
NN_Target_Only,0.168668939417309,500
XGBoost_Pool,0.0982774799318913,500
KRR_Pool,0.71527542750277,500
NN_Pool,0.1473185077218,500
XGBoost_TLCQM,0.1003115062902081,500
KRR_TLCQM,0.1750756962548642,500
NN_TLCQM,0.1095825399057494,500
TKRR,1.834383059759904,100
CDAR,5.2713721869241095,100
DARC,24.265962794860723,100
VNCD_MDD,0.1977225260597472,100
M3SDA_Reg,0.1123521709441691,100
CMSS_Reg,0.1150015391149672,100
TKRR,1.7857467443994133,200
CDAR,6.087226658920921,200
DARC,27.04764503685977,200
VNCD_MDD,0.1460373823636193,200
M3SDA_Reg,0.1186415002200236,200
CMSS_Reg,0.1123112077683489,200
TKRR,1.7968917598973575,300
CDAR,6.004893179948609,300
DARC,27.61447286410368,300
VNCD_MDD,0.1496964802441433,300
M3SDA_Reg,0.119908831642018,300
CMSS_Reg,0.1102010700117348,300
TKRR,1.8091874315927627,500
CDAR,6.09343275252789,500
DARC,29.23771806022877,500
VNCD_MDD,0.137092850392741,500
M3SDA_Reg,0.1201164351292858,500
CMSS_Reg,0.1072601313587731,500
XGBoost_Target_Only,0.1141962885667721,100
KRR_Target_Only,0.9780954698731088,100
NN_Target_Only,1.1055995218135075,100
XGBoost_Pool,0.0990830985220954,100
KRR_Pool,0.3190214923205514,100
NN_Pool,0.1996119839228047,100
XGBoost_TLCQM,0.099943303445303,100
KRR_TLCQM,0.2907500559450481,100
NN_TLCQM,0.1274139147102918,100
XGBoost_Target_Only,0.1039234465585427,200
KRR_Target_Only,0.473428826787976,200
NN_Target_Only,0.2043783196927718,200
XGBoost_Pool,0.0978796842844955,200
KRR_Pool,0.3884641479510305,200
NN_Pool,0.18916294219638,200
XGBoost_TLCQM,0.1008345385179976,200
KRR_TLCQM,0.2066078706735817,200
NN_TLCQM,0.1067651073161803,200
XGBoost_Target_Only,0.1004280373224572,300
KRR_Target_Only,0.4637787653906199,300
NN_Target_Only,0.1687622341167846,300
XGBoost_Pool,0.0974870089932864,300
KRR_Pool,0.5107001483768272,300
NN_Pool,0.1915123894045451,300
XGBoost_TLCQM,0.0984125567508128,300
KRR_TLCQM,0.1946308580523991,300
NN_TLCQM,0.1023764158076768,300
XGBoost_Target_Only,0.0936348116233611,500
KRR_Target_Only,0.2948107641100794,500
NN_Target_Only,0.1407658500878147,500
XGBoost_Pool,0.0938168308952271,500
KRR_Pool,0.7086991974829939,500
NN_Pool,0.1743755925077836,500
XGBoost_TLCQM,0.0965431333183658,500
KRR_TLCQM,0.1697776707316578,500
NN_TLCQM,0.1020791760685074,500
TKRR,2.078924173699753,100
CDAR,5.807663667459298,100
DARC,25.56692402698752,100
VNCD_MDD,0.1772761479079984,100
M3SDA_Reg,0.1123930596203502,100
CMSS_Reg,0.1202563135747443,100
TKRR,2.0718188826636,200
CDAR,6.132694382412768,200
DARC,28.7623697288692,200
VNCD_MDD,0.1414654160142751,200
M3SDA_Reg,0.1161459268721602,200
CMSS_Reg,0.1143275954537387,200
TKRR,1.9026345451730455,300
CDAR,6.204433919167419,300
DARC,28.83333261329061,300
VNCD_MDD,0.1232475450376993,300
M3SDA_Reg,0.1146262681924629,300
CMSS_Reg,0.1111036012878691,300
TKRR,1.7326306952600028,500
CDAR,6.120621882981275,500
DARC,29.065322458498656,500
VNCD_MDD,0.1168216948096996,500
M3SDA_Reg,0.1163044755377708,500
CMSS_Reg,0.1055634772203994,500
XGBoost_Target_Only,0.1216520295542789,100
KRR_Target_Only,0.6259646002230842,100
NN_Target_Only,0.413503593207739,100
XGBoost_Pool,0.1017650532469027,100
KRR_Pool,0.3155772402593939,100
NN_Pool,0.2133220726622542,100
XGBoost_TLCQM,0.1122320665013042,100
KRR_TLCQM,0.1991309792522094,100
NN_TLCQM,0.1297555336219474,100
XGBoost_Target_Only,0.1089503546884173,200
KRR_Target_Only,0.3706551926277919,200
NN_Target_Only,0.2620833523464713,200
XGBoost_Pool,0.1010726643006953,200
KRR_Pool,0.3804170794870085,200
NN_Pool,0.1823301770693736,200
XGBoost_TLCQM,0.1087108017086246,200
KRR_TLCQM,0.1728637561668725,200
NN_TLCQM,0.1203150636474873,200
XGBoost_Target_Only,0.1046140577315087,300
KRR_Target_Only,0.3260466651436058,300
NN_Target_Only,0.1637181172989602,300
XGBoost_Pool,0.0980897222080606,300
KRR_Pool,0.4969473334261907,300
NN_Pool,0.2086576944548488,300
XGBoost_TLCQM,0.1073456594839777,300
KRR_TLCQM,0.1626767193939279,300
NN_TLCQM,0.1157135379986804,300
XGBoost_Target_Only,0.0952009650412586,500
KRR_Target_Only,0.2202516071182486,500
NN_Target_Only,0.1518759788633139,500
XGBoost_Pool,0.0972539378487447,500
KRR_Pool,0.6956054828407263,500
NN_Pool,0.2209827619298215,500
XGBoost_TLCQM,0.1053047374117733,500
KRR_TLCQM,0.1567626468170587,500
NN_TLCQM,0.108813586756936,500
TKRR,1.8793374610542448,100
CDAR,5.537147315291278,100
DARC,40.145967728008166,100
VNCD_MDD,0.1722500853089867,100
M3SDA_Reg,0.1186084179228281,100
CMSS_Reg,0.1215983973808595,100
TKRR,1.9165507155792567,200
CDAR,6.424352349426592,200
DARC,45.711694848168015,200
VNCD_MDD,0.1635691774299388,200
M3SDA_Reg,0.1216821261856484,200
CMSS_Reg,0.1160643615292446,200
TKRR,1.9631321494895624,300
CDAR,6.224005388907141,300
DARC,41.73526463740821,300
VNCD_MDD,0.1436426851882044,300
M3SDA_Reg,0.122325464289576,300
CMSS_Reg,0.1129558548236329,300
TKRR,1.7264125507330152,500
CDAR,6.106351985053132,500
DARC,42.88552507302391,500
VNCD_MDD,0.1342248888042727,500
M3SDA_Reg,0.1254134051029769,500
CMSS_Reg,0.1079048931335652,500
XGBoost_Target_Only,0.1126407663623774,100
KRR_Target_Only,0.6195102632021746,100
NN_Target_Only,0.3825794690325109,100
XGBoost_Pool,0.1021984300109206,100
KRR_Pool,0.3168324992139253,100
NN_Pool,0.1996344526997944,100
XGBoost_TLCQM,0.1020540930493909,100
KRR_TLCQM,0.2149968952133738,100
NN_TLCQM,0.1190486371111292,100
XGBoost_Target_Only,0.1030075900941262,200
KRR_Target_Only,0.5032688161050751,200
NN_Target_Only,0.2914500442993636,200
XGBoost_Pool,0.0996683096376079,200
KRR_Pool,0.387333024566362,200
NN_Pool,0.2179529601593774,200
XGBoost_TLCQM,0.1023324975573238,200
KRR_TLCQM,0.1758476552589566,200
NN_TLCQM,0.1190142281079103,200
XGBoost_Target_Only,0.0962604559047781,300
KRR_Target_Only,0.5035001759842538,300
NN_Target_Only,0.2129331251221503,300
XGBoost_Pool,0.0987728851055217,300
KRR_Pool,0.5060297100769522,300
NN_Pool,0.201165191046498,300
XGBoost_TLCQM,0.1032149822110575,300
KRR_TLCQM,0.1790044618904674,300
NN_TLCQM,0.1117375109851918,300
XGBoost_Target_Only,0.0968486595258481,500
KRR_Target_Only,0.3874974993965616,500
NN_Target_Only,0.1788049048466979,500
XGBoost_Pool,0.0987562767930128,500
KRR_Pool,0.7106923054230475,500
NN_Pool,0.1390139471034526,500
XGBoost_TLCQM,0.1043456915172595,500
KRR_TLCQM,0.1784757027931211,500
NN_TLCQM,0.1135853189148667,500
TKRR,1.906728216975056,100
CDAR,5.139463414879493,100
DARC,35.95954543370451,100
VNCD_MDD,0.1706684165646172,100
M3SDA_Reg,0.1194748302317388,100
CMSS_Reg,0.1153694254092011,100
TKRR,2.071930771990137,200
CDAR,6.304437669639062,200
DARC,25.87816497545946,200
VNCD_MDD,0.1423467081871156,200
M3SDA_Reg,0.1210365592310313,200
CMSS_Reg,0.1066459724404806,200
TKRR,1.8980502224387596,300
CDAR,6.340873682737948,300
DARC,23.510558853789504,300
VNCD_MDD,0.147538851543939,300
M3SDA_Reg,0.1177443721064828,300
CMSS_Reg,0.1036030303583659,300
TKRR,1.9038496429276297,500
CDAR,6.421334798796177,500
DARC,26.05334568352456,500
VNCD_MDD,0.1453254952794205,500
M3SDA_Reg,0.1194085102779888,500
CMSS_Reg,0.1018538840812004,500
XGBoost_Target_Only,0.1166006665191464,100
KRR_Target_Only,1.0607154645239534,100
NN_Target_Only,0.5432707739107595,100
XGBoost_Pool,0.100561659731001,100
KRR_Pool,0.3182824557212493,100
NN_Pool,0.2047847436885859,100
XGBoost_TLCQM,0.1000141989600906,100
KRR_TLCQM,0.1972570847080426,100
NN_TLCQM,0.1162245162494434,100
XGBoost_Target_Only,0.0991834193672328,200
KRR_Target_Only,0.5813806680250819,200
NN_Target_Only,0.3358157062065713,200
XGBoost_Pool,0.09992666800876,200
KRR_Pool,0.3862854662329509,200
NN_Pool,0.2008234226092294,200
XGBoost_TLCQM,0.1003460754038104,200
KRR_TLCQM,0.1800336608793156,200
NN_TLCQM,0.1157093703242983,200
XGBoost_Target_Only,0.094584673867177,300
KRR_Target_Only,0.4432616444247358,300
NN_Target_Only,0.2426478112729713,300
XGBoost_Pool,0.0974492744446808,300
KRR_Pool,0.5035130983348477,300
NN_Pool,0.1956645962059104,300
XGBoost_TLCQM,0.0985476128707178,300
KRR_TLCQM,0.1696620541404384,300
NN_TLCQM,0.1125934649153348,300
XGBoost_Target_Only,0.0983157449764929,500
KRR_Target_Only,0.3448763327117272,500
NN_Target_Only,0.1835888288525879,500
XGBoost_Pool,0.0966573794082722,500
KRR_Pool,0.7025651831967737,500
NN_Pool,0.2029695504525887,500
XGBoost_TLCQM,0.0991279945871442,500
KRR_TLCQM,0.1737137327209906,500
NN_TLCQM,0.1047390046330565,500
TKRR,1.8917374944701493,100
CDAR,5.307834994274617,100
DARC,24.86935749143382,100
VNCD_MDD,0.1667559893206504,100
M3SDA_Reg,0.1198286754863775,100
CMSS_Reg,0.1169593525813646,100
TKRR,1.8639807027345208,200
CDAR,6.286844434491225,200
DARC,31.91808751454873,200
VNCD_MDD,0.1434763784273087,200
M3SDA_Reg,0.1141504087784619,200
CMSS_Reg,0.1078699077438608,200
TKRR,1.861110738145227,300
CDAR,6.225029659338154,300
DARC,32.020426311926585,300
VNCD_MDD,0.1480254429079854,300
M3SDA_Reg,0.1120556220429851,300
CMSS_Reg,0.106468261793962,300
TKRR,1.7282647833111462,500
CDAR,6.191146347948781,500
DARC,31.86662134231942,500
VNCD_MDD,0.147895488015475,500
M3SDA_Reg,0.117312684555295,500
CMSS_Reg,0.1034453546185106,500
XGBoost_Target_Only,0.1426152406863855,100
KRR_Target_Only,1.0538971847251184,100
NN_Target_Only,0.4858244276980722,100
XGBoost_Pool,0.1003253154619691,100
KRR_Pool,0.3188128719033776,100
NN_Pool,0.2075036204526353,100
XGBoost_TLCQM,0.1056709730979914,100
KRR_TLCQM,0.2094366906215369,100
NN_TLCQM,0.1293963914313739,100
XGBoost_Target_Only,0.1078461680168579,200
KRR_Target_Only,0.6981279637449419,200
NN_Target_Only,0.3547948401901032,200
XGBoost_Pool,0.1011794359675326,200
KRR_Pool,0.3898545804657394,200
NN_Pool,0.1910536922877133,200
XGBoost_TLCQM,0.1020623442652442,200
KRR_TLCQM,0.2100940584994704,200
NN_TLCQM,0.1092017121824338,200
XGBoost_Target_Only,0.101703931216668,300
KRR_Target_Only,0.3178325371991418,300
NN_Target_Only,0.1941756497743444,300
XGBoost_Pool,0.0997510906396205,300
KRR_Pool,0.5000992477774215,300
NN_Pool,0.2281081220782827,300
XGBoost_TLCQM,0.103704217198476,300
KRR_TLCQM,0.1683759451777996,300
NN_TLCQM,0.1100863794192875,300
XGBoost_Target_Only,0.0957743113747309,500
KRR_Target_Only,0.2599392076742151,500
NN_Target_Only,0.1607369477025389,500
XGBoost_Pool,0.0974211327347517,500
KRR_Pool,0.7091245921878715,500
NN_Pool,0.1648096470584572,500
XGBoost_TLCQM,0.0977235150087846,500
KRR_TLCQM,0.1547805098942851,500
NN_TLCQM,0.1075251991318514,500
TKRR,1.8751130082832328,100
CDAR,5.33217087460686,100
DARC,34.58937006128669,100
VNCD_MDD,0.1699155969776944,100
M3SDA_Reg,0.1106734593390596,100
CMSS_Reg,0.1127510940768231,100
TKRR,1.821174223480626,200
CDAR,5.4338113579040535,200
DARC,18.45812143444052,200
VNCD_MDD,0.145430931227957,200
M3SDA_Reg,0.1120055691090183,200
CMSS_Reg,0.110033398533252,200
TKRR,1.810232625718891,300
CDAR,5.40736743287968,300
DARC,35.121834915647284,300
VNCD_MDD,0.134058894711124,300
M3SDA_Reg,0.1154964632510586,300
CMSS_Reg,0.1083729708087098,300
TKRR,1.7027025240973472,500
CDAR,5.382179148757484,500
DARC,37.02625539504246,500
VNCD_MDD,0.121773624546492,500
M3SDA_Reg,0.1152784973188948,500
CMSS_Reg,0.0991025590711085,500
XGBoost_Target_Only,0.1234671243407328,100
KRR_Target_Only,0.883805908201356,100
NN_Target_Only,0.4108635954158877,100
XGBoost_Pool,0.1019776364670222,100
KRR_Pool,0.3182076546986661,100
NN_Pool,0.2030304800963805,100
XGBoost_TLCQM,0.1048188800829917,100
KRR_TLCQM,0.2101464994109712,100
NN_TLCQM,0.1182994377169846,100
XGBoost_Target_Only,0.1103922916373211,200
KRR_Target_Only,0.5811109087288497,200
NN_Target_Only,0.2999018156922259,200
XGBoost_Pool,0.0995927133490778,200
KRR_Pool,0.384244091818735,200
NN_Pool,0.1568561546870033,200
XGBoost_TLCQM,0.0993179114445889,200
KRR_TLCQM,0.2037926654932235,200
NN_TLCQM,0.1091288934214343,200
XGBoost_Target_Only,0.093299154774932,300
KRR_Target_Only,0.4889971732172627,300
NN_Target_Only,0.1928732218066195,300
XGBoost_Pool,0.0979084544970708,300
KRR_Pool,0.5060721502056228,300
NN_Pool,0.1729557857370788,300
XGBoost_TLCQM,0.097510849455317,300
KRR_TLCQM,0.200259331777409,300
NN_TLCQM,0.1050999082410071,300
XGBoost_Target_Only,0.0930032894301641,500
KRR_Target_Only,0.3545455480905857,500
NN_Target_Only,0.143565825247672,500
XGBoost_Pool,0.0954070198311819,500
KRR_Pool,0.7083661281255655,500
NN_Pool,0.1217237000332187,500
XGBoost_TLCQM,0.0985658027764097,500
KRR_TLCQM,0.189872216802275,500
NN_TLCQM,0.1042311420377682,500
TKRR,1.909937983897445,100
CDAR,6.033822805490751,100
DARC,36.23383376175945,100
VNCD_MDD,0.1676824173841528,100
M3SDA_Reg,0.1393896539613594,100
CMSS_Reg,0.122764560479747,100
TKRR,1.779701101114674,200
CDAR,5.754770936154845,200
DARC,38.019438798063305,200
VNCD_MDD,0.1880792003694621,200
M3SDA_Reg,0.122770364359067,200
CMSS_Reg,0.1148537920625812,200
TKRR,1.7869062780634968,300
CDAR,5.802382287941867,300
DARC,37.37593855714203,300
VNCD_MDD,0.1643241445030292,300
M3SDA_Reg,0.1164562342555749,300
CMSS_Reg,0.1050212949875566,300
TKRR,1.7503359568394965,500
CDAR,5.7541888362510445,500
DARC,39.350342850411145,500
VNCD_MDD,0.1459754912728017,500
M3SDA_Reg,0.1290671985306229,500
CMSS_Reg,0.1039675441624851,500
XGBoost_Target_Only,0.1099442581207016,100
KRR_Target_Only,1.259362546520959,100
NN_Target_Only,0.898929599398859,100
XGBoost_Pool,0.0980487695833853,100
KRR_Pool,0.3186954006589677,100
NN_Pool,0.1917140636043564,100
XGBoost_TLCQM,0.1010378993090155,100
KRR_TLCQM,0.2138789919396795,100
NN_TLCQM,0.1214745524160061,100
XGBoost_Target_Only,0.0979792622038977,200
KRR_Target_Only,0.7494469980706587,200
NN_Target_Only,0.5746978328502581,200
XGBoost_Pool,0.098386662419953,200
KRR_Pool,0.3894715426291301,200
NN_Pool,0.1929081536876981,200
XGBoost_TLCQM,0.0999159656556226,200
KRR_TLCQM,0.2467110853164022,200
NN_TLCQM,0.1162583307193096,200
XGBoost_Target_Only,0.0944908379119145,300
KRR_Target_Only,0.4644234128863015,300
NN_Target_Only,0.2409623454121197,300
XGBoost_Pool,0.0989618897883682,300
KRR_Pool,0.5079240006176925,300
NN_Pool,0.1937494983458645,300
XGBoost_TLCQM,0.1003315063886365,300
KRR_TLCQM,0.2003691185511183,300
NN_TLCQM,0.1154423317728105,300
XGBoost_Target_Only,0.0936632954544871,500
KRR_Target_Only,0.3467020201705357,500
NN_Target_Only,0.1583030204947576,500
XGBoost_Pool,0.0963443240036554,500
KRR_Pool,0.7084750775590087,500
NN_Pool,0.214861854318838,500
XGBoost_TLCQM,0.0991496858889941,500
KRR_TLCQM,0.1918946255155918,500
NN_TLCQM,0.1108438229791781,500
TKRR,2.2372944085260453,100
CDAR,5.827106327241033,100
DARC,33.0911559832616,100
VNCD_MDD,0.185130605080228,100
M3SDA_Reg,0.112369467622995,100
CMSS_Reg,0.1183554475148557,100
TKRR,1.877689920411588,200
CDAR,5.755981181083385,200
DARC,32.995357458077855,200
VNCD_MDD,0.1612443933835171,200
M3SDA_Reg,0.1134819004029744,200
CMSS_Reg,0.1156086115947738,200
TKRR,1.8133243041112392,300
CDAR,5.6534998556602,300
DARC,31.69244031832429,300
VNCD_MDD,0.1361995824727007,300
M3SDA_Reg,0.1138920655940726,300
CMSS_Reg,0.1043375332812291,300
TKRR,1.8618812004818213,500
CDAR,5.615664277598123,500
DARC,32.07123680010285,500
VNCD_MDD,0.1426299080889781,500
M3SDA_Reg,0.1162011006907281,500
CMSS_Reg,0.1011942312866264,500
XGBoost_Target_Only,0.1109644493446317,100
KRR_Target_Only,0.6357256217653366,100
NN_Target_Only,0.5079112060417592,100
XGBoost_Pool,0.1033764852614229,100
KRR_Pool,0.3186553099758465,100
NN_Pool,0.1998779642656414,100
XGBoost_TLCQM,0.1002699053987399,100
KRR_TLCQM,0.2260801490653333,100
NN_TLCQM,0.1090639048086235,100
XGBoost_Target_Only,0.1002580968952167,200
KRR_Target_Only,0.5222644615590165,200
NN_Target_Only,0.3389437813463577,200
XGBoost_Pool,0.1025585854394706,200
KRR_Pool,0.3908221513030963,200
NN_Pool,0.1860244825397342,200
XGBoost_TLCQM,0.0966956783135422,200
KRR_TLCQM,0.2056612201224551,200
NN_TLCQM,0.1095617885239624,200
XGBoost_Target_Only,0.1011805285652677,300
KRR_Target_Only,0.5079877443700195,300
NN_Target_Only,0.2181332675648569,300
XGBoost_Pool,0.100425479225119,300
KRR_Pool,0.5145725964480584,300
NN_Pool,0.1749988429085738,300
XGBoost_TLCQM,0.0962743053772019,300
KRR_TLCQM,0.2065975866079581,300
NN_TLCQM,0.1106681445374284,300
XGBoost_Target_Only,0.0942059122996116,500
KRR_Target_Only,0.4812807390269971,500
NN_Target_Only,0.1798380255638325,500
XGBoost_Pool,0.0979454455834158,500
KRR_Pool,0.7256830581467143,500
NN_Pool,0.1467566124875314,500
XGBoost_TLCQM,0.0965742751793238,500
KRR_TLCQM,0.2159752254055124,500
NN_TLCQM,0.1033277516577347,500
TKRR,2.004805919103592,100
CDAR,6.177582066669228,100
DARC,36.03418935893114,100
VNCD_MDD,0.183782422144692,100
M3SDA_Reg,0.1201431680223575,100
CMSS_Reg,0.1082799890280297,100
TKRR,1.977681202241976,200
CDAR,6.147375279253535,200
DARC,36.552163087314206,200
VNCD_MDD,0.1410833964480466,200
M3SDA_Reg,0.1164823711243592,200
CMSS_Reg,0.1123252601912842,200
TKRR,1.812172351939366,300
CDAR,6.240430336307509,300
DARC,36.39943388848842,300
VNCD_MDD,0.128037937184373,300
M3SDA_Reg,0.1134236864137633,300
CMSS_Reg,0.1088143770147716,300
TKRR,1.835143041975088,500
CDAR,6.334262342674709,500
DARC,33.15417227581273,500
VNCD_MDD,0.1278959328469731,500
M3SDA_Reg,0.1152915719352351,500
CMSS_Reg,0.0984229171634207,500
XGBoost_Target_Only,0.1157180481940461,100
KRR_Target_Only,0.4865990218492034,100
NN_Target_Only,0.3863430798600994,100
XGBoost_Pool,0.1044339428075322,100
KRR_Pool,0.3188982395282395,100
NN_Pool,0.1945215347372333,100
XGBoost_TLCQM,0.1011422971739591,100
KRR_TLCQM,0.1797400606091396,100
NN_TLCQM,0.1157840471426481,100
XGBoost_Target_Only,0.120299414987413,200
KRR_Target_Only,0.4289627386668297,200
NN_Target_Only,0.2225196782690474,200
XGBoost_Pool,0.0998775959749097,200
KRR_Pool,0.388253998143151,200
NN_Pool,0.2101602987721175,200
XGBoost_TLCQM,0.0971062067784008,200
KRR_TLCQM,0.2088234121616535,200
NN_TLCQM,0.1083032752577588,200
XGBoost_Target_Only,0.1039506053882475,300
KRR_Target_Only,0.3036687122022508,300
NN_Target_Only,0.1545013898338357,300
XGBoost_Pool,0.097264425820057,300
KRR_Pool,0.5020254715204234,300
NN_Pool,0.1778709747627162,300
XGBoost_TLCQM,0.0966337266317477,300
KRR_TLCQM,0.1885293057461632,300
NN_TLCQM,0.1004579915100683,300
XGBoost_Target_Only,0.0923851170841173,500
KRR_Target_Only,0.2379280025192537,500
NN_Target_Only,0.1315983560536912,500
XGBoost_Pool,0.0935900311613845,500
KRR_Pool,0.7003219136646477,500
NN_Pool,0.1270632010928012,500
XGBoost_TLCQM,0.0966756432243823,500
KRR_TLCQM,0.1743570596696831,500
NN_TLCQM,0.0984986278056007,500
TKRR,1.931935391743811,100
CDAR,5.190090549800546,100
DARC,31.353262016467315,100
VNCD_MDD,0.171066875876376,100
M3SDA_Reg,0.1191421440511679,100
CMSS_Reg,0.12170211421845,100
TKRR,1.887912732032753,200
CDAR,5.767521767716214,200
DARC,32.16669500704323,200
VNCD_MDD,0.1676830988845195,200
M3SDA_Reg,0.1125974290306703,200
CMSS_Reg,0.1221752913900107,200
TKRR,1.8534537866862533,300
CDAR,5.76140329666862,300
DARC,26.85904830622453,300
VNCD_MDD,0.1275378835402098,300
M3SDA_Reg,0.1098792663186374,300
CMSS_Reg,0.1103833238406627,300
TKRR,1.7994335663895862,500
CDAR,5.714930425919755,500
DARC,28.28592917603198,500
VNCD_MDD,0.1289022693796491,500
M3SDA_Reg,0.114787948212391,500
CMSS_Reg,0.1050504115993197,500
XGBoost_Target_Only,0.1066508406728091,100
KRR_Target_Only,0.7293552384847852,100
NN_Target_Only,0.4152956655349655,100
XGBoost_Pool,0.1018862527125484,100
KRR_Pool,0.3105183599413426,100
NN_Pool,0.1971145182765822,100
XGBoost_TLCQM,0.0997811101822938,100
KRR_TLCQM,0.1746475344892619,100
NN_TLCQM,0.121751866500226,100
XGBoost_Target_Only,0.1114870984691873,200
KRR_Target_Only,0.553843854201363,200
NN_Target_Only,0.2822467533122383,200
XGBoost_Pool,0.1000179991097629,200
KRR_Pool,0.3816609912328811,200
NN_Pool,0.1944942660756767,200
XGBoost_TLCQM,0.0994869266456532,200
KRR_TLCQM,0.1733797366896001,200
NN_TLCQM,0.1151192224778234,200
XGBoost_Target_Only,0.1087895528030158,300
KRR_Target_Only,0.4302426155347862,300
NN_Target_Only,0.2337486170108466,300
XGBoost_Pool,0.0994501526834154,300
KRR_Pool,0.4980869301824095,300
NN_Pool,0.2025120612626035,300
XGBoost_TLCQM,0.0988417921987327,300
KRR_TLCQM,0.1550617606917555,300
NN_TLCQM,0.1123796531081339,300
XGBoost_Target_Only,0.0924542820918958,500
KRR_Target_Only,0.2913570024271886,500
NN_Target_Only,0.1601478580376399,500
XGBoost_Pool,0.0967332984055683,500
KRR_Pool,0.6999698068376858,500
NN_Pool,0.2331697362689103,500
XGBoost_TLCQM,0.09836987908846,500
KRR_TLCQM,0.1577567166682777,500
NN_TLCQM,0.1114032113889724,500
TKRR,1.8418982053701576,100
CDAR,6.689532896446676,100
DARC,28.81441033164088,100
VNCD_MDD,0.159942979143391,100
M3SDA_Reg,0.1174618451735629,100
CMSS_Reg,0.1072773102467433,100
TKRR,1.8512304647752764,200
CDAR,6.155599821575125,200
DARC,29.610206185706872,200
VNCD_MDD,0.1487501378472369,200
M3SDA_Reg,0.1235727770682045,200
CMSS_Reg,0.1080114360270686,200
TKRR,1.8726444920856384,300
CDAR,6.1477419897975,300
DARC,30.1063129061812,300
VNCD_MDD,0.1267270776850175,300
M3SDA_Reg,0.119252960284827,300
CMSS_Reg,0.1055391502029921,300
TKRR,1.845249968307273,500
CDAR,6.143231585541013,500
DARC,29.340362955772825,500
VNCD_MDD,0.116827769472917,500
M3SDA_Reg,0.1244478086925976,500
CMSS_Reg,0.0988136606527602,500
XGBoost_Target_Only,0.1123343334591379,100
KRR_Target_Only,0.801867574593386,100
NN_Target_Only,0.4155963871676896,100
XGBoost_Pool,0.1003328004780053,100
KRR_Pool,0.3181882976749765,100
NN_Pool,0.2013287048688471,100
XGBoost_TLCQM,0.0992132449622869,100
KRR_TLCQM,0.1942876088154684,100
NN_TLCQM,0.106194409680203,100
XGBoost_Target_Only,0.1005143688884766,200
KRR_Target_Only,0.6110367061537667,200
NN_Target_Only,0.2978557680711868,200
XGBoost_Pool,0.0993381003304447,200
KRR_Pool,0.3896051431804873,200
NN_Pool,0.1926398609514517,200
XGBoost_TLCQM,0.09979715773394,200
KRR_TLCQM,0.1970224013649819,200
NN_TLCQM,0.1096066708229593,200
XGBoost_Target_Only,0.1003617210561453,300
KRR_Target_Only,0.430211556408095,300
NN_Target_Only,0.190732239356662,300
XGBoost_Pool,0.0980542065774159,300
KRR_Pool,0.5087332331003368,300
NN_Pool,0.1958020543365464,300
XGBoost_TLCQM,0.0983181802001292,300
KRR_TLCQM,0.1850415331961354,300
NN_TLCQM,0.1146408596829604,300
XGBoost_Target_Only,0.0958753214425728,500
KRR_Target_Only,0.3721955289682098,500
NN_Target_Only,0.1496480211685227,500
XGBoost_Pool,0.0956709419888613,500
KRR_Pool,0.7161622058549465,500
NN_Pool,0.2070590995984418,500
XGBoost_TLCQM,0.0971164482061754,500
KRR_TLCQM,0.1833253983509226,500
NN_TLCQM,0.1089227159619465,500
TKRR,1.938480201943449,100
CDAR,5.349700173293273,100
DARC,28.500170012765405,100
VNCD_MDD,0.1423893447975194,100
M3SDA_Reg,0.1176481764515742,100
CMSS_Reg,0.113653749154438,100
TKRR,2.0574793590259346,200
CDAR,6.041173823537385,200
DARC,30.344344952173696,200
VNCD_MDD,0.1511227702241232,200
M3SDA_Reg,0.1225916466462114,200
CMSS_Reg,0.111724519639701,200
TKRR,1.8254748058279997,300
CDAR,5.990078425540077,300
DARC,30.302683223570565,300
VNCD_MDD,0.1503267265972583,300
M3SDA_Reg,0.1210328293452274,300
CMSS_Reg,0.1094428715980236,300
TKRR,1.8072741190419448,500
CDAR,6.008812987994695,500
DARC,30.584594004267963,500
VNCD_MDD,0.1328347071529335,500
M3SDA_Reg,0.1200456574814473,500
CMSS_Reg,0.1064244303566047,500
XGBoost_Target_Only,0.12831365333286,100
KRR_Target_Only,1.0900328960744976,100
NN_Target_Only,0.6471428499027562,100
XGBoost_Pool,0.1067066581762927,100
KRR_Pool,0.3194726157343036,100
NN_Pool,0.2288992796275008,100
XGBoost_TLCQM,0.1140341712856599,100
KRR_TLCQM,0.2257698110670164,100
NN_TLCQM,0.1201036892869338,100
XGBoost_Target_Only,0.1161646011425067,200
KRR_Target_Only,0.8114587739920739,200
NN_Target_Only,0.525735240100998,200
XGBoost_Pool,0.0997029805498527,200
KRR_Pool,0.3907273139353368,200
NN_Pool,0.2134723269655352,200
XGBoost_TLCQM,0.1036821339312353,200
KRR_TLCQM,0.2118045539664113,200
NN_TLCQM,0.1247317236501153,200
XGBoost_Target_Only,0.1019318014555071,300
KRR_Target_Only,0.5771849638502533,300
NN_Target_Only,0.2795350848793784,300
XGBoost_Pool,0.0997172829489245,300
KRR_Pool,0.5101429341858444,300
NN_Pool,0.2031875713336034,300
XGBoost_TLCQM,0.1036981002430374,300
KRR_TLCQM,0.1948371209133158,300
NN_TLCQM,0.1186965055449148,300
XGBoost_Target_Only,0.0982700314212272,500
KRR_Target_Only,0.4792325323745107,500
NN_Target_Only,0.222331230727579,500
XGBoost_Pool,0.096885645730578,500
KRR_Pool,0.7151752166178234,500
NN_Pool,0.1836091976193143,500
XGBoost_TLCQM,0.1045213146267971,500
KRR_TLCQM,0.1983536559194505,500
NN_TLCQM,0.1172507755489672,500
TKRR,1.8875621078362776,100
CDAR,6.115992293425704,100
DARC,35.28174209928024,100
VNCD_MDD,0.2094819459025828,100
M3SDA_Reg,0.1289957637105823,100
CMSS_Reg,0.1342348013642928,100
TKRR,1.7605621876444044,200
CDAR,6.30625215208067,200
DARC,21.586721071191565,200
VNCD_MDD,0.1499724998489449,200
M3SDA_Reg,0.1191789468072108,200
CMSS_Reg,0.1148829965889392,200
TKRR,1.8535593486404531,300
CDAR,6.365203051347187,300
DARC,22.217723305927876,300
VNCD_MDD,0.1518470541507872,300
M3SDA_Reg,0.1189971080156537,300
CMSS_Reg,0.1083107850482216,300
TKRR,1.8884746093626272,500
CDAR,6.591715069295852,500
DARC,29.78538474729948,500
VNCD_MDD,0.1355962541780555,500
M3SDA_Reg,0.1205484816579958,500
CMSS_Reg,0.1067708386634913,500
XGBoost_Target_Only,0.1134759144877369,100
KRR_Target_Only,1.532045304924086,100
NN_Target_Only,1.3236312117201043,100
XGBoost_Pool,0.1006692662541557,100
KRR_Pool,0.3187881794688424,100
NN_Pool,0.1981347894980689,100
XGBoost_TLCQM,0.1007542879299998,100
KRR_TLCQM,0.2244384324363134,100
NN_TLCQM,0.1395989481844574,100
XGBoost_Target_Only,0.1087599883420418,200
KRR_Target_Only,0.6038828451430179,200
NN_Target_Only,0.3752341213007408,200
XGBoost_Pool,0.0993416755719918,200
KRR_Pool,0.3900405471965747,200
NN_Pool,0.1763179583147378,200
XGBoost_TLCQM,0.1003494097019471,200
KRR_TLCQM,0.2399782719051042,200
NN_TLCQM,0.121788577947146,200
XGBoost_Target_Only,0.1121604056938386,300
KRR_Target_Only,0.4760351193525848,300
NN_Target_Only,0.2482425847457784,300
XGBoost_Pool,0.0990629065159537,300
KRR_Pool,0.5122844152109571,300
NN_Pool,0.1856669808864821,300
XGBoost_TLCQM,0.1006364953407824,300
KRR_TLCQM,0.2368387264228799,300
NN_TLCQM,0.1141786510006836,300
XGBoost_Target_Only,0.0922593518248796,500
KRR_Target_Only,0.2780598900040499,500
NN_Target_Only,0.1699006218702824,500
XGBoost_Pool,0.0949166116055382,500
KRR_Pool,0.7068750202049642,500
NN_Pool,0.1652668367541456,500
XGBoost_TLCQM,0.0976862687749857,500
KRR_TLCQM,0.1673418210720139,500
NN_TLCQM,0.1081688101404355,500
TKRR,1.9274060658700287,100
CDAR,6.381218448575551,100
DARC,27.09437455860143,100
VNCD_MDD,0.1338205070480707,100
M3SDA_Reg,0.1071629078666014,100
CMSS_Reg,0.1169082580472348,100
TKRR,1.904042299165717,200
CDAR,6.2236164310521245,200
DARC,38.69240257508192,200
VNCD_MDD,0.144631528547111,200
M3SDA_Reg,0.1086399668362321,200
CMSS_Reg,0.1180218877492387,200
TKRR,1.9029559617809388,300
CDAR,6.301570978707653,300
DARC,39.22455016856659,300
VNCD_MDD,0.1394649017566784,300
M3SDA_Reg,0.1124485657154418,300
CMSS_Reg,0.1134866763715683,300
TKRR,1.7968334575477372,500
CDAR,6.169190201552387,500
DARC,37.91352160658657,500
VNCD_MDD,0.1191506950724782,500
M3SDA_Reg,0.1142341977214932,500
CMSS_Reg,0.1033328362960775,500
XGBoost_Target_Only,0.1242871010129018,100
KRR_Target_Only,0.8589795687283127,100
NN_Target_Only,0.6140529799126346,100
XGBoost_Pool,0.1009795590084086,100
KRR_Pool,0.3186882490239844,100
NN_Pool,0.204428014382419,100
XGBoost_TLCQM,0.1023126566293163,100
KRR_TLCQM,0.2134278056965542,100
NN_TLCQM,0.1109305753721447,100
XGBoost_Target_Only,0.1126213199964189,200
KRR_Target_Only,0.5138729062293601,200
NN_Target_Only,0.3550457713590031,200
XGBoost_Pool,0.1009822395106283,200
KRR_Pool,0.3907150047685294,200
NN_Pool,0.1882354682071642,200
XGBoost_TLCQM,0.1022497009770768,200
KRR_TLCQM,0.2186799631066854,200
NN_TLCQM,0.1096738837129173,200
XGBoost_Target_Only,0.1053722422924158,300
KRR_Target_Only,0.4083697985310754,300
NN_Target_Only,0.1786035017569374,300
XGBoost_Pool,0.0988016270183497,300
KRR_Pool,0.5105684699169442,300
NN_Pool,0.2012601740040383,300
XGBoost_TLCQM,0.1028799660567425,300
KRR_TLCQM,0.2112603573923231,300
NN_TLCQM,0.1123241701540497,300
XGBoost_Target_Only,0.1042379937959331,500
KRR_Target_Only,0.3130152438065215,500
NN_Target_Only,0.1485970598997088,500
XGBoost_Pool,0.0964919686057158,500
KRR_Pool,0.7110278624627772,500
NN_Pool,0.2014947118365081,500
XGBoost_TLCQM,0.1038840329455519,500
KRR_TLCQM,0.2093065367146256,500
NN_TLCQM,0.1118484536241169,500
TKRR,1.9321879422053592,100
CDAR,48.810081586754045,100
DARC,38.83778574221745,100
VNCD_MDD,0.1568062794798351,100
M3SDA_Reg,0.1138817980165415,100
CMSS_Reg,0.117640861471089,100
TKRR,1.8707886216884104,200
CDAR,5.473868850584958,200
DARC,38.48703205703218,200
VNCD_MDD,0.1519752920173839,200
M3SDA_Reg,0.1123859153579018,200
CMSS_Reg,0.1121273316471667,200
TKRR,1.8402615977376269,300
CDAR,5.50523456986293,300
DARC,38.46703977815071,300
VNCD_MDD,0.1480145783876735,300
M3SDA_Reg,0.1184855167757989,300
CMSS_Reg,0.1104603392553821,300
TKRR,1.798530874114271,500
CDAR,5.544166949989863,500
DARC,37.9787044851134,500
VNCD_MDD,0.1356730216670237,500
M3SDA_Reg,0.1210741166840546,500
CMSS_Reg,0.1051006350980169,500
XGBoost_Target_Only,0.1333189858497227,100
KRR_Target_Only,1.0459110647259813,100
NN_Target_Only,0.5496513290478433,100
XGBoost_Pool,0.1005641439715704,100
KRR_Pool,0.3188469432142946,100
NN_Pool,0.2065088542268236,100
XGBoost_TLCQM,0.1119146980844219,100
KRR_TLCQM,0.2234264203713507,100
NN_TLCQM,0.1210116356669892,100
XGBoost_Target_Only,0.103846874497455,200
KRR_Target_Only,0.4847238667021102,200
NN_Target_Only,0.2917337276599877,200
XGBoost_Pool,0.0980701474000141,200
KRR_Pool,0.3860863871785894,200
NN_Pool,0.2195870351854148,200
XGBoost_TLCQM,0.105282047982902,200
KRR_TLCQM,0.1843926819660559,200
NN_TLCQM,0.1074173501654575,200
XGBoost_Target_Only,0.1011586398030372,300
KRR_Target_Only,0.3345586170605694,300
NN_Target_Only,0.1856491119023657,300
XGBoost_Pool,0.0996272574851402,300
KRR_Pool,0.4941235547297966,300
NN_Pool,0.1975992092088041,300
XGBoost_TLCQM,0.102880798187061,300
KRR_TLCQM,0.1787449970177738,300
NN_TLCQM,0.1111344815331229,300
XGBoost_Target_Only,0.092414771430326,500
KRR_Target_Only,0.2707490016911603,500
NN_Target_Only,0.1430820839333682,500
XGBoost_Pool,0.0967406399084629,500
KRR_Pool,0.7030627034929979,500
NN_Pool,0.1776195653120608,500
XGBoost_TLCQM,0.1009755638787601,500
KRR_TLCQM,0.162767558596818,500
NN_TLCQM,0.1072907508709198,500
TKRR,2.091894069776204,100
CDAR,5.780337152683927,100
DARC,43.63725123807775,100
VNCD_MDD,0.1331878556495379,100
M3SDA_Reg,0.1262895513049537,100
CMSS_Reg,0.1311273391232514,100
TKRR,1.8780606073691632,200
CDAR,5.369400408277666,200
DARC,28.22033203327708,200
VNCD_MDD,0.1431563625677808,200
M3SDA_Reg,0.1172030284117367,200
CMSS_Reg,0.1170632380810153,200
TKRR,1.7879472111964654,300
CDAR,5.396470122435928,300
DARC,28.54965203867408,300
VNCD_MDD,0.1282687728509563,300
M3SDA_Reg,0.116828073360401,300
CMSS_Reg,0.1136115998688184,300
TKRR,1.794067235769538,500
CDAR,5.421879000723207,500
DARC,27.88328515922035,500
VNCD_MDD,0.1271666491900446,500
M3SDA_Reg,0.1195489122657421,500
CMSS_Reg,0.1096829992491108,500
XGBoost_Target_Only,0.1520268856192877,100
KRR_Target_Only,1.382067649135354,100
NN_Target_Only,0.9410741117083268,100
XGBoost_Pool,0.1056796684147191,100
KRR_Pool,0.319788639872733,100
NN_Pool,0.1878147162984238,100
XGBoost_TLCQM,0.1105150187541754,100
KRR_TLCQM,0.2235374806450981,100
NN_TLCQM,0.129363136225828,100
XGBoost_Target_Only,0.1078550548499068,200
KRR_Target_Only,0.53296735971783,200
NN_Target_Only,0.3093191292731221,200
XGBoost_Pool,0.098935361324946,200
KRR_Pool,0.3863952579262951,200
NN_Pool,0.2057493345073279,200
XGBoost_TLCQM,0.1039922808137738,200
KRR_TLCQM,0.1861252626302549,200
NN_TLCQM,0.1098506151006533,200
XGBoost_Target_Only,0.1119127769047349,300
KRR_Target_Only,0.4473817707792141,300
NN_Target_Only,0.1877175098075771,300
XGBoost_Pool,0.0996595149797924,300
KRR_Pool,0.5041775687389167,300
NN_Pool,0.1928205755890209,300
XGBoost_TLCQM,0.1061967050595485,300
KRR_TLCQM,0.1830328151559332,300
NN_TLCQM,0.1113366603740076,300
XGBoost_Target_Only,0.0925330993140781,500
KRR_Target_Only,0.2933738324469965,500
NN_Target_Only,0.1377570298949353,500
XGBoost_Pool,0.0969569849760616,500
KRR_Pool,0.7119070649120128,500
NN_Pool,0.210259879599581,500
XGBoost_TLCQM,0.1029464857567267,500
KRR_TLCQM,0.1836856825480131,500
NN_TLCQM,0.1054659151473521,500
TKRR,1.9135428510360752,100
CDAR,5.625674905435118,100
DARC,23.124146291344047,100
VNCD_MDD,0.1785979466506383,100
M3SDA_Reg,0.1170041103355099,100
CMSS_Reg,0.1258004754748244,100
TKRR,1.9528476664757504,200
CDAR,51.16474195516745,200
DARC,36.43439183995579,200
VNCD_MDD,0.1596043146519069,200
M3SDA_Reg,0.1187487385641807,200
CMSS_Reg,0.1171062221233247,200
TKRR,1.888397850689506,300
CDAR,51.17072516093525,300
DARC,36.69830757697134,300
VNCD_MDD,0.1310311572385571,300
M3SDA_Reg,0.1181999519194752,300
CMSS_Reg,0.1147205836947035,300
TKRR,1.9225135789603365,500
CDAR,51.14719362918928,500
DARC,36.20185792885235,500
VNCD_MDD,0.1259856848455313,500
M3SDA_Reg,0.1171703150094451,500
CMSS_Reg,0.1047251417687457,500
XGBoost_Target_Only,0.109765567308188,100
KRR_Target_Only,0.7899177024901195,100
NN_Target_Only,0.3171544395782192,100
XGBoost_Pool,0.1028039438937761,100
KRR_Pool,0.3189710024968966,100
NN_Pool,0.2031912439426296,100
XGBoost_TLCQM,0.100845178165377,100
KRR_TLCQM,0.2017430462842598,100
NN_TLCQM,0.1147172087162422,100
XGBoost_Target_Only,0.1018534232250965,200
KRR_Target_Only,0.4932855125605339,200
NN_Target_Only,0.2143038317374758,200
XGBoost_Pool,0.0982736471902692,200
KRR_Pool,0.3901121459945226,200
NN_Pool,0.1924754513541809,200
XGBoost_TLCQM,0.0971997412458104,200
KRR_TLCQM,0.1899420165990416,200
NN_TLCQM,0.1028705710900841,200
XGBoost_Target_Only,0.1061358346442659,300
KRR_Target_Only,0.3712618037835927,300
NN_Target_Only,0.1737009986916106,300
XGBoost_Pool,0.0969401293002538,300
KRR_Pool,0.5132071553002623,300
NN_Pool,0.1815955653853183,300
XGBoost_TLCQM,0.0964672937707583,300
KRR_TLCQM,0.1808612805149816,300
NN_TLCQM,0.1063108560159134,300
XGBoost_Target_Only,0.0947055946078517,500
KRR_Target_Only,0.297602131499962,500
NN_Target_Only,0.1315866873238052,500
XGBoost_Pool,0.0974352914681637,500
KRR_Pool,0.7212731096141972,500
NN_Pool,0.2078805163975595,500
XGBoost_TLCQM,0.098043249518028,500
KRR_TLCQM,0.1704609858484747,500
NN_TLCQM,0.1012490315980134,500
TKRR,1.8928271494642916,100
CDAR,5.203172919553751,100
DARC,31.478329005577383,100
VNCD_MDD,0.1510850402265239,100
M3SDA_Reg,0.1118919511504545,100
CMSS_Reg,0.1056176526739101,100
TKRR,2.013583095854853,200
CDAR,5.160844009557703,200
DARC,25.278976963112004,200
VNCD_MDD,0.1324877745882883,200
M3SDA_Reg,0.1212756905076872,200
CMSS_Reg,0.1057003867008161,200
TKRR,1.8307027765566444,300
CDAR,5.143681002460273,300
DARC,25.46925869442631,300
VNCD_MDD,0.1324428068808056,300
M3SDA_Reg,0.1164958396061844,300
CMSS_Reg,0.1036928682425773,300
TKRR,1.815296499079589,500
CDAR,5.144685210823631,500
DARC,25.22440120945311,500
VNCD_MDD,0.1282671112788814,500
M3SDA_Reg,0.120142131612939,500
CMSS_Reg,0.0990759884893718,500
XGBoost_Target_Only,0.1096776547791303,100
KRR_Target_Only,0.6514141776171735,100
NN_Target_Only,0.426107508445025,100
XGBoost_Pool,0.1018776496987046,100
KRR_Pool,0.3193485797789014,100
NN_Pool,0.2079959179647659,100
XGBoost_TLCQM,0.0991304465024904,100
KRR_TLCQM,0.2446746120589908,100
NN_TLCQM,0.1161998872252726,100
XGBoost_Target_Only,0.1041421578608477,200
KRR_Target_Only,0.5108793260146333,200
NN_Target_Only,0.3065385433846165,200
XGBoost_Pool,0.0983166614731746,200
KRR_Pool,0.3921721679046894,200
NN_Pool,0.183940179857157,200
XGBoost_TLCQM,0.0975111215886351,200
KRR_TLCQM,0.1993833143049103,200
NN_TLCQM,0.1107131776018252,200
XGBoost_Target_Only,0.0990944903678864,300
KRR_Target_Only,0.456108781313406,300
NN_Target_Only,0.1954125151020426,300
XGBoost_Pool,0.0980983053517668,300
KRR_Pool,0.5123246719579557,300
NN_Pool,0.2007925817391669,300
XGBoost_TLCQM,0.0975713485002214,300
KRR_TLCQM,0.1986394799748929,300
NN_TLCQM,0.1111856861380396,300
XGBoost_Target_Only,0.0982617009194453,500
KRR_Target_Only,0.3856613000468963,500
NN_Target_Only,0.1465136375505449,500
XGBoost_Pool,0.0955829053312533,500
KRR_Pool,0.7195726848489713,500
NN_Pool,0.1878760834271709,500
XGBoost_TLCQM,0.0977933163278372,500
KRR_TLCQM,0.2083737767906487,500
NN_TLCQM,0.1081935226823016,500
TKRR,1.883454150522177,100
CDAR,5.50620281098132,100
DARC,32.67435887245144,100
VNCD_MDD,0.1515417954517414,100
M3SDA_Reg,0.1063233207366471,100
CMSS_Reg,0.1157595938022319,100
TKRR,1.838310545693652,200
CDAR,5.489644235636984,200
DARC,28.56765096049744,200
VNCD_MDD,0.1291314143402208,200
M3SDA_Reg,0.113909889820769,200
CMSS_Reg,0.108572760890889,200
TKRR,1.8789390940702817,300
CDAR,5.515763807346013,300
DARC,23.511802512365698,300
VNCD_MDD,0.1208550617124743,300
M3SDA_Reg,0.1110267308357269,300
CMSS_Reg,0.1009890831792533,300
TKRR,1.7777102552429065,500
CDAR,5.531141288282405,500
DARC,32.973052036977016,500
VNCD_MDD,0.1172771298978056,500
M3SDA_Reg,0.1139759998647205,500
CMSS_Reg,0.1029820848270661,500
XGBoost_Target_Only,0.1185934205846987,100
KRR_Target_Only,0.8219629055388679,100
NN_Target_Only,0.4696517788811722,100
XGBoost_Pool,0.1019128165784786,100
KRR_Pool,0.3194532603903431,100
NN_Pool,0.2039568507338667,100
XGBoost_TLCQM,0.1035754251200474,100
KRR_TLCQM,0.2074598554306714,100
NN_TLCQM,0.1190967503783046,100
XGBoost_Target_Only,0.1152430527502163,200
KRR_Target_Only,0.5473693236148863,200
NN_Target_Only,0.303278631256351,200
XGBoost_Pool,0.0967129247525398,200
KRR_Pool,0.3852000255236802,200
NN_Pool,0.1956606968828566,200
XGBoost_TLCQM,0.0993198069888727,200
KRR_TLCQM,0.1970855751057651,200
NN_TLCQM,0.1098011771214944,200
XGBoost_Target_Only,0.0961283546358198,300
KRR_Target_Only,0.3813481432224808,300
NN_Target_Only,0.1866966992119767,300
XGBoost_Pool,0.0962220942686135,300
KRR_Pool,0.4946275946510666,300
NN_Pool,0.1868367182636076,300
XGBoost_TLCQM,0.0969832667585791,300
KRR_TLCQM,0.1561850983606609,300
NN_TLCQM,0.1109934365236022,300
XGBoost_Target_Only,0.091586132947686,500
KRR_Target_Only,0.3159062263527178,500
NN_Target_Only,0.1575765522494385,500
XGBoost_Pool,0.0962602231413856,500
KRR_Pool,0.6999131804653392,500
NN_Pool,0.2206641698440036,500
XGBoost_TLCQM,0.0968205712956331,500
KRR_TLCQM,0.1576503658382489,500
NN_TLCQM,0.1117341985984527,500
TKRR,1.898847852143752,100
CDAR,6.484962331746648,100
DARC,21.62110267885809,100
VNCD_MDD,0.1654862798525221,100
M3SDA_Reg,0.1182954743632802,100
CMSS_Reg,0.1179716873452065,100
TKRR,1.8704180121281733,200
CDAR,4.983896124257367,200
DARC,30.668089259247168,200
VNCD_MDD,0.1539944200829182,200
M3SDA_Reg,0.1173833408562776,200
CMSS_Reg,0.1197536665913663,200
TKRR,1.8923995524953676,300
CDAR,4.933480919436979,300
DARC,31.04228897193488,300
VNCD_MDD,0.1449563959908823,300
M3SDA_Reg,0.1150160583059788,300
CMSS_Reg,0.1123187095028189,300
TKRR,1.8000373727001322,500
CDAR,5.00950019509192,500
DARC,30.995498204842505,500
VNCD_MDD,0.170731469258473,500
M3SDA_Reg,0.1195412218715157,500
CMSS_Reg,0.1087234715495544,500
XGBoost_Target_Only,0.1182379775170239,100
KRR_Target_Only,1.148490740367277,100
NN_Target_Only,0.6060539888918941,100
XGBoost_Pool,0.102027036975519,100
KRR_Pool,0.3192569045067293,100
NN_Pool,0.1974025993968558,100
XGBoost_TLCQM,0.1031945958333013,100
KRR_TLCQM,0.1966849281659276,100
NN_TLCQM,0.1317183287147381,100
XGBoost_Target_Only,0.1054611296457569,200
KRR_Target_Only,0.9242484041959584,200
NN_Target_Only,0.7898376907775899,200
XGBoost_Pool,0.0981876424602338,200
KRR_Pool,0.3909260709565018,200
NN_Pool,0.1672668940061794,200
XGBoost_TLCQM,0.0984101978069172,200
KRR_TLCQM,0.2143526931213735,200
NN_TLCQM,0.1143480776487227,200
XGBoost_Target_Only,0.1018487664626145,300
KRR_Target_Only,0.751700789808866,300
NN_Target_Only,0.6013787832951634,300
XGBoost_Pool,0.0973303628299349,300
KRR_Pool,0.5128472152488717,300
NN_Pool,0.1815690087527189,300
XGBoost_TLCQM,0.1001038937613958,300
KRR_TLCQM,0.2111155257225134,300
NN_TLCQM,0.1183759222707069,300
XGBoost_Target_Only,0.093908134848025,500
KRR_Target_Only,0.5751447740002067,500
NN_Target_Only,0.2848658773913918,500
XGBoost_Pool,0.0955524133064955,500
KRR_Pool,0.7250781051682901,500
NN_Pool,0.1925314101986069,500
XGBoost_TLCQM,0.097725150777558,500
KRR_TLCQM,0.2682978141925868,500
NN_TLCQM,0.1095100437713727,500
TKRR,2.0617443633803165,100
CDAR,5.52570293812033,100
DARC,25.54130524446088,100
VNCD_MDD,0.1763199276099648,100
M3SDA_Reg,0.1134816162724167,100
CMSS_Reg,0.1165011777749067,100
TKRR,1.9131639955261603,200
CDAR,6.00124529322505,200
DARC,28.37102148426608,200
VNCD_MDD,0.1824940449647343,200
M3SDA_Reg,0.1090150107352288,200
CMSS_Reg,0.1162382379605444,200
TKRR,2.0627382864069066,300
CDAR,6.169972778850112,300
DARC,28.72915075533978,300
VNCD_MDD,0.2020107029038637,300
M3SDA_Reg,0.1047847998880957,300
CMSS_Reg,0.1093185388639621,300
TKRR,1.855956994638081,500
CDAR,5.933107721979545,500
DARC,28.32619721818661,500
VNCD_MDD,0.193244391442772,500
M3SDA_Reg,0.1151175848500742,500
CMSS_Reg,0.1062938037727085,500
XGBoost_Target_Only,0.1094035393281192,100
KRR_Target_Only,0.768874098455417,100
NN_Target_Only,0.4480155368884998,100
XGBoost_Pool,0.0993062685785605,100
KRR_Pool,0.3179735088806854,100
NN_Pool,0.2184064037265925,100
XGBoost_TLCQM,0.1062457778627768,100
KRR_TLCQM,0.1814684431778532,100
NN_TLCQM,0.1330400310053837,100
XGBoost_Target_Only,0.1073979265578316,200
KRR_Target_Only,0.6365476164237203,200
NN_Target_Only,0.3556019127714711,200
XGBoost_Pool,0.099765279709791,200
KRR_Pool,0.3880476231100823,200
NN_Pool,0.1982020070483411,200
XGBoost_TLCQM,0.1042973932344969,200
KRR_TLCQM,0.2021025973241849,200
NN_TLCQM,0.1231814338690878,200
XGBoost_Target_Only,0.099165135366296,300
KRR_Target_Only,0.402076931988081,300
NN_Target_Only,0.1845013749955142,300
XGBoost_Pool,0.0991897307666466,300
KRR_Pool,0.5000814729707401,300
NN_Pool,0.1990255242830654,300
XGBoost_TLCQM,0.1011216466653193,300
KRR_TLCQM,0.1865385856979114,300
NN_TLCQM,0.1138003214137277,300
XGBoost_Target_Only,0.0953416442344921,500
KRR_Target_Only,0.3907678233963845,500
NN_Target_Only,0.1588163107842917,500
XGBoost_Pool,0.0967297403595751,500
KRR_Pool,0.7049903697774057,500
NN_Pool,0.1488274923454192,500
XGBoost_TLCQM,0.1044906897474952,500
KRR_TLCQM,0.2036254784872233,500
NN_TLCQM,0.1135968212483214,500
TKRR,1.9436807871708537,100
CDAR,5.7600012581934426,100
DARC,6.611020272376535,100
VNCD_MDD,0.1587234739795324,100
M3SDA_Reg,0.1150431775391866,100
CMSS_Reg,0.1119408426172289,100
TKRR,1.9104582371085552,200
CDAR,6.279841250277055,200
DARC,24.703700454544947,200
VNCD_MDD,0.1589375160456953,200
M3SDA_Reg,0.1164617930212773,200
CMSS_Reg,0.1110422028420092,200
TKRR,1.8926314944639284,300
CDAR,6.297351582603525,300
DARC,24.823730273674133,300
VNCD_MDD,0.1278684765293855,300
M3SDA_Reg,0.1165633928747331,300
CMSS_Reg,0.10690184556444,300
TKRR,2.000093049049288,500
CDAR,6.3292044819385564,500
DARC,24.95815771067396,500
VNCD_MDD,0.1248003242883058,500
M3SDA_Reg,0.1156094083188427,500
CMSS_Reg,0.1067973178953007,500
XGBoost_Target_Only,0.1239985692390499,100
KRR_Target_Only,0.9613133671032312,100
NN_Target_Only,0.5549037281735985,100
XGBoost_Pool,0.1041660093443521,100
KRR_Pool,0.3194721179801111,100
NN_Pool,0.2293999755787837,100
XGBoost_TLCQM,0.1046440626250656,100
KRR_TLCQM,0.2035842290772951,100
NN_TLCQM,0.1334985901064421,100
XGBoost_Target_Only,0.1013733263014746,200
KRR_Target_Only,0.6476130640040912,200
NN_Target_Only,0.2798921795066319,200
XGBoost_Pool,0.1001475659103702,200
KRR_Pool,0.3919046549895232,200
NN_Pool,0.1951135692334793,200
XGBoost_TLCQM,0.1011557221622334,200
KRR_TLCQM,0.2435583389315278,200
NN_TLCQM,0.1159704034421656,200
XGBoost_Target_Only,0.1053228850182767,300
KRR_Target_Only,0.513008712274656,300
NN_Target_Only,0.2289055617980348,300
XGBoost_Pool,0.0981657011290671,300
KRR_Pool,0.5090891955597189,300
NN_Pool,0.1779341628025367,300
XGBoost_TLCQM,0.099116622269675,300
KRR_TLCQM,0.2489219376716903,300
NN_TLCQM,0.1095969225250964,300
XGBoost_Target_Only,0.0952221006587736,500
KRR_Target_Only,0.40692184683146,500
NN_Target_Only,0.1892101633667519,500
XGBoost_Pool,0.0963399434894542,500
KRR_Pool,0.7125922602411888,500
NN_Pool,0.1201414584532409,500
XGBoost_TLCQM,0.1010689647415166,500
KRR_TLCQM,0.230634581981706,500
NN_TLCQM,0.1102609547323105,500
TKRR,1.8853998642302432,100
CDAR,6.379820507897304,100
DARC,26.06364965732352,100
VNCD_MDD,0.1672237433617616,100
M3SDA_Reg,0.1277719606814816,100
CMSS_Reg,0.1099624363866453,100
TKRR,1.8873337530982648,200
CDAR,32.753691227793034,200
DARC,36.019727294173656,200
VNCD_MDD,0.1509069651893742,200
M3SDA_Reg,0.1171664343871145,200
CMSS_Reg,0.1081772469942558,200
TKRR,1.8789999475723227,300
CDAR,32.40004560654653,300
DARC,36.93201462588043,300
VNCD_MDD,0.1491145184665168,300
M3SDA_Reg,0.1181319100457031,300
CMSS_Reg,0.1044808773942105,300
TKRR,1.8794709255028064,500
CDAR,32.6512824942986,500
DARC,36.64315072842649,500
VNCD_MDD,0.1373741415260889,500
M3SDA_Reg,0.1167260539184953,500
CMSS_Reg,0.100166333626658,500
XGBoost_Target_Only,0.1142462603977018,100
KRR_Target_Only,0.8811873353197288,100
NN_Target_Only,0.4056656512773882,100
XGBoost_Pool,0.1018848078759382,100
KRR_Pool,0.3191174964824288,100
NN_Pool,0.2076238687048625,100
XGBoost_TLCQM,0.1076112857830703,100
KRR_TLCQM,0.2315782241304327,100
NN_TLCQM,0.1269297834111031,100
XGBoost_Target_Only,0.1159696314023732,200
KRR_Target_Only,0.5924528543180125,200
NN_Target_Only,0.3393683554166308,200
XGBoost_Pool,0.1006495516256392,200
KRR_Pool,0.3897980318983273,200
NN_Pool,0.2331570992975425,200
XGBoost_TLCQM,0.1083759757838929,200
KRR_TLCQM,0.2111186561161413,200
NN_TLCQM,0.1220583200157689,200
XGBoost_Target_Only,0.1033335455840439,300
KRR_Target_Only,0.4380169262764029,300
NN_Target_Only,0.1933824620310728,300
XGBoost_Pool,0.0971503781649868,300
KRR_Pool,0.5113955548567058,300
NN_Pool,0.1967033971788584,300
XGBoost_TLCQM,0.1048676353788507,300
KRR_TLCQM,0.2272221533312823,300
NN_TLCQM,0.1173710395922268,300
XGBoost_Target_Only,0.0955290273626083,500
KRR_Target_Only,0.3350016865618482,500
NN_Target_Only,0.1461587548174026,500
XGBoost_Pool,0.0932332570320779,500
KRR_Pool,0.7094746942376376,500
NN_Pool,0.1863563233636034,500
XGBoost_TLCQM,0.1038455694399802,500
KRR_TLCQM,0.1918769467502893,500
NN_TLCQM,0.1124411232987162,500
TKRR,1.850476161005853,100
CDAR,5.620275928262883,100
DARC,32.132890991042885,100
VNCD_MDD,0.1891573519499418,100
M3SDA_Reg,0.1215671136690877,100
CMSS_Reg,0.1138125819837882,100
TKRR,1.907338441361964,200
CDAR,6.178022061921524,200
DARC,28.690725713992997,200
VNCD_MDD,0.1679971008950723,200
M3SDA_Reg,0.1205073867353004,200
CMSS_Reg,0.1121266799181916,200
TKRR,1.885429448136285,300
CDAR,6.182749257616894,300
DARC,28.571439501916192,300
VNCD_MDD,0.1375658466106485,300
M3SDA_Reg,0.1223422614122996,300
CMSS_Reg,0.1126663884795422,300
TKRR,1.8104650981819403,500
CDAR,6.214609729856358,500
DARC,30.37868404572434,500
VNCD_MDD,0.1340066904202481,500
M3SDA_Reg,0.1197157418228543,500
CMSS_Reg,0.1042901059144643,500
XGBoost_Target_Only,0.1086964941183955,100
KRR_Target_Only,0.6869912128439993,100
NN_Target_Only,0.5072378920891233,100
XGBoost_Pool,0.1012745291191671,100
KRR_Pool,0.3181391100272629,100
NN_Pool,0.2084517530812247,100
XGBoost_TLCQM,0.0997909220410642,100
KRR_TLCQM,0.1896937815690196,100
NN_TLCQM,0.1224996116090522,100
XGBoost_Target_Only,0.1028579742495238,200
KRR_Target_Only,0.5959027923285354,200
NN_Target_Only,0.3796352507469155,200
XGBoost_Pool,0.1029432196247059,200
KRR_Pool,0.388995392464683,200
NN_Pool,0.1941230241538937,200
XGBoost_TLCQM,0.0998008217730606,200
KRR_TLCQM,0.1838629941427478,200
NN_TLCQM,0.118691205059985,200
XGBoost_Target_Only,0.098537124626907,300
KRR_Target_Only,0.3122020347351378,300
NN_Target_Only,0.1892502884726322,300
XGBoost_Pool,0.098628247356649,300
KRR_Pool,0.5036760391046498,300
NN_Pool,0.2071792341836235,300
XGBoost_TLCQM,0.0996227657234383,300
KRR_TLCQM,0.164036772684995,300
NN_TLCQM,0.107443903599068,300
XGBoost_Target_Only,0.1087854953320824,500
KRR_Target_Only,0.2520818692302853,500
NN_Target_Only,0.143906726835356,500
XGBoost_Pool,0.0954511680759585,500
KRR_Pool,0.7049943669491647,500
NN_Pool,0.2060235069393158,500
XGBoost_TLCQM,0.1049612366456499,500
KRR_TLCQM,0.1647962050343363,500
NN_TLCQM,0.1164937839900197,500
TKRR,1.8697463288049343,100
CDAR,6.188096843504851,100
DARC,29.636990227843384,100
VNCD_MDD,0.1534235423621387,100
M3SDA_Reg,0.120171047194578,100
CMSS_Reg,0.1185232746612225,100
TKRR,1.8759333121854007,200
CDAR,5.720189536054891,200
DARC,32.025775694362075,200
VNCD_MDD,0.1545983388903917,200
M3SDA_Reg,0.1198954111376302,200
CMSS_Reg,0.1138344406244879,200
TKRR,1.8382593383458183,300
CDAR,5.677309416909456,300
DARC,32.31966580824568,300
VNCD_MDD,0.1375751287180928,300
M3SDA_Reg,0.1206582478249209,300
CMSS_Reg,0.1074224799137329,300
TKRR,1.7192597874087516,500
CDAR,5.669284156692761,500
DARC,32.31352965558794,500
VNCD_MDD,0.1413336801496415,500
M3SDA_Reg,0.1219175742518407,500
CMSS_Reg,0.1044021824672074,500
XGBoost_Target_Only,0.1134227941848368,100
KRR_Target_Only,1.1900584642841832,100
NN_Target_Only,0.9505238817007824,100
XGBoost_Pool,0.0977943707180089,100
KRR_Pool,0.3190065119359576,100
NN_Pool,0.1975717623871686,100
XGBoost_TLCQM,0.1047987091803909,100
KRR_TLCQM,0.289389516213653,100
NN_TLCQM,0.1481166946168382,100
XGBoost_Target_Only,0.1023382384366396,200
KRR_Target_Only,0.5068629893763534,200
NN_Target_Only,0.264794317684748,200
XGBoost_Pool,0.098061582260382,200
KRR_Pool,0.3898576498437697,200
NN_Pool,0.1926937627023576,200
XGBoost_TLCQM,0.1018294915474506,200
KRR_TLCQM,0.2376319704832716,200
NN_TLCQM,0.1167096590055888,200
XGBoost_Target_Only,0.096408572193688,300
KRR_Target_Only,0.3677265777090093,300
NN_Target_Only,0.1770150442209411,300
XGBoost_Pool,0.0986823305137045,300
KRR_Pool,0.5077794842579775,300
NN_Pool,0.1776837197093927,300
XGBoost_TLCQM,0.0988877001482317,300
KRR_TLCQM,0.227776615736488,300
NN_TLCQM,0.1173335536338026,300
XGBoost_Target_Only,0.0967550936332079,500
KRR_Target_Only,0.3432398956743568,500
NN_Target_Only,0.1492217774327678,500
XGBoost_Pool,0.0954663183351718,500
KRR_Pool,0.712223634014657,500
NN_Pool,0.1963768559731711,500
XGBoost_TLCQM,0.097593312037133,500
KRR_TLCQM,0.2076905449072429,500
NN_TLCQM,0.1071620152982563,500
TKRR,2.103279793626938,100
CDAR,6.047424517233933,100
DARC,28.79649205919552,100
VNCD_MDD,0.1529031807741134,100
M3SDA_Reg,0.1111922959102958,100
CMSS_Reg,0.1078578415882589,100
TKRR,1.9735527996307656,200
CDAR,5.018549912568969,200
DARC,26.10242935846348,200
VNCD_MDD,0.1506236380602378,200
M3SDA_Reg,0.1121267444013565,200
CMSS_Reg,0.1085249229056731,200
TKRR,1.865972887567816,300
CDAR,4.986288969550605,300
DARC,25.85826498025148,300
VNCD_MDD,0.1400112079522869,300
M3SDA_Reg,0.1176774729954477,300
CMSS_Reg,0.1069238621759202,300
TKRR,1.7902120462293238,500
CDAR,5.045470372366819,500
DARC,25.740277379846823,500
VNCD_MDD,0.1265886006307839,500
M3SDA_Reg,0.1175426206938832,500
CMSS_Reg,0.104476502432757,500
XGBoost_Target_Only,0.1202179287895683,100
KRR_Target_Only,0.8501844461425618,100
NN_Target_Only,0.547938201547799,100
XGBoost_Pool,0.1022490581672874,100
KRR_Pool,0.3187250510368619,100
NN_Pool,0.1948893321229818,100
XGBoost_TLCQM,0.1029620938993436,100
KRR_TLCQM,0.1836138342089846,100
NN_TLCQM,0.1548592253548129,100
XGBoost_Target_Only,0.1060182543128289,200
KRR_Target_Only,0.5555873219963459,200
NN_Target_Only,0.3532028631511879,200
XGBoost_Pool,0.1003746889227293,200
KRR_Pool,0.3808916563674678,200
NN_Pool,0.2098059821409107,200
XGBoost_TLCQM,0.101984552680679,200
KRR_TLCQM,0.1894753990933996,200
NN_TLCQM,0.1280181846799473,200
XGBoost_Target_Only,0.1012492288570807,300
KRR_Target_Only,0.4442298677119136,300
NN_Target_Only,0.1958033929792508,300
XGBoost_Pool,0.0976630618687304,300
KRR_Pool,0.4985873214574875,300
NN_Pool,0.1903139631731817,300
XGBoost_TLCQM,0.1040759892270387,300
KRR_TLCQM,0.198801199749221,300
NN_TLCQM,0.1209346591229386,300
XGBoost_Target_Only,0.0980636179966343,500
KRR_Target_Only,0.3868599335231968,500
NN_Target_Only,0.1683424163816752,500
XGBoost_Pool,0.0942359329351144,500
KRR_Pool,0.6995175639831138,500
NN_Pool,0.1419436633028433,500
XGBoost_TLCQM,0.1012170386420127,500
KRR_TLCQM,0.1954817838333217,500
NN_TLCQM,0.1132983609837575,500
TKRR,2.0012822315273344,100
CDAR,5.783234511458385,100
DARC,26.791859629776344,100
VNCD_MDD,0.16840481381905,100
M3SDA_Reg,0.1315583004167154,100
CMSS_Reg,0.1258957311363003,100
TKRR,1.90367743919462,200
CDAR,4.892067255404635,200
DARC,30.685682458771645,200
VNCD_MDD,0.1725322553969598,200
M3SDA_Reg,0.1211153102894109,200
CMSS_Reg,0.1172491849808573,200
TKRR,1.9554561990166957,300
CDAR,4.770514847002411,300
DARC,31.72581169739246,300
VNCD_MDD,0.1305566053637634,300
M3SDA_Reg,0.1205815997841303,300
CMSS_Reg,0.1114175152350103,300
TKRR,1.8481763516958487,500
CDAR,4.851546656768115,500
DARC,31.28043935994959,500
VNCD_MDD,0.1280578187401116,500
M3SDA_Reg,0.1216145173998135,500
CMSS_Reg,0.1040084922444573,500
XGBoost_Target_Only,0.1114492051258816,100
KRR_Target_Only,0.9076695373014324,100
NN_Target_Only,0.9682623059155636,100
XGBoost_Pool,0.1006795152593178,100
KRR_Pool,0.3184842203274818,100
NN_Pool,0.1933715084614678,100
XGBoost_TLCQM,0.1034502630963439,100
KRR_TLCQM,0.2028164859006419,100
NN_TLCQM,0.1154475545909122,100
XGBoost_Target_Only,0.110446745974614,200
KRR_Target_Only,0.5240109670827827,200
NN_Target_Only,0.3668067863506544,200
XGBoost_Pool,0.0996806377466452,200
KRR_Pool,0.3893205120227931,200
NN_Pool,0.1859309593083139,200
XGBoost_TLCQM,0.1040064112819498,200
KRR_TLCQM,0.2148378279573253,200
NN_TLCQM,0.1160811647651163,200
XGBoost_Target_Only,0.1077802624563985,300
KRR_Target_Only,0.4780756018269373,300
NN_Target_Only,0.3108603645867486,300
XGBoost_Pool,0.0973810886718787,300
KRR_Pool,0.5080356195896418,300
NN_Pool,0.1784608964555513,300
XGBoost_TLCQM,0.1016561866527814,300
KRR_TLCQM,0.2126804835829307,300
NN_TLCQM,0.1112864133234621,300
XGBoost_Target_Only,0.0944618008745385,500
KRR_Target_Only,0.4390236442308836,500
NN_Target_Only,0.2427037740526421,500
XGBoost_Pool,0.0953766492902554,500
KRR_Pool,0.7199583010759737,500
NN_Pool,0.1839362909834158,500
XGBoost_TLCQM,0.0999478898099283,500
KRR_TLCQM,0.221979593941834,500
NN_TLCQM,0.1078513827605548,500
TKRR,1.8730133702721972,100
CDAR,5.554772015946127,100
DARC,23.28531095277861,100
VNCD_MDD,0.2034456227242886,100
M3SDA_Reg,0.106493914363902,100
CMSS_Reg,0.113165240815429,100
TKRR,1.8807318508691335,200
CDAR,6.072295460710073,200
DARC,29.139294472061565,200
VNCD_MDD,0.149896043960483,200
M3SDA_Reg,0.1144151125152269,200
CMSS_Reg,0.1111154754166018,200
TKRR,1.863563776176684,300
CDAR,6.123963789517821,300
DARC,29.36613509761005,300
VNCD_MDD,0.1446839447664555,300
M3SDA_Reg,0.1161111760563965,300
CMSS_Reg,0.1044690445803349,300
TKRR,1.857657458251047,500
CDAR,6.23100806149444,500
DARC,29.466818037102676,500
VNCD_MDD,0.1427507413402501,500
M3SDA_Reg,0.1125565254711408,500
CMSS_Reg,0.1007276807356477,500
XGBoost_Target_Only,0.1182118352254914,100
KRR_Target_Only,0.6805273392404815,100
NN_Target_Only,0.4157173701148682,100
XGBoost_Pool,0.1011033368411179,100
KRR_Pool,0.3184121329192836,100
NN_Pool,0.1997292012720198,100
XGBoost_TLCQM,0.1002872344547854,100
KRR_TLCQM,0.1923490772923259,100
NN_TLCQM,0.1166277267985201,100
XGBoost_Target_Only,0.1135824024293831,200
KRR_Target_Only,0.4504502234428716,200
NN_Target_Only,0.3097924023460305,200
XGBoost_Pool,0.0994702997111308,200
KRR_Pool,0.387819146126453,200
NN_Pool,0.1688423998754667,200
XGBoost_TLCQM,0.0988575658075627,200
KRR_TLCQM,0.1840698144063015,200
NN_TLCQM,0.1167964728388456,200
XGBoost_Target_Only,0.0989575778234954,300
KRR_Target_Only,0.3884519074660459,300
NN_Target_Only,0.2005036424131296,300
XGBoost_Pool,0.0989293965612761,300
KRR_Pool,0.506954326378063,300
NN_Pool,0.1751607756418631,300
XGBoost_TLCQM,0.0992046066390008,300
KRR_TLCQM,0.1733256193735826,300
NN_TLCQM,0.1047962329895649,300
XGBoost_Target_Only,0.0927126075092805,500
KRR_Target_Only,0.3327678633747394,500
NN_Target_Only,0.1722412342206064,500
XGBoost_Pool,0.0961457079202539,500
KRR_Pool,0.7125137478896142,500
NN_Pool,0.2091278749476515,500
XGBoost_TLCQM,0.0977105934508527,500
KRR_TLCQM,0.1766725423503664,500
NN_TLCQM,0.1083763938398763,500
TKRR,1.9435366979693165,100
CDAR,5.587649301066628,100
DARC,21.419791660668388,100
VNCD_MDD,0.1630425781902348,100
M3SDA_Reg,0.1224165652139234,100
CMSS_Reg,0.1177807618451492,100
TKRR,1.8985909883049283,200
CDAR,5.822475816888174,200
DARC,38.600166847199134,200
VNCD_MDD,0.1566383854900103,200
M3SDA_Reg,0.1196733734740447,200
CMSS_Reg,0.1145093455067654,200
TKRR,1.8272378369054096,300
CDAR,5.799150295707843,300
DARC,37.265426951507685,300
VNCD_MDD,0.1329636047308918,300
M3SDA_Reg,0.1155970831259233,300
CMSS_Reg,0.1137903256967121,300
TKRR,1.8944065085569444,500
CDAR,5.834695246708924,500
DARC,37.53894541784637,500
VNCD_MDD,0.129052501733953,500
M3SDA_Reg,0.1197597339788005,500
CMSS_Reg,0.1080897704850438,500
XGBoost_Target_Only,0.1098809029032347,100
KRR_Target_Only,1.281831996953088,100
NN_Target_Only,0.5128413072042382,100
XGBoost_Pool,0.1005803399623945,100
KRR_Pool,0.3144559645254089,100
NN_Pool,0.2012903808348378,100
XGBoost_TLCQM,0.1034750208044463,100
KRR_TLCQM,0.2009128293054913,100
NN_TLCQM,0.1461432819444529,100
XGBoost_Target_Only,0.1110053943059416,200
KRR_Target_Only,0.6767544977710498,200
NN_Target_Only,0.2100236286378494,200
XGBoost_Pool,0.0998934342549484,200
KRR_Pool,0.3835825494679212,200
NN_Pool,0.1830682886864843,200
XGBoost_TLCQM,0.1027905362317689,200
KRR_TLCQM,0.180710603287815,200
NN_TLCQM,0.108756965169601,200
XGBoost_Target_Only,0.1015859439511085,300
KRR_Target_Only,0.4027995874906159,300
NN_Target_Only,0.1923032750675449,300
XGBoost_Pool,0.0974816821271537,300
KRR_Pool,0.4966971985488054,300
NN_Pool,0.1968228958102293,300
XGBoost_TLCQM,0.0975445415895513,300
KRR_TLCQM,0.1612237626944003,300
NN_TLCQM,0.1062816874014911,300
XGBoost_Target_Only,0.0938796402953143,500
KRR_Target_Only,0.2742414209253139,500
NN_Target_Only,0.1367108314367044,500
XGBoost_Pool,0.0949344334460017,500
KRR_Pool,0.7045328711841478,500
NN_Pool,0.2142830551224873,500
XGBoost_TLCQM,0.0975322242174503,500
KRR_TLCQM,0.1722279391058681,500
NN_TLCQM,0.1054822882095314,500
TKRR,1.8754738931943231,100
CDAR,6.388029817265342,100
DARC,18.80918612574375,100
VNCD_MDD,0.1603237609837718,100
M3SDA_Reg,0.1216676383198424,100
CMSS_Reg,0.1158904778365107,100
TKRR,1.737111688900048,200
CDAR,5.380571992982929,200
DARC,29.881895399816173,200
VNCD_MDD,0.1347586861625349,200
M3SDA_Reg,0.1222348592073986,200
CMSS_Reg,0.1111921102313003,200
TKRR,1.7358278578271011,300
CDAR,5.419069050409994,300
DARC,30.196859303107782,300
VNCD_MDD,0.1294417938661105,300
M3SDA_Reg,0.1258419223083553,300
CMSS_Reg,0.1123280050200669,300
TKRR,1.7569076649743045,500
CDAR,5.2915766347744615,500
DARC,30.24554618610834,500
VNCD_MDD,0.1142725768899981,500
M3SDA_Reg,0.1239961871497581,500
CMSS_Reg,0.099697785354582,500
XGBoost_Target_Only,0.1422767385437931,100
KRR_Target_Only,1.3902322634735107,100
NN_Target_Only,1.581280628775679,100
XGBoost_Pool,0.1018618717946718,100
KRR_Pool,0.3194891243010027,100
NN_Pool,0.2007440712091411,100
XGBoost_TLCQM,0.1047839424263066,100
KRR_TLCQM,0.2409434783471016,100
NN_TLCQM,0.1085254812068188,100
XGBoost_Target_Only,0.1096606447584361,200
KRR_Target_Only,0.9031349879251884,200
NN_Target_Only,0.8536660998413367,200
XGBoost_Pool,0.1002246167842531,200
KRR_Pool,0.3929371850392136,200
NN_Pool,0.1945733228810742,200
XGBoost_TLCQM,0.1041382532032145,200
KRR_TLCQM,0.2840579936725574,200
NN_TLCQM,0.1082426692939914,200
XGBoost_Target_Only,0.103470880917264,300
KRR_Target_Only,0.4129398591946032,300
NN_Target_Only,0.2242678102143683,300
XGBoost_Pool,0.0969040339432665,300
KRR_Pool,0.5100045288763418,300
NN_Pool,0.1977019728472116,300
XGBoost_TLCQM,0.102754240241772,300
KRR_TLCQM,0.2336690721212796,300
NN_TLCQM,0.1106841939759024,300
XGBoost_Target_Only,0.0939088480377694,500
KRR_Target_Only,0.3522925583937774,500
NN_Target_Only,0.1486925313741695,500
XGBoost_Pool,0.0941691444355676,500
KRR_Pool,0.7167403213415233,500
NN_Pool,0.1351234366979152,500
XGBoost_TLCQM,0.1007396019612847,500
KRR_TLCQM,0.2082132151465795,500
NN_TLCQM,0.1103189973940214,500
TKRR,1.897182214084551,100
CDAR,6.4416703183953326,100
DARC,28.231587877853823,100
VNCD_MDD,0.191286944364799,100
M3SDA_Reg,0.1093611861133614,100
CMSS_Reg,0.1205285530059982,100
TKRR,1.9701719906648496,200
CDAR,6.532738790043617,200
DARC,16.24197793156122,200
VNCD_MDD,0.1535097656246687,200
M3SDA_Reg,0.1054445165112508,200
CMSS_Reg,0.1106822156714623,200
TKRR,1.952522880669859,300
CDAR,6.1646461453663495,300
DARC,19.915211995061867,300
VNCD_MDD,0.1364742446531029,300
M3SDA_Reg,0.1110449585546347,300
CMSS_Reg,0.1094011735826116,300
TKRR,1.7819021204844985,500
CDAR,6.10004140209072,500
DARC,18.56429453444852,500
VNCD_MDD,0.1219828956792979,500
M3SDA_Reg,0.1125230592044972,500
CMSS_Reg,0.1026796083790065,500
XGBoost_Target_Only,0.1349402030296562,100
KRR_Target_Only,1.082572356125616,100
NN_Target_Only,0.7926517463990237,100
XGBoost_Pool,0.1000527471509973,100
KRR_Pool,0.3164307269397484,100
NN_Pool,0.198702414773587,100
XGBoost_TLCQM,0.1016349823173141,100
KRR_TLCQM,0.1961600448282123,100
NN_TLCQM,0.1352425096012958,100
XGBoost_Target_Only,0.1056121742749756,200
KRR_Target_Only,0.7316415793434635,200
NN_Target_Only,0.3918463310352748,200
XGBoost_Pool,0.0976904153727444,200
KRR_Pool,0.3877495704182049,200
NN_Pool,0.1843928712579231,200
XGBoost_TLCQM,0.0987915135654849,200
KRR_TLCQM,0.1885301468664059,200
NN_TLCQM,0.1084533320703236,200
XGBoost_Target_Only,0.1022709349299157,300
KRR_Target_Only,0.3743877465406131,300
NN_Target_Only,0.1850777827582454,300
XGBoost_Pool,0.0990283000374782,300
KRR_Pool,0.5047506205785588,300
NN_Pool,0.184820217868618,300
XGBoost_TLCQM,0.097595582814202,300
KRR_TLCQM,0.1708366252139535,300
NN_TLCQM,0.1084700200816402,300
XGBoost_Target_Only,0.0957002984847371,500
KRR_Target_Only,0.3003647994974233,500
NN_Target_Only,0.1786622042564979,500
XGBoost_Pool,0.0962132243417573,500
KRR_Pool,0.7097325857260497,500
NN_Pool,0.1885581853306667,500
XGBoost_TLCQM,0.0981116927945251,500
KRR_TLCQM,0.1689009934375357,500
NN_TLCQM,0.1058595318248682,500
TKRR,1.9708544593420112,100
CDAR,6.360038695086362,100
DARC,23.930034849790072,100
VNCD_MDD,0.1615555898174704,100
M3SDA_Reg,0.1210784284019409,100
CMSS_Reg,0.1201882196637926,100
TKRR,1.8920333847720867,200
CDAR,6.185452436905394,200
DARC,44.34911813076823,200
VNCD_MDD,0.1537518651509767,200
M3SDA_Reg,0.1154909375335235,200
CMSS_Reg,0.110966362562392,200
TKRR,1.9066982510076964,300
CDAR,6.05428170535627,300
DARC,44.06481573249327,300
VNCD_MDD,0.1343425076968559,300
M3SDA_Reg,0.1221821563592487,300
CMSS_Reg,0.1115848671713273,300
TKRR,1.7805053917458766,500
CDAR,6.049459848987591,500
DARC,44.01249067828529,500
VNCD_MDD,0.1187172909056272,500
M3SDA_Reg,0.119590680662613,500
CMSS_Reg,0.1059847700236201,500
XGBoost_Target_Only,0.1039692483138553,100
KRR_Target_Only,0.9127531141539358,100
NN_Target_Only,0.6642252863162714,100
XGBoost_Pool,0.0993287940491065,100
KRR_Pool,0.3122183963200423,100
NN_Pool,0.1933178374729509,100
XGBoost_TLCQM,0.1023871079008697,100
KRR_TLCQM,0.199914447716561,100
NN_TLCQM,0.1294792987307091,100
XGBoost_Target_Only,0.0992262096882429,200
KRR_Target_Only,0.530511852636179,200
NN_Target_Only,0.2933009332583932,200
XGBoost_Pool,0.096146559612766,200
KRR_Pool,0.3740494587674992,200
NN_Pool,0.1843496076210503,200
XGBoost_TLCQM,0.0999806946327552,200
KRR_TLCQM,0.1610577024111285,200
NN_TLCQM,0.116205430238348,200
XGBoost_Target_Only,0.0984304535975067,300
KRR_Target_Only,0.4514197867896492,300
NN_Target_Only,0.2363880241197366,300
XGBoost_Pool,0.0960122313395673,300
KRR_Pool,0.489949345156359,300
NN_Pool,0.1769111030943012,300
XGBoost_TLCQM,0.1006875547822184,300
KRR_TLCQM,0.1526659955330015,300
NN_TLCQM,0.1152229870637603,300
XGBoost_Target_Only,0.0956340105746521,500
KRR_Target_Only,0.3257920128515444,500
NN_Target_Only,0.1935630522017171,500
XGBoost_Pool,0.0951297969889722,500
KRR_Pool,0.6941258511292625,500
NN_Pool,0.1825592572642593,500
XGBoost_TLCQM,0.0993122710478966,500
KRR_TLCQM,0.1680585661522591,500
NN_TLCQM,0.1115674285864022,500
TKRR,1.9602904195996849,100
CDAR,5.629165199851324,100
DARC,23.08648354621247,100
VNCD_MDD,0.1579739186958643,100
M3SDA_Reg,0.1198372233449909,100
CMSS_Reg,0.1121820176911015,100
TKRR,1.9889444937239276,200
CDAR,5.324053608097588,200
DARC,23.444202767606377,200
VNCD_MDD,0.1311172318476126,200
M3SDA_Reg,0.1200105242134411,200
CMSS_Reg,0.1107766991769353,200
TKRR,2.0007731757532925,300
CDAR,5.294121275639667,300
DARC,23.4003680642934,300
VNCD_MDD,0.1327613410017916,300
M3SDA_Reg,0.1225951819762467,300
CMSS_Reg,0.1041204544382461,300
TKRR,1.8718186254373557,500
CDAR,5.285501344727448,500
DARC,23.614469913538542,500
VNCD_MDD,0.1249844725817775,500
M3SDA_Reg,0.128944477083075,500
CMSS_Reg,0.1047401010180169,500
XGBoost_Target_Only,0.129514507420443,100
KRR_Target_Only,1.3679274363202163,100
NN_Target_Only,1.353953990660245,100
XGBoost_Pool,0.1008345473256246,100
KRR_Pool,0.3187972179459375,100
NN_Pool,0.2111317430504272,100
XGBoost_TLCQM,0.0993080222170278,100
KRR_TLCQM,0.222763097463518,100
NN_TLCQM,0.1282666385867615,100
XGBoost_Target_Only,0.1127381359693071,200
KRR_Target_Only,0.7591938114344159,200
NN_Target_Only,0.3455233061276727,200
XGBoost_Pool,0.0999964434647761,200
KRR_Pool,0.3900850396932265,200
NN_Pool,0.2017484231215214,200
XGBoost_TLCQM,0.097950719826713,200
KRR_TLCQM,0.1895713297811965,200
NN_TLCQM,0.1098932404375508,200
XGBoost_Target_Only,0.1029506247856742,300
KRR_Target_Only,0.6429430264992287,300
NN_Target_Only,0.2749473682921792,300
XGBoost_Pool,0.0988588686375452,300
KRR_Pool,0.5109038918996626,300
NN_Pool,0.1841576544302594,300
XGBoost_TLCQM,0.0999327282336337,300
KRR_TLCQM,0.2177050306357205,300
NN_TLCQM,0.1117538054935987,300
XGBoost_Target_Only,0.0944045921146325,500
KRR_Target_Only,0.5438392627067827,500
NN_Target_Only,0.1989777171475543,500
XGBoost_Pool,0.096086036421623,500
KRR_Pool,0.7176776800537018,500
NN_Pool,0.1673330338062496,500
XGBoost_TLCQM,0.0972789641614964,500
KRR_TLCQM,0.2174103536027832,500
NN_TLCQM,0.1038762615669904,500
TKRR,1.907515830096526,100
CDAR,6.53133728431863,100
DARC,31.474374762496847,100
VNCD_MDD,0.1646216548382897,100
M3SDA_Reg,0.1078171393058264,100
CMSS_Reg,0.1071790226792099,100
TKRR,1.8944471590961784,200
CDAR,6.618216182613197,200
DARC,32.953041730295254,200
VNCD_MDD,0.1630588829219396,200
M3SDA_Reg,0.1175966061626844,200
CMSS_Reg,0.1101971314799472,200
TKRR,1.8770548299080645,300
CDAR,6.59814448111805,300
DARC,33.31222029118296,300
VNCD_MDD,0.1637538430540386,300
M3SDA_Reg,0.1155429691339542,300
CMSS_Reg,0.1127228362808555,300
TKRR,2.0239489993303152,500
CDAR,6.654170350205374,500
DARC,32.919153258769505,500
VNCD_MDD,0.1480168784796309,500
M3SDA_Reg,0.1175863635145164,500
CMSS_Reg,0.1027631162833558,500
XGBoost_Target_Only,0.1124492597818725,100
KRR_Target_Only,1.0991587722877278,100
NN_Target_Only,0.4718108155994329,100
XGBoost_Pool,0.1030133771671,100
KRR_Pool,0.318851709131667,100
NN_Pool,0.2230403340802781,100
XGBoost_TLCQM,0.1080228438078835,100
KRR_TLCQM,0.205891848856138,100
NN_TLCQM,0.129548968486165,100
XGBoost_Target_Only,0.1029761601858147,200
KRR_Target_Only,0.6852921167052741,200
NN_Target_Only,0.3442448969850146,200
XGBoost_Pool,0.1003340215248534,200
KRR_Pool,0.3897529211531388,200
NN_Pool,0.1994759479328678,200
XGBoost_TLCQM,0.0987662778718994,200
KRR_TLCQM,0.1965223231773044,200
NN_TLCQM,0.1186657043577795,200
XGBoost_Target_Only,0.0979463045749951,300
KRR_Target_Only,0.4879305728485346,300
NN_Target_Only,0.188580750523521,300
XGBoost_Pool,0.0993140537149087,300
KRR_Pool,0.5005457249288108,300
NN_Pool,0.2076337375572818,300
XGBoost_TLCQM,0.0987545448947078,300
KRR_TLCQM,0.1905094205602161,300
NN_TLCQM,0.1112756276434376,300
XGBoost_Target_Only,0.0934633773500458,500
KRR_Target_Only,0.4065546857666966,500
NN_Target_Only,0.1707088899357089,500
XGBoost_Pool,0.0960164143531527,500
KRR_Pool,0.7067157491940189,500
NN_Pool,0.1387726530601026,500
XGBoost_TLCQM,0.0977374142714854,500
KRR_TLCQM,0.1867549720292145,500
NN_TLCQM,0.1012867991987675,500
TKRR,1.9622104859854332,100
CDAR,6.483574359317822,100
DARC,30.336409053619164,100
VNCD_MDD,0.1705976106192421,100
M3SDA_Reg,0.1149609949890055,100
CMSS_Reg,0.1152812314761857,100
TKRR,1.8976693823655368,200
CDAR,5.974051425395979,200
DARC,36.237100972008776,200
VNCD_MDD,0.1581940573300535,200
M3SDA_Reg,0.111296039231748,200
CMSS_Reg,0.1093460717915582,200
TKRR,1.857099768124027,300
CDAR,5.926313778779737,300
DARC,36.86559561935452,300
VNCD_MDD,0.1600929191041873,300
M3SDA_Reg,0.1106953126415334,300
CMSS_Reg,0.1107808931666207,300
TKRR,1.8095788132869604,500
CDAR,5.926879614002061,500
DARC,34.48739363819527,500
VNCD_MDD,0.1630258799425645,500
M3SDA_Reg,0.1118975493537885,500
CMSS_Reg,0.1045026462596525,500
XGBoost_Target_Only,0.1191816959339926,100
KRR_Target_Only,0.8794555239074104,100
NN_Target_Only,0.5420821661354372,100
XGBoost_Pool,0.1026707734622443,100
KRR_Pool,0.3182739493636604,100
NN_Pool,0.1997786765826955,100
XGBoost_TLCQM,0.1002054056584062,100
KRR_TLCQM,0.2047280193405725,100
NN_TLCQM,0.1159292982733947,100
XGBoost_Target_Only,0.1116152552587525,200
KRR_Target_Only,0.724215362080888,200
NN_Target_Only,0.4486157364727294,200
XGBoost_Pool,0.1016665644113928,200
KRR_Pool,0.3908844809494741,200
NN_Pool,0.1817572793495403,200
XGBoost_TLCQM,0.1036683683697458,200
KRR_TLCQM,0.224409554284361,200
NN_TLCQM,0.1166924300451566,200
XGBoost_Target_Only,0.103348652833957,300
KRR_Target_Only,0.5059476447924854,300
NN_Target_Only,0.1951357169568902,300
XGBoost_Pool,0.0988718149030741,300
KRR_Pool,0.5111034880673317,300
NN_Pool,0.1764710892912808,300
XGBoost_TLCQM,0.1033808919980383,300
KRR_TLCQM,0.2009084199989772,300
NN_TLCQM,0.1146074020545233,300
XGBoost_Target_Only,0.0933300429770538,500
KRR_Target_Only,0.3806224427827495,500
NN_Target_Only,0.1478259690123365,500
XGBoost_Pool,0.0953801486967071,500
KRR_Pool,0.7164914452951775,500
NN_Pool,0.2124323247006655,500
XGBoost_TLCQM,0.0983323984599305,500
KRR_TLCQM,0.1860810981514734,500
NN_TLCQM,0.1060568725725763,500
TKRR,1.9352331265989928,100
CDAR,5.749430580178424,100
DARC,37.36811864859524,100
VNCD_MDD,0.1665024499827585,100
M3SDA_Reg,0.1133302342989889,100
CMSS_Reg,0.1190558923428452,100
TKRR,1.9652006872032424,200
CDAR,6.654078462375875,200
DARC,36.65275865388024,200
VNCD_MDD,0.1873438336732527,200
M3SDA_Reg,0.1138389030117889,200
CMSS_Reg,0.1136163020179525,200
TKRR,1.9120356628751776,300
CDAR,6.574279120243538,300
DARC,36.6469537649309,300
VNCD_MDD,0.1667265150056599,300
M3SDA_Reg,0.1152635863423795,300
CMSS_Reg,0.1131384055892078,300
TKRR,1.8244123917911783,500
CDAR,6.550488646557821,500
DARC,35.8855665870055,500
VNCD_MDD,0.1305050822283668,500
M3SDA_Reg,0.1162263393958667,500
CMSS_Reg,0.1046956100402663,500
XGBoost_Target_Only,0.1070392080960408,100
KRR_Target_Only,1.1104484765785665,100
NN_Target_Only,0.632924633389598,100
XGBoost_Pool,0.1011599622902333,100
KRR_Pool,0.3188718780751078,100
NN_Pool,0.1914823699890495,100
XGBoost_TLCQM,0.0981717275015296,100
KRR_TLCQM,0.2675911658064115,100
NN_TLCQM,0.116669065562437,100
XGBoost_Target_Only,0.1049287431268592,200
KRR_Target_Only,0.6843943976212603,200
NN_Target_Only,0.3651567820204863,200
XGBoost_Pool,0.1005442405707561,200
KRR_Pool,0.3916288321956386,200
NN_Pool,0.1788246418095383,200
XGBoost_TLCQM,0.100854310669453,200
KRR_TLCQM,0.2312705900448211,200
NN_TLCQM,0.1134921787494726,200
XGBoost_Target_Only,0.1129204052483174,300
KRR_Target_Only,0.6499651965137384,300
NN_Target_Only,0.3014956353710437,300
XGBoost_Pool,0.0992452879693348,300
KRR_Pool,0.5119854959180555,300
NN_Pool,0.1945514055775705,300
XGBoost_TLCQM,0.0995691379204444,300
KRR_TLCQM,0.2166071933019766,300
NN_TLCQM,0.1154523535522161,300
XGBoost_Target_Only,0.0969720888320194,500
KRR_Target_Only,0.5017149830352446,500
NN_Target_Only,0.2284546908952386,500
XGBoost_Pool,0.0970684833045637,500
KRR_Pool,0.7178811160117617,500
NN_Pool,0.2575993631994281,500
XGBoost_TLCQM,0.0986098268962814,500
KRR_TLCQM,0.1940950629276168,500
NN_TLCQM,0.1105900822565938,500
TKRR,1.8763450347014048,100
CDAR,6.071854182796967,100
DARC,30.46746538750324,100
VNCD_MDD,0.1588352005679782,100
M3SDA_Reg,0.1161273428237466,100
CMSS_Reg,0.1094458161385599,100
TKRR,1.9868143990553475,200
CDAR,5.904920559750914,200
DARC,22.45381118309394,200
VNCD_MDD,0.1516004332210252,200
M3SDA_Reg,0.11778983600908,200
CMSS_Reg,0.1072794724899698,200
TKRR,1.9145422464653208,300
CDAR,6.179895465028454,300
DARC,22.3557135160262,300
VNCD_MDD,0.1512493872214389,300
M3SDA_Reg,0.1150279341708552,300
CMSS_Reg,0.1086825939013515,300
TKRR,1.9169722388972013,500
CDAR,6.126419506398155,500
DARC,22.36690309771372,500
VNCD_MDD,0.1380808090105609,500
M3SDA_Reg,0.1235694112486588,500
CMSS_Reg,0.1019946255150204,500
XGBoost_Target_Only,0.1276931326251522,100
KRR_Target_Only,1.153030549651166,100
NN_Target_Only,0.6653707875015391,100
XGBoost_Pool,0.1016603703882816,100
KRR_Pool,0.3196383948188359,100
NN_Pool,0.2049175736683925,100
XGBoost_TLCQM,0.1044161671567234,100
KRR_TLCQM,0.2847675259423629,100
NN_TLCQM,0.1146623964095204,100
XGBoost_Target_Only,0.1094201682043486,200
KRR_Target_Only,0.5026256630636878,200
NN_Target_Only,0.3565643129155511,200
XGBoost_Pool,0.1005934620280427,200
KRR_Pool,0.3878763336534954,200
NN_Pool,0.1827816759891597,200
XGBoost_TLCQM,0.0989697790271917,200
KRR_TLCQM,0.1898998307323985,200
NN_TLCQM,0.1040448802517286,200
XGBoost_Target_Only,0.1065600549548603,300
KRR_Target_Only,0.4837784084760742,300
NN_Target_Only,0.2448988982504139,300
XGBoost_Pool,0.1004752813582861,300
KRR_Pool,0.5087281044372571,300
NN_Pool,0.1854130053053022,300
XGBoost_TLCQM,0.1005818150632735,300
KRR_TLCQM,0.1826185148025788,300
NN_TLCQM,0.1117587563924658,300
XGBoost_Target_Only,0.0966235915634814,500
KRR_Target_Only,0.3842133740815475,500
NN_Target_Only,0.1873937121094415,500
XGBoost_Pool,0.0964375414635527,500
KRR_Pool,0.7135119098712095,500
NN_Pool,0.1381226765905838,500
XGBoost_TLCQM,0.0991286673962325,500
KRR_TLCQM,0.175356765604603,500
NN_TLCQM,0.109789040992926,500
TKRR,1.859183055577171,100
CDAR,5.765248795202149,100
DARC,21.785729438440157,100
VNCD_MDD,0.1814903765295802,100
M3SDA_Reg,0.1184135366659046,100
CMSS_Reg,0.1189467045195441,100
TKRR,1.7882503292147809,200
CDAR,6.175821985106375,200
DARC,21.00971562805804,200
VNCD_MDD,0.1407619908197406,200
M3SDA_Reg,0.1151048647702224,200
CMSS_Reg,0.1142064659457337,200
TKRR,1.837196351958494,300
CDAR,6.2022951234546655,300
DARC,21.480374737645384,300
VNCD_MDD,0.1395913600142949,300
M3SDA_Reg,0.1174604129864369,300
CMSS_Reg,0.1128380097721228,300
TKRR,1.7421698052856924,500
CDAR,6.266415935836147,500
DARC,22.156359355182857,500
VNCD_MDD,0.1311352582725843,500
M3SDA_Reg,0.1198841944544822,500
CMSS_Reg,0.108043895603557,500
XGBoost_Target_Only,0.1172570935246534,100
KRR_Target_Only,0.8706680334801732,100
NN_Target_Only,0.6141717480891243,100
XGBoost_Pool,0.099020288295705,100
KRR_Pool,0.3182265595536725,100
NN_Pool,0.2028491994724454,100
XGBoost_TLCQM,0.1073466093045889,100
KRR_TLCQM,0.2396986199966987,100
NN_TLCQM,0.1207113727031458,100
XGBoost_Target_Only,0.102268368863845,200
KRR_Target_Only,0.8165762815579518,200
NN_Target_Only,0.5911742909962845,200
XGBoost_Pool,0.0987257161437285,200
KRR_Pool,0.3911763977954186,200
NN_Pool,0.1643902903659856,200
XGBoost_TLCQM,0.1059478439428264,200
KRR_TLCQM,0.2283039458442555,200
NN_TLCQM,0.1163289598680842,200
XGBoost_Target_Only,0.098534163107082,300
KRR_Target_Only,0.5740634298531991,300
NN_Target_Only,0.3186820923203804,300
XGBoost_Pool,0.0971243420507293,300
KRR_Pool,0.5106299741629857,300
NN_Pool,0.1522631949470481,300
XGBoost_TLCQM,0.1036325048486728,300
KRR_TLCQM,0.2085646795898521,300
NN_TLCQM,0.1111706677440214,300
XGBoost_Target_Only,0.0981245315422523,500
KRR_Target_Only,0.4068782500914991,500
NN_Target_Only,0.2010321992283008,500
XGBoost_Pool,0.0962742413579209,500
KRR_Pool,0.7169091784135221,500
NN_Pool,0.1428932549402746,500
XGBoost_TLCQM,0.0958333484000023,500
KRR_TLCQM,0.1807256443038946,500
NN_TLCQM,0.1094820051348116,500
TKRR,2.056768362261645,100
CDAR,5.693710043127122,100
DARC,28.567591455092444,100
VNCD_MDD,0.1755673300250989,100
M3SDA_Reg,0.1110847498490432,100
CMSS_Reg,0.1184766824846348,100
TKRR,1.866967286938064,200
CDAR,6.332847970658322,200
DARC,27.078538459438764,200
VNCD_MDD,0.1504230168968549,200
M3SDA_Reg,0.1078054993071383,200
CMSS_Reg,0.1185693400006398,200
TKRR,1.841085564137063,300
CDAR,6.245233844892335,300
DARC,27.172493217954447,300
VNCD_MDD,0.1550762914290945,300
M3SDA_Reg,0.1078695548723188,300
CMSS_Reg,0.1133902737529619,300
TKRR,1.8014936990233927,500
CDAR,6.185181875823667,500
DARC,27.47566374623196,500
VNCD_MDD,0.1405565473723486,500
M3SDA_Reg,0.1073929418028984,500
CMSS_Reg,0.104961530163887,500
XGBoost_Target_Only,0.1036557333529949,100
KRR_Target_Only,0.8564887909255469,100
NN_Target_Only,0.3349041531789133,100
XGBoost_Pool,0.1017012239726959,100
KRR_Pool,0.3173646459243949,100
NN_Pool,0.1940870058246953,100
XGBoost_TLCQM,0.0975279817026614,100
KRR_TLCQM,0.2036387350248549,100
NN_TLCQM,0.115517804831644,100
XGBoost_Target_Only,0.1095943001725131,200
KRR_Target_Only,0.6478370517577048,200
NN_Target_Only,0.2116537738462005,200
XGBoost_Pool,0.0996070264351338,200
KRR_Pool,0.3879775491578631,200
NN_Pool,0.2052016837695993,200
XGBoost_TLCQM,0.0968293317106286,200
KRR_TLCQM,0.1932934986305793,200
NN_TLCQM,0.1051036793679951,200
XGBoost_Target_Only,0.0958935493566503,300
KRR_Target_Only,0.3768606885178524,300
NN_Target_Only,0.1386391499296132,300
XGBoost_Pool,0.0988844700499165,300
KRR_Pool,0.5032725798312848,300
NN_Pool,0.1808153605061938,300
XGBoost_TLCQM,0.0967940660360613,300
KRR_TLCQM,0.1689468056124077,300
NN_TLCQM,0.0982934338206111,300
XGBoost_Target_Only,0.0925888270299722,500
KRR_Target_Only,0.3081685495032518,500
NN_Target_Only,0.1272434520378221,500
XGBoost_Pool,0.0932418636440009,500
KRR_Pool,0.70445519686104,500
NN_Pool,0.2042792579808455,500
XGBoost_TLCQM,0.0977471621675339,500
KRR_TLCQM,0.1616959089972282,500
NN_TLCQM,0.1003255899747897,500
TKRR,1.9041938757431227,100
CDAR,6.436617473407752,100
DARC,39.23614318728175,100
VNCD_MDD,0.1495227182197805,100
M3SDA_Reg,0.1164798132883239,100
CMSS_Reg,0.1176310776434119,100
TKRR,1.876246944378349,200
CDAR,5.431198501605227,200
DARC,18.75173744029234,200
VNCD_MDD,0.1301710562759763,200
M3SDA_Reg,0.1192835923750593,200
CMSS_Reg,0.114356431215524,200
TKRR,2.0049548830214943,300
CDAR,5.411502992035281,300
DARC,19.054022428723385,300
VNCD_MDD,0.1208269978564756,300
M3SDA_Reg,0.1166485343632943,300
CMSS_Reg,0.1075117300973376,300
TKRR,1.830925588709952,500
CDAR,5.388637922711884,500
DARC,19.954593417276108,500
VNCD_MDD,0.1216805712477959,500
M3SDA_Reg,0.1208975373820828,500
CMSS_Reg,0.1016813377669901,500
XGBoost_Target_Only,0.1103733354839819,100
KRR_Target_Only,1.226428924075059,100
NN_Target_Only,1.0310239750837678,100
XGBoost_Pool,0.099475527129748,100
KRR_Pool,0.3182906302764997,100
NN_Pool,0.2198653407887857,100
XGBoost_TLCQM,0.0998545370454515,100
KRR_TLCQM,0.2482244977463249,100
NN_TLCQM,0.1134121308236755,100
XGBoost_Target_Only,0.109255434782448,200
KRR_Target_Only,0.8034743109129461,200
NN_Target_Only,0.5306348630086339,200
XGBoost_Pool,0.0986054678193447,200
KRR_Pool,0.3917757059552781,200
NN_Pool,0.2173667137301901,200
XGBoost_TLCQM,0.1035500594094406,200
KRR_TLCQM,0.2462534624148652,200
NN_TLCQM,0.1155156259830977,200
XGBoost_Target_Only,0.1018399353550458,300
KRR_Target_Only,0.4917275854620859,300
NN_Target_Only,0.2040518164871352,300
XGBoost_Pool,0.0983466940428667,300
KRR_Pool,0.5122653010221191,300
NN_Pool,0.2012227786000162,300
XGBoost_TLCQM,0.0977589159556565,300
KRR_TLCQM,0.2000704653999178,300
NN_TLCQM,0.1062183753151457,300
XGBoost_Target_Only,0.0981214173602833,500
KRR_Target_Only,0.4057353928159026,500
NN_Target_Only,0.1790143996476605,500
XGBoost_Pool,0.0967320786343984,500
KRR_Pool,0.7217728220671008,500
NN_Pool,0.1483721865904485,500
XGBoost_TLCQM,0.0968100274592031,500
KRR_TLCQM,0.1892914086289885,500
NN_TLCQM,0.1048351943431732,500
TKRR,1.9218405335170063,100
CDAR,6.39934278426515,100
DARC,22.565699885018734,100
VNCD_MDD,0.1802319524283813,100
M3SDA_Reg,0.1029624129118826,100
CMSS_Reg,0.1165279275961102,100
TKRR,1.9241706057696648,200
CDAR,6.94392678335738,200
DARC,34.348112029572434,200
VNCD_MDD,0.1465183345157689,200
M3SDA_Reg,0.1047138813167807,200
CMSS_Reg,0.1176694641646038,200
TKRR,1.87384891753012,300
CDAR,6.620578522914294,300
DARC,34.787132313368055,300
VNCD_MDD,0.1385897500955084,300
M3SDA_Reg,0.112393314560603,300
CMSS_Reg,0.1141343605867816,300
TKRR,1.806645768857079,500
CDAR,6.704254095463538,500
DARC,34.0710280226373,500
VNCD_MDD,0.12125998135336,500
M3SDA_Reg,0.1121451407379405,500
CMSS_Reg,0.1023966988881097,500
XGBoost_Target_Only,0.1225632482651873,100
KRR_Target_Only,1.1775249367932883,100
NN_Target_Only,0.7041510877649206,100
XGBoost_Pool,0.1019843734112904,100
KRR_Pool,0.3185426268781411,100
NN_Pool,0.1896266784571014,100
XGBoost_TLCQM,0.1033717031336029,100
KRR_TLCQM,0.1996283943958521,100
NN_TLCQM,0.1223219618241215,100
XGBoost_Target_Only,0.1011217828209318,200
KRR_Target_Only,0.436698606264243,200
NN_Target_Only,0.24833044667845,200
XGBoost_Pool,0.1018146816780845,200
KRR_Pool,0.3898810337775902,200
NN_Pool,0.1739549838449887,200
XGBoost_TLCQM,0.1006568136280675,200
KRR_TLCQM,0.2134667659732696,200
NN_TLCQM,0.1107283066362079,200
XGBoost_Target_Only,0.1014318287973977,300
KRR_Target_Only,0.3821101886704125,300
NN_Target_Only,0.1792472672889369,300
XGBoost_Pool,0.0990100429385559,300
KRR_Pool,0.5029941686408103,300
NN_Pool,0.2017914774686695,300
XGBoost_TLCQM,0.0990843021568751,300
KRR_TLCQM,0.1774910058225522,300
NN_TLCQM,0.1101905594572076,300
XGBoost_Target_Only,0.0936497138935189,500
KRR_Target_Only,0.2709764261407442,500
NN_Target_Only,0.1451493637562254,500
XGBoost_Pool,0.0971051824003935,500
KRR_Pool,0.7003308847643042,500
NN_Pool,0.2140974686854947,500
XGBoost_TLCQM,0.0973617601308151,500
KRR_TLCQM,0.1602762345716254,500
NN_TLCQM,0.1066429918360339,500
TKRR,2.026768366039495,100
CDAR,6.009629308435231,100
DARC,30.37652423310129,100
VNCD_MDD,0.2236555316272292,100
M3SDA_Reg,0.1234042123231778,100
CMSS_Reg,0.1198796375616569,100
TKRR,1.9459214609974949,200
CDAR,5.6505172392488525,200
DARC,45.52892099127911,200
VNCD_MDD,0.1409596771849529,200
M3SDA_Reg,0.1216605656759602,200
CMSS_Reg,0.1111183505593004,200
TKRR,1.8657474479769196,300
CDAR,5.625561488526468,300
DARC,45.21913218629251,300
VNCD_MDD,0.1414220056715212,300
M3SDA_Reg,0.1197698311744084,300
CMSS_Reg,0.1089240964081337,300
TKRR,1.96388025885586,500
CDAR,5.499881371074008,500
DARC,46.1062557236807,500
VNCD_MDD,0.1308645440805378,500
M3SDA_Reg,0.1191102324602738,500
CMSS_Reg,0.1066743994404386,500
XGBoost_Target_Only,0.1148491515864788,100
KRR_Target_Only,0.9898169747966854,100
NN_Target_Only,0.6218574216811656,100
XGBoost_Pool,0.1007109674549963,100
KRR_Pool,0.3193083364503209,100
NN_Pool,0.1774940090361553,100
XGBoost_TLCQM,0.1009632354280707,100
KRR_TLCQM,0.2761478091769756,100
NN_TLCQM,0.1151433443416213,100
XGBoost_Target_Only,0.1155804298964066,200
KRR_Target_Only,0.5897228570433587,200
NN_Target_Only,0.3338707369220451,200
XGBoost_Pool,0.099326970908203,200
KRR_Pool,0.3906589302012309,200
NN_Pool,0.1676314779784784,200
XGBoost_TLCQM,0.1074602068693196,200
KRR_TLCQM,0.2739921022691764,200
NN_TLCQM,0.1234785171852426,200
XGBoost_Target_Only,0.1091648304114723,300
KRR_Target_Only,0.5588309635413279,300
NN_Target_Only,0.2627308667126513,300
XGBoost_Pool,0.0989876064189611,300
KRR_Pool,0.514168027304906,300
NN_Pool,0.1830283996336833,300
XGBoost_TLCQM,0.1058205593791699,300
KRR_TLCQM,0.2846634235284804,300
NN_TLCQM,0.1106443510886449,300
XGBoost_Target_Only,0.099163958117289,500
KRR_Target_Only,0.4367909704995795,500
NN_Target_Only,0.1669792283994343,500
XGBoost_Pool,0.0989623243971801,500
KRR_Pool,0.7286190745449943,500
NN_Pool,0.1488219842613419,500
XGBoost_TLCQM,0.100177723859581,500
KRR_TLCQM,0.2297896783904632,500
NN_TLCQM,0.1039272625777215,500
TKRR,1.979322224675853,100
CDAR,5.177761543524782,100
DARC,38.337926186835176,100
VNCD_MDD,0.2077967023499459,100
M3SDA_Reg,0.1219592150738017,100
CMSS_Reg,0.1163916490550799,100
TKRR,1.8855619202089549,200
CDAR,6.084867092101615,200
DARC,33.490825564276,200
VNCD_MDD,0.2101738832827832,200
M3SDA_Reg,0.1217471895665043,200
CMSS_Reg,0.1235187367133143,200
TKRR,1.8313249895750587,300
CDAR,6.17059038108189,300
DARC,34.00467206642269,300
VNCD_MDD,0.2001154309126689,300
M3SDA_Reg,0.1222535332573824,300
CMSS_Reg,0.1166560487831063,300
TKRR,1.7737867610152034,500
CDAR,6.202958449783478,500
DARC,37.773406891198285,500
VNCD_MDD,0.1563338069561526,500
M3SDA_Reg,0.1215999201674548,500
CMSS_Reg,0.1103083891776253,500
XGBoost_Target_Only,0.1156854826854382,100
KRR_Target_Only,0.9936389987048776,100
NN_Target_Only,0.6065774305261061,100
XGBoost_Pool,0.0992831476999241,100
KRR_Pool,0.3176911008001868,100
NN_Pool,0.2103220240848546,100
XGBoost_TLCQM,0.1037025173986303,100
KRR_TLCQM,0.189585151054561,100
NN_TLCQM,0.1244820937695649,100
XGBoost_Target_Only,0.1111605649747473,200
KRR_Target_Only,0.5882051911201617,200
NN_Target_Only,0.2442257600642396,200
XGBoost_Pool,0.099411306806308,200
KRR_Pool,0.3879951907597061,200
NN_Pool,0.2091943669305771,200
XGBoost_TLCQM,0.100975760137782,200
KRR_TLCQM,0.1769262021577966,200
NN_TLCQM,0.1169768488081594,200
XGBoost_Target_Only,0.1003411711195331,300
KRR_Target_Only,0.4924857961058598,300
NN_Target_Only,0.2310522863546421,300
XGBoost_Pool,0.0967943313163652,300
KRR_Pool,0.5062668115385613,300
NN_Pool,0.2113336152097296,300
XGBoost_TLCQM,0.1009869984423884,300
KRR_TLCQM,0.1808992553715119,300
NN_TLCQM,0.11722708224145,300
XGBoost_Target_Only,0.0968233214035086,500
KRR_Target_Only,0.3538434153467755,500
NN_Target_Only,0.174247561872674,500
XGBoost_Pool,0.0950129747594399,500
KRR_Pool,0.7079668235303195,500
NN_Pool,0.1431127184629743,500
XGBoost_TLCQM,0.0963249857310701,500
KRR_TLCQM,0.1770318492210404,500
NN_TLCQM,0.1049079026360061,500
TKRR,1.936652152877356,100
CDAR,5.452042556214939,100
DARC,39.23580945157178,100
VNCD_MDD,0.1568362723015528,100
M3SDA_Reg,0.1205606533495949,100
CMSS_Reg,0.113844307106479,100
TKRR,1.946549014003389,200
CDAR,5.914061192632297,200
DARC,25.24844910227644,200
VNCD_MDD,0.1439986299122355,200
M3SDA_Reg,0.1228840365355282,200
CMSS_Reg,0.1065065094862714,200
TKRR,1.931966255114259,300
CDAR,5.990553704118184,300
DARC,25.22515330869227,300
VNCD_MDD,0.1308226962928518,300
M3SDA_Reg,0.1219570284672655,300
CMSS_Reg,0.1076458661112695,300
TKRR,1.8447053526907429,500
CDAR,5.943735940993355,500
DARC,24.71899754831541,500
VNCD_MDD,0.118656636346765,500
M3SDA_Reg,0.1193166294125354,500
CMSS_Reg,0.1038712967454705,500
XGBoost_Target_Only,0.1225567316655452,100
KRR_Target_Only,0.8885070490195957,100
NN_Target_Only,0.590007632970501,100
XGBoost_Pool,0.1035003447711055,100
KRR_Pool,0.3186019990534144,100
NN_Pool,0.1984044841396259,100
XGBoost_TLCQM,0.1050687600751002,100
KRR_TLCQM,0.214636488789676,100
NN_TLCQM,0.1273666268139577,100
XGBoost_Target_Only,0.1018184495972441,200
KRR_Target_Only,0.5009691027890611,200
NN_Target_Only,0.3165270123401055,200
XGBoost_Pool,0.1007771734320672,200
KRR_Pool,0.3830914359597346,200
NN_Pool,0.1726667871796488,200
XGBoost_TLCQM,0.0992525178675691,200
KRR_TLCQM,0.1967350757664085,200
NN_TLCQM,0.1099722253412111,200
XGBoost_Target_Only,0.0965002583265066,300
KRR_Target_Only,0.4690296839875528,300
NN_Target_Only,0.2560021141796236,300
XGBoost_Pool,0.0992926624746125,300
KRR_Pool,0.5029548914889728,300
NN_Pool,0.1955794653645115,300
XGBoost_TLCQM,0.0988031557677839,300
KRR_TLCQM,0.2383304264310845,300
NN_TLCQM,0.1116541603127625,300
XGBoost_Target_Only,0.0995929373782529,500
KRR_Target_Only,0.3258910170597452,500
NN_Target_Only,0.1809479243616568,500
XGBoost_Pool,0.0994277244102535,500
KRR_Pool,0.7050317569924286,500
NN_Pool,0.2197283109061557,500
XGBoost_TLCQM,0.1030093021861857,500
KRR_TLCQM,0.1889290870754486,500
NN_TLCQM,0.1137839585671439,500
TKRR,2.0690761621840656,100
CDAR,6.404913790776682,100
DARC,29.547164258135886,100
VNCD_MDD,0.1470127778129988,100
M3SDA_Reg,0.1242720145041735,100
CMSS_Reg,0.1244138528193263,100
TKRR,1.8033610242835776,200
CDAR,5.001326713219235,200
DARC,42.37354438318637,200
VNCD_MDD,0.135721802130671,200
M3SDA_Reg,0.1169703181107253,200
CMSS_Reg,0.1077239977966859,200
TKRR,1.8005905096603136,300
CDAR,4.9380634135526265,300
DARC,42.38456009691517,300
VNCD_MDD,0.1310726484422532,300
M3SDA_Reg,0.1134149225573747,300
CMSS_Reg,0.1077455874076256,300
TKRR,1.788805186462712,500
CDAR,4.977028892934657,500
DARC,42.50665805244267,500
VNCD_MDD,0.1240475312138497,500
M3SDA_Reg,0.1230931085207303,500
CMSS_Reg,0.1074916164805046,500
XGBoost_Target_Only,0.125185832817795,100
KRR_Target_Only,0.7204473793867989,100
NN_Target_Only,0.5421321646395283,100
XGBoost_Pool,0.1013064516918853,100
KRR_Pool,0.3169217958708301,100
NN_Pool,0.2015021118829094,100
XGBoost_TLCQM,0.1081826730501314,100
KRR_TLCQM,0.2032619085814908,100
NN_TLCQM,0.1411798642293303,100
XGBoost_Target_Only,0.1112179806890095,200
KRR_Target_Only,0.4661132231123581,200
NN_Target_Only,0.4220613023323514,200
XGBoost_Pool,0.1005151074504987,200
KRR_Pool,0.3880676597822997,200
NN_Pool,0.1918805795613789,200
XGBoost_TLCQM,0.1035688512332827,200
KRR_TLCQM,0.1919760566879206,200
NN_TLCQM,0.1167038416045034,200
XGBoost_Target_Only,0.1071909639491648,300
KRR_Target_Only,0.3685289173001761,300
NN_Target_Only,0.2943709841157124,300
XGBoost_Pool,0.0994464782569697,300
KRR_Pool,0.5063695977836519,300
NN_Pool,0.1861703841330839,300
XGBoost_TLCQM,0.1023691516070426,300
KRR_TLCQM,0.1893878805045708,300
NN_TLCQM,0.1078163462887581,300
XGBoost_Target_Only,0.1002663535211703,500
KRR_Target_Only,0.3362513490343586,500
NN_Target_Only,0.1603329849534429,500
XGBoost_Pool,0.0994367302617595,500
KRR_Pool,0.7133061882580627,500
NN_Pool,0.2133655102964202,500
XGBoost_TLCQM,0.1015554442088305,500
KRR_TLCQM,0.1819813578933905,500
NN_TLCQM,0.1078518664084632,500
TKRR,1.960889465749075,100
CDAR,5.614705670014904,100
DARC,39.36353969553434,100
VNCD_MDD,0.1622386957354131,100
M3SDA_Reg,0.1386661142428331,100
CMSS_Reg,0.1321967469382877,100
TKRR,1.9782974485710056,200
CDAR,6.086516847246657,200
DARC,28.605991968186647,200
VNCD_MDD,0.1646873064095551,200
M3SDA_Reg,0.1251468321410251,200
CMSS_Reg,0.1201691838485146,200
TKRR,1.869897165062998,300
CDAR,6.08518952801044,300
DARC,28.485335288261115,300
VNCD_MDD,0.154660906726803,300
M3SDA_Reg,0.1248021662210714,300
CMSS_Reg,0.1143955483189413,300
TKRR,1.7965568845363828,500
CDAR,6.095406756693095,500
DARC,27.977844765146923,500
VNCD_MDD,0.1207443205047424,500
M3SDA_Reg,0.1277116057354395,500
CMSS_Reg,0.1116439882023737,500
XGBoost_Target_Only,0.1226626951584905,100
KRR_Target_Only,1.561838859438346,100
NN_Target_Only,0.3899578060081862,100
XGBoost_Pool,0.1010614400075509,100
KRR_Pool,0.3187431616559348,100
NN_Pool,0.1912167294017635,100
XGBoost_TLCQM,0.1126961949658168,100
KRR_TLCQM,0.27856283989607,100
NN_TLCQM,0.1339514033097558,100
XGBoost_Target_Only,0.1072534784346433,200
KRR_Target_Only,0.5551523176329899,200
NN_Target_Only,0.2843439518051607,200
XGBoost_Pool,0.0995298351478824,200
KRR_Pool,0.3815696254460771,200
NN_Pool,0.2257685233558602,200
XGBoost_TLCQM,0.0980558709164969,200
KRR_TLCQM,0.1959270875113538,200
NN_TLCQM,0.112240060741024,200
XGBoost_Target_Only,0.098492748849205,300
KRR_Target_Only,0.2957701265644161,300
NN_Target_Only,0.1761771505530244,300
XGBoost_Pool,0.0984635283884835,300
KRR_Pool,0.4897123805208148,300
NN_Pool,0.1986530214149895,300
XGBoost_TLCQM,0.1009008060104768,300
KRR_TLCQM,0.1625554526671758,300
NN_TLCQM,0.1107025599093,300
XGBoost_Target_Only,0.0953531792032759,500
KRR_Target_Only,0.2894329915634976,500
NN_Target_Only,0.1405499166096778,500
XGBoost_Pool,0.0969353263221834,500
KRR_Pool,0.6949990820494627,500
NN_Pool,0.2001286590034152,500
XGBoost_TLCQM,0.1002523523649117,500
KRR_TLCQM,0.1667103116616781,500
NN_TLCQM,0.1116385090811153,500
TKRR,2.1617872368825752,100
CDAR,6.326084635848476,100
DARC,35.65078813332978,100
VNCD_MDD,0.1578321577958188,100
M3SDA_Reg,0.1154508502684121,100
CMSS_Reg,0.129633936642316,100
TKRR,1.7940504499263477,200
CDAR,5.860714509792065,200
DARC,34.52349788295475,200
VNCD_MDD,0.1775869562307852,200
M3SDA_Reg,0.1121176412100489,200
CMSS_Reg,0.115799919513614,200
TKRR,1.760950758685555,300
CDAR,5.894513772088325,300
DARC,33.753800335955404,300
VNCD_MDD,0.1453810512130756,300
M3SDA_Reg,0.1151435149451379,300
CMSS_Reg,0.1109103185856347,300
TKRR,1.795430705637426,500
CDAR,5.788241523475897,500
DARC,34.26398595749634,500
VNCD_MDD,0.1468192897090708,500
M3SDA_Reg,0.1171048135926448,500
CMSS_Reg,0.1050768462009666,500
XGBoost_Target_Only,0.1372577554319608,100
KRR_Target_Only,0.7559917940671232,100
NN_Target_Only,0.8053929928231841,100
XGBoost_Pool,0.0981066240552089,100
KRR_Pool,0.3129123548967795,100
NN_Pool,0.1980837122613797,100
XGBoost_TLCQM,0.0989601380728942,100
KRR_TLCQM,0.1921147183854291,100
NN_TLCQM,0.1157455624221555,100
XGBoost_Target_Only,0.1176520278378069,200
KRR_Target_Only,0.5988498360900582,200
NN_Target_Only,0.5358329283673565,200
XGBoost_Pool,0.096918658353801,200
KRR_Pool,0.3820475143512031,200
NN_Pool,0.1749323532527638,200
XGBoost_TLCQM,0.1002964004221375,200
KRR_TLCQM,0.1854723799433841,200
NN_TLCQM,0.1067591236406263,200
XGBoost_Target_Only,0.0979853804298114,300
KRR_Target_Only,0.4762320230006194,300
NN_Target_Only,0.2589127789418662,300
XGBoost_Pool,0.0959380922535111,300
KRR_Pool,0.5018883522408646,300
NN_Pool,0.1735043338674608,300
XGBoost_TLCQM,0.0986742158882964,300
KRR_TLCQM,0.1851517304004064,300
NN_TLCQM,0.106931525920036,300
XGBoost_Target_Only,0.0976489964062989,500
KRR_Target_Only,0.3810802701696624,500
NN_Target_Only,0.164428833260677,500
XGBoost_Pool,0.0975500415020537,500
KRR_Pool,0.7059646813873219,500
NN_Pool,0.20444212429893,500
XGBoost_TLCQM,0.099720227185484,500
KRR_TLCQM,0.1787084494799365,500
NN_TLCQM,0.1024343547073352,500
TKRR,2.038034293361618,100
CDAR,5.908289655260556,100
DARC,31.305371970850054,100
VNCD_MDD,0.1594663239196247,100
M3SDA_Reg,0.121482322086117,100
CMSS_Reg,0.115359953050027,100
TKRR,1.844573056051231,200
CDAR,5.961003559079282,200
DARC,37.909227131886496,200
VNCD_MDD,0.1648415696841313,200
M3SDA_Reg,0.1157297594658516,200
CMSS_Reg,0.1159314549294128,200
TKRR,1.8307524354095983,300
CDAR,5.981038818211335,300
DARC,38.20803721692325,300
VNCD_MDD,0.1516595311865771,300
M3SDA_Reg,0.1254513420267374,300
CMSS_Reg,0.1126848158892196,300
TKRR,1.825763387976067,500
CDAR,6.038077952091682,500
DARC,38.53215685355913,500
VNCD_MDD,0.1308020784944258,500
M3SDA_Reg,0.1239430776705367,500
CMSS_Reg,0.1048575740582433,500
XGBoost_Target_Only,0.1119951054840619,100
KRR_Target_Only,0.8421982759336951,100
NN_Target_Only,0.5670974433097332,100
XGBoost_Pool,0.0993143885231668,100
KRR_Pool,0.3177161421853868,100
NN_Pool,0.1854000834168518,100
XGBoost_TLCQM,0.0991376636389501,100
KRR_TLCQM,0.2033229746905557,100
NN_TLCQM,0.1180652364537021,100
XGBoost_Target_Only,0.110079788419623,200
KRR_Target_Only,0.6130924029825456,200
NN_Target_Only,0.3211496285598414,200
XGBoost_Pool,0.0972643515808134,200
KRR_Pool,0.390376024422198,200
NN_Pool,0.1893429405661007,200
XGBoost_TLCQM,0.1006237724723973,200
KRR_TLCQM,0.2591224103948634,200
NN_TLCQM,0.1140960358263776,200
XGBoost_Target_Only,0.1004842685112502,300
KRR_Target_Only,0.5028317661958401,300
NN_Target_Only,0.2135218075847395,300
XGBoost_Pool,0.0981320356925806,300
KRR_Pool,0.5133849088565664,300
NN_Pool,0.1998135719633245,300
XGBoost_TLCQM,0.0990018225822703,300
KRR_TLCQM,0.2457541990077689,300
NN_TLCQM,0.1131027931515979,300
XGBoost_Target_Only,0.0959028871907169,500
KRR_Target_Only,0.3303182400790149,500
NN_Target_Only,0.1499680873164873,500
XGBoost_Pool,0.0970917186513537,500
KRR_Pool,0.715999270673717,500
NN_Pool,0.1959252654458818,500
XGBoost_TLCQM,0.1028302860843513,500
KRR_TLCQM,0.206583057681085,500
NN_TLCQM,0.1105761350942832,500
TKRR,2.0635450868557306,100
CDAR,5.68453388832415,100
DARC,22.802959353206266,100
VNCD_MDD,0.1752362325317635,100
M3SDA_Reg,0.1167577710103464,100
CMSS_Reg,0.1221038909315475,100
TKRR,2.0530690562266525,200
CDAR,6.2518938945285045,200
DARC,33.62766280234334,200
VNCD_MDD,0.1385279350528045,200
M3SDA_Reg,0.1175679400670445,200
CMSS_Reg,0.1138764643209566,200
TKRR,1.971007335629236,300
CDAR,6.259802028513962,300
DARC,33.237225087131925,300
VNCD_MDD,0.1432058660917964,300
M3SDA_Reg,0.1182119171369996,300
CMSS_Reg,0.1162768978733542,300
TKRR,1.8551525045150192,500
CDAR,6.170529139108103,500
DARC,32.58149831237612,500
VNCD_MDD,0.125321403143799,500
M3SDA_Reg,0.1191472936529973,500
CMSS_Reg,0.1133893984320807,500
XGBoost_Target_Only,0.1180172191330708,100
KRR_Target_Only,0.9709473338640678,100
NN_Target_Only,0.6933069078384773,100
XGBoost_Pool,0.0988389523123409,100
KRR_Pool,0.3191802544256685,100
NN_Pool,0.1958245040139805,100
XGBoost_TLCQM,0.1026954690771603,100
KRR_TLCQM,0.2023947884475168,100
NN_TLCQM,0.126603056268997,100
XGBoost_Target_Only,0.1012722247153565,200
KRR_Target_Only,0.6132854727340044,200
NN_Target_Only,0.4260989498647284,200
XGBoost_Pool,0.1007204668120992,200
KRR_Pool,0.3907041211014742,200
NN_Pool,0.1804579905086265,200
XGBoost_TLCQM,0.0985844207887772,200
KRR_TLCQM,0.199390584172868,200
NN_TLCQM,0.1150491529204219,200
XGBoost_Target_Only,0.0987252860336991,300
KRR_Target_Only,0.5339633525572407,300
NN_Target_Only,0.2812879549134385,300
XGBoost_Pool,0.0975704993212861,300
KRR_Pool,0.5106522598123249,300
NN_Pool,0.1660721394650949,300
XGBoost_TLCQM,0.1011428356133927,300
KRR_TLCQM,0.1994139644696707,300
NN_TLCQM,0.1186007013483223,300
XGBoost_Target_Only,0.0959363491885123,500
KRR_Target_Only,0.3395855357825262,500
NN_Target_Only,0.1623832451385006,500
XGBoost_Pool,0.0970612507433093,500
KRR_Pool,0.7131230150688483,500
NN_Pool,0.2028390660478405,500
XGBoost_TLCQM,0.0978424014160957,500
KRR_TLCQM,0.185230806910809,500
NN_TLCQM,0.1051500451921668,500
TKRR,1.9487346287491407,100
CDAR,5.533706435003476,100
DARC,40.61196531763656,100
VNCD_MDD,0.1524709313983074,100
M3SDA_Reg,0.1183710802138176,100
CMSS_Reg,0.1170942892521669,100
TKRR,1.9233213467966697,200
CDAR,5.760703228566388,200
DARC,6.033706690289852,200
VNCD_MDD,0.1496730182313613,200
M3SDA_Reg,0.124810140445672,200
CMSS_Reg,0.1098775826051402,200
TKRR,1.9427772358644084,300
CDAR,5.775135057545592,300
DARC,31.80002775010748,300
VNCD_MDD,0.1440361929645423,300
M3SDA_Reg,0.1169209048223857,300
CMSS_Reg,0.106526574889947,300
TKRR,1.8128718341828052,500
CDAR,5.749461856498149,500
DARC,40.00363803104197,500
VNCD_MDD,0.1462320966638838,500
M3SDA_Reg,0.1217916820591167,500
CMSS_Reg,0.1020191637273596,500
XGBoost_Target_Only,0.1281860813601479,100
KRR_Target_Only,1.0680296258211477,100
NN_Target_Only,0.6761689960216932,100
XGBoost_Pool,0.1002529133316362,100
KRR_Pool,0.3192103256799378,100
NN_Pool,0.2136021241234798,100
XGBoost_TLCQM,0.103736536291495,100
KRR_TLCQM,0.2200672164248543,100
NN_TLCQM,0.1171121070175759,100
XGBoost_Target_Only,0.1181302498171526,200
KRR_Target_Only,0.6992481347934214,200
NN_Target_Only,0.4539908686631419,200
XGBoost_Pool,0.1000161185243627,200
KRR_Pool,0.3903129453103106,200
NN_Pool,0.2137671335924109,200
XGBoost_TLCQM,0.1031265418435404,200
KRR_TLCQM,0.1941030788489201,200
NN_TLCQM,0.1154686593097801,200
XGBoost_Target_Only,0.0992415004236231,300
KRR_Target_Only,0.3686361199372092,300
NN_Target_Only,0.2137952345664251,300
XGBoost_Pool,0.0995000745747411,300
KRR_Pool,0.499612656786596,300
NN_Pool,0.1896288796326961,300
XGBoost_TLCQM,0.0973694150868443,300
KRR_TLCQM,0.1605916787283553,300
NN_TLCQM,0.1088814412227872,300
XGBoost_Target_Only,0.0932292030790282,500
KRR_Target_Only,0.3371770482225458,500
NN_Target_Only,0.1913124956703195,500
XGBoost_Pool,0.0947894677372207,500
KRR_Pool,0.7046142453836023,500
NN_Pool,0.1907012907329545,500
XGBoost_TLCQM,0.0965980193171412,500
KRR_TLCQM,0.1790924704560837,500
NN_TLCQM,0.1065953136902703,500
TKRR,1.8986440103010596,100
CDAR,5.415695951204488,100
DARC,39.35284496104512,100
VNCD_MDD,0.1577848511983754,100
M3SDA_Reg,0.1202611397371072,100
CMSS_Reg,0.122282010492408,100
TKRR,1.946799089796197,200
CDAR,5.288057447855735,200
DARC,35.34143671301751,200
VNCD_MDD,0.1712728756769439,200
M3SDA_Reg,0.1155113789372479,200
CMSS_Reg,0.1197843414173306,200
TKRR,1.9518084250321,300
CDAR,5.193193470815938,300
DARC,33.071271777904926,300
VNCD_MDD,0.1389632243619959,300
M3SDA_Reg,0.1208694671401984,300
CMSS_Reg,0.1113584370259704,300
TKRR,1.843870723354056,500
CDAR,5.290419451934021,500
DARC,35.68392122871687,500
VNCD_MDD,0.139851805890907,500
M3SDA_Reg,0.115975823583308,500
CMSS_Reg,0.1047006407397537,500
XGBoost_Target_Only,0.1034547819708688,100
KRR_Target_Only,1.5226806898180116,100
NN_Target_Only,0.4852098289928816,100
XGBoost_Pool,0.1016955770957317,100
KRR_Pool,0.3179530558141938,100
NN_Pool,0.2063174667599585,100
XGBoost_TLCQM,0.1028239180782262,100
KRR_TLCQM,0.2049601645658154,100
NN_TLCQM,0.1233323221074437,100
XGBoost_Target_Only,0.1015152591292125,200
KRR_Target_Only,0.649705127340123,200
NN_Target_Only,0.2541774879113864,200
XGBoost_Pool,0.0997227605836005,200
KRR_Pool,0.3909900422222713,200
NN_Pool,0.1900407952761913,200
XGBoost_TLCQM,0.0992933532596206,200
KRR_TLCQM,0.1793235356101422,200
NN_TLCQM,0.1173437502551814,200
XGBoost_Target_Only,0.1030292829716328,300
KRR_Target_Only,0.4290867981025796,300
NN_Target_Only,0.1607216662650938,300
XGBoost_Pool,0.0988661884872584,300
KRR_Pool,0.5126500674589238,300
NN_Pool,0.1707880454290434,300
XGBoost_TLCQM,0.0967513672332333,300
KRR_TLCQM,0.1696253287934264,300
NN_TLCQM,0.1085005722196961,300
XGBoost_Target_Only,0.0956518295085181,500
KRR_Target_Only,0.3379120917119192,500
NN_Target_Only,0.1416964676487852,500
XGBoost_Pool,0.0940655273215835,500
KRR_Pool,0.7106051758280982,500
NN_Pool,0.2093352804721606,500
XGBoost_TLCQM,0.0979834783260345,500
KRR_TLCQM,0.1631626206865404,500
NN_TLCQM,0.1051883251830573,500
TKRR,1.896188788856726,100
CDAR,5.790915186743299,100
DARC,24.162081295444278,100
VNCD_MDD,0.1735537107905579,100
M3SDA_Reg,0.1142351684194081,100
CMSS_Reg,0.1158883231753083,100
TKRR,1.8694846725944416,200
CDAR,5.513246237534202,200
DARC,36.79030544889261,200
VNCD_MDD,0.1497359141319178,200
M3SDA_Reg,0.1133937411343775,200
CMSS_Reg,0.1117999157872992,200
TKRR,1.871506339660548,300
CDAR,5.405828726377276,300
DARC,37.05621843457942,300
VNCD_MDD,0.1456296981644554,300
M3SDA_Reg,0.1145286614245775,300
CMSS_Reg,0.108084816013488,300
TKRR,1.858985540609142,500
CDAR,5.37473734528552,500
DARC,38.198426878021685,500
VNCD_MDD,0.1309206686692565,500
M3SDA_Reg,0.1160544290754286,500
CMSS_Reg,0.1025251433449089,500
XGBoost_Target_Only,0.1075751508900485,100
KRR_Target_Only,1.0689047286376587,100
NN_Target_Only,0.5742729073299643,100
XGBoost_Pool,0.1009827701074965,100
KRR_Pool,0.3182348272552066,100
NN_Pool,0.1914101412653626,100
XGBoost_TLCQM,0.0995245623124362,100
KRR_TLCQM,0.2197432595243998,100
NN_TLCQM,0.1149546463132224,100
XGBoost_Target_Only,0.0980372402029666,200
KRR_Target_Only,0.6638353606591358,200
NN_Target_Only,0.3086095748998176,200
XGBoost_Pool,0.0993210636479157,200
KRR_Pool,0.3877832622799739,200
NN_Pool,0.1979905694767878,200
XGBoost_TLCQM,0.0990809417673139,200
KRR_TLCQM,0.1911461995418479,200
NN_TLCQM,0.1081294644535666,200
XGBoost_Target_Only,0.0975558790395467,300
KRR_Target_Only,0.4527752344728785,300
NN_Target_Only,0.1938205697034494,300
XGBoost_Pool,0.0989290477264821,300
KRR_Pool,0.5063623037421356,300
NN_Pool,0.1704642677248158,300
XGBoost_TLCQM,0.1001815393409788,300
KRR_TLCQM,0.1890270186479383,300
NN_TLCQM,0.1047541126343146,300
XGBoost_Target_Only,0.0948839527488544,500
KRR_Target_Only,0.3768867507537371,500
NN_Target_Only,0.1663090368062399,500
XGBoost_Pool,0.0976309075696965,500
KRR_Pool,0.7098190108894631,500
NN_Pool,0.2195373441040857,500
XGBoost_TLCQM,0.1004511983303646,500
KRR_TLCQM,0.1957358945873165,500
NN_TLCQM,0.1042461840440891,500
TKRR,1.9127341345805675,100
CDAR,5.493003225842696,100
DARC,26.621016482302544,100
VNCD_MDD,0.142669029202407,100
M3SDA_Reg,0.1062668522575579,100
CMSS_Reg,0.1158894886888918,100
TKRR,1.9019175558583177,200
CDAR,5.267403048768137,200
DARC,30.226126649703563,200
VNCD_MDD,0.1368731286581319,200
M3SDA_Reg,0.1153474360282368,200
CMSS_Reg,0.113079067619207,200
TKRR,1.876371112207328,300
CDAR,5.256466389028432,300
DARC,42.60884520371519,300
VNCD_MDD,0.1411727161322172,300
M3SDA_Reg,0.1164065023685174,300
CMSS_Reg,0.1153004879671494,300
TKRR,1.8172012418890464,500
CDAR,5.279036138104666,500
DARC,29.4965398919932,500
VNCD_MDD,0.1196652465124474,500
M3SDA_Reg,0.1275685089981367,500
CMSS_Reg,0.1071396041443536,500
XGBoost_Target_Only,0.1041717172079877,100
KRR_Target_Only,1.2446648880527462,100
NN_Target_Only,0.5738172604535925,100
XGBoost_Pool,0.1001867954371524,100
KRR_Pool,0.3166747538591298,100
NN_Pool,0.1972670520713254,100
XGBoost_TLCQM,0.1102683139451494,100
KRR_TLCQM,0.1849595359384718,100
NN_TLCQM,0.1727817356218599,100
XGBoost_Target_Only,0.1008399310277942,200
KRR_Target_Only,0.5311772437954132,200
NN_Target_Only,0.3061414551250722,200
XGBoost_Pool,0.096585222317385,200
KRR_Pool,0.3830399706591666,200
NN_Pool,0.1954065298541868,200
XGBoost_TLCQM,0.0988510270937643,200
KRR_TLCQM,0.1668643647388299,200
NN_TLCQM,0.1147732074385868,200
XGBoost_Target_Only,0.0954562662602091,300
KRR_Target_Only,0.358721652933652,300
NN_Target_Only,0.1821120159636409,300
XGBoost_Pool,0.0939391150064736,300
KRR_Pool,0.5001619475490631,300
NN_Pool,0.2065097348581796,300
XGBoost_TLCQM,0.0971626356186432,300
KRR_TLCQM,0.1633294553522559,300
NN_TLCQM,0.1050776800919249,300
XGBoost_Target_Only,0.0942285243190657,500
KRR_Target_Only,0.315003378528034,500
NN_Target_Only,0.1547945784623554,500
XGBoost_Pool,0.0933220296134395,500
KRR_Pool,0.7044684501400905,500
NN_Pool,0.1341025309218269,500
XGBoost_TLCQM,0.0962243236817791,500
KRR_TLCQM,0.1829030609951128,500
NN_TLCQM,0.1048881883132311,500
TKRR,1.9220978742541048,100
CDAR,5.240039872842599,100
DARC,31.065470646906963,100
VNCD_MDD,0.1609665922248367,100
M3SDA_Reg,0.1107359964841821,100
CMSS_Reg,0.109803052010808,100
TKRR,2.100471015352402,200
CDAR,5.47169622085326,200
DARC,38.19616430791409,200
VNCD_MDD,0.1317109510033349,200
M3SDA_Reg,0.1147280612229643,200
CMSS_Reg,0.1004356761740102,200
TKRR,1.8752450733523496,300
CDAR,5.286362618926316,300
DARC,38.62298707770819,300
VNCD_MDD,0.1332429867168453,300
M3SDA_Reg,0.113623378678985,300
CMSS_Reg,0.103765516717434,300
TKRR,1.8009789029323506,500
CDAR,5.284596189402797,500
DARC,38.51308490345527,500
VNCD_MDD,0.124092927778504,500
M3SDA_Reg,0.1154851124930743,500
CMSS_Reg,0.0982724083711012,500
XGBoost_Target_Only,0.1158176182279437,100
KRR_Target_Only,1.3448843849543015,100
NN_Target_Only,0.951012163555598,100
XGBoost_Pool,0.1005312329639782,100
KRR_Pool,0.3187773189731236,100
NN_Pool,0.2173513513943245,100
XGBoost_TLCQM,0.102092073701968,100
KRR_TLCQM,0.2239806501404248,100
NN_TLCQM,0.1223637595451821,100
XGBoost_Target_Only,0.1101822881458566,200
KRR_Target_Only,0.7756403973594377,200
NN_Target_Only,0.5871309014158173,200
XGBoost_Pool,0.0992789227057355,200
KRR_Pool,0.3893516180357393,200
NN_Pool,0.194818944522639,200
XGBoost_TLCQM,0.09874823297626,200
KRR_TLCQM,0.2107173933336576,200
NN_TLCQM,0.1053148508532191,200
XGBoost_Target_Only,0.0945962732599007,300
KRR_Target_Only,0.3470929557317939,300
NN_Target_Only,0.197184815959837,300
XGBoost_Pool,0.097270274743962,300
KRR_Pool,0.5013549121941739,300
NN_Pool,0.192595789123226,300
XGBoost_TLCQM,0.0965096549603569,300
KRR_TLCQM,0.1780063625003267,300
NN_TLCQM,0.099868136135967,300
XGBoost_Target_Only,0.0910164613617208,500
KRR_Target_Only,0.275272188789132,500
NN_Target_Only,0.1489382298723695,500
XGBoost_Pool,0.095787552253061,500
KRR_Pool,0.7079981386032582,500
NN_Pool,0.2297046939540794,500
XGBoost_TLCQM,0.096281815016692,500
KRR_TLCQM,0.1805123484216189,500
NN_TLCQM,0.0993097407292001,500
TKRR,1.9746208923412527,100
CDAR,5.703375887267758,100
DARC,29.69922470447841,100
VNCD_MDD,0.1970665759535692,100
M3SDA_Reg,0.1084576070626931,100
CMSS_Reg,0.1136402848511282,100
TKRR,1.8709229516759385,200
CDAR,5.338035640606502,200
DARC,35.67967735078332,200
VNCD_MDD,0.18600459084159,200
M3SDA_Reg,0.1135716957884101,200
CMSS_Reg,0.112332735143394,200
TKRR,1.8252898338169223,300
CDAR,5.120310234752542,300
DARC,35.87965886802146,300
VNCD_MDD,0.1557053958000349,300
M3SDA_Reg,0.1133704903410811,300
CMSS_Reg,0.106902682018549,300
TKRR,1.7296716951570303,500
CDAR,5.134719675833592,500
DARC,36.45791904116835,500
VNCD_MDD,0.1348601676089686,500
M3SDA_Reg,0.1168056203461042,500
CMSS_Reg,0.1044533910482708,500
XGBoost_Target_Only,0.1108041231724767,100
KRR_Target_Only,1.0155413690093982,100
NN_Target_Only,0.4945655940150845,100
XGBoost_Pool,0.1013104750566847,100
KRR_Pool,0.3173864646848507,100
NN_Pool,0.2093211041883758,100
XGBoost_TLCQM,0.1004227694229884,100
KRR_TLCQM,0.196659947369714,100
NN_TLCQM,0.1095429520186288,100
XGBoost_Target_Only,0.1024272287048804,200
KRR_Target_Only,0.3934602544302943,200
NN_Target_Only,0.3132468871415353,200
XGBoost_Pool,0.1008974451071268,200
KRR_Pool,0.3688249939376457,200
NN_Pool,0.2018364238284565,200
XGBoost_TLCQM,0.0980362493582434,200
KRR_TLCQM,0.148652563190118,200
NN_TLCQM,0.1066511241964872,200
XGBoost_Target_Only,0.1012167161117796,300
KRR_Target_Only,0.3646633031936449,300
NN_Target_Only,0.2217307694706059,300
XGBoost_Pool,0.0994702027355752,300
KRR_Pool,0.4883195522714349,300
NN_Pool,0.1852174935195482,300
XGBoost_TLCQM,0.099869524067986,300
KRR_TLCQM,0.1624620732805889,300
NN_TLCQM,0.102726534870514,300
XGBoost_Target_Only,0.0911143969059506,500
KRR_Target_Only,0.3436127942575145,500
NN_Target_Only,0.1691031074340786,500
XGBoost_Pool,0.0952112795577937,500
KRR_Pool,0.6933032881303999,500
NN_Pool,0.1519580261690508,500
XGBoost_TLCQM,0.0952157677060726,500
KRR_TLCQM,0.1629440155867281,500
NN_TLCQM,0.10344598674357,500
TKRR,1.8475910301989067,100
CDAR,5.754124752369879,100
DARC,28.913772756388195,100
VNCD_MDD,0.1702356486561231,100
M3SDA_Reg,0.1154938762357453,100
CMSS_Reg,0.1160453444456714,100
TKRR,1.826710273861613,200
CDAR,5.76621817290741,200
DARC,29.49274760971277,200
VNCD_MDD,0.1619440359738449,200
M3SDA_Reg,0.121554308255406,200
CMSS_Reg,0.1111821952395944,200
TKRR,1.7824771234896548,300
CDAR,5.3506866582369454,300
DARC,27.93776512547624,300
VNCD_MDD,0.1478806605010094,300
M3SDA_Reg,0.1196730124274929,300
CMSS_Reg,0.1123765255391659,300
TKRR,1.7919173319618549,500
CDAR,5.2619871935209135,500
DARC,29.10595156404717,500
VNCD_MDD,0.1376068133686364,500
M3SDA_Reg,0.1123110262041552,500
CMSS_Reg,0.0983153890033828,500
XGBoost_Target_Only,0.1110372768037429,100
KRR_Target_Only,0.7640462111608745,100
NN_Target_Only,0.3844813193382543,100
XGBoost_Pool,0.1011270647710065,100
KRR_Pool,0.3185501444245444,100
NN_Pool,0.2056859761987929,100
XGBoost_TLCQM,0.1016394175167131,100
KRR_TLCQM,0.2391862563522814,100
NN_TLCQM,0.1373587916876957,100
XGBoost_Target_Only,0.1028495073722222,200
KRR_Target_Only,0.4113741774331985,200
NN_Target_Only,0.2429013575239138,200
XGBoost_Pool,0.1005647036951965,200
KRR_Pool,0.3854974522678774,200
NN_Pool,0.2035639973757776,200
XGBoost_TLCQM,0.1036056354831922,200
KRR_TLCQM,0.1796535884973458,200
NN_TLCQM,0.1188192997721588,200
XGBoost_Target_Only,0.1010058841452172,300
KRR_Target_Only,0.3579523291501836,300
NN_Target_Only,0.178766719583923,300
XGBoost_Pool,0.0996241918308089,300
KRR_Pool,0.5014834709769127,300
NN_Pool,0.1911914660030717,300
XGBoost_TLCQM,0.1041126436538983,300
KRR_TLCQM,0.1774711093200114,300
NN_TLCQM,0.1162475583296068,300
XGBoost_Target_Only,0.0981566182641553,500
KRR_Target_Only,0.3385336038124185,500
NN_Target_Only,0.170821730263103,500
XGBoost_Pool,0.0970752658381107,500
KRR_Pool,0.7045840698642984,500
NN_Pool,0.2023901133677417,500
XGBoost_TLCQM,0.1012315791233818,500
KRR_TLCQM,0.1670437812727382,500
NN_TLCQM,0.1088611573684218,500
TKRR,1.866481810374813,100
CDAR,6.724989333539945,100
DARC,37.100226394370594,100
VNCD_MDD,0.1907924611604789,100
M3SDA_Reg,0.1235028580707831,100
CMSS_Reg,0.1154340436426391,100
TKRR,1.811576958872673,200
CDAR,5.864608112470525,200
DARC,28.262140812024548,200
VNCD_MDD,0.1463807476018557,200
M3SDA_Reg,0.135315567923753,200
CMSS_Reg,0.1111225894371088,200
TKRR,1.7961186972259515,300
CDAR,5.672033156187262,300
DARC,28.0709997083808,300
VNCD_MDD,0.136939522761923,300
M3SDA_Reg,0.1384008769531336,300
CMSS_Reg,0.1088370129683105,300
TKRR,1.709248196021559,500
CDAR,5.607858370487342,500
DARC,27.8313226626673,500
VNCD_MDD,0.1388824839102081,500
M3SDA_Reg,0.1302840941176953,500
CMSS_Reg,0.1001455027299592,500
XGBoost_Target_Only,0.1167999420982243,100
KRR_Target_Only,1.3177505331615127,100
NN_Target_Only,0.7559973778982437,100
XGBoost_Pool,0.0994768068372277,100
KRR_Pool,0.3187513588347288,100
NN_Pool,0.1840688246198845,100
XGBoost_TLCQM,0.1065625793814694,100
KRR_TLCQM,0.2622490804440714,100
NN_TLCQM,0.1308273463255109,100
XGBoost_Target_Only,0.1062860727272119,200
KRR_Target_Only,0.5593749165256369,200
NN_Target_Only,0.3464765395055583,200
XGBoost_Pool,0.0989585969548178,200
KRR_Pool,0.3873573232954939,200
NN_Pool,0.1601613920291019,200
XGBoost_TLCQM,0.1015034184251196,200
KRR_TLCQM,0.1906325322067506,200
NN_TLCQM,0.1240684051787243,200
XGBoost_Target_Only,0.0983819969689765,300
KRR_Target_Only,0.4178319008618313,300
NN_Target_Only,0.1791185252744713,300
XGBoost_Pool,0.0969987343274188,300
KRR_Pool,0.5073522963113655,300
NN_Pool,0.1816167993247817,300
XGBoost_TLCQM,0.097677833801388,300
KRR_TLCQM,0.1814720080399681,300
NN_TLCQM,0.1141900343662641,300
XGBoost_Target_Only,0.0937960772104668,500
KRR_Target_Only,0.2545307552806798,500
NN_Target_Only,0.1322162771127271,500
XGBoost_Pool,0.0945166722665932,500
KRR_Pool,0.6996274327718097,500
NN_Pool,0.1415950641967019,500
XGBoost_TLCQM,0.0957099549527231,500
KRR_TLCQM,0.1408666455402108,500
NN_TLCQM,0.1081213785389471,500
TKRR,1.905869148527302,100
CDAR,6.520542724394263,100
DARC,15.035924525953115,100
VNCD_MDD,0.16868319906381,100
M3SDA_Reg,0.1195822563097163,100
CMSS_Reg,0.1256191603315486,100
TKRR,1.887124866122456,200
CDAR,5.15622998243863,200
DARC,37.564191241824616,200
VNCD_MDD,0.1499669705864481,200
M3SDA_Reg,0.1199948698668779,200
CMSS_Reg,0.1136510305313701,200
TKRR,2.1638844353229154,300
CDAR,5.194807608017845,300
DARC,37.94795971807897,300
VNCD_MDD,0.1456889085702899,300
M3SDA_Reg,0.1159601397367047,300
CMSS_Reg,0.107244055943335,300
TKRR,1.7087944382485756,500
CDAR,5.115401795752903,500
DARC,37.87411572975709,500
VNCD_MDD,0.1387701280610783,500
M3SDA_Reg,0.1210463089502036,500
CMSS_Reg,0.1051551509657017,500
XGBoost_Target_Only,0.1171482735983175,100
KRR_Target_Only,1.6629861117277032,100
NN_Target_Only,2.3282883772020617,100
XGBoost_Pool,0.1025459985488466,100
KRR_Pool,0.3195547254583757,100
NN_Pool,0.1778973289002073,100
XGBoost_TLCQM,0.1116782874425587,100
KRR_TLCQM,0.2998689291557269,100
NN_TLCQM,0.1226623775919447,100
XGBoost_Target_Only,0.1156150297191433,200
KRR_Target_Only,0.7522218591340224,200
NN_Target_Only,0.4815898790181172,200
XGBoost_Pool,0.0999869216429009,200
KRR_Pool,0.389672717571385,200
NN_Pool,0.2069711199994059,200
XGBoost_TLCQM,0.0981084287918093,200
KRR_TLCQM,0.2097202690101512,200
NN_TLCQM,0.1102490146528129,200
XGBoost_Target_Only,0.105747959521641,300
KRR_Target_Only,0.4735111772145206,300
NN_Target_Only,0.2605840831147505,300
XGBoost_Pool,0.0989959262187135,300
KRR_Pool,0.5116480088071765,300
NN_Pool,0.1794267355049244,300
XGBoost_TLCQM,0.101549997376538,300
KRR_TLCQM,0.2131178681731594,300
NN_TLCQM,0.1092818354670971,300
XGBoost_Target_Only,0.1022775139257988,500
KRR_Target_Only,0.3943675592765146,500
NN_Target_Only,0.186782367880171,500
XGBoost_Pool,0.0976731057111237,500
KRR_Pool,0.7183129904333747,500
NN_Pool,0.2141556810436758,500
XGBoost_TLCQM,0.1011730297705126,500
KRR_TLCQM,0.2146179043159621,500
NN_TLCQM,0.1094514134264207,500
TKRR,1.9138385236885904,100
CDAR,6.635414224337469,100
DARC,32.83643460122742,100
VNCD_MDD,0.2204073119422932,100
M3SDA_Reg,0.112509646625315,100
CMSS_Reg,0.1190355126504904,100
TKRR,1.886366874026848,200
CDAR,6.72318165459845,200
DARC,24.69787624046119,200
VNCD_MDD,0.1728568062426193,200
M3SDA_Reg,0.1118639828719077,200
CMSS_Reg,0.1174707344510546,200
TKRR,1.878576898630868,300
CDAR,6.168174664343552,300
DARC,24.86097656899257,300
VNCD_MDD,0.1434718035766447,300
M3SDA_Reg,0.1138436502650823,300
CMSS_Reg,0.113668637315677,300
TKRR,1.892081196596247,500
CDAR,6.183822459740279,500
DARC,24.412314419484552,500
VNCD_MDD,0.1348969857004218,500
M3SDA_Reg,0.1112218455178748,500
CMSS_Reg,0.1114351748050242,500
XGBoost_Target_Only,0.1203792602019608,100
KRR_Target_Only,1.1702974923583491,100
NN_Target_Only,0.3775273597852031,100
XGBoost_Pool,0.1041906407721182,100
KRR_Pool,0.3177903973121194,100
NN_Pool,0.2010976712444833,100
XGBoost_TLCQM,0.1011401658352282,100
KRR_TLCQM,0.1831068926374446,100
NN_TLCQM,0.1189999683871149,100
XGBoost_Target_Only,0.1202662010334919,200
KRR_Target_Only,0.7009142306515721,200
NN_Target_Only,0.3069905054480614,200
XGBoost_Pool,0.1022731776085787,200
KRR_Pool,0.3896398599251027,200
NN_Pool,0.1710395111283512,200
XGBoost_TLCQM,0.1023841139515707,200
KRR_TLCQM,0.194664049783875,200
NN_TLCQM,0.1146679260881839,200
XGBoost_Target_Only,0.1032586631079237,300
KRR_Target_Only,0.4855142444549898,300
NN_Target_Only,0.200361776506836,300
XGBoost_Pool,0.1018221677006666,300
KRR_Pool,0.5103338461953296,300
NN_Pool,0.1866864256116015,300
XGBoost_TLCQM,0.0989499175554521,300
KRR_TLCQM,0.1889571614701728,300
NN_TLCQM,0.1100700133369273,300
XGBoost_Target_Only,0.1000739953252002,500
KRR_Target_Only,0.4081684149289327,500
NN_Target_Only,0.1658330649096299,500
XGBoost_Pool,0.0962670468114537,500
KRR_Pool,0.7142912314455911,500
NN_Pool,0.1974878640992098,500
XGBoost_TLCQM,0.0992214796265723,500
KRR_TLCQM,0.233716145793308,500
NN_TLCQM,0.1110929338056795,500
TKRR,2.0670049059458546,100
CDAR,5.879915464515002,100
DARC,27.91925546141452,100
VNCD_MDD,0.1720768251848357,100
M3SDA_Reg,0.1192043420643127,100
CMSS_Reg,0.1180333407979482,100
TKRR,1.834758356470681,200
CDAR,5.776208815219728,200
DARC,25.644718800053997,200
VNCD_MDD,0.1591467986279099,200
M3SDA_Reg,0.1252284235221952,200
CMSS_Reg,0.1213407217411692,200
TKRR,1.8210508820040032,300
CDAR,5.786572410450487,300
DARC,5.915043130156803,300
VNCD_MDD,0.1378167050299454,300
M3SDA_Reg,0.1260710993708109,300
CMSS_Reg,0.1083030895805442,300
TKRR,1.8580425360063504,500
CDAR,5.878965120977602,500
DARC,30.03240021623869,500
VNCD_MDD,0.1250977449929279,500
M3SDA_Reg,0.1212233065197172,500
CMSS_Reg,0.1024753430477625,500
XGBoost_Target_Only,0.1086195416425259,100
KRR_Target_Only,0.7036746149049808,100
NN_Target_Only,0.3762266513127724,100
XGBoost_Pool,0.1009349114204325,100
KRR_Pool,0.3164106964672595,100
NN_Pool,0.2127283564949924,100
XGBoost_TLCQM,0.0991447199462784,100
KRR_TLCQM,0.1719957587280812,100
NN_TLCQM,0.114130894316945,100
XGBoost_Target_Only,0.1035385697908984,200
KRR_Target_Only,0.6327325718417246,200
NN_Target_Only,0.261980696262568,200
XGBoost_Pool,0.1013073317058857,200
KRR_Pool,0.3868285946188384,200
NN_Pool,0.2015519128570972,200
XGBoost_TLCQM,0.0993080948211487,200
KRR_TLCQM,0.1756483939894975,200
NN_TLCQM,0.1097526046573435,200
XGBoost_Target_Only,0.0986609650015898,300
KRR_Target_Only,0.3055863766419971,300
NN_Target_Only,0.1769144762210216,300
XGBoost_Pool,0.0982896243269279,300
KRR_Pool,0.4942789747903275,300
NN_Pool,0.2010632162683918,300
XGBoost_TLCQM,0.0992067258326167,300
KRR_TLCQM,0.1571614685420717,300
NN_TLCQM,0.1076342877636378,300
XGBoost_Target_Only,0.0998877081719753,500
KRR_Target_Only,0.294474265671688,500
NN_Target_Only,0.1556305558244943,500
XGBoost_Pool,0.0974859316675815,500
KRR_Pool,0.6994110072895061,500
NN_Pool,0.2192134220772676,500
XGBoost_TLCQM,0.0982298122342362,500
KRR_TLCQM,0.1742872250384469,500
NN_TLCQM,0.1055651246609104,500
TKRR,1.9144467801357177,100
CDAR,5.723111988650159,100
DARC,40.78350587798941,100
VNCD_MDD,0.1558345970766847,100
M3SDA_Reg,0.1198490739615728,100
CMSS_Reg,0.1110390861725259,100
TKRR,1.8795903513441292,200
CDAR,47.34572756892096,200
DARC,40.887235279441846,200
VNCD_MDD,0.1501050319234726,200
M3SDA_Reg,0.1206464848754457,200
CMSS_Reg,0.1101778208764772,200
TKRR,1.8680603383362329,300
CDAR,47.338957541976754,300
DARC,39.373024783161966,300
VNCD_MDD,0.1404414839056306,300
M3SDA_Reg,0.121192823721751,300
CMSS_Reg,0.1102457195651579,300
TKRR,1.910562701014434,500
CDAR,47.336052287612574,500
DARC,39.687175648351534,500
VNCD_MDD,0.1321372847029988,500
M3SDA_Reg,0.1233577766857002,500
CMSS_Reg,0.1054723735236516,500
XGBoost_Target_Only,0.1143813636312236,100
KRR_Target_Only,0.9771674270873072,100
NN_Target_Only,0.4405166031901477,100
XGBoost_Pool,0.1018477816063583,100
KRR_Pool,0.3189939424309206,100
NN_Pool,0.2145813467364649,100
XGBoost_TLCQM,0.1020776234065353,100
KRR_TLCQM,0.2943401097872686,100
NN_TLCQM,0.1197678234323869,100
XGBoost_Target_Only,0.1197290335617351,200
KRR_Target_Only,0.7616293406318453,200
NN_Target_Only,0.3727614782396311,200
XGBoost_Pool,0.1019228373692359,200
KRR_Pool,0.3917169131484046,200
NN_Pool,0.1906309249924194,200
XGBoost_TLCQM,0.1061970210244844,200
KRR_TLCQM,0.2196759709795205,200
NN_TLCQM,0.1169997330026463,200
XGBoost_Target_Only,0.1121300100405997,300
KRR_Target_Only,0.4612770023738453,300
NN_Target_Only,0.1849152810933662,300
XGBoost_Pool,0.1003070855630827,300
KRR_Pool,0.5097580505940437,300
NN_Pool,0.2024440835128443,300
XGBoost_TLCQM,0.1002809861184337,300
KRR_TLCQM,0.1965661132373062,300
NN_TLCQM,0.1073291025022952,300
XGBoost_Target_Only,0.0971991144720377,500
KRR_Target_Only,0.387502034689054,500
NN_Target_Only,0.1682787425051908,500
XGBoost_Pool,0.0952430408907578,500
KRR_Pool,0.713608588261278,500
NN_Pool,0.2008960219663103,500
XGBoost_TLCQM,0.0995803072784979,500
KRR_TLCQM,0.1858688753726258,500
NN_TLCQM,0.1069403614196753,500
TKRR,1.903866308600273,100
CDAR,53.96727038890212,100
DARC,39.03535391663081,100
VNCD_MDD,0.1474599363357412,100
M3SDA_Reg,0.1125086095272833,100
CMSS_Reg,0.1165475935881289,100
TKRR,1.8685475524753088,200
CDAR,5.829323957991913,200
DARC,29.019569984075517,200
VNCD_MDD,0.1530570383299436,200
M3SDA_Reg,0.1139207427593053,200
CMSS_Reg,0.1142646984508868,200
TKRR,1.8781020258186711,300
CDAR,5.525037621215597,300
DARC,29.61645964331909,300
VNCD_MDD,0.1580867118154667,300
M3SDA_Reg,0.1193368423258958,300
CMSS_Reg,0.1102175161227399,300
TKRR,1.7848602429311982,500
CDAR,5.589500791087328,500
DARC,29.760289643906237,500
VNCD_MDD,0.1370353363305703,500
M3SDA_Reg,0.1199812022788969,500
CMSS_Reg,0.1031177224439395,500
XGBoost_Target_Only,0.1148376334644585,100
KRR_Target_Only,0.9786069178119796,100
NN_Target_Only,0.3741636167406251,100
XGBoost_Pool,0.0999709650690129,100
KRR_Pool,0.3186682022315408,100
NN_Pool,0.1986323347063131,100
XGBoost_TLCQM,0.100461779440677,100
KRR_TLCQM,0.239603008143063,100
NN_TLCQM,0.125235539178391,100
XGBoost_Target_Only,0.1142910367630704,200
KRR_Target_Only,0.5684666996276758,200
NN_Target_Only,0.2825611643769716,200
XGBoost_Pool,0.0988172980838416,200
KRR_Pool,0.3898057650710988,200
NN_Pool,0.1707979900288644,200
XGBoost_TLCQM,0.1018103407556355,200
KRR_TLCQM,0.2421617759155179,200
NN_TLCQM,0.1123216377353391,200
XGBoost_Target_Only,0.1002279481349317,300
KRR_Target_Only,0.4177852648700985,300
NN_Target_Only,0.1777949818826166,300
XGBoost_Pool,0.0965100832330937,300
KRR_Pool,0.5020883394917673,300
NN_Pool,0.1943589751852254,300
XGBoost_TLCQM,0.1016255821145227,300
KRR_TLCQM,0.1828150252120559,300
NN_TLCQM,0.1166955926758826,300
XGBoost_Target_Only,0.0983406535567696,500
KRR_Target_Only,0.3482239513124429,500
NN_Target_Only,0.1579444978211096,500
XGBoost_Pool,0.0957304855698512,500
KRR_Pool,0.7024230663078457,500
NN_Pool,0.2038300934860184,500
XGBoost_TLCQM,0.0993240273587527,500
KRR_TLCQM,0.1619254450182682,500
NN_TLCQM,0.104775838263868,500
TKRR,1.9030390043467111,100
CDAR,6.261097575272458,100
DARC,43.01012271111771,100
VNCD_MDD,0.1498910949753885,100
M3SDA_Reg,0.1238589307992144,100
CMSS_Reg,0.1148037806863636,100
TKRR,1.9082729536918717,200
CDAR,6.120006960019995,200
DARC,25.935580700523296,200
VNCD_MDD,0.1449840947227192,200
M3SDA_Reg,0.1223061395212646,200
CMSS_Reg,0.1236794076327318,200
TKRR,1.8998640545694796,300
CDAR,5.998810630624505,300
DARC,26.533876282086283,300
VNCD_MDD,0.1428598974490143,300
M3SDA_Reg,0.1253079011402765,300
CMSS_Reg,0.1128460357888209,300
TKRR,1.7914905036972202,500
CDAR,6.02100547625324,500
DARC,26.685568683025323,500
VNCD_MDD,0.1431613581390256,500
M3SDA_Reg,0.1284531059697728,500
CMSS_Reg,0.1034654021323282,500
XGBoost_Target_Only,0.1179514901094498,100
KRR_Target_Only,0.8587032965914777,100
NN_Target_Only,1.2797693353070456,100
XGBoost_Pool,0.1004809138454892,100
KRR_Pool,0.3183501173022666,100
NN_Pool,0.1942807460225633,100
XGBoost_TLCQM,0.1011255985126734,100
KRR_TLCQM,0.1973960671329552,100
NN_TLCQM,0.1247749907133262,100
XGBoost_Target_Only,0.1045680228839715,200
KRR_Target_Only,0.5324975829740212,200
NN_Target_Only,0.3556364795715104,200
XGBoost_Pool,0.0994936309325839,200
KRR_Pool,0.3894942686430167,200
NN_Pool,0.1741915347219323,200
XGBoost_TLCQM,0.1023655590178757,200
KRR_TLCQM,0.2074462484977272,200
NN_TLCQM,0.117642265338594,200
XGBoost_Target_Only,0.1043038116900101,300
KRR_Target_Only,0.4806681106695824,300
NN_Target_Only,0.1789327155989811,300
XGBoost_Pool,0.0967003543141718,300
KRR_Pool,0.5115106526593145,300
NN_Pool,0.1970430903416518,300
XGBoost_TLCQM,0.0997829503177605,300
KRR_TLCQM,0.2453136511633923,300
NN_TLCQM,0.1124639226903892,300
XGBoost_Target_Only,0.0961194915553926,500
KRR_Target_Only,0.3595926324077786,500
NN_Target_Only,0.1501659427241599,500
XGBoost_Pool,0.094816842047226,500
KRR_Pool,0.7227429088336157,500
NN_Pool,0.2040187638549916,500
XGBoost_TLCQM,0.0975147651418562,500
KRR_TLCQM,0.2416718992884818,500
NN_TLCQM,0.1075222088653303,500
TKRR,1.930373319160043,100
CDAR,5.57586262228009,100
DARC,26.71507643530683,100
VNCD_MDD,0.1668568908284717,100
M3SDA_Reg,0.1189240621653607,100
CMSS_Reg,0.1138954479460898,100
TKRR,2.0670686707720423,200
CDAR,6.421666234689431,200
DARC,27.644865337024672,200
VNCD_MDD,0.1642155527668786,200
M3SDA_Reg,0.1227897434664756,200
CMSS_Reg,0.111598252040235,200
TKRR,1.9470145607077844,300
CDAR,6.404932353235294,300
DARC,27.148739471692227,300
VNCD_MDD,0.1313469873159323,300
M3SDA_Reg,0.1188044536985787,300
CMSS_Reg,0.1129570311730377,300
TKRR,1.7251720056993,500
CDAR,6.418614382241004,500
DARC,28.551953836883435,500
VNCD_MDD,0.1199920825486864,500
M3SDA_Reg,0.1229019876076382,500
CMSS_Reg,0.1071670911018517,500
XGBoost_Target_Only,0.1185565792968432,100
KRR_Target_Only,0.7754238008250661,100
NN_Target_Only,0.4361188761300533,100
XGBoost_Pool,0.1034130324885435,100
KRR_Pool,0.3186635335871987,100
NN_Pool,0.1968530470788505,100
XGBoost_TLCQM,0.1041881293656501,100
KRR_TLCQM,0.2234473686848724,100
NN_TLCQM,0.1261321129113371,100
XGBoost_Target_Only,0.1088035345064236,200
KRR_Target_Only,0.4731488382507764,200
NN_Target_Only,0.2833017601407191,200
XGBoost_Pool,0.0974646080688352,200
KRR_Pool,0.3792563545423598,200
NN_Pool,0.1713945065044839,200
XGBoost_TLCQM,0.1018730351927468,200
KRR_TLCQM,0.1937283019666152,200
NN_TLCQM,0.1143169915841221,200
XGBoost_Target_Only,0.1012393449323881,300
KRR_Target_Only,0.3381929833688472,300
NN_Target_Only,0.1684246609679369,300
XGBoost_Pool,0.0980379732852696,300
KRR_Pool,0.4965533924994555,300
NN_Pool,0.1906847658294435,300
XGBoost_TLCQM,0.1042078509891027,300
KRR_TLCQM,0.1884308474255972,300
NN_TLCQM,0.1116995455481159,300
XGBoost_Target_Only,0.1008250677550648,500
KRR_Target_Only,0.3578287053161659,500
NN_Target_Only,0.1567267923888652,500
XGBoost_Pool,0.096041607896844,500
KRR_Pool,0.7012283780881357,500
NN_Pool,0.2334588606099766,500
XGBoost_TLCQM,0.0991431822307731,500
KRR_TLCQM,0.1969868483532078,500
NN_TLCQM,0.1068926339738038,500
TKRR,1.9835345017479045,100
CDAR,5.4415944542841945,100
DARC,29.98989448687791,100
VNCD_MDD,0.1922759927496153,100
M3SDA_Reg,0.1162829437464761,100
CMSS_Reg,0.1128220222598465,100
TKRR,1.8898586840179128,200
CDAR,5.705401372507921,200
DARC,23.878106266498985,200
VNCD_MDD,0.17563233474914,200
M3SDA_Reg,0.1142326490098429,200
CMSS_Reg,0.1100087590109979,200
TKRR,1.7696795265646126,300
CDAR,5.668707343290317,300
DARC,24.05624754610046,300
VNCD_MDD,0.1838925643418966,300
M3SDA_Reg,0.1153116522170947,300
CMSS_Reg,0.1054599368483798,300
TKRR,1.775329711434893,500
CDAR,5.64601401486471,500
DARC,24.118190098809716,500
VNCD_MDD,0.182679942585128,500
M3SDA_Reg,0.1160913549247646,500
CMSS_Reg,0.1004235438855345,500
XGBoost_Target_Only,0.1259051625360913,100
KRR_Target_Only,0.990447206126646,100
NN_Target_Only,0.5788292903493905,100
XGBoost_Pool,0.1000409859575239,100
KRR_Pool,0.3183568259053409,100
NN_Pool,0.2029490011110456,100
XGBoost_TLCQM,0.1088483469612751,100
KRR_TLCQM,0.2512732218376192,100
NN_TLCQM,0.1447545981847837,100
XGBoost_Target_Only,0.1020750126223132,200
KRR_Target_Only,0.5264755242365035,200
NN_Target_Only,0.253319061137241,200
XGBoost_Pool,0.0969083271829887,200
KRR_Pool,0.3844311798255725,200
NN_Pool,0.187266533492789,200
XGBoost_TLCQM,0.0978430274187961,200
KRR_TLCQM,0.2115190827534163,200
NN_TLCQM,0.1143042194754233,200
XGBoost_Target_Only,0.0992467121194722,300
KRR_Target_Only,0.3393021916168652,300
NN_Target_Only,0.1757028191031802,300
XGBoost_Pool,0.0981682985795535,300
KRR_Pool,0.4927838084507906,300
NN_Pool,0.1755305357048344,300
XGBoost_TLCQM,0.0972857593912157,300
KRR_TLCQM,0.1574191046445589,300
NN_TLCQM,0.1060242952209825,300
XGBoost_Target_Only,0.1000877247898897,500
KRR_Target_Only,0.2371365600654221,500
NN_Target_Only,0.1638559157769634,500
XGBoost_Pool,0.0966414888244535,500
KRR_Pool,0.6877694821216039,500
NN_Pool,0.1856549732063508,500
XGBoost_TLCQM,0.0962328442543571,500
KRR_TLCQM,0.143429012782472,500
NN_TLCQM,0.1004082774675835,500
TKRR,1.8700304140433712,100
CDAR,6.1102870535659815,100
DARC,25.211925469771405,100
VNCD_MDD,0.1719712848810061,100
M3SDA_Reg,0.1230137390657069,100
CMSS_Reg,0.117997453892561,100
TKRR,1.8614736871124944,200
CDAR,6.502533740649352,200
DARC,31.39081563920588,200
VNCD_MDD,0.1346632647344874,200
M3SDA_Reg,0.1075071763204523,200
CMSS_Reg,0.1067466217045366,200
TKRR,1.7600546615862216,300
CDAR,6.487033052383512,300
DARC,31.55784974950897,300
VNCD_MDD,0.1416288570128243,300
M3SDA_Reg,0.1127453911752846,300
CMSS_Reg,0.1086394303743465,300
TKRR,1.7838402053574844,500
CDAR,6.319527471338163,500
DARC,31.758737853172896,500
VNCD_MDD,0.1482493433157252,500
M3SDA_Reg,0.1133817394828373,500
CMSS_Reg,0.1040640223163379,500
XGBoost_Target_Only,0.1180239003813631,100
KRR_Target_Only,1.2644967987146072,100
NN_Target_Only,0.5854665358098706,100
XGBoost_Pool,0.1030181126587299,100
KRR_Pool,0.3170349952956148,100
NN_Pool,0.1938111503371044,100
XGBoost_TLCQM,0.1037316726991487,100
KRR_TLCQM,0.1834052532934879,100
NN_TLCQM,0.1362327688430565,100
XGBoost_Target_Only,0.1118343421463763,200
KRR_Target_Only,0.4742201847430502,200
NN_Target_Only,0.3331084393655169,200
XGBoost_Pool,0.1002944850764216,200
KRR_Pool,0.3873684519730807,200
NN_Pool,0.1885795267182189,200
XGBoost_TLCQM,0.104693469173797,200
KRR_TLCQM,0.1895337890586585,200
NN_TLCQM,0.1167548231365932,200
XGBoost_Target_Only,0.1044508370908983,300
KRR_Target_Only,0.417718361368835,300
NN_Target_Only,0.2357350994746191,300
XGBoost_Pool,0.0999155608943892,300
KRR_Pool,0.5058419084650972,300
NN_Pool,0.1908744850655281,300
XGBoost_TLCQM,0.1037680397146355,300
KRR_TLCQM,0.18935024179236,300
NN_TLCQM,0.1213774122693162,300
XGBoost_Target_Only,0.1078214487988353,500
KRR_Target_Only,0.3606596478638657,500
NN_Target_Only,0.1734545400537316,500
XGBoost_Pool,0.101084316668227,500
KRR_Pool,0.7094141628988649,500
NN_Pool,0.200983865855994,500
XGBoost_TLCQM,0.1024798143396004,500
KRR_TLCQM,0.1821030674541565,500
NN_TLCQM,0.1155970840655501,500
TKRR,1.86658150878856,100
CDAR,5.869713829110495,100
DARC,22.37761541814945,100
VNCD_MDD,0.1557219469359526,100
M3SDA_Reg,0.1307449039089156,100
CMSS_Reg,0.125094536226677,100
TKRR,1.743494299655229,200
CDAR,6.2600666164766965,200
DARC,25.54842734616502,200
VNCD_MDD,0.1547157756262799,200
M3SDA_Reg,0.13753576237608,200
CMSS_Reg,0.11820148628698,200
TKRR,1.765492868730246,300
CDAR,5.974862739423025,300
DARC,26.30879308326392,300
VNCD_MDD,0.1469391411496444,300
M3SDA_Reg,0.1391104791403889,300
CMSS_Reg,0.1147627722198291,300
TKRR,1.776306983490863,500
CDAR,5.950029300142985,500
DARC,27.51697254122494,500
VNCD_MDD,0.1433323843548783,500
M3SDA_Reg,0.1371719214708051,500
CMSS_Reg,0.1156951764565947,500
XGBoost_Target_Only,0.1178125752636914,100
KRR_Target_Only,1.0177209405657015,100
NN_Target_Only,0.4619573663500698,100
XGBoost_Pool,0.1015277098802411,100
KRR_Pool,0.3187968529357018,100
NN_Pool,0.2101745351519377,100
XGBoost_TLCQM,0.1022202947250359,100
KRR_TLCQM,0.2034996677137936,100
NN_TLCQM,0.1189107901080904,100
XGBoost_Target_Only,0.119129591136262,200
KRR_Target_Only,0.6636418364038692,200
NN_Target_Only,0.3322112190588944,200
XGBoost_Pool,0.0991095155181801,200
KRR_Pool,0.3907797580843389,200
NN_Pool,0.1965736723621585,200
XGBoost_TLCQM,0.1050192831222088,200
KRR_TLCQM,0.1976057574952895,200
NN_TLCQM,0.1187069034586174,200
XGBoost_Target_Only,0.1108880163143229,300
KRR_Target_Only,0.5188734225651501,300
NN_Target_Only,0.2140080500067255,300
XGBoost_Pool,0.094493214654045,300
KRR_Pool,0.5110526116950412,300
NN_Pool,0.1702632683739436,300
XGBoost_TLCQM,0.1003299105706612,300
KRR_TLCQM,0.1912692223177702,300
NN_TLCQM,0.1136730191222573,300
XGBoost_Target_Only,0.0976233181679158,500
KRR_Target_Only,0.3303799772310365,500
NN_Target_Only,0.1468662046088772,500
XGBoost_Pool,0.092344019368512,500
KRR_Pool,0.7042295103225042,500
NN_Pool,0.1979269196646115,500
XGBoost_TLCQM,0.096258662751598,500
KRR_TLCQM,0.1676773031915944,500
NN_TLCQM,0.1070260938564308,500
TKRR,1.91563241887894,100
CDAR,5.578504110334288,100
DARC,25.11228318143848,100
VNCD_MDD,0.1635406235643527,100
M3SDA_Reg,0.114588924941987,100
CMSS_Reg,0.1241634851884314,100
TKRR,1.8854797817570883,200
CDAR,6.01117103191313,200
DARC,33.80604750812089,200
VNCD_MDD,0.1445556647572232,200
M3SDA_Reg,0.1146461368487868,200
CMSS_Reg,0.1198131036462982,200
TKRR,1.901940323527287,300
CDAR,5.857829813385054,300
DARC,34.960610182235165,300
VNCD_MDD,0.1418077001835355,300
M3SDA_Reg,0.1148771079751668,300
CMSS_Reg,0.1067451477437314,300
TKRR,1.660879292548505,500
CDAR,5.770787500192981,500
DARC,31.969666679053667,500
VNCD_MDD,0.1271559448067246,500
M3SDA_Reg,0.1211362246081523,500
CMSS_Reg,0.1028332425411197,500
XGBoost_Target_Only,0.1246288931158704,100
KRR_Target_Only,1.4919523510075,100
NN_Target_Only,1.3319337760616177,100
XGBoost_Pool,0.1004551578389494,100
KRR_Pool,0.3185497723903021,100
NN_Pool,0.1939442179528414,100
XGBoost_TLCQM,0.1040317266325177,100
KRR_TLCQM,0.204624613516983,100
NN_TLCQM,0.1233900034840135,100
XGBoost_Target_Only,0.1090284107509266,200
KRR_Target_Only,0.7214397011771003,200
NN_Target_Only,0.3868722132588831,200
XGBoost_Pool,0.0994798598199194,200
KRR_Pool,0.38139728643005,200
NN_Pool,0.1996088212824602,200
XGBoost_TLCQM,0.1016249851694859,200
KRR_TLCQM,0.1866512878050285,200
NN_TLCQM,0.1179961934624591,200
XGBoost_Target_Only,0.1001553507642384,300
KRR_Target_Only,0.551890625195731,300
NN_Target_Only,0.2275482783300681,300
XGBoost_Pool,0.0975173861293477,300
KRR_Pool,0.501054691252791,300
NN_Pool,0.1846322884948894,300
XGBoost_TLCQM,0.0995029100710287,300
KRR_TLCQM,0.191479847714787,300
NN_TLCQM,0.1142017903858576,300
XGBoost_Target_Only,0.0927256889376749,500
KRR_Target_Only,0.3647272066609534,500
NN_Target_Only,0.1637993777471281,500
XGBoost_Pool,0.0964688167065136,500
KRR_Pool,0.7057073103675895,500
NN_Pool,0.1988605083899076,500
XGBoost_TLCQM,0.1031136184720981,500
KRR_TLCQM,0.180127604967861,500
NN_TLCQM,0.1103716577889619,500
TKRR,2.0896576096544366,100
CDAR,6.519349144604377,100
DARC,32.94642384590504,100
VNCD_MDD,0.1639354013475422,100
M3SDA_Reg,0.1242766891605756,100
CMSS_Reg,0.1194260491742538,100
TKRR,1.9673380279496475,200
CDAR,5.739637678642796,200
DARC,38.2086137801633,200
VNCD_MDD,0.1408593539947538,200
M3SDA_Reg,0.1126545931021099,200
CMSS_Reg,0.1118778203899074,200
TKRR,1.8545176674772872,300
CDAR,5.765281944574818,300
DARC,38.12627124615273,300
VNCD_MDD,0.1349741476750089,300
M3SDA_Reg,0.1126193344671341,300
CMSS_Reg,0.1078789700052017,300
TKRR,1.885177309916632,500
CDAR,5.8290512477268654,500
DARC,37.886174796695215,500
VNCD_MDD,0.1295193723903802,500
M3SDA_Reg,0.1118002602508871,500
CMSS_Reg,0.105963487474088,500
XGBoost_Target_Only,0.1231202784410632,100
KRR_Target_Only,0.9427394056380576,100
NN_Target_Only,0.4178011743665383,100
XGBoost_Pool,0.1020948986464729,100
KRR_Pool,0.317103064872981,100
NN_Pool,0.2079012634195854,100
XGBoost_TLCQM,0.1098843832691776,100
KRR_TLCQM,0.2052387631158101,100
NN_TLCQM,0.1314202653216697,100
XGBoost_Target_Only,0.105520854815271,200
KRR_Target_Only,0.4305018361495277,200
NN_Target_Only,0.208642740024619,200
XGBoost_Pool,0.1002489598328192,200
KRR_Pool,0.386899863315267,200
NN_Pool,0.1915321959492763,200
XGBoost_TLCQM,0.1054998663749727,200
KRR_TLCQM,0.1959176636293735,200
NN_TLCQM,0.1157648071930276,200
XGBoost_Target_Only,0.107576424935891,300
KRR_Target_Only,0.396277525225278,300
NN_Target_Only,0.178065789518821,300
XGBoost_Pool,0.0994752724698326,300
KRR_Pool,0.5091151334848549,300
NN_Pool,0.1800856473798038,300
XGBoost_TLCQM,0.1072239247273656,300
KRR_TLCQM,0.198840662409294,300
NN_TLCQM,0.116671601026922,300
XGBoost_Target_Only,0.1032342942021565,500
KRR_Target_Only,0.2960001419409462,500
NN_Target_Only,0.1386675955089839,500
XGBoost_Pool,0.1002440469275587,500
KRR_Pool,0.7049477051005058,500
NN_Pool,0.2031872083294914,500
XGBoost_TLCQM,0.1055431962345798,500
KRR_TLCQM,0.1886350165176302,500
NN_TLCQM,0.1168909090698922,500
TKRR,1.890462557252796,100
CDAR,49.46290917802365,100
DARC,35.71936682676745,100
VNCD_MDD,0.1652653660721506,100
M3SDA_Reg,0.1202623160375803,100
CMSS_Reg,0.119668971819319,100
TKRR,1.896874547595997,200
CDAR,6.146997901070076,200
DARC,30.47130129906629,200
VNCD_MDD,0.1468928675368478,200
M3SDA_Reg,0.1180553994433191,200
CMSS_Reg,0.1150708592492358,200
TKRR,1.8501508888655531,300
CDAR,6.17982674385495,300
DARC,30.13590278802437,300
VNCD_MDD,0.1436263149768746,300
M3SDA_Reg,0.1236092002281259,300
CMSS_Reg,0.1109435099329365,300
TKRR,1.8388122307780632,500
CDAR,6.092708271061222,500
DARC,30.031879128639904,500
VNCD_MDD,0.1373800075139021,500
M3SDA_Reg,0.1279515167232447,500
CMSS_Reg,0.1105773157428368,500
XGBoost_Target_Only,0.1207673025154559,100
KRR_Target_Only,0.7181567554320726,100
NN_Target_Only,0.4509915660725381,100
XGBoost_Pool,0.0994529543098575,100
KRR_Pool,0.3150155080788912,100
NN_Pool,0.1959282897178467,100
XGBoost_TLCQM,0.1043520744778799,100
KRR_TLCQM,0.1846205658666766,100
NN_TLCQM,0.1118606332500393,100
XGBoost_Target_Only,0.1128521574918166,200
KRR_Target_Only,0.425575550568199,200
NN_Target_Only,0.2146197057603853,200
XGBoost_Pool,0.0981181122213052,200
KRR_Pool,0.3849447059050499,200
NN_Pool,0.2082328565154249,200
XGBoost_TLCQM,0.1081438667040118,200
KRR_TLCQM,0.1851027098044288,200
NN_TLCQM,0.1158865753949914,200
XGBoost_Target_Only,0.1129236592588754,300
KRR_Target_Only,0.3445147722552297,300
NN_Target_Only,0.1880701839601277,300
XGBoost_Pool,0.0966569534208395,300
KRR_Pool,0.5032433629723428,300
NN_Pool,0.1594495339513376,300
XGBoost_TLCQM,0.1016236454731303,300
KRR_TLCQM,0.1768833170560542,300
NN_TLCQM,0.1117822185210905,300
XGBoost_Target_Only,0.0954585476968226,500
KRR_Target_Only,0.2958202095973287,500
NN_Target_Only,0.1275893106970567,500
XGBoost_Pool,0.0935921327420611,500
KRR_Pool,0.7027252724067985,500
NN_Pool,0.2032436979141449,500
XGBoost_TLCQM,0.0974632456438642,500
KRR_TLCQM,0.1692804083170166,500
NN_TLCQM,0.1060348455334444,500
TKRR,1.8881787966294448,100
CDAR,5.321325131890675,100
DARC,24.2105987362185,100
VNCD_MDD,0.1673048137516756,100
M3SDA_Reg,0.1213885393418813,100
CMSS_Reg,0.1170877532964472,100
TKRR,1.8710899429893009,200
CDAR,6.5270047726800415,200
DARC,35.02353018033254,200
VNCD_MDD,0.1559794074665472,200
M3SDA_Reg,0.1214340595210606,200
CMSS_Reg,0.1146909575874413,200
TKRR,1.833297828954748,300
CDAR,6.434072910374731,300
DARC,35.31341860858999,300
VNCD_MDD,0.1446157371463148,300
M3SDA_Reg,0.1243666578122465,300
CMSS_Reg,0.1106874562516251,300
TKRR,1.756299790696782,500
CDAR,6.430278845808871,500
DARC,35.14479696827656,500
VNCD_MDD,0.1252597765661683,500
M3SDA_Reg,0.1221286864715701,500
CMSS_Reg,0.1075281578988721,500
XGBoost_Target_Only,0.1066702862658778,100
KRR_Target_Only,0.66769536428503,100
NN_Target_Only,0.4781138736986559,100
XGBoost_Pool,0.0999008445519703,100
KRR_Pool,0.3186868631222366,100
NN_Pool,0.1591729932981192,100
XGBoost_TLCQM,0.1050078517631207,100
KRR_TLCQM,0.2231155181331492,100
NN_TLCQM,0.1119940862646675,100
XGBoost_Target_Only,0.1205912578396073,200
KRR_Target_Only,0.5166134102116104,200
NN_Target_Only,0.3274306975309948,200
XGBoost_Pool,0.0994975259873432,200
KRR_Pool,0.391332831471238,200
NN_Pool,0.1795132465857461,200
XGBoost_TLCQM,0.1025651955139938,200
KRR_TLCQM,0.2670316078716285,200
NN_TLCQM,0.1111520245630249,200
XGBoost_Target_Only,0.1042167343505017,300
KRR_Target_Only,0.4203746930319644,300
NN_Target_Only,0.1985765623584437,300
XGBoost_Pool,0.0983656442953827,300
KRR_Pool,0.512535157284333,300
NN_Pool,0.193699457679034,300
XGBoost_TLCQM,0.1027669127370081,300
KRR_TLCQM,0.2164656105416476,300
NN_TLCQM,0.1132736742849064,300
XGBoost_Target_Only,0.0984948534489832,500
KRR_Target_Only,0.3513921133225825,500
NN_Target_Only,0.158694525551835,500
XGBoost_Pool,0.0965088195340552,500
KRR_Pool,0.7163338109794868,500
NN_Pool,0.2027858615403853,500
XGBoost_TLCQM,0.103819682553079,500
KRR_TLCQM,0.2108545842507346,500
NN_TLCQM,0.110222001177269,500
TKRR,1.833772710751916,100
CDAR,5.220646122597976,100
DARC,35.72418489795062,100
VNCD_MDD,0.1680606028158256,100
M3SDA_Reg,0.1128738825672251,100
CMSS_Reg,0.127193808474485,100
TKRR,1.797446132593839,200
CDAR,5.974403667716744,200
DARC,32.04329790645455,200
VNCD_MDD,0.143243462565379,200
M3SDA_Reg,0.1131251032111842,200
CMSS_Reg,0.1231732477118797,200
TKRR,2.0150798555706007,300
CDAR,5.9948027753259625,300
DARC,32.73666838328675,300
VNCD_MDD,0.1361791250410191,300
M3SDA_Reg,0.1155760200751294,300
CMSS_Reg,0.1142898356098518,300
TKRR,1.7736142754465902,500
CDAR,5.970087388453582,500
DARC,33.31548292394209,500
VNCD_MDD,0.1227492616942516,500
M3SDA_Reg,0.1202382393589681,500
CMSS_Reg,0.1072285423250269,500
XGBoost_Target_Only,0.1163688003401472,100
KRR_Target_Only,0.8210725177715505,100
NN_Target_Only,0.2514641499840465,100
XGBoost_Pool,0.0993887972234087,100
KRR_Pool,0.3188154491010563,100
NN_Pool,0.1784529940834631,100
XGBoost_TLCQM,0.1056577334962805,100
KRR_TLCQM,0.2070985903377399,100
NN_TLCQM,0.1171561344059443,100
XGBoost_Target_Only,0.1129955403195631,200
KRR_Target_Only,0.4351249710654107,200
NN_Target_Only,0.2621306213378957,200
XGBoost_Pool,0.09837135581873,200
KRR_Pool,0.3880422417454121,200
NN_Pool,0.1540710827794743,200
XGBoost_TLCQM,0.1030922198430626,200
KRR_TLCQM,0.1779122887470977,200
NN_TLCQM,0.1173963989475694,200
XGBoost_Target_Only,0.1040668462910448,300
KRR_Target_Only,0.3864349000297181,300
NN_Target_Only,0.1927155472074818,300
XGBoost_Pool,0.0984870226793572,300
KRR_Pool,0.5080202878168858,300
NN_Pool,0.1454773475337169,300
XGBoost_TLCQM,0.0990368953328242,300
KRR_TLCQM,0.1764575564664357,300
NN_TLCQM,0.1180592065471637,300
XGBoost_Target_Only,0.1007846144983485,500
KRR_Target_Only,0.2950069958676405,500
NN_Target_Only,0.1600363544601225,500
XGBoost_Pool,0.098341559371356,500
KRR_Pool,0.71029182972127,500
NN_Pool,0.1586815722105405,500
XGBoost_TLCQM,0.0978045331652028,500
KRR_TLCQM,0.1750808390184167,500
NN_TLCQM,0.11043371993592,500
TKRR,1.882103349723826,100
CDAR,6.1982839642847445,100
DARC,32.61908009429957,100
VNCD_MDD,0.1701123267860694,100
M3SDA_Reg,0.1133080041690866,100
CMSS_Reg,0.1162662650686769,100
TKRR,1.802274648238565,200
CDAR,6.262696105851594,200
DARC,30.861461926293117,200
VNCD_MDD,0.161508607315511,200
M3SDA_Reg,0.1212575640624671,200
CMSS_Reg,0.1171184123679841,200
TKRR,1.8326595979768556,300
CDAR,6.313101196227156,300
DARC,31.04373358312673,300
VNCD_MDD,0.1466586174594606,300
M3SDA_Reg,0.1113511353618806,300
CMSS_Reg,0.1147676093517747,300
TKRR,1.776872305746484,500
CDAR,6.168102446805524,500
DARC,31.11558557428347,500
VNCD_MDD,0.134000644679567,500
M3SDA_Reg,0.1200220214158588,500
CMSS_Reg,0.1057750394078056,500
XGBoost_Target_Only,0.1139163552883903,100
KRR_Target_Only,0.612017405079679,100
NN_Target_Only,0.4622911955732744,100
XGBoost_Pool,0.101528333201905,100
KRR_Pool,0.3184694398549718,100
NN_Pool,0.2069379227979893,100
XGBoost_TLCQM,0.1039497520352518,100
KRR_TLCQM,0.2430435469158837,100
NN_TLCQM,0.1135751912643032,100
XGBoost_Target_Only,0.1025595671852599,200
KRR_Target_Only,0.4875978185365641,200
NN_Target_Only,0.2661035337660254,200
XGBoost_Pool,0.0979545616607852,200
KRR_Pool,0.3910760393645044,200
NN_Pool,0.1622465873385719,200
XGBoost_TLCQM,0.1011526341451449,200
KRR_TLCQM,0.19400179483486,200
NN_TLCQM,0.1069463009241011,200
XGBoost_Target_Only,0.1007381309180623,300
KRR_Target_Only,0.4351414214097894,300
NN_Target_Only,0.2034659493057485,300
XGBoost_Pool,0.0953599090779283,300
KRR_Pool,0.5131934886881727,300
NN_Pool,0.1884731589240215,300
XGBoost_TLCQM,0.0993698706424495,300
KRR_TLCQM,0.1977178350632253,300
NN_TLCQM,0.1045067710366345,300
XGBoost_Target_Only,0.09779001021208,500
KRR_Target_Only,0.3593646533255231,500
NN_Target_Only,0.1629156957479766,500
XGBoost_Pool,0.0947935017476889,500
KRR_Pool,0.7222280471767403,500
NN_Pool,0.1493742697292084,500
XGBoost_TLCQM,0.0980448621820687,500
KRR_TLCQM,0.1828480241765102,500
NN_TLCQM,0.1030361092489373,500
TKRR,1.8845369616523544,100
CDAR,5.559032745109175,100
DARC,23.33506313584293,100
VNCD_MDD,0.1542162007015744,100
M3SDA_Reg,0.1100331678690859,100
CMSS_Reg,0.1149549331289532,100
TKRR,1.7823560806244902,200
CDAR,5.359490352321464,200
DARC,35.80362278376025,200
VNCD_MDD,0.1448180155024493,200
M3SDA_Reg,0.1171805463810086,200
CMSS_Reg,0.1098323726851978,200
TKRR,1.7776936955532403,300
CDAR,5.376951446336994,300
DARC,35.161537530136094,300
VNCD_MDD,0.1424959150733442,300
M3SDA_Reg,0.1124617946684236,300
CMSS_Reg,0.1080261264869671,300
TKRR,1.694515648983479,500
CDAR,5.398108441305305,500
DARC,35.237215300208376,500
VNCD_MDD,0.1304321589044313,500
M3SDA_Reg,0.1128221390294371,500
CMSS_Reg,0.1040796314502892,500
XGBoost_Target_Only,0.12249912500795,100
KRR_Target_Only,1.4575724724865813,100
NN_Target_Only,0.3796179420752785,100
XGBoost_Pool,0.0999751714343052,100
KRR_Pool,0.3184915837772276,100
NN_Pool,0.1993044363112325,100
XGBoost_TLCQM,0.1088867774632247,100
KRR_TLCQM,0.2082672205075238,100
NN_TLCQM,0.133178352521527,100
XGBoost_Target_Only,0.1109438032880305,200
KRR_Target_Only,0.813732289286832,200
NN_Target_Only,0.3453890721476889,200
XGBoost_Pool,0.0991470034252251,200
KRR_Pool,0.3892541909927078,200
NN_Pool,0.1823667774649915,200
XGBoost_TLCQM,0.1067958464058121,200
KRR_TLCQM,0.1963304336143805,200
NN_TLCQM,0.1189200107179798,200
XGBoost_Target_Only,0.110731252600541,300
KRR_Target_Only,0.5962909776204509,300
NN_Target_Only,0.2080604244185366,300
XGBoost_Pool,0.0982291903123511,300
KRR_Pool,0.5091204997748362,300
NN_Pool,0.1701505571102725,300
XGBoost_TLCQM,0.1042244634793119,300
KRR_TLCQM,0.2051032664969143,300
NN_TLCQM,0.118037560548635,300
XGBoost_Target_Only,0.0976754411407781,500
KRR_Target_Only,0.3656617826834796,500
NN_Target_Only,0.1498706320488197,500
XGBoost_Pool,0.0960206954269956,500
KRR_Pool,0.7186427847129587,500
NN_Pool,0.1443118725331391,500
XGBoost_TLCQM,0.1019473833917231,500
KRR_TLCQM,0.1916516488641262,500
NN_TLCQM,0.1148781730145707,500
TKRR,1.906139826971854,100
CDAR,12.136618399784204,100
DARC,38.45348280095436,100
VNCD_MDD,0.1693288462923886,100
M3SDA_Reg,0.1176070465027597,100
CMSS_Reg,0.1279834541171199,100
TKRR,1.9016922994474252,200
CDAR,6.023862522772418,200
DARC,42.9591692712547,200
VNCD_MDD,0.1579654632387171,200
M3SDA_Reg,0.1192139902923379,200
CMSS_Reg,0.1173243590684176,200
TKRR,1.9199930421856248,300
CDAR,5.999229642797816,300
DARC,42.02280867361178,300
VNCD_MDD,0.1463454779800491,300
M3SDA_Reg,0.1200240539558756,300
CMSS_Reg,0.1142025550634061,300
TKRR,1.7994419285517096,500
CDAR,5.969241375211241,500
DARC,41.503377387898695,500
VNCD_MDD,0.1183652356497954,500
M3SDA_Reg,0.1207404538215762,500
CMSS_Reg,0.1085486271174842,500
XGBoost_Target_Only,0.1218385044788573,100
KRR_Target_Only,0.8793664482792476,100
NN_Target_Only,0.4070240305378,100
XGBoost_Pool,0.1022595206325693,100
KRR_Pool,0.3191758993115068,100
NN_Pool,0.1942179368198526,100
XGBoost_TLCQM,0.1068912785480081,100
KRR_TLCQM,0.1990698691070573,100
NN_TLCQM,0.1185234550127084,100
XGBoost_Target_Only,0.1044721255789519,200
KRR_Target_Only,0.4104028260133058,200
NN_Target_Only,0.2195055679852916,200
XGBoost_Pool,0.1014716127521938,200
KRR_Pool,0.3913147738382166,200
NN_Pool,0.1983930294137924,200
XGBoost_TLCQM,0.0993793239184234,200
KRR_TLCQM,0.1797574699593891,200
NN_TLCQM,0.1122617104161393,200
XGBoost_Target_Only,0.0960973626770953,300
KRR_Target_Only,0.3930177156760596,300
NN_Target_Only,0.1696933784304053,300
XGBoost_Pool,0.0978561727063427,300
KRR_Pool,0.5106658094271793,300
NN_Pool,0.1756903592422532,300
XGBoost_TLCQM,0.0976594619395403,300
KRR_TLCQM,0.1801646720775108,300
NN_TLCQM,0.1134938378002011,300
XGBoost_Target_Only,0.0939944458320424,500
KRR_Target_Only,0.3732975685302419,500
NN_Target_Only,0.1471507943478935,500
XGBoost_Pool,0.0964173773452344,500
KRR_Pool,0.7153368458397891,500
NN_Pool,0.1533797134395765,500
XGBoost_TLCQM,0.0970821958276916,500
KRR_TLCQM,0.2064751504921143,500
NN_TLCQM,0.1076079941913287,500
TKRR,1.9131339137514844,100
CDAR,53.21256742310111,100
DARC,40.126850760754735,100
VNCD_MDD,0.1588725641814087,100
M3SDA_Reg,0.1173867208356916,100
CMSS_Reg,0.1129020591327715,100
TKRR,1.8671870876805428,200
CDAR,5.705666216626256,200
DARC,29.82391280006464,200
VNCD_MDD,0.1284285806671508,200
M3SDA_Reg,0.1256559990392888,200
CMSS_Reg,0.1143707498024098,200
TKRR,1.8506999275586864,300
CDAR,5.753497748487054,300
DARC,30.97224918222932,300
VNCD_MDD,0.1281651753310354,300
M3SDA_Reg,0.1263953442440997,300
CMSS_Reg,0.1124191933707279,300
TKRR,1.824415851220894,500
CDAR,5.822247711122548,500
DARC,31.209796517347787,500
VNCD_MDD,0.1257721198078631,500
M3SDA_Reg,0.1191416988509896,500
CMSS_Reg,0.1064426627123719,500
XGBoost_Target_Only,0.1101425209773003,100
KRR_Target_Only,1.5501072402305631,100
NN_Target_Only,1.4082409885528466,100
XGBoost_Pool,0.0990500881896777,100
KRR_Pool,0.3192128433398012,100
NN_Pool,0.2025114149559136,100
XGBoost_TLCQM,0.1061571725059986,100
KRR_TLCQM,0.2008214081406986,100
NN_TLCQM,0.1306237915711139,100
XGBoost_Target_Only,0.104904192292354,200
KRR_Target_Only,0.855875122405148,200
NN_Target_Only,0.512937408068055,200
XGBoost_Pool,0.099381594587709,200
KRR_Pool,0.3914639723742973,200
NN_Pool,0.1923894845525056,200
XGBoost_TLCQM,0.0987610722568984,200
KRR_TLCQM,0.1886630215543205,200
NN_TLCQM,0.1153482513561363,200
XGBoost_Target_Only,0.1084144488728371,300
KRR_Target_Only,0.600785088760672,300
NN_Target_Only,0.2488228276586029,300
XGBoost_Pool,0.101081757059517,300
KRR_Pool,0.5127178212751362,300
NN_Pool,0.185427776150988,300
XGBoost_TLCQM,0.1023558681443257,300
KRR_TLCQM,0.1971207662101714,300
NN_TLCQM,0.1144966500056605,300
XGBoost_Target_Only,0.1011090859446024,500
KRR_Target_Only,0.4532750574581083,500
NN_Target_Only,0.1978901812735845,500
XGBoost_Pool,0.0968578617481851,500
KRR_Pool,0.7129356015973153,500
NN_Pool,0.1366193668719012,500
XGBoost_TLCQM,0.1012861457862506,500
KRR_TLCQM,0.1792484847287029,500
NN_TLCQM,0.1101518534209983,500
TKRR,1.8751821018738748,100
CDAR,6.218201737646248,100
DARC,22.89518451102728,100
VNCD_MDD,0.1809150613168628,100
M3SDA_Reg,0.1124427513047707,100
CMSS_Reg,0.1173631474673083,100
TKRR,1.910878876016288,200
CDAR,5.9698303173215095,200
DARC,22.84188017615744,200
VNCD_MDD,0.1670880094983805,200
M3SDA_Reg,0.1152801315583813,200
CMSS_Reg,0.1103571120412783,200
TKRR,1.906207079050963,300
CDAR,5.989999754081313,300
DARC,22.84398477658071,300
VNCD_MDD,0.155562179197706,300
M3SDA_Reg,0.1117298527819409,300
CMSS_Reg,0.1120228244129452,300
TKRR,1.867078595475636,500
CDAR,5.804497731138272,500
DARC,22.14799482641354,500
VNCD_MDD,0.1424948930357074,500
M3SDA_Reg,0.1084261255835361,500
CMSS_Reg,0.1060254711106679,500
XGBoost_Target_Only,0.1081634987873,100
KRR_Target_Only,0.6300454973236714,100
NN_Target_Only,0.362663397489606,100
XGBoost_Pool,0.1013101210956563,100
KRR_Pool,0.3167357353196728,100
NN_Pool,0.1960905603755743,100
XGBoost_TLCQM,0.1048347098355829,100
KRR_TLCQM,0.2462349239513717,100
NN_TLCQM,0.1210027317200746,100
XGBoost_Target_Only,0.1109796343563399,200
KRR_Target_Only,0.4160129212200866,200
NN_Target_Only,0.2387362297875137,200
XGBoost_Pool,0.0989027699161184,200
KRR_Pool,0.3817114486714387,200
NN_Pool,0.1884244739018294,200
XGBoost_TLCQM,0.1020797521176014,200
KRR_TLCQM,0.1833010345564766,200
NN_TLCQM,0.1170503973689595,200
XGBoost_Target_Only,0.0973333240476382,300
KRR_Target_Only,0.4215479551444185,300
NN_Target_Only,0.1719012380499736,300
XGBoost_Pool,0.0958966437352298,300
KRR_Pool,0.4967595414567438,300
NN_Pool,0.1995022956612165,300
XGBoost_TLCQM,0.1004177091925354,300
KRR_TLCQM,0.1920317961906437,300
NN_TLCQM,0.1059472077717102,300
XGBoost_Target_Only,0.09289133887538,500
KRR_Target_Only,0.3728362830075365,500
NN_Target_Only,0.1378536041472948,500
XGBoost_Pool,0.0955657975543353,500
KRR_Pool,0.7064367420339428,500
NN_Pool,0.2148844048702496,500
XGBoost_TLCQM,0.1023632749208873,500
KRR_TLCQM,0.2015583329874479,500
NN_TLCQM,0.1130965623808746,500
TKRR,1.9962836048572237,100
CDAR,5.794706289506167,100
DARC,24.96778906750112,100
VNCD_MDD,0.1553488573274,100
M3SDA_Reg,0.1218609978741875,100
CMSS_Reg,0.1167030586789987,100
TKRR,1.8656657889390065,200
CDAR,5.15075327792984,200
DARC,23.2439927291926,200
VNCD_MDD,0.1430115369295533,200
M3SDA_Reg,0.1197692998720025,200
CMSS_Reg,0.1126996849388393,200
TKRR,2.002294461506376,300
CDAR,5.13158142285696,300
DARC,10.004659399695448,300
VNCD_MDD,0.1386431784632376,300
M3SDA_Reg,0.1204071823715283,300
CMSS_Reg,0.108847818614059,300
TKRR,1.87107836886354,500
CDAR,5.147152833053943,500
DARC,41.00802500505738,500
VNCD_MDD,0.1269874327424791,500
M3SDA_Reg,0.1185130983062724,500
CMSS_Reg,0.1022914018330553,500
XGBoost_Target_Only,0.1194588563668928,100
KRR_Target_Only,0.7718677102961758,100
NN_Target_Only,0.705752466685266,100
XGBoost_Pool,0.1014115916538452,100
KRR_Pool,0.3175562861896117,100
NN_Pool,0.2097063922617148,100
XGBoost_TLCQM,0.0993481099716887,100
KRR_TLCQM,0.1936548325135959,100
NN_TLCQM,0.1144659242162133,100
XGBoost_Target_Only,0.0981498013494601,200
KRR_Target_Only,0.4506588467222312,200
NN_Target_Only,0.2899962622124877,200
XGBoost_Pool,0.0978499004950246,200
KRR_Pool,0.3851255083426136,200
NN_Pool,0.1832351370603139,200
XGBoost_TLCQM,0.1001597109796391,200
KRR_TLCQM,0.1789056322798344,200
NN_TLCQM,0.113665661804114,200
XGBoost_Target_Only,0.0993194293330746,300
KRR_Target_Only,0.3344959483460625,300
NN_Target_Only,0.1889891162183271,300
XGBoost_Pool,0.0973576429552139,300
KRR_Pool,0.5012950863845157,300
NN_Pool,0.1868746779804764,300
XGBoost_TLCQM,0.0992739667298515,300
KRR_TLCQM,0.1693346760340935,300
NN_TLCQM,0.1158935458290765,300
XGBoost_Target_Only,0.0952978864768171,500
KRR_Target_Only,0.27875911796447,500
NN_Target_Only,0.1515713866741026,500
XGBoost_Pool,0.0960038897036373,500
KRR_Pool,0.7003487120248619,500
NN_Pool,0.2239883139182818,500
XGBoost_TLCQM,0.1005731757388924,500
KRR_TLCQM,0.1570176496842829,500
NN_TLCQM,0.1073467331221226,500
TKRR,1.9467316749812131,100
CDAR,5.642289885272875,100
DARC,37.79036876443441,100
VNCD_MDD,0.1788982100651782,100
M3SDA_Reg,0.1143277786315735,100
CMSS_Reg,0.1178243361540589,100
TKRR,1.848085164718772,200
CDAR,6.31450099904996,200
DARC,35.13291319578099,200
VNCD_MDD,0.1485842019625534,200
M3SDA_Reg,0.1123937292512424,200
CMSS_Reg,0.11000342303665,200
TKRR,1.8614004255281795,300
CDAR,6.204518882385382,300
DARC,34.95624340068384,300
VNCD_MDD,0.137576314878241,300
M3SDA_Reg,0.1120362594328653,300
CMSS_Reg,0.1053459961913095,300
TKRR,1.917390610439535,500
CDAR,6.170431173091253,500
DARC,26.143494690169,500
VNCD_MDD,0.1600145179883236,500
M3SDA_Reg,0.1198198973225295,500
CMSS_Reg,0.0997774484561607,500
XGBoost_Target_Only,0.1043889912811964,100
KRR_Target_Only,0.7333908423473846,100
NN_Target_Only,0.5187024490387413,100
XGBoost_Pool,0.100439054877838,100
KRR_Pool,0.3179784462182811,100
NN_Pool,0.1880252827624406,100
XGBoost_TLCQM,0.1017816799384897,100
KRR_TLCQM,0.1924202319348752,100
NN_TLCQM,0.1199453530987511,100
XGBoost_Target_Only,0.1010119275679281,200
KRR_Target_Only,0.5227507818538357,200
NN_Target_Only,0.3140413183033745,200
XGBoost_Pool,0.1020310864210879,200
KRR_Pool,0.3890117075329298,200
NN_Pool,0.2109114814790861,200
XGBoost_TLCQM,0.1030999347294172,200
KRR_TLCQM,0.1906631449388822,200
NN_TLCQM,0.1184824411946442,200
XGBoost_Target_Only,0.1013767759490825,300
KRR_Target_Only,0.3607896303707627,300
NN_Target_Only,0.2233993614979583,300
XGBoost_Pool,0.0986212189288004,300
KRR_Pool,0.4971398167437704,300
NN_Pool,0.166341872035819,300
XGBoost_TLCQM,0.1009698655806436,300
KRR_TLCQM,0.1569591694397596,300
NN_TLCQM,0.1101246057866498,300
XGBoost_Target_Only,0.0960120838835364,500
KRR_Target_Only,0.3200353766519179,500
NN_Target_Only,0.1710379775114408,500
XGBoost_Pool,0.0964278803194232,500
KRR_Pool,0.694527976821476,500
NN_Pool,0.1833405429824715,500
XGBoost_TLCQM,0.1012975099627219,500
KRR_TLCQM,0.151417869644142,500
NN_TLCQM,0.1082353003434965,500
TKRR,1.8905807020335903,100
CDAR,5.325988968010844,100
DARC,28.262958380456304,100
VNCD_MDD,0.1650213786014419,100
M3SDA_Reg,0.1232769169935144,100
CMSS_Reg,0.1159922952391467,100
TKRR,2.0247656388832707,200
CDAR,6.295023463411523,200
DARC,23.297524280772507,200
VNCD_MDD,0.1518484501888503,200
M3SDA_Reg,0.1199499466024875,200
CMSS_Reg,0.1115878484722033,200
TKRR,1.81886535141967,300
CDAR,6.281084251025972,300
DARC,26.13685841078521,300
VNCD_MDD,0.1479509286735699,300
M3SDA_Reg,0.1262222696107365,300
CMSS_Reg,0.1082778793732078,300
TKRR,1.6822176178338053,500
CDAR,6.132024754828011,500
DARC,28.39423634733054,500
VNCD_MDD,0.1425341238097465,500
M3SDA_Reg,0.1241413744385155,500
CMSS_Reg,0.1031377178296245,500
XGBoost_Target_Only,0.1109809813104819,100
KRR_Target_Only,0.662945305494852,100
NN_Target_Only,0.4838147223752016,100
XGBoost_Pool,0.0990290263342752,100
KRR_Pool,0.3173785243177485,100
NN_Pool,0.2056081033665104,100
XGBoost_TLCQM,0.1016499855297581,100
KRR_TLCQM,0.1872731963175627,100
NN_TLCQM,0.1182084894065786,100
XGBoost_Target_Only,0.1141354652282664,200
KRR_Target_Only,0.4181678721366382,200
NN_Target_Only,0.2465005882065636,200
XGBoost_Pool,0.0979705035344346,200
KRR_Pool,0.3880480987981379,200
NN_Pool,0.1767410732021573,200
XGBoost_TLCQM,0.1034648350346977,200
KRR_TLCQM,0.1871322186227585,200
NN_TLCQM,0.1131803144165103,200
XGBoost_Target_Only,0.1011891372810625,300
KRR_Target_Only,0.3945627143033944,300
NN_Target_Only,0.1952179830820826,300
XGBoost_Pool,0.0991509591468108,300
KRR_Pool,0.5065742729282149,300
NN_Pool,0.1732408973244172,300
XGBoost_TLCQM,0.1049244015511917,300
KRR_TLCQM,0.1883022660060883,300
NN_TLCQM,0.1150544926452615,300
XGBoost_Target_Only,0.1012327627772429,500
KRR_Target_Only,0.3356398419316896,500
NN_Target_Only,0.1605397556349913,500
XGBoost_Pool,0.0959769482365607,500
KRR_Pool,0.7055934168381912,500
NN_Pool,0.1635208685192828,500
XGBoost_TLCQM,0.0993306370293411,500
KRR_TLCQM,0.1795775878688125,500
NN_TLCQM,0.1062092135984907,500
TKRR,1.8813874160070936,100
CDAR,6.367374761030365,100
DARC,26.055256506763065,100
VNCD_MDD,0.1527946539833271,100
M3SDA_Reg,0.1304459438117707,100
CMSS_Reg,0.1134996236528954,100
TKRR,1.8696024869025587,200
CDAR,5.07721983941949,200
DARC,39.29108743413962,200
VNCD_MDD,0.1448888137819301,200
M3SDA_Reg,0.1448649552142991,200
CMSS_Reg,0.1095111765190187,200
TKRR,1.8603165094546072,300
CDAR,5.063120627505192,300
DARC,39.75717561321489,300
VNCD_MDD,0.1411945060372775,300
M3SDA_Reg,0.1431303734476618,300
CMSS_Reg,0.1087342029542531,300
TKRR,1.7913489706575725,500
CDAR,5.080360429950601,500
DARC,39.53171774863951,500
VNCD_MDD,0.138929183303466,500
M3SDA_Reg,0.1389891323560206,500
CMSS_Reg,0.1056397682925023,500
XGBoost_Target_Only,0.1137176563824608,100
KRR_Target_Only,1.4175499885127114,100
NN_Target_Only,0.5028805288113624,100
XGBoost_Pool,0.1005262877408521,100
KRR_Pool,0.3168903946399153,100
NN_Pool,0.204163289601814,100
XGBoost_TLCQM,0.0992951191173636,100
KRR_TLCQM,0.2172101644041024,100
NN_TLCQM,0.1394426936527486,100
XGBoost_Target_Only,0.1094417138728357,200
KRR_Target_Only,0.9281522743799712,200
NN_Target_Only,0.2777561165738634,200
XGBoost_Pool,0.0971809190828924,200
KRR_Pool,0.3885086816943845,200
NN_Pool,0.1778138823601512,200
XGBoost_TLCQM,0.1024998232221396,200
KRR_TLCQM,0.2170489590378918,200
NN_TLCQM,0.1218990515840715,200
XGBoost_Target_Only,0.1052632952392182,300
KRR_Target_Only,0.5321638439097897,300
NN_Target_Only,0.1756898048443391,300
XGBoost_Pool,0.0969469914748132,300
KRR_Pool,0.504347749411131,300
NN_Pool,0.1664605282552768,300
XGBoost_TLCQM,0.1055929977173629,300
KRR_TLCQM,0.2155806387733049,300
NN_TLCQM,0.1194700765313599,300
XGBoost_Target_Only,0.0930056059524593,500
KRR_Target_Only,0.3708267249383995,500
NN_Target_Only,0.150960037633775,500
XGBoost_Pool,0.0938035762778845,500
KRR_Pool,0.7061445246013088,500
NN_Pool,0.1311000524713903,500
XGBoost_TLCQM,0.0985534437415039,500
KRR_TLCQM,0.1981954283837957,500
NN_TLCQM,0.1095503911142196,500
TKRR,2.1190793337840064,100
CDAR,6.417943834069558,100
DARC,36.11450912104888,100
VNCD_MDD,0.1508993035859052,100
M3SDA_Reg,0.111973787971594,100
CMSS_Reg,0.1149246490394635,100
TKRR,2.0225952186344034,200
CDAR,5.776639953531644,200
DARC,32.77986841409554,200
VNCD_MDD,0.1459517344418195,200
M3SDA_Reg,0.1094829397601375,200
CMSS_Reg,0.1182972818962813,200
TKRR,1.8188583548609845,300
CDAR,5.694958084830114,300
DARC,32.89859721378987,300
VNCD_MDD,0.1407495534086104,300
M3SDA_Reg,0.1133096616892918,300
CMSS_Reg,0.1123218586067275,300
TKRR,1.7857775644162257,500
CDAR,5.719850122864951,500
DARC,32.76397261141831,500
VNCD_MDD,0.1212073311165384,500
M3SDA_Reg,0.1081148764619225,500
CMSS_Reg,0.1078493804371086,500
XGBoost_Target_Only,0.1118798158059321,100
KRR_Target_Only,1.046813072003438,100
NN_Target_Only,0.4981439058178303,100
XGBoost_Pool,0.0979130283660888,100
KRR_Pool,0.3184582683825561,100
NN_Pool,0.2145472898161966,100
XGBoost_TLCQM,0.1037529546464118,100
KRR_TLCQM,0.1840197420282464,100
NN_TLCQM,0.1275340063116051,100
XGBoost_Target_Only,0.1017203857629022,200
KRR_Target_Only,0.5628403830577684,200
NN_Target_Only,0.2485313488764312,200
XGBoost_Pool,0.0984578575371046,200
KRR_Pool,0.3857195184286819,200
NN_Pool,0.228196371388539,200
XGBoost_TLCQM,0.1023532891254048,200
KRR_TLCQM,0.1768783909428535,200
NN_TLCQM,0.1075078765053624,200
XGBoost_Target_Only,0.0976210664045218,300
KRR_Target_Only,0.3648405439222068,300
NN_Target_Only,0.1875919954885263,300
XGBoost_Pool,0.0969213200335113,300
KRR_Pool,0.4903711377785489,300
NN_Pool,0.2026090512883682,300
XGBoost_TLCQM,0.0953264923801499,300
KRR_TLCQM,0.1529536339740199,300
NN_TLCQM,0.1122943237189812,300
XGBoost_Target_Only,0.0959015164546068,500
KRR_Target_Only,0.2811933828615776,500
NN_Target_Only,0.160473624657232,500
XGBoost_Pool,0.0960395477850452,500
KRR_Pool,0.6979932547136807,500
NN_Pool,0.198025979751708,500
XGBoost_TLCQM,0.096883435402148,500
KRR_TLCQM,0.1495864907972153,500
NN_TLCQM,0.1087188152489308,500
TKRR,1.9674429057583371,100
CDAR,6.730939124955219,100
DARC,34.812871471274505,100
VNCD_MDD,0.1603625079919015,100
M3SDA_Reg,0.1081427954845956,100
CMSS_Reg,0.1077864174636829,100
TKRR,1.9073670692972935,200
CDAR,6.065411027369505,200
DARC,29.331499639569603,200
VNCD_MDD,0.1405970175026236,200
M3SDA_Reg,0.1184721628926654,200
CMSS_Reg,0.1127495504762152,200
TKRR,1.846696795936304,300
CDAR,6.304783489418639,300
DARC,30.24572065038253,300
VNCD_MDD,0.1342346011229922,300
M3SDA_Reg,0.1160285020930464,300
CMSS_Reg,0.10967455449839,300
TKRR,1.8018840589471596,500
CDAR,6.024528763994778,500
DARC,30.193682655649656,500
VNCD_MDD,0.1213387242998298,500
M3SDA_Reg,0.1155425677991387,500
CMSS_Reg,0.1015671719908461,500
XGBoost_Target_Only,0.1277596746197206,100
KRR_Target_Only,0.6228114118510083,100
NN_Target_Only,0.4105706527209818,100
XGBoost_Pool,0.098570704268533,100
KRR_Pool,0.3160174619076831,100
NN_Pool,0.208398388635793,100
XGBoost_TLCQM,0.1062839149859147,100
KRR_TLCQM,0.2116251411381805,100
NN_TLCQM,0.1193984187433131,100
XGBoost_Target_Only,0.1038185857384507,200
KRR_Target_Only,0.5809011205133963,200
NN_Target_Only,0.3425078112053627,200
XGBoost_Pool,0.1002881728033047,200
KRR_Pool,0.3866273726698166,200
NN_Pool,0.1871187256325174,200
XGBoost_TLCQM,0.1008311230706206,200
KRR_TLCQM,0.1890301173375245,200
NN_TLCQM,0.1113822472627353,200
XGBoost_Target_Only,0.1030283602691,300
KRR_Target_Only,0.5115438267342525,300
NN_Target_Only,0.2663645614131024,300
XGBoost_Pool,0.1004546187319501,300
KRR_Pool,0.5035990046598254,300
NN_Pool,0.1764904715471271,300
XGBoost_TLCQM,0.0971957126032567,300
KRR_TLCQM,0.1952333869113741,300
NN_TLCQM,0.1090874281857235,300
XGBoost_Target_Only,0.0993083926404223,500
KRR_Target_Only,0.3849037664813771,500
NN_Target_Only,0.197056147202485,500
XGBoost_Pool,0.0965363625638046,500
KRR_Pool,0.7064226688083933,500
NN_Pool,0.148626150036696,500
XGBoost_TLCQM,0.098729682597582,500
KRR_TLCQM,0.1819146999310967,500
NN_TLCQM,0.1101752004798053,500
TKRR,1.8878895283082444,100
CDAR,5.5184891507602165,100
DARC,28.253961764609823,100
VNCD_MDD,0.1615157604352981,100
M3SDA_Reg,0.1146524809668176,100
CMSS_Reg,0.1147120079840253,100
TKRR,1.78943836285346,200
CDAR,6.136309656898837,200
DARC,33.150402490256546,200
VNCD_MDD,0.1541768774538309,200
M3SDA_Reg,0.1172562286811285,200
CMSS_Reg,0.1086723618333453,200
TKRR,1.8517129910160204,300
CDAR,6.234408540461995,300
DARC,33.861978513230895,300
VNCD_MDD,0.1444746249841362,300
M3SDA_Reg,0.1178392007850627,300
CMSS_Reg,0.102881822088005,300
TKRR,1.866600901600936,500
CDAR,6.305555569292236,500
DARC,34.212437512403184,500
VNCD_MDD,0.1401746168824457,500
M3SDA_Reg,0.1184708977783408,500
CMSS_Reg,0.1012629909294236,500
XGBoost_Target_Only,0.1129978346004451,100
KRR_Target_Only,0.886960809736112,100
NN_Target_Only,0.3729459555121047,100
XGBoost_Pool,0.1011945893657404,100
KRR_Pool,0.3173489197620155,100
NN_Pool,0.1975822216558533,100
XGBoost_TLCQM,0.107080671837418,100
KRR_TLCQM,0.2817793807041506,100
NN_TLCQM,0.1221312516057189,100
XGBoost_Target_Only,0.110019629839163,200
KRR_Target_Only,0.6149408246123541,200
NN_Target_Only,0.2675314436422626,200
XGBoost_Pool,0.0988994928199818,200
KRR_Pool,0.3883494148439267,200
NN_Pool,0.1798818546562963,200
XGBoost_TLCQM,0.1017784469758467,200
KRR_TLCQM,0.2031807588531724,200
NN_TLCQM,0.1128707591693438,200
XGBoost_Target_Only,0.107281092644779,300
KRR_Target_Only,0.4010405169022735,300
NN_Target_Only,0.1664365884426575,300
XGBoost_Pool,0.096961025315828,300
KRR_Pool,0.5068624743435715,300
NN_Pool,0.1424520665373484,300
XGBoost_TLCQM,0.0997265562093554,300
KRR_TLCQM,0.1885543160948878,300
NN_TLCQM,0.1080411904744045,300
XGBoost_Target_Only,0.1017604988797708,500
KRR_Target_Only,0.3485236182495844,500
NN_Target_Only,0.1523852703524593,500
XGBoost_Pool,0.0953508505848887,500
KRR_Pool,0.7085041594703686,500
NN_Pool,0.1453550242243438,500
XGBoost_TLCQM,0.0987076768241637,500
KRR_TLCQM,0.1761246326798616,500
NN_TLCQM,0.1069960816111747,500
TKRR,2.283217369020781,100
CDAR,5.613445362352575,100
DARC,31.811284953380305,100
VNCD_MDD,0.1532283807591667,100
M3SDA_Reg,0.1113813296600815,100
CMSS_Reg,0.1231208941918973,100
TKRR,2.132279986272943,200
CDAR,5.413030826686237,200
DARC,28.65397018171992,200
VNCD_MDD,0.1352803902848743,200
M3SDA_Reg,0.1074055739156442,200
CMSS_Reg,0.1192238857069281,200
TKRR,1.877818465948872,300
CDAR,5.151518386716155,300
DARC,28.709293766203857,300
VNCD_MDD,0.136256740508531,300
M3SDA_Reg,0.1149638229076435,300
CMSS_Reg,0.1162821453842888,300
TKRR,1.8397767388353208,500
CDAR,5.218644733077055,500
DARC,28.958679924446823,500
VNCD_MDD,0.1361974648062676,500
M3SDA_Reg,0.1196791303232709,500
CMSS_Reg,0.1039742563032824,500
XGBoost_Target_Only,0.1235054711387553,100
KRR_Target_Only,0.6705320603365388,100
NN_Target_Only,0.4243372117207288,100
XGBoost_Pool,0.1022849455550209,100
KRR_Pool,0.3159707042217689,100
NN_Pool,0.1887148113437214,100
XGBoost_TLCQM,0.108375911618275,100
KRR_TLCQM,0.2040729189985786,100
NN_TLCQM,0.1313248233640432,100
XGBoost_Target_Only,0.1163005518910166,200
KRR_Target_Only,0.5436290780033387,200
NN_Target_Only,0.2720400610044305,200
XGBoost_Pool,0.1004335113488242,200
KRR_Pool,0.3775998932242598,200
NN_Pool,0.2406986310362655,200
XGBoost_TLCQM,0.1088978584435795,200
KRR_TLCQM,0.1997579264797854,200
NN_TLCQM,0.1197102304502263,200
XGBoost_Target_Only,0.1151551619979763,300
KRR_Target_Only,0.5473185003482742,300
NN_Target_Only,0.2148857261028664,300
XGBoost_Pool,0.099469752306964,300
KRR_Pool,0.4964212076116581,300
NN_Pool,0.1955742612218876,300
XGBoost_TLCQM,0.1094147039322533,300
KRR_TLCQM,0.1854697710382614,300
NN_TLCQM,0.1155379754063138,300
XGBoost_Target_Only,0.0975494714221952,500
KRR_Target_Only,0.310356561535085,500
NN_Target_Only,0.182316539029725,500
XGBoost_Pool,0.0969147169386922,500
KRR_Pool,0.6895757435209604,500
NN_Pool,0.1972801848600592,500
XGBoost_TLCQM,0.103608618654778,500
KRR_TLCQM,0.1590414396377261,500
NN_TLCQM,0.1109971375398997,500
TKRR,1.8981779025434269,100
CDAR,6.002772039140443,100
DARC,34.76142191304125,100
VNCD_MDD,0.1570902974289834,100
M3SDA_Reg,0.1186635468643048,100
CMSS_Reg,0.1212753038764842,100
TKRR,1.910641956683178,200
CDAR,5.612819250687412,200
DARC,31.37630256406758,200
VNCD_MDD,0.1431140836475695,200
M3SDA_Reg,0.1177661397255037,200
CMSS_Reg,0.1109649864848516,200
TKRR,1.9898080023062168,300
CDAR,5.507747354836735,300
DARC,31.82417952283172,300
VNCD_MDD,0.1353480017046615,300
M3SDA_Reg,0.1230750271086085,300
CMSS_Reg,0.1101624032866397,300
TKRR,1.817734525561436,500
CDAR,5.504125407021656,500
DARC,31.02453361904832,500
VNCD_MDD,0.1203281620790078,500
M3SDA_Reg,0.1200736116767723,500
CMSS_Reg,0.1016490751347238,500
XGBoost_Target_Only,0.1179794884144918,100
KRR_Target_Only,1.0275432841929395,100
NN_Target_Only,0.8043585249578404,100
XGBoost_Pool,0.1024395415730018,100
KRR_Pool,0.3191499772760163,100
NN_Pool,0.2088489594037045,100
XGBoost_TLCQM,0.1061809984396834,100
KRR_TLCQM,0.2097613292624657,100
NN_TLCQM,0.1267709350245836,100
XGBoost_Target_Only,0.101417046167253,200
KRR_Target_Only,0.7731195420778342,200
NN_Target_Only,0.45145222521774,200
XGBoost_Pool,0.1003557520319296,200
KRR_Pool,0.3915865829985549,200
NN_Pool,0.230959607140618,200
XGBoost_TLCQM,0.100465101989045,200
KRR_TLCQM,0.1948706620289412,200
NN_TLCQM,0.1179058851220668,200
XGBoost_Target_Only,0.0976956712311205,300
KRR_Target_Only,0.5576204570519194,300
NN_Target_Only,0.2711275545923429,300
XGBoost_Pool,0.0979983127700823,300
KRR_Pool,0.5117991393863633,300
NN_Pool,0.2036684301138502,300
XGBoost_TLCQM,0.0994418419684435,300
KRR_TLCQM,0.189820220661517,300
NN_TLCQM,0.1093212338877393,300
XGBoost_Target_Only,0.0974809706921067,500
KRR_Target_Only,0.4869764732624242,500
NN_Target_Only,0.199040383045942,500
XGBoost_Pool,0.0961713791000616,500
KRR_Pool,0.7177018805286025,500
NN_Pool,0.2049314859199612,500
XGBoost_TLCQM,0.0972828704092237,500
KRR_TLCQM,0.2084444132850299,500
NN_TLCQM,0.1096189175857983,500
TKRR,1.8800193840242811,100
CDAR,5.333339463448698,100
DARC,41.71283858309062,100
VNCD_MDD,0.1403309166598052,100
M3SDA_Reg,0.1115789265307978,100
CMSS_Reg,0.1127600779291683,100
TKRR,1.8558668934142584,200
CDAR,5.115578816047517,200
DARC,29.543457480788152,200
VNCD_MDD,0.1372962574788131,200
M3SDA_Reg,0.1109360390560617,200
CMSS_Reg,0.107612279915997,200
TKRR,1.8421487591909755,300
CDAR,5.150265057057805,300
DARC,27.61850673647184,300
VNCD_MDD,0.1201264175526173,300
M3SDA_Reg,0.1089430330581429,300
CMSS_Reg,0.1015537809862329,300
TKRR,1.81431446869449,500
CDAR,5.075310897222449,500
DARC,28.321162309026377,500
VNCD_MDD,0.1217526711468386,500
M3SDA_Reg,0.1174348271557886,500
CMSS_Reg,0.0971051032970328,500
XGBoost_Target_Only,0.1173412107032533,100
KRR_Target_Only,0.7824120804661825,100
NN_Target_Only,0.5322135642030088,100
XGBoost_Pool,0.1017418341489344,100
KRR_Pool,0.3189419612950858,100
NN_Pool,0.2188806736506462,100
XGBoost_TLCQM,0.1063528016513641,100
KRR_TLCQM,0.2272342207030142,100
NN_TLCQM,0.1205652905820593,100
XGBoost_Target_Only,0.1032309896343114,200
KRR_Target_Only,0.5577454005186813,200
NN_Target_Only,0.3122144145171155,200
XGBoost_Pool,0.0982882279923203,200
KRR_Pool,0.3903021821421102,200
NN_Pool,0.1946559098648285,200
XGBoost_TLCQM,0.1020676167502496,200
KRR_TLCQM,0.2596526184202786,200
NN_TLCQM,0.1184738427892472,200
XGBoost_Target_Only,0.1032664701276958,300
KRR_Target_Only,0.388512861030522,300
NN_Target_Only,0.2076317996880053,300
XGBoost_Pool,0.0992099509498888,300
KRR_Pool,0.5109835484346503,300
NN_Pool,0.1904542351354747,300
XGBoost_TLCQM,0.1023006624931215,300
KRR_TLCQM,0.214008562781025,300
NN_TLCQM,0.1191436711614191,300
XGBoost_Target_Only,0.0960455331071325,500
KRR_Target_Only,0.2912729918802763,500
NN_Target_Only,0.1473659625585371,500
XGBoost_Pool,0.0955468756860326,500
KRR_Pool,0.7041644241948223,500
NN_Pool,0.1447402388726761,500
XGBoost_TLCQM,0.0988792625037321,500
KRR_TLCQM,0.1859633207722519,500
NN_TLCQM,0.1019691987575067,500
TKRR,1.98262787887544,100
CDAR,6.047113652346016,100
DARC,32.49166184844607,100
VNCD_MDD,0.1841768305442413,100
M3SDA_Reg,0.1166665064430297,100
CMSS_Reg,0.120500403126844,100
TKRR,1.8884531062124232,200
CDAR,5.957331738598725,200
DARC,4.9742492666656855,200
VNCD_MDD,0.1611782526515111,200
M3SDA_Reg,0.1234875717662035,200
CMSS_Reg,0.1153950554442551,200
TKRR,1.8196017832994544,300
CDAR,5.922220771239011,300
DARC,13.515240525554264,300
VNCD_MDD,0.1372401813284146,300
M3SDA_Reg,0.124575357686854,300
CMSS_Reg,0.1117310816365497,300
TKRR,1.834295613771036,500
CDAR,5.894508249079716,500
DARC,27.64981934494247,500
VNCD_MDD,0.1351874020878759,500
M3SDA_Reg,0.1178483629325873,500
CMSS_Reg,0.1051280698592492,500
XGBoost_Target_Only,0.1168799917275533,100
KRR_Target_Only,0.8403468753974087,100
NN_Target_Only,0.4570668539217167,100
XGBoost_Pool,0.1027173296639976,100
KRR_Pool,0.3187143047709854,100
NN_Pool,0.2131169102033259,100
XGBoost_TLCQM,0.1082517308938561,100
KRR_TLCQM,0.2237733348124157,100
NN_TLCQM,0.1192718709532231,100
XGBoost_Target_Only,0.1058238193270693,200
KRR_Target_Only,0.33557985352615,200
NN_Target_Only,0.2011399578297376,200
XGBoost_Pool,0.1026575559938626,200
KRR_Pool,0.3810310731785571,200
NN_Pool,0.2020638014155752,200
XGBoost_TLCQM,0.0989465160943775,200
KRR_TLCQM,0.1679589420068975,200
NN_TLCQM,0.1073818654860299,200
XGBoost_Target_Only,0.0954216840650313,300
KRR_Target_Only,0.3067628476100336,300
NN_Target_Only,0.1663630654201013,300
XGBoost_Pool,0.0988528892655521,300
KRR_Pool,0.5004567998980565,300
NN_Pool,0.2180719363643782,300
XGBoost_TLCQM,0.0991666406452672,300
KRR_TLCQM,0.1745549413146128,300
NN_TLCQM,0.1040436734820541,300
XGBoost_Target_Only,0.0963624319422243,500
KRR_Target_Only,0.3028418307372743,500
NN_Target_Only,0.1532611030026762,500
XGBoost_Pool,0.0963776059729452,500
KRR_Pool,0.7106022177104553,500
NN_Pool,0.2002348798760898,500
XGBoost_TLCQM,0.0981336158323912,500
KRR_TLCQM,0.1682150665884203,500
NN_TLCQM,0.1090739944194856,500
TKRR,1.8639486143416584,100
CDAR,5.896272653140882,100
DARC,29.53556887831525,100
VNCD_MDD,0.1712966182900431,100
M3SDA_Reg,0.1241841009203508,100
CMSS_Reg,0.1225918319246476,100
TKRR,1.846607308696405,200
CDAR,5.48466311990257,200
DARC,25.18194090286841,200
VNCD_MDD,0.1552165192636535,200
M3SDA_Reg,0.1223866662572994,200
CMSS_Reg,0.1076738617413338,200
TKRR,1.8196318445534565,300
CDAR,5.180973394614012,300
DARC,23.494119709303128,300
VNCD_MDD,0.1382928743836165,300
M3SDA_Reg,0.1209551771227727,300
CMSS_Reg,0.1092417377497966,300
TKRR,1.82898150334032,500
CDAR,5.02166773099355,500
DARC,24.029292411510383,500
VNCD_MDD,0.1302223609977007,500
M3SDA_Reg,0.1184918410190356,500
CMSS_Reg,0.0985802021878818,500
XGBoost_Target_Only,0.1105492215772933,100
KRR_Target_Only,0.6363229782762135,100
NN_Target_Only,0.3527241797309819,100
XGBoost_Pool,0.0998822155811407,100
KRR_Pool,0.3172695358109471,100
NN_Pool,0.1950312948708654,100
XGBoost_TLCQM,0.0992355048977782,100
KRR_TLCQM,0.1996616548549526,100
NN_TLCQM,0.1112283606756667,100
XGBoost_Target_Only,0.1027403546409098,200
KRR_Target_Only,0.4702440391004396,200
NN_Target_Only,0.2591147090075171,200
XGBoost_Pool,0.0975363548671156,200
KRR_Pool,0.3881106504039849,200
NN_Pool,0.1623478691757755,200
XGBoost_TLCQM,0.0987014372326876,200
KRR_TLCQM,0.1891875023300487,200
NN_TLCQM,0.1100984403937583,200
XGBoost_Target_Only,0.0942186304162026,300
KRR_Target_Only,0.3436403459081558,300
NN_Target_Only,0.194892608255333,300
XGBoost_Pool,0.096374778535195,300
KRR_Pool,0.5009379956088671,300
NN_Pool,0.2021114389703105,300
XGBoost_TLCQM,0.0966888506695259,300
KRR_TLCQM,0.1697140653102317,300
NN_TLCQM,0.1118503274644577,300
XGBoost_Target_Only,0.0960993451464755,500
KRR_Target_Only,0.2208309538334054,500
NN_Target_Only,0.1733253404166712,500
XGBoost_Pool,0.096547819575026,500
KRR_Pool,0.6950145809858848,500
NN_Pool,0.2174198070295469,500
XGBoost_TLCQM,0.1021642311371323,500
KRR_TLCQM,0.1512199495233078,500
NN_TLCQM,0.1087446654321727,500
TKRR,1.8732561010861648,100
CDAR,6.00578066042418,100
DARC,25.979975037054587,100
VNCD_MDD,0.1530480764179199,100
M3SDA_Reg,0.1169908396147274,100
CMSS_Reg,0.1178655250706966,100
TKRR,1.870703523387348,200
CDAR,5.5460586002580525,200
DARC,27.61844661444052,200
VNCD_MDD,0.1686061479692607,200
M3SDA_Reg,0.1112240885711602,200
CMSS_Reg,0.1051640791688413,200
TKRR,1.8666486183745292,300
CDAR,5.51466594301786,300
DARC,27.844157132448554,300
VNCD_MDD,0.164604623542911,300
M3SDA_Reg,0.1122325018370336,300
CMSS_Reg,0.1088502543511353,300
TKRR,1.8185449067000523,500
CDAR,5.482786374802769,500
DARC,28.016633469342192,500
VNCD_MDD,0.1322530250540554,500
M3SDA_Reg,0.1231060804006734,500
CMSS_Reg,0.1009238553985425,500
XGBoost_Target_Only,0.1152507471379211,100
KRR_Target_Only,1.3120235381193657,100
NN_Target_Only,0.7009484125923706,100
XGBoost_Pool,0.1003605768125549,100
KRR_Pool,0.3192820781414752,100
NN_Pool,0.2097726155830179,100
XGBoost_TLCQM,0.1041759268422022,100
KRR_TLCQM,0.2020044250344679,100
NN_TLCQM,0.1277301868480169,100
XGBoost_Target_Only,0.1041974254746707,200
KRR_Target_Only,0.6718016683983348,200
NN_Target_Only,0.293424917462688,200
XGBoost_Pool,0.100011546439861,200
KRR_Pool,0.38391046390017,200
NN_Pool,0.2001931988074951,200
XGBoost_TLCQM,0.1005071349697841,200
KRR_TLCQM,0.178351010550762,200
NN_TLCQM,0.1161918236010884,200
XGBoost_Target_Only,0.097277636928918,300
KRR_Target_Only,0.614338913280607,300
NN_Target_Only,0.2355989311167599,300
XGBoost_Pool,0.0985355628488857,300
KRR_Pool,0.502324561809559,300
NN_Pool,0.1944674234017321,300
XGBoost_TLCQM,0.0994516066293313,300
KRR_TLCQM,0.2030317385195867,300
NN_TLCQM,0.1150458356325504,300
XGBoost_Target_Only,0.1097174858631812,500
KRR_Target_Only,0.4187283555693651,500
NN_Target_Only,0.212545092391736,500
XGBoost_Pool,0.09767391702049,500
KRR_Pool,0.7016164141586657,500
NN_Pool,0.213492641289488,500
XGBoost_TLCQM,0.1008867027049365,500
KRR_TLCQM,0.175376105941934,500
NN_TLCQM,0.1143862010625078,500
TKRR,2.0681623258782045,100
CDAR,5.914390342052479,100
DARC,27.73407216203694,100
VNCD_MDD,0.181369060098651,100
M3SDA_Reg,0.1127359565669043,100
CMSS_Reg,0.1200986864053894,100
TKRR,2.015322786171297,200
CDAR,6.034360728074193,200
DARC,27.400824499475423,200
VNCD_MDD,0.1638041078419329,200
M3SDA_Reg,0.1170014283205981,200
CMSS_Reg,0.1067269560805446,200
TKRR,1.9223125436761177,300
CDAR,6.023424839398553,300
DARC,27.738132400634456,300
VNCD_MDD,0.150322527648707,300
M3SDA_Reg,0.1208180598151134,300
CMSS_Reg,0.1071903314445162,300
TKRR,1.862270114841612,500
CDAR,6.072557762241041,500
DARC,27.99777387700228,500
VNCD_MDD,0.1618546380040344,500
M3SDA_Reg,0.1223443438387086,500
CMSS_Reg,0.1112218555248496,500
XGBoost_Target_Only,0.1372224917695061,100
KRR_Target_Only,0.7526119238201914,100
NN_Target_Only,0.3950385127851602,100
XGBoost_Pool,0.103698699854868,100
KRR_Pool,0.3166357615869756,100
NN_Pool,0.1848330790472522,100
XGBoost_TLCQM,0.1018831047229979,100
KRR_TLCQM,0.204838466441607,100
NN_TLCQM,0.1154083727072322,100
XGBoost_Target_Only,0.1097615265231246,200
KRR_Target_Only,0.5273220182865929,200
NN_Target_Only,0.2338402934949902,200
XGBoost_Pool,0.0990853061722402,200
KRR_Pool,0.3869528109777406,200
NN_Pool,0.1741705995252852,200
XGBoost_TLCQM,0.0973150158100623,200
KRR_TLCQM,0.1885208663049418,200
NN_TLCQM,0.1118824069119823,200
XGBoost_Target_Only,0.1004567440309718,300
KRR_Target_Only,0.4609803842271014,300
NN_Target_Only,0.174369206524389,300
XGBoost_Pool,0.0979954236153656,300
KRR_Pool,0.5084347497314886,300
NN_Pool,0.1933997282326067,300
XGBoost_TLCQM,0.0976870920536839,300
KRR_TLCQM,0.1818655708799155,300
NN_TLCQM,0.1104187816820087,300
XGBoost_Target_Only,0.0981750681354456,500
KRR_Target_Only,0.2780843566368556,500
NN_Target_Only,0.1497074824517755,500
XGBoost_Pool,0.09615219823435,500
KRR_Pool,0.7064346765940519,500
NN_Pool,0.2342577553369139,500
XGBoost_TLCQM,0.0983670183296626,500
KRR_TLCQM,0.1507234210857311,500
NN_TLCQM,0.1082482456044752,500
TKRR,1.9105586083129795,100
CDAR,5.590198056341919,100
DARC,42.39440376834163,100
VNCD_MDD,0.1610900661991433,100
M3SDA_Reg,0.1250783376290911,100
CMSS_Reg,0.1167128200787307,100
TKRR,1.861819997595073,200
CDAR,5.155421851749748,200
DARC,32.58762292052058,200
VNCD_MDD,0.1498516990767241,200
M3SDA_Reg,0.1233983689683183,200
CMSS_Reg,0.1110157544545877,200
TKRR,1.8575016415145256,300
CDAR,5.103222330011836,300
DARC,32.527858160938806,300
VNCD_MDD,0.1287514354673601,300
M3SDA_Reg,0.1254134547886459,300
CMSS_Reg,0.10341535142702,300
TKRR,1.791165648965125,500
CDAR,5.072138221815844,500
DARC,32.68638639420407,500
VNCD_MDD,0.1262980683988397,500
M3SDA_Reg,0.128467929169367,500
CMSS_Reg,0.0994213965508329,500
XGBoost_Target_Only,0.1133737159798984,100
KRR_Target_Only,1.0712534325006489,100
NN_Target_Only,0.6463999374119487,100
XGBoost_Pool,0.1000578382066989,100
KRR_Pool,0.3184926843258583,100
NN_Pool,0.1879766777234042,100
XGBoost_TLCQM,0.1044836496023564,100
KRR_TLCQM,0.339844491683612,100
NN_TLCQM,0.1300162690966402,100
XGBoost_Target_Only,0.1073581332521059,200
KRR_Target_Only,0.6734635291353858,200
NN_Target_Only,0.2921428313405185,200
XGBoost_Pool,0.0990573255372342,200
KRR_Pool,0.3901606429099616,200
NN_Pool,0.1669962840387278,200
XGBoost_TLCQM,0.0982530877537554,200
KRR_TLCQM,0.2230685341982851,200
NN_TLCQM,0.1214649562405912,200
XGBoost_Target_Only,0.1083036044326955,300
KRR_Target_Only,0.5349690283122535,300
NN_Target_Only,0.2195136120156225,300
XGBoost_Pool,0.0968293425532065,300
KRR_Pool,0.510912519007631,300
NN_Pool,0.1835729444446338,300
XGBoost_TLCQM,0.0980739462397687,300
KRR_TLCQM,0.2186886563539439,300
NN_TLCQM,0.1142550154973493,300
XGBoost_Target_Only,0.0977409678708294,500
KRR_Target_Only,0.4364700816798286,500
NN_Target_Only,0.1846612414341042,500
XGBoost_Pool,0.0970704897831842,500
KRR_Pool,0.7109628319869519,500
NN_Pool,0.1402201043213518,500
XGBoost_TLCQM,0.0971866551443955,500
KRR_TLCQM,0.1981777727206358,500
NN_TLCQM,0.1077659114184075,500
TKRR,2.105471681622311,100
CDAR,6.258681354094422,100
DARC,27.66445565100676,100
VNCD_MDD,0.1493624716475449,100
M3SDA_Reg,0.1111376992882852,100
CMSS_Reg,0.1172873600495101,100
TKRR,1.8859675570117855,200
CDAR,5.650023739763773,200
DARC,35.29526125184823,200
VNCD_MDD,0.1346576935192126,200
M3SDA_Reg,0.1153947600367255,200
CMSS_Reg,0.1106751125810434,200
TKRR,1.8560837881551464,300
CDAR,5.6827421656484205,300
DARC,33.928021617586985,300
VNCD_MDD,0.1326659878720522,300
M3SDA_Reg,0.1126132827759355,300
CMSS_Reg,0.1155497316157353,300
TKRR,1.8400713783876237,500
CDAR,5.699162257866821,500
DARC,32.43053018700804,500
VNCD_MDD,0.1245238020305154,500
M3SDA_Reg,0.114375800413555,500
CMSS_Reg,0.1067386642086665,500
XGBoost_Target_Only,0.1109881485084265,100
KRR_Target_Only,1.631333148704737,100
NN_Target_Only,1.5205207379145322,100
XGBoost_Pool,0.0998291192813782,100
KRR_Pool,0.3193242868651831,100
NN_Pool,0.1905318205009073,100
XGBoost_TLCQM,0.1007790915169536,100
KRR_TLCQM,0.227095167451089,100
NN_TLCQM,0.1248017955589722,100
XGBoost_Target_Only,0.1289662431681988,200
KRR_Target_Only,1.1112901056544326,200
NN_Target_Only,0.8253375760945352,200
XGBoost_Pool,0.1009643308935658,200
KRR_Pool,0.3915113542566491,200
NN_Pool,0.2104548538576873,200
XGBoost_TLCQM,0.1016832840023123,200
KRR_TLCQM,0.2271341397595002,200
NN_TLCQM,0.1159849499699538,200
XGBoost_Target_Only,0.1055358700079032,300
KRR_Target_Only,0.5456345813775487,300
NN_Target_Only,0.2417248434217025,300
XGBoost_Pool,0.0969614643432517,300
KRR_Pool,0.4978120037130575,300
NN_Pool,0.186208547092927,300
XGBoost_TLCQM,0.0988404900327333,300
KRR_TLCQM,0.1745704202617958,300
NN_TLCQM,0.1119131076995044,300
XGBoost_Target_Only,0.0969933894091964,500
KRR_Target_Only,0.3124744032167393,500
NN_Target_Only,0.1525352561538159,500
XGBoost_Pool,0.0952597683703498,500
KRR_Pool,0.6939246101031347,500
NN_Pool,0.2177975870433006,500
XGBoost_TLCQM,0.0972598913232225,500
KRR_TLCQM,0.1828617199502926,500
NN_TLCQM,0.107428861751986,500
TKRR,1.916895583577829,100
CDAR,5.700474162463946,100
DARC,29.6553433494763,100
VNCD_MDD,0.2360058589573709,100
M3SDA_Reg,0.1218687120035056,100
CMSS_Reg,0.1178247443700474,100
TKRR,1.93270988564789,200
CDAR,5.320298975556876,200
DARC,32.94003918503877,200
VNCD_MDD,0.1899986511511879,200
M3SDA_Reg,0.1243598582967481,200
CMSS_Reg,0.119060988377183,200
TKRR,1.803634990917492,300
CDAR,5.001179295897704,300
DARC,29.757033787598317,300
VNCD_MDD,0.1595968810004236,300
M3SDA_Reg,0.1239033367425412,300
CMSS_Reg,0.1116778791747849,300
TKRR,1.7917576570379317,500
CDAR,4.971098544379152,500
DARC,32.3451826462851,500
VNCD_MDD,0.1275504319173489,500
M3SDA_Reg,0.1266900666450964,500
CMSS_Reg,0.1065489044429234,500
XGBoost_Target_Only,0.1116082062337322,100
KRR_Target_Only,1.2606352505275684,100
NN_Target_Only,1.0823704329991657,100
XGBoost_Pool,0.100559620112295,100
KRR_Pool,0.3186952817204822,100
NN_Pool,0.1739050308625986,100
XGBoost_TLCQM,0.1022293627607154,100
KRR_TLCQM,0.3335665827432225,100
NN_TLCQM,0.126591157566321,100
XGBoost_Target_Only,0.1002312810843606,200
KRR_Target_Only,0.5682997291722618,200
NN_Target_Only,0.2595312696766721,200
XGBoost_Pool,0.1014662891410334,200
KRR_Pool,0.3876145908147073,200
NN_Pool,0.2023953877010485,200
XGBoost_TLCQM,0.0998904293415173,200
KRR_TLCQM,0.191472038594987,200
NN_TLCQM,0.1131488079727429,200
XGBoost_Target_Only,0.1077768209445103,300
KRR_Target_Only,0.5324179465225529,300
NN_Target_Only,0.2137444490507329,300
XGBoost_Pool,0.0991492198424373,300
KRR_Pool,0.5072086288786342,300
NN_Pool,0.1901852785683895,300
XGBoost_TLCQM,0.0995369861849077,300
KRR_TLCQM,0.1970543901523175,300
NN_TLCQM,0.1061951290047006,300
XGBoost_Target_Only,0.0911864618292714,500
KRR_Target_Only,0.3391227633844799,500
NN_Target_Only,0.1518254718474098,500
XGBoost_Pool,0.0963577684212085,500
KRR_Pool,0.704441159359514,500
NN_Pool,0.1338356671234123,500
XGBoost_TLCQM,0.0974794945617075,500
KRR_TLCQM,0.1884936396108706,500
NN_TLCQM,0.1093799144610255,500
TKRR,1.8834944420472797,100
CDAR,6.623989598091901,100
DARC,32.05378515592022,100
VNCD_MDD,0.2080743059733857,100
M3SDA_Reg,0.11088890719029,100
CMSS_Reg,0.1167267041000014,100
TKRR,1.847102137541208,200
CDAR,5.4212631798754,200
DARC,31.297024577202045,200
VNCD_MDD,0.1512960119468429,200
M3SDA_Reg,0.1126264796913677,200
CMSS_Reg,0.120489690438781,200
TKRR,1.9228731277844349,300
CDAR,5.466825688762233,300
DARC,31.56929939728873,300
VNCD_MDD,0.1342612791448966,300
M3SDA_Reg,0.113395341835811,300
CMSS_Reg,0.1192275932371006,300
TKRR,1.7773191818907716,500
CDAR,5.473563511441935,500
DARC,31.78231485602562,500
VNCD_MDD,0.1325956824269632,500
M3SDA_Reg,0.114908429277213,500
CMSS_Reg,0.1053572813148355,500
XGBoost_Target_Only,0.1385621638242092,100
KRR_Target_Only,1.2531111184957573,100
NN_Target_Only,0.8325112333414753,100
XGBoost_Pool,0.1012161372511576,100
KRR_Pool,0.3176855109242668,100
NN_Pool,0.2126574183715193,100
XGBoost_TLCQM,0.1176573882798319,100
KRR_TLCQM,0.251075520162438,100
NN_TLCQM,0.1273513471613798,100
XGBoost_Target_Only,0.1044018218297578,200
KRR_Target_Only,0.4879379307472332,200
NN_Target_Only,0.2637180855744043,200
XGBoost_Pool,0.1006000518846202,200
KRR_Pool,0.3865695562150646,200
NN_Pool,0.1795817882752318,200
XGBoost_TLCQM,0.1102850628103049,200
KRR_TLCQM,0.1974998165139416,200
NN_TLCQM,0.116573902457273,200
XGBoost_Target_Only,0.1029572685527624,300
KRR_Target_Only,0.4604015170040502,300
NN_Target_Only,0.1836563622008441,300
XGBoost_Pool,0.0995326178874506,300
KRR_Pool,0.505165283253497,300
NN_Pool,0.2151662693214402,300
XGBoost_TLCQM,0.1029109164658814,300
KRR_TLCQM,0.1851478129417678,300
NN_TLCQM,0.1155805743064055,300
XGBoost_Target_Only,0.0962637220853405,500
KRR_Target_Only,0.4190815323789501,500
NN_Target_Only,0.1511050998116395,500
XGBoost_Pool,0.095548014739099,500
KRR_Pool,0.7120438300982458,500
NN_Pool,0.2016818598618012,500
XGBoost_TLCQM,0.0977672952405756,500
KRR_TLCQM,0.1801224679288954,500
NN_TLCQM,0.1078547071265383,500
TKRR,1.9085817319727565,100
CDAR,6.3497397163967415,100
DARC,24.236578987526972,100
VNCD_MDD,0.1696462943149724,100
M3SDA_Reg,0.114985902216937,100
CMSS_Reg,0.1241861238888412,100
TKRR,1.9408833481143848,200
CDAR,5.765589808822987,200
DARC,29.935731654238708,200
VNCD_MDD,0.1561493376200313,200
M3SDA_Reg,0.1233346434950179,200
CMSS_Reg,0.1114251949026105,200
TKRR,1.8417936876553336,300
CDAR,5.865303817397157,300
DARC,29.95038934044002,300
VNCD_MDD,0.1348707527774029,300
M3SDA_Reg,0.1225065656211759,300
CMSS_Reg,0.1102229173002203,300
TKRR,1.8386778500944412,500
CDAR,5.996587310980197,500
DARC,29.830726848903016,500
VNCD_MDD,0.1274445660716471,500
M3SDA_Reg,0.1202243714326189,500
CMSS_Reg,0.1015483621941138,500
